"player","team","position","id","avg_type","pass_yds","pass_yds_sd","pass_tds","pass_tds_sd","pass_int","pass_int_sd","rush_yds","rush_yds_sd","rush_tds","rush_tds_sd","fumbles_lost","fumbles_lost_sd","two_pts","two_pts_sd","return_tds","return_tds_sd","rec_yds","rec_yds_sd","rec_tds","rec_tds_sd","fg_0019","fg_0019_sd","fg_2029","fg_2029_sd","fg_3039","fg_3039_sd","fg_4049","fg_4049_sd","fg_50","fg_50_sd","xp","xp_sd","dst_int","dst_int_sd","dst_sacks","dst_sacks_sd","dst_safety","dst_safety_sd","dst_td","dst_td_sd","dst_blk","dst_blk_sd","idp_solo","idp_solo_sd","idp_sack","idp_sack_sd","idp_int","idp_int_sd","idp_pd","idp_pd_sd","idp_td","idp_td_sd","draft_year","birthdate","injury_status","injury_details","season_year","week"
"Tom Brady","TB","QB","5848","weighted",4849.62801769911,286.814365737024,37.0206017699115,2.51912288436874,11.8411504424779,1.08181813200486,49.9761238938053,18.4444903699569,1.63486725663717,0.510710950787687,2.25265044247788,0.676761749569347,NA,NA,NA,NA,NA,NA,NA,NA,NA,NA,NA,NA,NA,NA,NA,NA,NA,NA,NA,NA,NA,NA,NA,NA,NA,NA,NA,NA,NA,NA,NA,NA,NA,NA,NA,NA,NA,NA,NA,NA,2000,1977-08-03,NA,NA,NA,NA
"Patrick Mahomes","KC","QB","13116","weighted",4827.95955752212,240.441372528094,37.2580530973451,2.81600673850083,11.6135752212389,1.52509371946604,359.742867256637,41.1632134880395,2.73865486725664,0.647455599412824,2.36445132743363,0.460550029911578,1.69,2.37462769705826e-16,NA,NA,NA,NA,NA,NA,NA,NA,NA,NA,NA,NA,NA,NA,NA,NA,NA,NA,NA,NA,NA,NA,NA,NA,NA,NA,NA,NA,NA,NA,NA,NA,NA,NA,NA,NA,NA,NA,2017,1995-09-17,NA,NA,NA,NA
"Derek Carr","LVR","QB","11644","weighted",4584.69242477876,313.358408831639,28.4961946902655,2.37807812609835,12.3380884955752,2.17092647314693,134.541309734513,29.4715111318476,1.38796460176991,0.441892186536218,4.53350442477876,1.79945912013404,1.06,0,NA,NA,NA,NA,NA,NA,NA,NA,NA,NA,NA,NA,NA,NA,NA,NA,NA,NA,NA,NA,NA,NA,NA,NA,NA,NA,NA,NA,NA,NA,NA,NA,NA,NA,NA,NA,NA,NA,2014,1991-03-28,NA,NA,NA,NA
"Justin Herbert","LAC","QB","14779","weighted",4728.08499115044,243.26737345861,34.8975575221239,2.36380337647184,13.0610442477876,1.90031211134271,289.892247787611,26.6332801181219,3.02640707964602,0.442935952981457,0.874820796460177,0.181093506628608,3.72,0,NA,NA,NA,NA,NA,NA,NA,NA,NA,NA,NA,NA,NA,NA,NA,NA,NA,NA,NA,NA,NA,NA,NA,NA,NA,NA,NA,NA,NA,NA,NA,NA,NA,NA,NA,NA,NA,NA,2020,1998-03-10,NA,NA,NA,NA
"Aaron Rodgers","GB","QB","7836","weighted",4310.22440707965,280.661336745723,34.6578407079646,2.62788557701066,6.52849557522124,2.03492378567384,128.237716814159,31.0434093285053,2.36621238938053,0.908709393056179,0.998137168141593,0.112254867877823,NA,NA,NA,NA,NA,NA,NA,NA,NA,NA,NA,NA,NA,NA,NA,NA,NA,NA,NA,NA,NA,NA,NA,NA,NA,NA,NA,NA,NA,NA,NA,NA,NA,NA,NA,NA,NA,NA,NA,NA,2005,1983-12-02,NA,NA,NA,NA
"Dak Prescott","DAL","QB","12620","weighted",4502.90684955752,186.783342115002,33.3417699115044,2.10037810999503,11.9852389380531,1.80555603543145,212.101132743363,44.1707684378812,2.4992389380531,0.534229243131648,4.80149336283186,1.66439895079084,5.03,9.49851078823303e-16,NA,NA,NA,NA,NA,NA,NA,NA,NA,NA,NA,NA,NA,NA,NA,NA,NA,NA,NA,NA,NA,NA,NA,NA,NA,NA,NA,NA,NA,NA,NA,NA,NA,NA,NA,NA,NA,NA,2016,1993-07-29,NA,NA,NA,NA
"Matthew Stafford","LAR","QB","9431","weighted",4555.64155752212,230.512803756265,34.1733097345133,3.23212852843463,14.8940530973451,2.47442659323787,86.6846017699115,43.7909565508675,1.04663716814159,0.906622538383006,1.55952654867257,0.237884824591181,2,0,NA,NA,NA,NA,NA,NA,NA,NA,NA,NA,NA,NA,NA,NA,NA,NA,NA,NA,NA,NA,NA,NA,NA,NA,NA,NA,NA,NA,NA,NA,NA,NA,NA,NA,NA,NA,NA,NA,2009,1988-02-07,NA,NA,NA,NA
"Matthew Stafford","LAR","QB","9431","weighted",4555.64155752212,230.512803756265,34.1733097345133,3.23212852843463,14.8940530973451,2.47442659323787,86.6846017699115,43.7909565508675,1.04663716814159,0.906622538383006,1.55952654867257,0.237884824591181,2,0,NA,NA,NA,NA,NA,NA,NA,NA,NA,NA,NA,NA,NA,NA,NA,NA,NA,NA,NA,NA,NA,NA,NA,NA,NA,NA,NA,NA,NA,NA,NA,NA,NA,NA,NA,NA,NA,NA,2009,2003-05-23,NA,NA,NA,NA
"Joe Burrow","CIN","QB","14777","weighted",4555.25792920354,198.747397349115,31.6940353982301,3.35219173498314,12.2386371681416,2.91096088133288,171.288743362832,58.6496626728222,2.26573451327434,0.377610893638811,1.47059513274336,0.464502201004188,1.15,0,NA,NA,NA,NA,NA,NA,NA,NA,NA,NA,NA,NA,NA,NA,NA,NA,NA,NA,NA,NA,NA,NA,NA,NA,NA,NA,NA,NA,NA,NA,NA,NA,NA,NA,NA,NA,NA,NA,2020,1996-12-10,NA,NA,NA,NA
"Josh Allen","BUF","QB","13589","weighted",4431.87927433628,201.687746395832,35.6900353982301,2.04587713296569,13.8879292035398,2.19303622352665,688.798991150442,72.596528676981,6.69375221238938,0.859528272108434,2.86926327433628,0.201840145373366,1.5,0,NA,NA,NA,NA,NA,NA,NA,NA,NA,NA,NA,NA,NA,NA,NA,NA,NA,NA,NA,NA,NA,NA,NA,NA,NA,NA,NA,NA,NA,NA,NA,NA,NA,NA,NA,NA,NA,NA,2018,1996-05-21,NA,NA,NA,NA
"Russell Wilson","DEN","QB","10703","weighted",4208.99357522124,212.285470041605,30.6178761061947,2.98207067277218,8.79667256637168,1.99782558650508,279.393115044248,50.7686542017411,2.17033628318584,0.33528960019355,1.41897787610619,0.377974912985635,1.06,0,NA,NA,NA,NA,NA,NA,NA,NA,NA,NA,NA,NA,NA,NA,NA,NA,NA,NA,NA,NA,NA,NA,NA,NA,NA,NA,NA,NA,NA,NA,NA,NA,NA,NA,NA,NA,NA,NA,2012,1988-11-29,NA,NA,NA,NA
"Kirk Cousins","MIN","QB","10700","weighted",4362.44553982301,163.979494834326,32.6289734513274,2.28557741894209,11.1809380530973,1.37132010659579,117.071504424779,17.5483146239627,1.09336283185841,0.36784726134235,2.60863938053097,0.815660090387021,2.66,4.74925539411652e-16,NA,NA,NA,NA,NA,NA,NA,NA,NA,NA,NA,NA,NA,NA,NA,NA,NA,NA,NA,NA,NA,NA,NA,NA,NA,NA,NA,NA,NA,NA,NA,NA,NA,NA,NA,NA,NA,NA,2012,1988-08-19,NA,NA,NA,NA
"Kyler Murray","ARI","QB","14056","weighted",4159.17768141593,186.871211306933,27.2409380530973,1.93058424254904,12.3357699115044,1.59230041224313,523.080353982301,87.4812147962347,5.49353982300885,0.996673224653041,1.40479203539823,0.294858903708281,0.53,0,NA,NA,NA,NA,NA,NA,NA,NA,NA,NA,NA,NA,NA,NA,NA,NA,NA,NA,NA,NA,NA,NA,NA,NA,NA,NA,NA,NA,NA,NA,NA,NA,NA,NA,NA,NA,NA,NA,2019,1997-08-07,NA,NA,NA,NA
"Trevor Lawrence","JAC","QB","15237","weighted",3995.87442477876,203.833646544487,22.2206371681416,3.95198163568585,14.0509911504425,1.54917720819538,329.490831858407,44.1628376483775,2.26771681415929,0.514642821135775,3.18085398230089,1.12494444009683,1.75,2.37462769705826e-16,NA,NA,NA,NA,NA,NA,NA,NA,NA,NA,NA,NA,NA,NA,NA,NA,NA,NA,NA,NA,NA,NA,NA,NA,NA,NA,NA,NA,NA,NA,NA,NA,NA,NA,NA,NA,NA,NA,2021,1999-10-06,NA,NA,NA,NA
"Jared Goff","DET","QB","12611","weighted",3889.99348672566,265.027784532778,24.5318584070796,2.377485708997,11.9945132743363,1.14276443331776,89.505592920354,24.7039112400664,0.912424778761062,0.227806540802628,3.95698230088496,1.40112049055448,3.19,0,NA,NA,NA,NA,NA,NA,NA,NA,NA,NA,NA,NA,NA,NA,NA,NA,NA,NA,NA,NA,NA,NA,NA,NA,NA,NA,NA,NA,NA,NA,NA,NA,NA,NA,NA,NA,NA,NA,2016,1994-10-14,NA,NA,NA,NA
"Matt Ryan","IND","QB","9099","weighted",4039.62830421377,201.93269239514,25.9956012332991,1.6340454805077,10.7870092497431,1.61407766630092,117.562446043165,42.4810155689175,1.1855704008222,0.527542964730478,3.68799588900308,0.945219807933451,1.27,0,NA,NA,NA,NA,NA,NA,NA,NA,NA,NA,NA,NA,NA,NA,NA,NA,NA,NA,NA,NA,NA,NA,NA,NA,NA,NA,NA,NA,NA,NA,NA,NA,NA,NA,NA,NA,NA,NA,2008,1985-05-17,NA,NA,NA,NA
"Jameis Winston","NO","QB","12140","weighted",3512.96646017699,503.734220197392,24.8497699115044,3.70143044028235,11.5521415929204,1.62724693762444,284.741433628319,88.8319163631009,2.07865486725664,1.35994184820045,2.21840486725664,0.45777452543944,2.1,4.74925539411652e-16,NA,NA,NA,NA,NA,NA,NA,NA,NA,NA,NA,NA,NA,NA,NA,NA,NA,NA,NA,NA,NA,NA,NA,NA,NA,NA,NA,NA,NA,NA,NA,NA,NA,NA,NA,NA,NA,NA,2015,1994-01-06,NA,NA,NA,NA
"Tua Tagovailoa","MIA","QB","14778","weighted",3984.18920353982,113.477482226221,25.4669203539823,2.36519787722599,13.4239469026549,1.69966959578795,197.155681415929,49.0359590497326,3.40067256637168,0.991317539474927,1.79845353982301,0.364995480314416,1.57,0,NA,NA,NA,NA,NA,NA,NA,NA,NA,NA,NA,NA,NA,NA,NA,NA,NA,NA,NA,NA,NA,NA,NA,NA,NA,NA,NA,NA,NA,NA,NA,NA,NA,NA,NA,NA,NA,NA,2020,1998-03-02,NA,NA,NA,NA
"Mac Jones","NE","QB","15241","weighted",3920.52943362832,134.565017755048,24.4437699115044,1.70740608251809,13.7353805309735,2.9591494547375,163.356973451327,47.210734858202,0.824690265486726,0.966403763768345,2.5043407079646,0.347592777407825,1.7,0,NA,NA,NA,NA,NA,NA,NA,NA,NA,NA,NA,NA,NA,NA,NA,NA,NA,NA,NA,NA,NA,NA,NA,NA,NA,NA,NA,NA,NA,NA,NA,NA,NA,NA,NA,NA,NA,NA,2021,1998-09-05,NA,NA,NA,NA
"Trey Lance","SF","QB","15240","weighted",3612.28900884956,239.081379493008,22.9102477876106,2.50229497473543,13.4172920353982,1.45062871023385,600.167982300885,220.363452730904,4.68405309734513,2.12412092743073,2.1696482300885,0.210164793308885,1.37,0,NA,NA,NA,NA,NA,NA,NA,NA,NA,NA,NA,NA,NA,NA,NA,NA,NA,NA,NA,NA,NA,NA,NA,NA,NA,NA,NA,NA,NA,NA,NA,NA,NA,NA,NA,NA,NA,NA,2021,2000-05-09,NA,NA,NA,NA
"Baker Mayfield","CAR","QB","13590","weighted",3629.12950442478,261.274537768792,21.2690973451327,3.26526094491087,13.9687610619469,3.06611745262053,172.677752212389,47.4353083187395,1.79329203539823,1.06337982594866,2.41753761061947,0.850889271673637,1.42,0,NA,NA,NA,NA,NA,NA,NA,NA,NA,NA,NA,NA,NA,NA,NA,NA,NA,NA,NA,NA,NA,NA,NA,NA,NA,NA,NA,NA,NA,NA,NA,NA,NA,NA,NA,NA,NA,NA,2018,1995-04-14,NA,NA,NA,NA
"Jalen Hurts","PHI","QB","14783","weighted",3622.15819469027,239.28634742812,23.4697699115044,3.33029361912602,12.4211504424779,1.92970420902235,774.75407079646,42.9997203872485,7.72699115044248,1.07664150514745,2.47758849557522,0.423735741134318,3.2,0,NA,NA,NA,NA,NA,NA,NA,NA,NA,NA,NA,NA,NA,NA,NA,NA,NA,NA,NA,NA,NA,NA,NA,NA,NA,NA,NA,NA,NA,NA,NA,NA,NA,NA,NA,NA,NA,NA,2020,1998-08-07,NA,NA,NA,NA
"Mitchell Trubisky","PIT","QB","13115","weighted",2852.4367079646,812.525685398005,16.6068495575221,5.99669086654437,10.1484778761062,3.67848505802925,174.581504424779,124.148672749231,1.75672566371681,0.873076832173265,1.77811946902655,0.902197727107868,2.38,4.74925539411652e-16,NA,NA,NA,NA,NA,NA,NA,NA,NA,NA,NA,NA,NA,NA,NA,NA,NA,NA,NA,NA,NA,NA,NA,NA,NA,NA,NA,NA,NA,NA,NA,NA,NA,NA,NA,NA,NA,NA,2017,1994-08-20,NA,NA,NA,NA
"Ryan Tannehill","TEN","QB","10697","weighted",3746.25713274336,123.319073478428,24.6531681415929,1.86614482942685,12.7769026548673,2.44780817655562,256.75589380531,25.5442030599692,4.49345132743363,1.3093014572667,2.0869203539823,0.612930980189387,2.24,0,NA,NA,NA,NA,NA,NA,NA,NA,NA,NA,NA,NA,NA,NA,NA,NA,NA,NA,NA,NA,NA,NA,NA,NA,NA,NA,NA,NA,NA,NA,NA,NA,NA,NA,NA,NA,NA,NA,2012,1988-07-27,NA,NA,NA,NA
"Jimmy Garoppolo","SF","QB","11760","weighted",1687.85383244207,1861.85276160438,9.71229946524064,10.4814882286489,5.04848484848485,5.55731866998272,21.0855614973262,26.4340289835499,0.995365418894831,1.21842558740638,0.182650029708853,0.166307652590636,NA,NA,NA,NA,NA,NA,NA,NA,NA,NA,NA,NA,NA,NA,NA,NA,NA,NA,NA,NA,NA,NA,NA,NA,NA,NA,NA,NA,NA,NA,NA,NA,NA,NA,NA,NA,NA,NA,NA,NA,2014,1991-11-02,NA,NA,NA,NA
"Davis Mills","HOU","QB","15252","weighted",3723.67385840708,217.583754617965,21.5270619469027,2.42752198416891,13.396,3.11514822192445,113.161469026549,53.7471814182344,0.981008849557522,0.670021093106613,1.33960840707965,0.231951297017828,2.14,0,NA,NA,NA,NA,NA,NA,NA,NA,NA,NA,NA,NA,NA,NA,NA,NA,NA,NA,NA,NA,NA,NA,NA,NA,NA,NA,NA,NA,NA,NA,NA,NA,NA,NA,NA,NA,NA,NA,2021,1998-10-21,NA,NA,NA,NA
"Geno Smith","SEA","QB","11150","weighted",2614.79569911504,1030.93889302233,15.6559469026549,7.15926053005345,8.72120353982301,4.99668919882547,149.062194690265,71.2434404849596,1.43081415929204,0.815090956790152,2.0370907079646,0.420325449508418,NA,NA,NA,NA,NA,NA,NA,NA,NA,NA,NA,NA,NA,NA,NA,NA,NA,NA,NA,NA,NA,NA,NA,NA,NA,NA,NA,NA,NA,NA,NA,NA,NA,NA,NA,NA,NA,NA,NA,NA,2013,1990-10-10,NA,NA,NA,NA
"Lamar Jackson","BAL","QB","13593","weighted",3616.11704424779,199.999799359904,24.0799646017699,2.58490902920242,13.850017699115,1.77058583790273,964.757362831858,97.0099230643464,5.15955752212389,1.17764965874626,3.13878318584071,0.611194030805325,1.59,0,NA,NA,NA,NA,NA,NA,NA,NA,NA,NA,NA,NA,NA,NA,NA,NA,NA,NA,NA,NA,NA,NA,NA,NA,NA,NA,NA,NA,NA,NA,NA,NA,NA,NA,NA,NA,NA,NA,2018,1997-01-07,NA,NA,NA,NA
"Daniel Jones","NYG","QB","14059","weighted",3585.56431858407,204.48363083084,19.6333097345133,2.78113281999713,13.5211681415929,2.67430108224822,434.092814159292,66.9868110680376,2.57242477876106,1.02043877703215,4.81331194690266,0.887656369736281,2.69,0,NA,NA,NA,NA,NA,NA,NA,NA,NA,NA,NA,NA,NA,NA,NA,NA,NA,NA,NA,NA,NA,NA,NA,NA,NA,NA,NA,NA,NA,NA,NA,NA,NA,NA,NA,NA,NA,NA,2019,1997-05-27,NA,NA,NA,NA
"Marcus Mariota","ATL","QB","12141","weighted",2993.44033628319,654.555414854624,16.142407079646,4.34921305486719,10.0667787610619,4.48048458911428,303.780353982301,123.065993633798,2.20752212389381,1.62461133995093,1.93563274336283,0.777804337213232,0.5,0,NA,NA,NA,NA,NA,NA,NA,NA,NA,NA,NA,NA,NA,NA,NA,NA,NA,NA,NA,NA,NA,NA,NA,NA,NA,NA,NA,NA,NA,NA,NA,NA,NA,NA,NA,NA,NA,NA,2015,1993-10-30,NA,NA,NA,NA
"Carson Wentz","WAS","QB","12610","weighted",3634.12378211716,137.804617813108,22.7396094552929,2.62483610106284,10.9661870503597,1.7822022668963,240.958766700925,32.7296804323489,1.78314491264132,0.584376625496656,3.06141829393628,1.11017216494044,3.72,0,NA,NA,NA,NA,NA,NA,NA,NA,NA,NA,NA,NA,NA,NA,NA,NA,NA,NA,NA,NA,NA,NA,NA,NA,NA,NA,NA,NA,NA,NA,NA,NA,NA,NA,NA,NA,NA,NA,2016,1992-12-30,NA,NA,NA,NA
"Jacoby Brissett","CLE","QB","12616","weighted",2402.32168,1017.2888232003,13.86738,5.98391851191588,8.07294,4.12943037768999,133.3781,69.1862005917297,1.4955,1.11807771882056,1.97705,0.618925170148774,1.06,0,NA,NA,NA,NA,NA,NA,NA,NA,NA,NA,NA,NA,NA,NA,NA,NA,NA,NA,NA,NA,NA,NA,NA,NA,NA,NA,NA,NA,NA,NA,NA,NA,NA,NA,NA,NA,NA,NA,2016,1992-12-11,NA,NA,NA,NA
"Justin Fields","CHI","QB","15238","weighted",3456.30024778761,207.777850799574,19.0283008849558,2.2755123181556,15.1778230088496,2.69015311986055,578.664796460177,86.0475368656096,3.43451327433628,1.42360087030804,4.76086946902655,1.45381922932845,1.01,0,NA,NA,NA,NA,NA,NA,NA,NA,NA,NA,NA,NA,NA,NA,NA,NA,NA,NA,NA,NA,NA,NA,NA,NA,NA,NA,NA,NA,NA,NA,NA,NA,NA,NA,NA,NA,NA,NA,2021,1999-03-05,NA,NA,NA,NA
"Zach Wilson","NYJ","QB","15239","weighted",2811.99773451327,763.748122837579,16.7766902654867,5.54787638163773,12.0895221238938,3.79908031564836,185.961610619469,55.2765195804287,2.4653982300885,0.802262818602547,1.38098672566372,0.55382135369474,1.39,0,NA,NA,NA,NA,NA,NA,NA,NA,NA,NA,NA,NA,NA,NA,NA,NA,NA,NA,NA,NA,NA,NA,NA,NA,NA,NA,NA,NA,NA,NA,NA,NA,NA,NA,NA,NA,NA,NA,2021,1999-08-03,"O","Knee - Meniscus",2022,0
"Drew Lock","SEA","QB","14057","weighted",1772.2938718663,984.715240030073,11.4025069637883,7.43521679770792,5.65626740947075,3.43525650916073,99.0403899721448,71.4594736861832,1.1941504178273,1.37181746384166,1.53259052924791,1.25121349892315,NA,NA,NA,NA,NA,NA,NA,NA,NA,NA,NA,NA,NA,NA,NA,NA,NA,NA,NA,NA,NA,NA,NA,NA,NA,NA,NA,NA,NA,NA,NA,NA,NA,NA,NA,NA,NA,NA,NA,NA,2019,1996-11-10,NA,NA,NA,NA
"Gardner Minshew","PHI","QB","14067","weighted",802.044568245125,994.993277139383,3.88774373259053,5.75452760527393,1.56657381615599,1.766051861518,34.2256267409471,16.2337807552838,0.171309192200557,0.421590746939692,0.318523676880223,0.248886278611679,NA,NA,NA,NA,NA,NA,NA,NA,NA,NA,NA,NA,NA,NA,NA,NA,NA,NA,NA,NA,NA,NA,NA,NA,NA,NA,NA,NA,NA,NA,NA,NA,NA,NA,NA,NA,NA,NA,NA,NA,2019,1996-05-16,NA,NA,NA,NA
"Joe Flacco","NYJ","QB","9064","weighted",1055.58526,719.578335194244,5.85998,3.47707721294584,3.34148,2.44421228837326,19.74936,17.29324688575,0.15402,0.213686680475479,0.604795,0.218554027172854,0.55,0,NA,NA,NA,NA,NA,NA,NA,NA,NA,NA,NA,NA,NA,NA,NA,NA,NA,NA,NA,NA,NA,NA,NA,NA,NA,NA,NA,NA,NA,NA,NA,NA,NA,NA,NA,NA,NA,NA,2008,1985-01-16,NA,NA,NA,NA
"Kenny Pickett","PIT","QB","15692","weighted",1494.10141700405,641.332655476962,8.16012145748988,4.83049115603787,5.30182186234818,3.39979229468089,84.3244939271255,63.2909226068623,0.764777327935223,0.547528030766478,0.295126518218624,0.211720657723025,0.92,0,NA,NA,NA,NA,NA,NA,NA,NA,NA,NA,NA,NA,NA,NA,NA,NA,NA,NA,NA,NA,NA,NA,NA,NA,NA,NA,NA,NA,NA,NA,NA,NA,NA,NA,NA,NA,NA,NA,2022,1998-06-06,NA,NA,NA,NA
"Desmond Ridder","ATL","QB","15697","weighted",963.063562753036,740.088383489835,4.87348178137652,3.67422699500645,3.85526315789474,2.76960777675365,88.464979757085,69.9530018882695,0.713765182186235,0.736657050731188,0.221351214574899,0.15615023572626,0.8,0,NA,NA,NA,NA,NA,NA,NA,NA,NA,NA,NA,NA,NA,NA,NA,NA,NA,NA,NA,NA,NA,NA,NA,NA,NA,NA,NA,NA,NA,NA,NA,NA,NA,NA,NA,NA,NA,NA,2022,1999-08-31,NA,NA,NA,NA
"Deshaun Watson","CLE","QB","13113","weighted",1479.29481132075,210.03619681304,10.5219339622641,2.05109043525906,4.51320754716981,1.21738614347222,158.524764150943,59.9956459233577,1.40896226415094,0.695427807687521,1.50966981132075,0.388245918716355,NA,NA,NA,NA,NA,NA,NA,NA,NA,NA,NA,NA,NA,NA,NA,NA,NA,NA,NA,NA,NA,NA,NA,NA,NA,NA,NA,NA,NA,NA,NA,NA,NA,NA,NA,NA,NA,NA,NA,NA,2017,1995-09-14,"S","Suspension",2022,0
"Taylor Heinicke","WAS","QB","12476","weighted",811.429590017825,728.785645253364,4.60819964349376,3.17187232044395,2.67807486631016,2.08805002014986,69.7557932263815,57.8572329261662,0,0,0.764943553178847,0.758664451833361,NA,NA,NA,NA,NA,NA,NA,NA,NA,NA,NA,NA,NA,NA,NA,NA,NA,NA,NA,NA,NA,NA,NA,NA,NA,NA,NA,NA,NA,NA,NA,NA,NA,NA,NA,NA,NA,NA,NA,NA,NA,NA,NA,NA,NA,NA
"Sam Darnold","CAR","QB","13592","weighted",764.666191155492,671.08496582515,3.29614835948645,2.16875006016961,3.85392296718973,5.54534616994504,60.69272467903,65.7122516209851,0.923537803138374,1.345539281346,1.58045649072753,2.0280450848833,0.36,0,NA,NA,NA,NA,NA,NA,NA,NA,NA,NA,NA,NA,NA,NA,NA,NA,NA,NA,NA,NA,NA,NA,NA,NA,NA,NA,NA,NA,NA,NA,NA,NA,NA,NA,NA,NA,NA,NA,2018,1997-06-05,"IR","Ankle",2022,0
"Andy Dalton","NO","QB","10313","weighted",814.03006993007,593.1553827444,5.24079254079254,3.90987543467308,2.67459207459207,1.93292671867717,73.339627039627,128.302189963303,1.4013986013986,3.36794740357518,0.144204545454545,0.0965321493940451,0.62,0,NA,NA,NA,NA,NA,NA,NA,NA,NA,NA,NA,NA,NA,NA,NA,NA,NA,NA,NA,NA,NA,NA,NA,NA,NA,NA,NA,NA,NA,NA,NA,NA,NA,NA,NA,NA,NA,NA,2011,1987-10-29,NA,NA,NA,NA
"Tyler Huntley","BAL","QB","14789","weighted",576.875291375291,489.58567755752,2.28368298368298,0.898690582288628,1.5006993006993,0.907521448851319,124.88648018648,154.6208968068,0.404662004662005,0.490391970922715,1.38985722610723,1.61692910583811,0.49,6.08428516842704e-17,NA,NA,NA,NA,NA,NA,NA,NA,NA,NA,NA,NA,NA,NA,NA,NA,NA,NA,NA,NA,NA,NA,NA,NA,NA,NA,NA,NA,NA,NA,NA,NA,NA,NA,NA,NA,NA,NA,2020,1998-02-03,NA,NA,NA,NA
"Teddy Bridgewater","MIA","QB","11640","weighted",517.893048128342,281.125888431333,3.08270944741533,1.96981191918226,1.39643493761141,0.498619157611613,21.7308377896613,11.149882059922,0.126559714795009,0.2512648287017,0.0994652406417113,0.0826648256518819,NA,NA,NA,NA,NA,NA,NA,NA,NA,NA,NA,NA,NA,NA,NA,NA,NA,NA,NA,NA,NA,NA,NA,NA,NA,NA,NA,NA,NA,NA,NA,NA,NA,NA,NA,NA,NA,NA,NA,NA,2014,1992-11-10,NA,NA,NA,NA
"Tyrod Taylor","NYG","QB","10413","weighted",525.066852367688,228.831574435884,2.42952646239554,1.13994203369171,3.18245125348189,3.26118241102794,52.4317548746518,23.9965774216948,0.567966573816156,0.533792630992971,0.0600278551532033,0.0548099764273418,NA,NA,NA,NA,NA,NA,NA,NA,NA,NA,NA,NA,NA,NA,NA,NA,NA,NA,NA,NA,NA,NA,NA,NA,NA,NA,NA,NA,NA,NA,NA,NA,NA,NA,NA,NA,NA,NA,NA,NA,2011,1989-08-03,NA,NA,NA,NA
"Brian Hoyer","NE","QB","9714","weighted",297.434146341463,251.353469161888,1.41560975609756,0.700175447102151,1.15024390243902,1.13903967886418,1.61024390243902,4.02600882083736,0,0,0.545609756097561,0.622129976785402,NA,NA,NA,NA,NA,NA,NA,NA,NA,NA,NA,NA,NA,NA,NA,NA,NA,NA,NA,NA,NA,NA,NA,NA,NA,NA,NA,NA,NA,NA,NA,NA,NA,NA,NA,NA,NA,NA,NA,NA,2009,1985-10-31,NA,NA,NA,NA
"Case Keenum","BUF","QB","10948","weighted",274.087804878049,197.001554097502,1.25365853658537,1.4928695036123,1.03463414634146,0.0583479539251793,10.2365853658537,9.36749246133407,0.242439024390244,0.408435677476254,0.01,0.0187320932685214,NA,NA,NA,NA,NA,NA,NA,NA,NA,NA,NA,NA,NA,NA,NA,NA,NA,NA,NA,NA,NA,NA,NA,NA,NA,NA,NA,NA,NA,NA,NA,NA,NA,NA,NA,NA,NA,NA,NA,NA,2012,1988-02-17,NA,NA,NA,NA
"Kyle Allen","HOU","QB","13879","weighted",312.619047619048,151.113902338703,1.74426807760141,0.504385767496465,1.32698412698413,0.490496405568451,18.8941798941799,13.5878110002341,0,0,0.920282186948854,0.781709987773593,NA,NA,NA,NA,NA,NA,NA,NA,NA,NA,NA,NA,NA,NA,NA,NA,NA,NA,NA,NA,NA,NA,NA,NA,NA,NA,NA,NA,NA,NA,NA,NA,NA,NA,NA,NA,NA,NA,NA,NA,2018,1996-03-08,NA,NA,NA,NA
"Trevor Siemian","CHI","QB","12381","weighted",378.773702422145,160.361315000865,1.73079584775087,0.560411213308111,1.47854671280277,0.737064273211054,20.4975778546713,19.85021587221,0.203460207612457,0.33286809533248,0.46651384083045,0.639043766010344,0.53,0,NA,NA,NA,NA,NA,NA,NA,NA,NA,NA,NA,NA,NA,NA,NA,NA,NA,NA,NA,NA,NA,NA,NA,NA,NA,NA,NA,NA,NA,NA,NA,NA,NA,NA,NA,NA,NA,NA,NA,NA,NA,NA,NA,NA
"Phillip Walker","CAR","QB","13416","weighted",373.241843971631,85.1144432514247,0.877304964539007,0.537401153701776,4.97588652482269,4.16485894118876,16.8198581560284,5.95383909759073,0.099290780141844,0.14142135623731,0.46241134751773,0.480832611206852,0.44,7.85065973717071e-17,NA,NA,NA,NA,NA,NA,NA,NA,NA,NA,NA,NA,NA,NA,NA,NA,NA,NA,NA,NA,NA,NA,NA,NA,NA,NA,NA,NA,NA,NA,NA,NA,NA,NA,NA,NA,NA,NA,2017,1995-02-26,NA,NA,NA,NA
"Joshua Dobbs","CLE","QB","13119","weighted",178.619203747073,215.944012454139,0.729742388758782,0.638017862465783,0.8,1.40292733282991,27.5348946135831,30.2033433586605,0.163934426229508,0.287485109186457,0.0622950819672131,0.109244341490854,0.49,6.79905404207551e-17,NA,NA,NA,NA,NA,NA,NA,NA,NA,NA,NA,NA,NA,NA,NA,NA,NA,NA,NA,NA,NA,NA,NA,NA,NA,NA,NA,NA,NA,NA,NA,NA,NA,NA,NA,NA,NA,NA,2017,1995-01-26,NA,NA,NA,NA
"Colt McCoy","ARI","QB","9899","weighted",327.358288770053,133.178309297666,1.60641711229947,1.04591267715809,0.868092691622103,0.63761442228807,15.7860962566845,4.5635720582101,0,0,0.623885918003565,0.635559163621349,NA,NA,NA,NA,NA,NA,NA,NA,NA,NA,NA,NA,NA,NA,NA,NA,NA,NA,NA,NA,NA,NA,NA,NA,NA,NA,NA,NA,NA,NA,NA,NA,NA,NA,NA,NA,NA,NA,NA,NA,2010,1986-09-05,"IR","Calf",2022,0
"Malik Willis","TEN","QB","15694","weighted",301.024907063197,134.522549059999,1.85762081784387,0.850091211056579,1.75390334572491,0.952574260253293,35.003717472119,38.6849510709951,0.828996282527881,0.86516690244443,0.0823915737298637,0.0674301424846743,0.6,1.28284115101277e-16,NA,NA,NA,NA,NA,NA,NA,NA,NA,NA,NA,NA,NA,NA,NA,NA,NA,NA,NA,NA,NA,NA,NA,NA,NA,NA,NA,NA,NA,NA,NA,NA,NA,NA,NA,NA,NA,NA,2022,1999-05-25,NA,NA,NA,NA
"Mike White","NYJ","QB","13598","weighted",377,NA,2.9,NA,2.3,NA,-0.2,NA,0,NA,0,NA,NA,NA,NA,NA,NA,NA,NA,NA,NA,NA,NA,NA,NA,NA,NA,NA,NA,NA,NA,NA,NA,NA,NA,NA,NA,NA,NA,NA,NA,NA,NA,NA,NA,NA,NA,NA,NA,NA,NA,NA,2018,1995-03-25,NA,NA,NA,NA
"Jordan Love","GB","QB","14782","weighted",256.044727272727,96.4236233294376,1.16327272727273,0.441396958770247,1.59890909090909,1.59042350053439,13.3425454545455,10.8520514625604,0.0687272727272727,0.135896104393816,0.287909090909091,0.363309408539156,1.83,2.56560747352882e-16,NA,NA,NA,NA,NA,NA,NA,NA,NA,NA,NA,NA,NA,NA,NA,NA,NA,NA,NA,NA,NA,NA,NA,NA,NA,NA,NA,NA,NA,NA,NA,NA,NA,NA,NA,NA,NA,NA,2020,1998-11-02,NA,NA,NA,NA
"Brandon Allen","CIN","QB","12621","weighted",331,NA,3.8,NA,1.5,NA,10,NA,0,NA,0,NA,NA,NA,NA,NA,NA,NA,NA,NA,NA,NA,NA,NA,NA,NA,NA,NA,NA,NA,NA,NA,NA,NA,NA,NA,NA,NA,NA,NA,NA,NA,NA,NA,NA,NA,NA,NA,NA,NA,NA,NA,2016,1992-09-05,NA,NA,NA,NA
"Brandon Allen","CIN","QB","12621","weighted",331,NA,3.8,NA,1.5,NA,10,NA,0,NA,0,NA,NA,NA,NA,NA,NA,NA,NA,NA,NA,NA,NA,NA,NA,NA,NA,NA,NA,NA,NA,NA,NA,NA,NA,NA,NA,NA,NA,NA,NA,NA,NA,NA,NA,NA,NA,NA,NA,NA,NA,NA,2016,1992-09-05,NA,NA,NA,NA
"Cooper Rush","FA","QB","13124","weighted",323,NA,2,NA,0,NA,3,NA,0,NA,0.1,NA,NA,NA,NA,NA,NA,NA,NA,NA,NA,NA,NA,NA,NA,NA,NA,NA,NA,NA,NA,NA,NA,NA,NA,NA,NA,NA,NA,NA,NA,NA,NA,NA,NA,NA,NA,NA,NA,NA,NA,NA,2017,1993-11-21,NA,NA,NA,NA
"Trace McSorley","FA","QB","14061","weighted",192.51134751773,160.251609820307,0.491489361702128,0.700035713374682,0.764539007092199,1.08894444302728,7.1468085106383,10.6066017177982,0.233333333333333,0.332340187157677,0.0843971631205674,0.120208152801713,0.54,0,NA,NA,NA,NA,NA,NA,NA,NA,NA,NA,NA,NA,NA,NA,NA,NA,NA,NA,NA,NA,NA,NA,NA,NA,NA,NA,NA,NA,NA,NA,NA,NA,NA,NA,NA,NA,NA,NA,2019,1970-01-01,NA,NA,NA,NA
"Chad Henne","KC","QB","9073","weighted",228.993031358885,68.5893577750951,0.505226480836237,0.707106781186548,1.14843205574913,0.212132034355964,11.4738675958188,3.53553390593274,0.247386759581882,0.353553390593274,0,0,NA,NA,NA,NA,NA,NA,NA,NA,NA,NA,NA,NA,NA,NA,NA,NA,NA,NA,NA,NA,NA,NA,NA,NA,NA,NA,NA,NA,NA,NA,NA,NA,NA,NA,NA,NA,NA,NA,NA,NA,2008,1985-07-02,NA,NA,NA,NA
"Josh Johnson","FA","QB","9207","weighted",260.72,NA,1.55,NA,2.11,NA,0.31,NA,0.16,NA,0.15,NA,2.77,NA,NA,NA,NA,NA,NA,NA,NA,NA,NA,NA,NA,NA,NA,NA,NA,NA,NA,NA,NA,NA,NA,NA,NA,NA,NA,NA,NA,NA,NA,NA,NA,NA,NA,NA,NA,NA,NA,NA,2008,1986-05-15,NA,NA,NA,NA
"Brett Rypien","DEN","QB","14065","weighted",178.57337883959,95.4594154601839,1.03071672354949,1.41421356237309,1.29078498293515,0.424264068711929,4.60750853242321,4.94974746830583,0,0,0.0773037542662116,0.106066017177982,NA,NA,NA,NA,NA,NA,NA,NA,NA,NA,NA,NA,NA,NA,NA,NA,NA,NA,NA,NA,NA,NA,NA,NA,NA,NA,NA,NA,NA,NA,NA,NA,NA,NA,NA,NA,NA,NA,NA,NA,2019,NA,NA,NA,NA,NA
"C.J. Beathard","JAC","QB","13125","weighted",148.235159817352,94.3121766003254,1.02054794520548,1.00155915806415,0.37716894977169,0.555610521785355,7.89041095890411,8.05481245928682,0,0,0.526407914764079,0.497043827950382,NA,NA,NA,NA,NA,NA,NA,NA,NA,NA,NA,NA,NA,NA,NA,NA,NA,NA,NA,NA,NA,NA,NA,NA,NA,NA,NA,NA,NA,NA,NA,NA,NA,NA,NA,NA,NA,NA,NA,NA,2017,1993-11-16,NA,NA,NA,NA
"Nick Foles","IND","QB","10699","weighted",190.076655052265,57.2756492761104,1.04947735191638,0.0707106781186548,1.24738675958188,0.353553390593274,15.609756097561,14.8492424049175,0.346341463414634,0.494974746830583,0,0,NA,NA,NA,NA,NA,NA,NA,NA,NA,NA,NA,NA,NA,NA,NA,NA,NA,NA,NA,NA,NA,NA,NA,NA,NA,NA,NA,NA,NA,NA,NA,NA,NA,NA,NA,NA,NA,NA,NA,NA,2012,1989-01-20,NA,NA,NA,NA
"Tim Boyle","FA","QB","13873","weighted",223,NA,2,NA,1,NA,8,NA,0,NA,0,NA,NA,NA,NA,NA,NA,NA,NA,NA,NA,NA,NA,NA,NA,NA,NA,NA,NA,NA,NA,NA,NA,NA,NA,NA,NA,NA,NA,NA,NA,NA,NA,NA,NA,NA,NA,NA,NA,NA,NA,NA,2018,1970-01-01,NA,NA,NA,NA
"Sam Howell","WAS","QB","15693","weighted",221,NA,1,NA,1,NA,11,NA,0,NA,0.1,NA,NA,NA,NA,NA,NA,NA,NA,NA,NA,NA,NA,NA,NA,NA,NA,NA,NA,NA,NA,NA,NA,NA,NA,NA,NA,NA,NA,NA,NA,NA,NA,NA,NA,NA,NA,NA,NA,NA,NA,NA,2022,2000-09-16,NA,NA,NA,NA
"Jarrett Stidham","LVR","QB","14063","weighted",197.536585365854,4.94974746830583,0.505226480836237,0.707106781186548,0.950522648083624,0.0707106781186547,32.7386759581882,35.3553390593274,0.544250871080139,0.777817459305202,0,0,NA,NA,NA,NA,NA,NA,NA,NA,NA,NA,NA,NA,NA,NA,NA,NA,NA,NA,NA,NA,NA,NA,NA,NA,NA,NA,NA,NA,NA,NA,NA,NA,NA,NA,NA,NA,NA,NA,NA,NA,2019,1996-08-08,NA,NA,NA,NA
"Mason Rudolph","PIT","QB","13595","weighted",106.015094339623,108.187337521542,0.517735849056604,0.636396103067893,0.517735849056604,0.636396103067893,10.4264150943396,11.3137084989848,0,0,0,0,NA,NA,NA,NA,NA,NA,NA,NA,NA,NA,NA,NA,NA,NA,NA,NA,NA,NA,NA,NA,NA,NA,NA,NA,NA,NA,NA,NA,NA,NA,NA,NA,NA,NA,NA,NA,NA,NA,NA,NA,2018,1995-07-17,NA,NA,NA,NA
"Chase Daniel","LAC","QB","9706","weighted",102.372822299652,118.086832458153,0.505226480836237,0.707106781186548,0.554703832752613,0.636396103067893,2.48989547038328,12.1622366364086,0,0,0,0,NA,NA,NA,NA,NA,NA,NA,NA,NA,NA,NA,NA,NA,NA,NA,NA,NA,NA,NA,NA,NA,NA,NA,NA,NA,NA,NA,NA,NA,NA,NA,NA,NA,NA,NA,NA,NA,NA,NA,NA,2009,1986-10-07,NA,NA,NA,NA
"Nick Mullens","MIN","QB","13968","weighted",97.3519163763066,115.258405333407,0.505226480836237,0.707106781186548,0.554703832752613,0.636396103067893,6.06271777003484,8.48528137423857,0,0,0.505226480836237,0.707106781186548,NA,NA,NA,NA,NA,NA,NA,NA,NA,NA,NA,NA,NA,NA,NA,NA,NA,NA,NA,NA,NA,NA,NA,NA,NA,NA,NA,NA,NA,NA,NA,NA,NA,NA,NA,NA,NA,NA,NA,NA,2017,1995-03-21,NA,NA,NA,NA
"Blaine Gabbert","TB","QB","10262","weighted",166,NA,0.8,NA,0,NA,-8.3,NA,0,NA,0,NA,NA,NA,NA,NA,NA,NA,NA,NA,NA,NA,NA,NA,NA,NA,NA,NA,NA,NA,NA,NA,NA,NA,NA,NA,NA,NA,NA,NA,NA,NA,NA,NA,NA,NA,NA,NA,NA,NA,NA,NA,2011,1989-10-15,NA,NA,NA,NA
"John Wolford","LAR","QB","15035","weighted",99.1637630662021,89.8025612106915,0.505226480836237,0.707106781186548,1.19790940766551,0.282842712474619,7.4794425087108,10.7480230740355,0,0,0,0,NA,NA,NA,NA,NA,NA,NA,NA,NA,NA,NA,NA,NA,NA,NA,NA,NA,NA,NA,NA,NA,NA,NA,NA,NA,NA,NA,NA,NA,NA,NA,NA,NA,NA,NA,NA,NA,NA,NA,NA,2018,1970-01-01,NA,NA,NA,NA
"Nate Sudfeld","SF","QB","12815","weighted",73.184668989547,92.6309883354377,0.505226480836237,0.707106781186548,0.505226480836237,0.707106781186548,9.5993031358885,13.4350288425444,0,0,0,0,NA,NA,NA,NA,NA,NA,NA,NA,NA,NA,NA,NA,NA,NA,NA,NA,NA,NA,NA,NA,NA,NA,NA,NA,NA,NA,NA,NA,NA,NA,NA,NA,NA,NA,NA,NA,NA,NA,NA,NA,2016,1993-10-07,NA,NA,NA,NA
"Kyle Trask","TB","QB","15242","weighted",136,NA,1,NA,0,NA,3,NA,0,NA,0,NA,NA,NA,NA,NA,NA,NA,NA,NA,NA,NA,NA,NA,NA,NA,NA,NA,NA,NA,NA,NA,NA,NA,NA,NA,NA,NA,NA,NA,NA,NA,NA,NA,NA,NA,NA,NA,NA,NA,NA,NA,2021,1970-01-01,NA,NA,NA,NA
"Taysom Hill","NO","QB","13424","weighted",77.81,NA,0.34,NA,0.34,NA,99.7,NA,0.92,NA,0,NA,NA,NA,NA,NA,NA,NA,NA,NA,NA,NA,NA,NA,NA,NA,NA,NA,NA,NA,NA,NA,NA,NA,NA,NA,NA,NA,NA,NA,NA,NA,NA,NA,NA,NA,NA,NA,NA,NA,NA,NA,2017,1990-08-23,NA,NA,NA,NA
"Derrick Henry","TEN","RB","12626","weighted",NA,NA,NA,NA,NA,NA,1635.17644247788,221.272292011762,13.269191930726,2.21745570561396,1.77592699115044,0.984481270791091,1.06,0,NA,NA,194.707203539823,25.4248958601286,1.02172842325626,0.718013299174013,NA,NA,NA,NA,NA,NA,NA,NA,NA,NA,NA,NA,NA,NA,NA,NA,NA,NA,NA,NA,NA,NA,NA,NA,NA,NA,NA,NA,NA,NA,NA,NA,2016,1994-01-04,NA,NA,NA,NA
"Jonathan Taylor","IND","RB","14802","weighted",NA,NA,NA,NA,NA,NA,1652.59644247788,143.015387743899,15.0885663716814,1.58597738727498,2.37939159292035,0.704148450271802,0.01,0,NA,NA,352.523238938053,68.7842716373704,1.96734513274336,0.466377499732207,NA,NA,NA,NA,NA,NA,NA,NA,NA,NA,NA,NA,NA,NA,NA,NA,NA,NA,NA,NA,NA,NA,NA,NA,NA,NA,NA,NA,NA,NA,NA,NA,2020,1999-01-19,NA,NA,NA,NA
"Dalvin Cook","MIN","RB","13128","weighted",NA,NA,NA,NA,NA,NA,1318.87548672566,168.582434900409,10.2583674816259,1.18549846637938,2.86808407079646,0.518072060963738,2.13,0,NA,NA,351.621309734513,64.318734755123,1.20184490775461,0.987853642181392,NA,NA,NA,NA,NA,NA,NA,NA,NA,NA,NA,NA,NA,NA,NA,NA,NA,NA,NA,NA,NA,NA,NA,NA,NA,NA,NA,NA,NA,NA,NA,NA,2017,1995-08-10,NA,NA,NA,NA
"Nick Chubb","CLE","RB","13610","weighted",NA,NA,NA,NA,NA,NA,1289.76663716814,176.600415427708,9.76485142058687,2.84712445213614,1.36963495575221,0.734417805074124,NA,NA,NA,NA,210.123646017699,44.3124207603121,1.11838751746623,0.254195611964311,NA,NA,NA,NA,NA,NA,NA,NA,NA,NA,NA,NA,NA,NA,NA,NA,NA,NA,NA,NA,NA,NA,NA,NA,NA,NA,NA,NA,NA,NA,NA,NA,2018,1995-12-27,NA,NA,NA,NA
"Joe Mixon","CIN","RB","13131","weighted",NA,NA,NA,NA,NA,NA,1236.10336283186,113.799525500276,10.1777640117994,1.32139392765581,1.49887831858407,0.659550625359846,NA,NA,NA,NA,331.461008849558,75.3023729617693,2.18998820058997,0.308320877118202,NA,NA,NA,NA,NA,NA,NA,NA,NA,NA,NA,NA,NA,NA,NA,NA,NA,NA,NA,NA,NA,NA,NA,NA,NA,NA,NA,NA,NA,NA,NA,NA,2017,1996-07-24,NA,NA,NA,NA
"Christian McCaffrey","CAR","RB","13130","weighted",NA,NA,NA,NA,NA,NA,1052.38861946903,184.594545719121,7.66208800844361,1.76145603065953,1.55477876106195,0.633235958171383,0.53,0,NA,NA,739.237203539823,82.5431315662089,4.16718632783957,1.65523836752237,NA,NA,NA,NA,NA,NA,NA,NA,NA,NA,NA,NA,NA,NA,NA,NA,NA,NA,NA,NA,NA,NA,NA,NA,NA,NA,NA,NA,NA,NA,NA,NA,2017,1996-06-07,NA,NA,NA,NA
"Najee Harris","PIT","RB","15254","weighted",NA,NA,NA,NA,NA,NA,1197.58752212389,85.5808093600895,8.23034379190132,1.89795379444898,1.83203539823009,0.965017625757328,0.08,0,NA,NA,403.456637168142,53.7781196467708,2.43296594261196,0.74081925223619,NA,NA,NA,NA,NA,NA,NA,NA,NA,NA,NA,NA,NA,NA,NA,NA,NA,NA,NA,NA,NA,NA,NA,NA,NA,NA,NA,NA,NA,NA,NA,NA,2021,1998-03-09,NA,NA,NA,NA
"Cam Akers","LAR","RB","14799","weighted",NA,NA,NA,NA,NA,NA,956.174495575221,210.28435448071,6.44573823940382,1.91695430269498,3.28921460176991,0.339449187014056,0.11,0,NA,NA,271.039061946903,84.3156709786755,1.19116441546344,0.476578225294396,NA,NA,NA,NA,NA,NA,NA,NA,NA,NA,NA,NA,NA,NA,NA,NA,NA,NA,NA,NA,NA,NA,NA,NA,NA,NA,NA,NA,NA,NA,NA,NA,2020,1970-01-01,NA,NA,NA,NA
"Rashaad Penny","SEA","RB","13608","weighted",NA,NA,NA,NA,NA,NA,993.382123893805,160.330125699341,7.58466729429486,2.11455441953565,1.05293584070796,0.486869628247049,0.14,0,NA,NA,136.815734513274,53.5331143838548,0.54133270570514,0.402733759899353,NA,NA,NA,NA,NA,NA,NA,NA,NA,NA,NA,NA,NA,NA,NA,NA,NA,NA,NA,NA,NA,NA,NA,NA,NA,NA,NA,NA,NA,NA,NA,NA,2018,1996-02-02,NA,NA,NA,NA
"Saquon Barkley","NYG","RB","13604","weighted",NA,NA,NA,NA,NA,NA,1046.2567079646,143.585922109478,7.04690609966146,1.70911191860261,1.4501482300885,0.692288343964142,NA,NA,NA,NA,433.442637168142,38.2538177003532,2.56231513927659,0.861519289634028,NA,NA,NA,NA,NA,NA,NA,NA,NA,NA,NA,NA,NA,NA,NA,NA,NA,NA,NA,NA,NA,NA,NA,NA,NA,NA,NA,NA,NA,NA,NA,NA,2018,1997-02-09,NA,NA,NA,NA
"Elijah Mitchell","SF","RB","15263","weighted",NA,NA,NA,NA,NA,NA,1121.67752212389,99.7223025265397,7.61776092986396,1.04160251902142,1.28044247787611,0.782791422324452,0.11,0,NA,NA,202.764778761062,41.9558126963607,1.2879027869502,0.449936530597068,NA,NA,NA,NA,NA,NA,NA,NA,NA,NA,NA,NA,NA,NA,NA,NA,NA,NA,NA,NA,NA,NA,NA,NA,NA,NA,NA,NA,NA,NA,NA,NA,2021,1970-01-01,NA,NA,NA,NA
"D'Andre Swift","DET","RB","14797","weighted",NA,NA,NA,NA,NA,NA,939.826973451328,149.031591984335,7.42189276418532,1.90105494501186,1.92593584070796,0.478721676723382,0.13,0,NA,NA,469.508265486726,51.7759254333346,2.48093909422176,0.709592881822906,NA,NA,NA,NA,NA,NA,NA,NA,NA,NA,NA,NA,NA,NA,NA,NA,NA,NA,NA,NA,NA,NA,NA,NA,NA,NA,NA,NA,NA,NA,NA,NA,2020,1999-01-14,NA,NA,NA,NA
"Austin Ekeler","LAC","RB","13404","weighted",NA,NA,NA,NA,NA,NA,932.903327433628,113.134785755817,9.03692501164416,1.26941107615718,2.35318584070796,0.346084562014228,0.53,0,NA,NA,659.387522123894,54.3680095977177,5.3230572892408,1.40514735376489,NA,NA,NA,NA,NA,NA,NA,NA,NA,NA,NA,NA,NA,NA,NA,NA,NA,NA,NA,NA,NA,NA,NA,NA,NA,NA,NA,NA,NA,NA,NA,NA,NA,NA,NA,NA,NA,NA
"Javonte Williams","DEN","RB","15256","weighted",NA,NA,NA,NA,NA,NA,1065.1857699115,87.5040490933138,7.41125414266199,1.13457928220933,1.73205530973451,0.5541681045825,0.17,2.96828462132282e-17,NA,NA,360.442920353982,45.1593426786561,2.54363081309022,0.707125917062185,NA,NA,NA,NA,NA,NA,NA,NA,NA,NA,NA,NA,NA,NA,NA,NA,NA,NA,NA,NA,NA,NA,NA,NA,NA,NA,NA,NA,NA,NA,NA,NA,2021,2000-04-25,NA,NA,NA,NA
"Ezekiel Elliott","DAL","RB","12625","weighted",NA,NA,NA,NA,NA,NA,1032.26961973279,97.8235238495464,8.25148173620073,1.08791221752005,2.33795477903392,0.338484942103571,1.59,0,NA,NA,289.34269270298,55.0428361273531,1.99180706133267,0.496929626396291,NA,NA,NA,NA,NA,NA,NA,NA,NA,NA,NA,NA,NA,NA,NA,NA,NA,NA,NA,NA,NA,NA,NA,NA,NA,NA,NA,NA,NA,NA,NA,NA,2016,1995-07-22,NA,NA,NA,NA
"Miles Sanders","PHI","RB","14079","weighted",NA,NA,NA,NA,NA,NA,1019.1647079646,99.9821316965639,5.32236981835119,0.9914465954242,1.6679314159292,0.202472051930307,1.59,0,NA,NA,211.74182300885,25.6592055802299,0.841417792268281,0.509297052500645,NA,NA,NA,NA,NA,NA,NA,NA,NA,NA,NA,NA,NA,NA,NA,NA,NA,NA,NA,NA,NA,NA,NA,NA,NA,NA,NA,NA,NA,NA,NA,NA,2019,1970-01-01,NA,NA,NA,NA
"Breece Hall","NYJ","RB","15708","weighted",NA,NA,NA,NA,NA,NA,927.508283185841,166.205977405443,6.21564386733934,1.60558248891192,1.71895796460177,0.574149166759629,0.17,2.96828462132282e-17,NA,NA,297.287451327434,67.5444854697958,1.40750657513853,0.418119256557389,NA,NA,NA,NA,NA,NA,NA,NA,NA,NA,NA,NA,NA,NA,NA,NA,NA,NA,NA,NA,NA,NA,NA,NA,NA,NA,NA,NA,NA,NA,NA,NA,2022,2001-05-31,NA,NA,NA,NA
"Alvin Kamara","NO","RB","13132","weighted",NA,NA,NA,NA,NA,NA,967.832796460177,134.576191438189,7.35003263992645,0.938649391385335,1.31787610619469,0.758957727183302,NA,NA,NA,NA,548.175292035398,66.1823730136194,4.05063992644524,1.03845684959008,NA,NA,NA,NA,NA,NA,NA,NA,NA,NA,NA,NA,NA,NA,NA,NA,NA,NA,NA,NA,NA,NA,NA,NA,NA,NA,NA,NA,NA,NA,NA,NA,2017,1995-07-25,NA,NA,NA,NA
"Leonard Fournette","TB","RB","13129","weighted",NA,NA,NA,NA,NA,NA,976.959054470709,98.555333332368,9.12098020708797,1.58298229012491,1.24611168208291,0.900110790468534,NA,NA,NA,NA,450.49677286742,92.0587801392596,2.38008865211038,0.501766797203052,NA,NA,NA,NA,NA,NA,NA,NA,NA,NA,NA,NA,NA,NA,NA,NA,NA,NA,NA,NA,NA,NA,NA,NA,NA,NA,NA,NA,NA,NA,NA,NA,2017,1996-07-06,NA,NA,NA,NA
"J.K. Dobbins","BAL","RB","14800","weighted",NA,NA,NA,NA,NA,NA,922.601504424779,120.127073558839,8.03573451327434,1.28455885444718,0.656641592920354,0.617270330164742,0.15,0,NA,NA,209.502017699115,52.3534816541391,0.863646017699115,0.57955680362627,NA,NA,NA,NA,NA,NA,NA,NA,NA,NA,NA,NA,NA,NA,NA,NA,NA,NA,NA,NA,NA,NA,NA,NA,NA,NA,NA,NA,NA,NA,NA,NA,2020,1998-12-17,"Q","Knee - ACL",2022,0
"David Montgomery","CHI","RB","14071","weighted",NA,NA,NA,NA,NA,NA,989.95396460177,83.0390433383141,7.47061987434979,1.53285543371639,1.49380530973451,0.69311589867802,0.53,0,NA,NA,367.887203539823,45.762180737784,1.70040667432277,0.629920928400323,NA,NA,NA,NA,NA,NA,NA,NA,NA,NA,NA,NA,NA,NA,NA,NA,NA,NA,NA,NA,NA,NA,NA,NA,NA,NA,NA,NA,NA,NA,NA,NA,2019,1997-06-07,NA,NA,NA,NA
"Dameon Pierce","HOU","RB","15717","weighted",NA,NA,NA,NA,NA,NA,934.726778761062,137.355796212514,6.0692389380531,0.978507818564145,1.96384955752212,0.886984873557418,0.17,2.96828462132282e-17,NA,NA,279.144973451327,103.514848737307,1.33038938053097,0.492833469060449,NA,NA,NA,NA,NA,NA,NA,NA,NA,NA,NA,NA,NA,NA,NA,NA,NA,NA,NA,NA,NA,NA,NA,NA,NA,NA,NA,NA,NA,NA,NA,NA,2022,2000-02-19,NA,NA,NA,NA
"Josh Jacobs","LVR","RB","14073","weighted",NA,NA,NA,NA,NA,NA,954.644017699115,114.533947241857,8.06981510439041,1.39351506225994,2.17673672566372,0.348002992168023,NA,NA,NA,NA,272.492584070796,51.5367863062768,0.842255692069765,0.778564731182142,NA,NA,NA,NA,NA,NA,NA,NA,NA,NA,NA,NA,NA,NA,NA,NA,NA,NA,NA,NA,NA,NA,NA,NA,NA,NA,NA,NA,NA,NA,NA,NA,2019,1998-02-11,NA,NA,NA,NA
"Aaron Jones","GB","RB","13319","weighted",NA,NA,NA,NA,NA,NA,925.765132743363,127.825734032946,5.97549669699614,1.42818840559439,1.40526327433628,0.713550968049406,NA,NA,NA,NA,534.964283185841,95.6331887869299,3.93542365698617,1.05854565424116,NA,NA,NA,NA,NA,NA,NA,NA,NA,NA,NA,NA,NA,NA,NA,NA,NA,NA,NA,NA,NA,NA,NA,NA,NA,NA,NA,NA,NA,NA,NA,NA,2017,1994-12-02,NA,NA,NA,NA
"Damien Harris","NE","RB","14075","weighted",NA,NA,NA,NA,NA,NA,967.260867256637,94.4651574498635,9.5412855993564,1.8038191831339,1.48278761061947,0.247234101293287,0.03,3.71035577665353e-18,NA,NA,139.150353982301,42.7615983810432,0.426785197103781,0.420128090901783,NA,NA,NA,NA,NA,NA,NA,NA,NA,NA,NA,NA,NA,NA,NA,NA,NA,NA,NA,NA,NA,NA,NA,NA,NA,NA,NA,NA,NA,NA,NA,NA,2019,1970-01-01,NA,NA,NA,NA
"Antonio Gibson","WAS","RB","14852","weighted",NA,NA,NA,NA,NA,NA,897.735380530974,104.747858172862,6.44749324639031,1.58803040960933,2.46248451327434,0.457620008604815,0.04,0,NA,NA,261.312318584071,67.1147125324574,1.55622356776898,0.477027833810197,NA,NA,NA,NA,NA,NA,NA,NA,NA,NA,NA,NA,NA,NA,NA,NA,NA,NA,NA,NA,NA,NA,NA,NA,NA,NA,NA,NA,NA,NA,NA,NA,2020,1970-01-01,NA,NA,NA,NA
"James Conner","ARI","RB","13146","weighted",NA,NA,NA,NA,NA,NA,901.004230088496,109.993848201672,10.1511504424779,2.81944817061038,1.1240685840708,0.865615155327372,NA,NA,NA,NA,371.689115044248,59.7214009957509,2.16263716814159,0.37286408762531,NA,NA,NA,NA,NA,NA,NA,NA,NA,NA,NA,NA,NA,NA,NA,NA,NA,NA,NA,NA,NA,NA,NA,NA,NA,NA,NA,NA,NA,NA,NA,NA,2017,1995-05-05,NA,NA,NA,NA
"Chase Edmonds","MIA","RB","13726","weighted",NA,NA,NA,NA,NA,NA,743.00007079646,142.688030533149,4.10463476243664,1.27879518572738,1.57991150442478,0.602181990986054,0.09,1.48414231066141e-17,NA,NA,366.285504424779,55.6304910554863,1.53117054729788,0.490045769961807,NA,NA,NA,NA,NA,NA,NA,NA,NA,NA,NA,NA,NA,NA,NA,NA,NA,NA,NA,NA,NA,NA,NA,NA,NA,NA,NA,NA,NA,NA,NA,NA,2018,1996-04-13,NA,NA,NA,NA
"Travis Etienne","JAC","RB","15253","weighted",NA,NA,NA,NA,NA,NA,833.75407079646,127.456584732672,5.66347381009328,1.52705204039571,2.14511061946903,0.512809938868836,0.17,2.96828462132282e-17,NA,NA,424.676283185841,83.785255146807,2.30509256158814,0.791985037467368,NA,NA,NA,NA,NA,NA,NA,NA,NA,NA,NA,NA,NA,NA,NA,NA,NA,NA,NA,NA,NA,NA,NA,NA,NA,NA,NA,NA,NA,NA,NA,NA,2021,1999-01-26,NA,NA,NA,NA
"Devin Singletary","BUF","RB","14080","weighted",NA,NA,NA,NA,NA,NA,864.726938053097,84.2545580320121,6.58739530461494,2.20890494725471,0.904856194690266,0.550391551028516,0.01,0,NA,NA,237.085150442478,46.524335574644,1.19794982812843,0.620978203691094,NA,NA,NA,NA,NA,NA,NA,NA,NA,NA,NA,NA,NA,NA,NA,NA,NA,NA,NA,NA,NA,NA,NA,NA,NA,NA,NA,NA,NA,NA,NA,NA,2019,1997-09-03,NA,NA,NA,NA
"Kenneth Walker III","SEA","RB","15711","weighted",NA,NA,NA,NA,NA,NA,664.067327433628,187.446248268351,4.29073058013766,1.08476860422847,1.34760398230089,0.739314817647668,0.05,0,NA,NA,161.037345132743,84.4556153783192,0.789003933136677,0.570932100023648,NA,NA,NA,NA,NA,NA,NA,NA,NA,NA,NA,NA,NA,NA,NA,NA,NA,NA,NA,NA,NA,NA,NA,NA,NA,NA,NA,NA,NA,NA,NA,NA,2022,2000-10-20,"Q","Abdomen",2022,0
"AJ Dillon","GB","RB","14805","weighted",NA,NA,NA,NA,NA,NA,820.622902654867,62.9276493600578,6.38736556586805,1.07264458543811,1.07599778761062,0.414642221242638,0.01,0,NA,NA,294.695575221239,63.1685520784614,1.69776717749478,0.664299417826328,NA,NA,NA,NA,NA,NA,NA,NA,NA,NA,NA,NA,NA,NA,NA,NA,NA,NA,NA,NA,NA,NA,NA,NA,NA,NA,NA,NA,NA,NA,NA,NA,2020,1998-05-02,NA,NA,NA,NA
"Melvin Gordon","DEN","RB","12151","weighted",NA,NA,NA,NA,NA,NA,762.385015416238,73.7334163955587,5.79693170139213,1.10883120880221,2.53967625899281,0.331833560940805,0.04,7.49733850043396e-18,NA,NA,201.642034943474,37.7118020757437,1.57170139213305,0.543219482928514,NA,NA,NA,NA,NA,NA,NA,NA,NA,NA,NA,NA,NA,NA,NA,NA,NA,NA,NA,NA,NA,NA,NA,NA,NA,NA,NA,NA,NA,NA,NA,NA,2015,1993-04-13,NA,NA,NA,NA
"Clyde Edwards-Helaire","KC","RB","14803","weighted",NA,NA,NA,NA,NA,NA,813.610530973451,57.8234328565666,5.87792920353982,0.768925706293662,1.40156194690265,0.254186041550517,0.04,0,NA,NA,263.64385840708,55.5778272221397,2.03484955752212,0.738144764096057,NA,NA,NA,NA,NA,NA,NA,NA,NA,NA,NA,NA,NA,NA,NA,NA,NA,NA,NA,NA,NA,NA,NA,NA,NA,NA,NA,NA,NA,NA,NA,NA,2020,1970-01-01,NA,NA,NA,NA
"Tony Pollard","DAL","RB","14085","weighted",NA,NA,NA,NA,NA,NA,745.278814159292,86.9135243876404,3.66424013393925,0.805719655344848,0.853451327433628,0.547763307257689,NA,NA,0.18,2.96828462132282e-17,366.046424778761,50.2608704716631,1.77156517579526,0.820443602455169,NA,NA,NA,NA,NA,NA,NA,NA,NA,NA,NA,NA,NA,NA,NA,NA,NA,NA,NA,NA,NA,NA,NA,NA,NA,NA,NA,NA,NA,NA,NA,NA,2019,1997-04-30,NA,NA,NA,NA
"Rhamondre Stevenson","NE","RB","15259","weighted",NA,NA,NA,NA,NA,NA,750.475362831858,87.2092898715381,5.62757915437561,0.607122002419146,0.754971238938053,0.566255254088205,0.03,3.71035577665353e-18,NA,NA,262.93217699115,64.874548217123,1.28711111111111,0.963114775421857,NA,NA,NA,NA,NA,NA,NA,NA,NA,NA,NA,NA,NA,NA,NA,NA,NA,NA,NA,NA,NA,NA,NA,NA,NA,NA,NA,NA,NA,NA,NA,NA,2021,1998-02-23,NA,NA,NA,NA
"Cordarrelle Patterson","ATL","RB","11225","weighted",NA,NA,NA,NA,NA,NA,628.611539823009,111.10449083975,4.64820805490338,1.10230404506409,0.978318584070797,0.45441345463917,NA,NA,1.59,0,410.693681415929,55.2977159010193,2.50830521943291,1.16805473341023,NA,NA,NA,NA,NA,NA,NA,NA,NA,NA,NA,NA,NA,NA,NA,NA,NA,NA,NA,NA,NA,NA,NA,NA,NA,NA,NA,NA,NA,NA,NA,NA,2013,1991-03-17,NA,NA,NA,NA
"Michael Carter","NYJ","RB","15258","weighted",NA,NA,NA,NA,NA,NA,585.194743362832,150.073224549602,3.45212805830297,1.16211143539601,0.878610619469027,0.536298031752117,0.05,0,NA,NA,278.151699115044,72.5964136388059,1.14086309213951,0.781041257668636,NA,NA,NA,NA,NA,NA,NA,NA,NA,NA,NA,NA,NA,NA,NA,NA,NA,NA,NA,NA,NA,NA,NA,NA,NA,NA,NA,NA,NA,NA,NA,NA,2021,1999-05-07,NA,NA,NA,NA
"Raheem Mostert","MIA","RB","12447","weighted",NA,NA,NA,NA,NA,NA,668.589469026549,76.6737576754939,4.10772147182115,1.84863783801323,1.22097566371681,0.57610648163415,NA,NA,NA,NA,141.632194690265,41.910771188889,0.843517466231952,0.381667736270643,NA,NA,NA,NA,NA,NA,NA,NA,NA,NA,NA,NA,NA,NA,NA,NA,NA,NA,NA,NA,NA,NA,NA,NA,NA,NA,NA,NA,NA,NA,NA,NA,NA,NA,NA,NA,NA,NA
"Darrell Henderson","LAR","RB","14087","weighted",NA,NA,NA,NA,NA,NA,601.924665981501,151.529985171875,4.09987573577502,1.57032139533674,0.791572456320658,0.606394243450018,0.03,0,NA,NA,180.824892086331,25.3593648757996,1.37274502475941,0.497257562584585,NA,NA,NA,NA,NA,NA,NA,NA,NA,NA,NA,NA,NA,NA,NA,NA,NA,NA,NA,NA,NA,NA,NA,NA,NA,NA,NA,NA,NA,NA,NA,NA,2019,1970-01-01,NA,NA,NA,NA
"James Robinson","JAC","RB","14813","weighted",NA,NA,NA,NA,NA,NA,652.431681415929,123.903830419533,5.40655752212389,1.36063459577605,1.60241592920354,0.653347908266107,0.05,0,NA,NA,187.750495575221,27.2095682166112,0.853176991150443,0.406120379816497,NA,NA,NA,NA,NA,NA,NA,NA,NA,NA,NA,NA,NA,NA,NA,NA,NA,NA,NA,NA,NA,NA,NA,NA,NA,NA,NA,NA,NA,NA,NA,NA,2020,1970-01-01,NA,NA,NA,NA
"Kareem Hunt","CLE","RB","13138","weighted",NA,NA,NA,NA,NA,NA,629.800690265487,121.215011761255,5.12284321255635,1.12852924068648,0.803716814159292,0.554155672064252,0.54,1.18731384852913e-16,NA,NA,306.438619469027,49.5030988038055,1.84536917682418,0.493758982326172,NA,NA,NA,NA,NA,NA,NA,NA,NA,NA,NA,NA,NA,NA,NA,NA,NA,NA,NA,NA,NA,NA,NA,NA,NA,NA,NA,NA,NA,NA,NA,NA,2017,1995-08-06,NA,NA,NA,NA
"Jamaal Williams","DET","RB","13139","weighted",NA,NA,NA,NA,NA,NA,582.296318584071,80.9928129520221,3.3210415056712,0.650368561512326,1.2529203539823,0.30743105537343,0.53,0,NA,NA,161.795681415929,27.4397162814977,0.703825750965973,0.374497346040618,NA,NA,NA,NA,NA,NA,NA,NA,NA,NA,NA,NA,NA,NA,NA,NA,NA,NA,NA,NA,NA,NA,NA,NA,NA,NA,NA,NA,NA,NA,NA,NA,2017,NA,NA,NA,NA,NA
"DOnta Foreman","CAR","RB","13134","weighted",NA,NA,NA,NA,NA,NA,433.797415929204,134.087540521018,2.82412389380531,0.80902596357173,0.967150442477876,0.14491692457565,0.02,0,NA,NA,90.4424955752212,59.7449386742455,0.254070796460177,0.343097238842114,NA,NA,NA,NA,NA,NA,NA,NA,NA,NA,NA,NA,NA,NA,NA,NA,NA,NA,NA,NA,NA,NA,NA,NA,NA,NA,NA,NA,NA,NA,NA,NA,2017,1996-04-24,NA,NA,NA,NA
"Brian Robinson","WAS","RB","15716","weighted",NA,NA,NA,NA,NA,NA,490.969221238938,172.09807035086,3.52941340075853,1.60659977074518,1.15457522123894,0.365178872647029,0.16,0,NA,NA,109.049309734513,54.7606054745707,0.448214917825537,0.490230234757769,NA,NA,NA,NA,NA,NA,NA,NA,NA,NA,NA,NA,NA,NA,NA,NA,NA,NA,NA,NA,NA,NA,NA,NA,NA,NA,NA,NA,NA,NA,NA,NA,2022,1999-03-22,NA,"Knee",2022,0
"Rex Burkhead","HOU","RB","11182","weighted",NA,NA,NA,NA,NA,NA,409.408849557522,123.449127522114,2.77241512469831,0.75415133897227,0.916017699115044,0.482508812878664,NA,NA,NA,NA,233.058159292035,52.6538388786157,1.13089460981496,0.4159421374768,NA,NA,NA,NA,NA,NA,NA,NA,NA,NA,NA,NA,NA,NA,NA,NA,NA,NA,NA,NA,NA,NA,NA,NA,NA,NA,NA,NA,NA,NA,NA,NA,2013,1990-07-02,NA,NA,NA,NA
"Mark Ingram","NO","RB","10276","weighted",NA,NA,NA,NA,NA,NA,460.066424778761,128.800664014416,2.47829141798724,1.0370786234015,1.04540707964602,0.448269144917464,0.53,0,NA,NA,154.392973451327,34.6798658869894,0.31983247581807,0.389471676732811,NA,NA,NA,NA,NA,NA,NA,NA,NA,NA,NA,NA,NA,NA,NA,NA,NA,NA,NA,NA,NA,NA,NA,NA,NA,NA,NA,NA,NA,NA,NA,NA,2011,1989-12-21,NA,NA,NA,NA
"Damien Williams","ATL","RB","11886","weighted",NA,NA,NA,NA,NA,NA,284.800308422301,168.273813530686,2.16680901542111,1.97216809576892,0.901494661921708,0.591355116369294,NA,NA,NA,NA,149.218529062871,56.090981643757,0.728944246737841,0.75508559463763,NA,NA,NA,NA,NA,NA,NA,NA,NA,NA,NA,NA,NA,NA,NA,NA,NA,NA,NA,NA,NA,NA,NA,NA,NA,NA,NA,NA,NA,NA,NA,NA,2014,1992-04-03,NA,NA,NA,NA
"Alexander Mattison","MIN","RB","14223","weighted",NA,NA,NA,NA,NA,NA,472.525433628319,65.5786608847048,3.02199016715831,0.84445414128546,0.890838495575221,0.489586146741632,NA,NA,NA,NA,196.913061946903,29.2153759983225,1.01473549655851,0.129835165302221,NA,NA,NA,NA,NA,NA,NA,NA,NA,NA,NA,NA,NA,NA,NA,NA,NA,NA,NA,NA,NA,NA,NA,NA,NA,NA,NA,NA,NA,NA,NA,NA,2019,NA,NA,NA,NA,NA
"Khalil Herbert","CHI","RB","15271","weighted",NA,NA,NA,NA,NA,NA,408.553876106195,122.680308735071,2.41952241404323,0.661719295627649,0.692951327433628,0.583535915588112,0.03,3.71035577665353e-18,NA,NA,126.219911504425,23.1732669339854,0.495982010735529,0.463421957863478,NA,NA,NA,NA,NA,NA,NA,NA,NA,NA,NA,NA,NA,NA,NA,NA,NA,NA,NA,NA,NA,NA,NA,NA,NA,NA,NA,NA,NA,NA,NA,NA,2021,1970-01-01,NA,NA,NA,NA
"Isiah Pacheco","KC","RB","15749","weighted",NA,NA,NA,NA,NA,NA,319.380584070796,149.680131257491,2.52198185280609,1.03659395891959,0.687008849557522,0.590122354744947,0.05,0,NA,NA,132.640194690266,95.9574334081375,0.810000448078862,0.676216354672554,NA,NA,NA,NA,NA,NA,NA,NA,NA,NA,NA,NA,NA,NA,NA,NA,NA,NA,NA,NA,NA,NA,NA,NA,NA,NA,NA,NA,NA,NA,NA,NA,2022,1999-03-02,NA,NA,NA,NA
"Ronald Jones","KC","RB","13606","weighted",NA,NA,NA,NA,NA,NA,269.434230088496,151.683545380656,1.99942351453856,1.01883825923352,0.73466592920354,0.131931928445097,NA,NA,NA,NA,49.1852920353982,27.0110905621053,0.13661188369153,0.247674548076133,NA,NA,NA,NA,NA,NA,NA,NA,NA,NA,NA,NA,NA,NA,NA,NA,NA,NA,NA,NA,NA,NA,NA,NA,NA,NA,NA,NA,NA,NA,NA,NA,2018,1997-08-03,NA,NA,NA,NA
"Tyler Allgeier","ATL","RB","15712","weighted",NA,NA,NA,NA,NA,NA,361.357274336283,145.822258418201,2.1540408910589,1.09556384014876,0.865513274336283,0.499410758262491,0.05,0,NA,NA,102.169557522124,42.2597582903209,0.63206530363137,0.470595224018835,NA,NA,NA,NA,NA,NA,NA,NA,NA,NA,NA,NA,NA,NA,NA,NA,NA,NA,NA,NA,NA,NA,NA,NA,NA,NA,NA,NA,NA,NA,NA,NA,2022,2000-04-15,NA,NA,NA,NA
"Hassan Haskins","TEN","RB","15720","weighted",NA,NA,NA,NA,NA,NA,251.505594405594,147.30703906146,1.61212121212121,1.36651096413193,0.689353146853147,0.694765543038655,0.05,0,NA,NA,67.2689976689977,39.0302739806652,0.226107226107226,0.40695921216288,NA,NA,NA,NA,NA,NA,NA,NA,NA,NA,NA,NA,NA,NA,NA,NA,NA,NA,NA,NA,NA,NA,NA,NA,NA,NA,NA,NA,NA,NA,NA,NA,2022,1999-11-26,NA,NA,NA,NA
"James Cook","BUF","RB","15715","weighted",NA,NA,NA,NA,NA,NA,383.697256637168,77.3599651689439,2.21680638894885,0.825481384570687,2.70464380530973,2.34243111252632,0.06,7.42071155330706e-18,NA,NA,245.219557522124,122.278781342702,1.52634405352903,0.940553964088271,NA,NA,NA,NA,NA,NA,NA,NA,NA,NA,NA,NA,NA,NA,NA,NA,NA,NA,NA,NA,NA,NA,NA,NA,NA,NA,NA,NA,NA,NA,NA,NA,2022,1999-09-25,NA,NA,NA,NA
"Gus Edwards","BAL","RB","13850","weighted",NA,NA,NA,NA,NA,NA,420.099646017699,76.7652380727746,2.83648076575763,0.732301784808944,0.526475663716814,0.270787558760556,0.41,0,NA,NA,77.8914867256637,47.5222623603222,0.125572331587502,0.150261876877112,NA,NA,NA,NA,NA,NA,NA,NA,NA,NA,NA,NA,NA,NA,NA,NA,NA,NA,NA,NA,NA,NA,NA,NA,NA,NA,NA,NA,NA,NA,NA,NA,2018,1995-04-13,NA,"Knee - ACL",2022,0
"Sony Michel","FA","RB","13607","weighted",NA,NA,NA,NA,NA,NA,332.803534994069,123.770029489258,1.82315539739027,0.66540233854007,0.614282325029656,0.269383495938903,0.01,0,NA,NA,72.564650059312,14.5849484979442,0.221755634638197,0.266304466031793,NA,NA,NA,NA,NA,NA,NA,NA,NA,NA,NA,NA,NA,NA,NA,NA,NA,NA,NA,NA,NA,NA,NA,NA,NA,NA,NA,NA,NA,NA,NA,NA,2018,1995-02-17,NA,NA,NA,NA
"Tyrion Davis-Price","SF","RB","15746","weighted",NA,NA,NA,NA,NA,NA,235.16982300885,153.34802601633,1.63089506953224,1.36425093199212,0.114933628318584,0.0936071605662977,0.05,0,NA,NA,62.2952743362832,46.8547439050396,0.161175726927939,0.247813119442359,NA,NA,NA,NA,NA,NA,NA,NA,NA,NA,NA,NA,NA,NA,NA,NA,NA,NA,NA,NA,NA,NA,NA,NA,NA,NA,NA,NA,NA,NA,NA,NA,2022,2000-10-23,NA,NA,NA,NA
"Kenneth Gainwell","PHI","RB","15255","weighted",NA,NA,NA,NA,NA,NA,364.046761061947,86.8394822827441,3.26479252704031,1.4190842736067,1.15353982300885,0.388612056688023,0.73,1.18731384852913e-16,NA,NA,253.880814159292,73.0050584247419,1.31288888888889,0.511542151321052,NA,NA,NA,NA,NA,NA,NA,NA,NA,NA,NA,NA,NA,NA,NA,NA,NA,NA,NA,NA,NA,NA,NA,NA,NA,NA,NA,NA,NA,NA,NA,NA,2021,1999-03-14,NA,NA,NA,NA
"Darrel Williams","ARI","RB","13623","weighted",NA,NA,NA,NA,NA,NA,288.332241992883,165.567145132613,2.6270462633452,1.85617053854946,0.805693950177936,0.659386514879327,NA,NA,NA,NA,170.084389086595,111.667088094461,0.647615658362989,0.457556800536936,NA,NA,NA,NA,NA,NA,NA,NA,NA,NA,NA,NA,NA,NA,NA,NA,NA,NA,NA,NA,NA,NA,NA,NA,NA,NA,NA,NA,NA,NA,NA,NA,2018,NA,NA,NA,NA,NA
"Rachaad White","TB","RB","15721","weighted",NA,NA,NA,NA,NA,NA,353.608265486726,71.0559646989848,2.94718905872888,1.02598845914908,1.08749778761062,0.435692146833419,0.05,0,NA,NA,172.24582300885,69.037169231479,1.11897023330652,0.452178285694712,NA,NA,NA,NA,NA,NA,NA,NA,NA,NA,NA,NA,NA,NA,NA,NA,NA,NA,NA,NA,NA,NA,NA,NA,NA,NA,NA,NA,NA,NA,NA,NA,2022,1999-01-12,NA,NA,NA,NA
"Isaiah Spiller","LAC","RB","15709","weighted",NA,NA,NA,NA,NA,NA,259.342059171598,124.129948099632,1.80157903634827,1.24544282359257,0.0831952662721894,0.0409872643771487,NA,NA,NA,NA,83.3292544378698,41.5341260062004,0.383675401521555,0.443155455821257,NA,NA,NA,NA,NA,NA,NA,NA,NA,NA,NA,NA,NA,NA,NA,NA,NA,NA,NA,NA,NA,NA,NA,NA,NA,NA,NA,NA,NA,NA,NA,NA,2022,2001-08-09,NA,NA,NA,NA
"Jeffery Wilson","SF","RB","14017","weighted",NA,NA,NA,NA,NA,NA,345.416225749559,128.605862485835,3.09876543209877,1.05368391372365,0.71875367430923,0.191245154883998,NA,NA,NA,NA,97.2204585537919,25.5499045693368,0.707936507936508,0.453947190746818,NA,NA,NA,NA,NA,NA,NA,NA,NA,NA,NA,NA,NA,NA,NA,NA,NA,NA,NA,NA,NA,NA,NA,NA,NA,NA,NA,NA,NA,NA,NA,NA,2018,1970-01-01,NA,NA,NA,NA
"Zamir White","LVR","RB","15714","weighted",NA,NA,NA,NA,NA,NA,410.211858585859,52.8600080056605,3.42272053872054,1.00522420513194,0.837340067340067,0.593965899949589,NA,NA,NA,NA,133.409131313131,65.2167130085599,0.663582491582492,0.469540946340867,NA,NA,NA,NA,NA,NA,NA,NA,NA,NA,NA,NA,NA,NA,NA,NA,NA,NA,NA,NA,NA,NA,NA,NA,NA,NA,NA,NA,NA,NA,NA,NA,2022,1999-09-18,NA,NA,NA,NA
"Zack Moss","BUF","RB","14798","weighted",NA,NA,NA,NA,NA,NA,261.9541,116.385948302754,2.3079,1.13977095459745,1.1308,0.388564185938872,0.01,0,NA,NA,80.0262,48.1808632128975,0.20946,0.273966156735217,NA,NA,NA,NA,NA,NA,NA,NA,NA,NA,NA,NA,NA,NA,NA,NA,NA,NA,NA,NA,NA,NA,NA,NA,NA,NA,NA,NA,NA,NA,NA,NA,2020,1970-01-01,NA,NA,NA,NA
"Myles Gaskin","MIA","RB","14081","weighted",NA,NA,NA,NA,NA,NA,237.62228,139.437080622902,1.33742,0.648242845280896,0.4440825,0.220892489521529,0.03,0,NA,NA,93.23154,63.4528916337574,0.59194,0.858565866448169,NA,NA,NA,NA,NA,NA,NA,NA,NA,NA,NA,NA,NA,NA,NA,NA,NA,NA,NA,NA,NA,NA,NA,NA,NA,NA,NA,NA,NA,NA,NA,NA,2019,1970-01-01,NA,NA,NA,NA
"Jerick McKinnon","KC","RB","11761","weighted",NA,NA,NA,NA,NA,NA,292.256,112.655240884797,2.0498407079646,0.591224206847293,0.389188053097345,0.284903186022688,0.62,1.18731384852913e-16,NA,NA,273.153132743363,96.1103106871771,1.4996814159292,0.670527275006724,NA,NA,NA,NA,NA,NA,NA,NA,NA,NA,NA,NA,NA,NA,NA,NA,NA,NA,NA,NA,NA,NA,NA,NA,NA,NA,NA,NA,NA,NA,NA,NA,2014,1992-05-03,NA,NA,NA,NA
"Boston Scott","PHI","RB","13814","weighted",NA,NA,NA,NA,NA,NA,319.828,95.6390222179139,3.53989939450396,1.84760869044375,0.297814159292035,0.13874226825577,NA,NA,NA,NA,82.3629734513274,34.7696009430456,0.203162552398696,0.319887465097149,NA,NA,NA,NA,NA,NA,NA,NA,NA,NA,NA,NA,NA,NA,NA,NA,NA,NA,NA,NA,NA,NA,NA,NA,NA,NA,NA,NA,NA,NA,NA,NA,2018,1995-04-27,NA,NA,NA,NA
"Mike Davis","BAL","RB","12164","weighted",NA,NA,NA,NA,NA,NA,323.662219938335,128.999665312879,2.09153882089134,1.00630391024873,0.690123329907503,0.153069482801835,0.52,0,NA,NA,122.651819116136,81.4762713925279,0.540485845090162,0.500209674357067,NA,NA,NA,NA,NA,NA,NA,NA,NA,NA,NA,NA,NA,NA,NA,NA,NA,NA,NA,NA,NA,NA,NA,NA,NA,NA,NA,NA,NA,NA,NA,NA,2015,1993-02-19,NA,NA,NA,NA
"Nyheim Hines","IND","RB","13622","weighted",NA,NA,NA,NA,NA,NA,291.954265486726,91.7637057913655,1.85897345132743,0.623136239450104,1.56734513274336,0.616886422967593,NA,NA,0.5,0,364.055097345133,52.2424447536771,1.6481592920354,0.523195364298914,NA,NA,NA,NA,NA,NA,NA,NA,NA,NA,NA,NA,NA,NA,NA,NA,NA,NA,NA,NA,NA,NA,NA,NA,NA,NA,NA,NA,NA,NA,NA,NA,2018,1996-11-12,NA,NA,NA,NA
"Kenyan Drake","FA","RB","12630","weighted",NA,NA,NA,NA,NA,NA,230.600782918149,117.053189442133,1.51565836298932,0.831545701897243,0.354021352313167,0.346349118178545,0.57,0,NA,NA,143.911387900356,60.1672817858061,0.630889679715303,0.508279823443786,NA,NA,NA,NA,NA,NA,NA,NA,NA,NA,NA,NA,NA,NA,NA,NA,NA,NA,NA,NA,NA,NA,NA,NA,NA,NA,NA,NA,NA,NA,NA,NA,2016,NA,NA,NA,NA,NA
"Dontrell Hilliard","TEN","RB","13871","weighted",NA,NA,NA,NA,NA,NA,290.420053097345,106.199233909927,1.62802574416734,0.587448478992098,0.844210176991151,0.522260546292596,NA,NA,0.09,1.48414231066141e-17,185.005380530973,44.4026819083543,0.667850362027353,0.451764776406172,NA,NA,NA,NA,NA,NA,NA,NA,NA,NA,NA,NA,NA,NA,NA,NA,NA,NA,NA,NA,NA,NA,NA,NA,NA,NA,NA,NA,NA,NA,NA,NA,2018,1970-01-01,NA,NA,NA,NA
"Samaje Perine","CIN","RB","13133","weighted",NA,NA,NA,NA,NA,NA,249.0758,104.334271664869,1.50092,0.853384907573114,0.36222,0.312462669533867,NA,NA,NA,NA,147.6452,50.0954579579584,0.81996,0.577203698309435,NA,NA,NA,NA,NA,NA,NA,NA,NA,NA,NA,NA,NA,NA,NA,NA,NA,NA,NA,NA,NA,NA,NA,NA,NA,NA,NA,NA,NA,NA,NA,NA,2017,1995-09-16,NA,NA,NA,NA
"Chuba Hubbard","CAR","RB","15261","weighted",NA,NA,NA,NA,NA,NA,269.11207079646,116.116618716319,2.06367483021198,1.19557510841973,0.616761061946903,0.189712262629004,0.04,0,NA,NA,114.522902654867,31.5800763017022,0.629794196336695,0.39034256614373,NA,NA,NA,NA,NA,NA,NA,NA,NA,NA,NA,NA,NA,NA,NA,NA,NA,NA,NA,NA,NA,NA,NA,NA,NA,NA,NA,NA,NA,NA,NA,NA,2021,1999-06-11,NA,NA,NA,NA
"Ke'Shawn Vaughn","TB","RB","14810","weighted",NA,NA,NA,NA,NA,NA,232.035790697674,124.068053325871,2.12927906976744,1.0968961194912,0.750581395348837,0.12310763439778,NA,NA,NA,NA,51.5194651162791,39.9669175648256,0.242093023255814,0.37028393936931,NA,NA,NA,NA,NA,NA,NA,NA,NA,NA,NA,NA,NA,NA,NA,NA,NA,NA,NA,NA,NA,NA,NA,NA,NA,NA,NA,NA,NA,NA,NA,NA,2020,1970-01-01,NA,NA,NA,NA
"Matt Breida","NYG","RB","13378","weighted",NA,NA,NA,NA,NA,NA,310.128118586089,107.577361188292,1.44015963511973,0.663631206376982,1.82243443557583,1.1171564362704,NA,NA,NA,NA,116.054367160775,43.8429908272969,0.772497149372862,0.712090771522756,NA,NA,NA,NA,NA,NA,NA,NA,NA,NA,NA,NA,NA,NA,NA,NA,NA,NA,NA,NA,NA,NA,NA,NA,NA,NA,NA,NA,NA,NA,NA,NA,2017,1995-02-28,NA,NA,NA,NA
"Eno Benjamin","ARI","RB","14801","weighted",NA,NA,NA,NA,NA,NA,300.289279187817,81.4460183249373,1.85632487309645,1.03679804956914,0.284798646362098,0.0119952150058462,0.04,0,NA,NA,146.505360406091,58.3604001019047,0.504162436548223,0.502088683052095,NA,NA,NA,NA,NA,NA,NA,NA,NA,NA,NA,NA,NA,NA,NA,NA,NA,NA,NA,NA,NA,NA,NA,NA,NA,NA,NA,NA,NA,NA,NA,NA,2020,1970-01-01,NA,NA,NA,NA
"D'Ernest Johnson","CLE","RB","14331","weighted",NA,NA,NA,NA,NA,NA,272.583256637168,128.391092881618,1.64809636184857,0.619219159753726,0.0295243362831858,0.0189175499855248,NA,NA,NA,NA,87.8547610619469,51.7177407934087,0.220169124877089,0.334960681048624,NA,NA,NA,NA,NA,NA,NA,NA,NA,NA,NA,NA,NA,NA,NA,NA,NA,NA,NA,NA,NA,NA,NA,NA,NA,NA,NA,NA,NA,NA,NA,NA,2019,NA,NA,NA,NA,NA
"Joshua Kelley","LAC","RB","14807","weighted",NA,NA,NA,NA,NA,NA,242.604069767442,112.203687129996,1.47851162790698,0.899963328695245,0.914651162790698,0.63747662334677,NA,NA,NA,NA,64.9066511627907,46.6372255658213,0.0313720930232558,0.0773190847726441,NA,NA,NA,NA,NA,NA,NA,NA,NA,NA,NA,NA,NA,NA,NA,NA,NA,NA,NA,NA,NA,NA,NA,NA,NA,NA,NA,NA,NA,NA,NA,NA,2020,1970-01-01,NA,NA,NA,NA
"Marlon Mack","FA","RB","13234","weighted",NA,NA,NA,NA,NA,NA,360.067193675889,28.9913780286485,2.27404479578393,0.377123616632825,NA,NA,NA,NA,NA,NA,64.6521739130435,7.77817459305202,0.239789196310935,0.329983164553722,NA,NA,NA,NA,NA,NA,NA,NA,NA,NA,NA,NA,NA,NA,NA,NA,NA,NA,NA,NA,NA,NA,NA,NA,NA,NA,NA,NA,NA,NA,NA,NA,2017,NA,NA,NA,NA,NA
"Craig Reynolds","DET","RB","14727","weighted",NA,NA,NA,NA,NA,NA,208.450969213227,114.051177988665,0.823489167616876,0.617005731652724,0.478306727480046,0.266851762971595,0.05,0,NA,NA,79.8459977194983,52.1284120199275,0.266294184720639,0.399389267043497,NA,NA,NA,NA,NA,NA,NA,NA,NA,NA,NA,NA,NA,NA,NA,NA,NA,NA,NA,NA,NA,NA,NA,NA,NA,NA,NA,NA,NA,NA,NA,NA,2019,1996-06-15,NA,NA,NA,NA
"J.D. McKissic","WAS","RB","13108","weighted",NA,NA,NA,NA,NA,NA,262.346084275437,49.4576378829182,1.97519787896391,0.875148978043788,0.325894141829394,0.334785898131745,NA,NA,NA,NA,395.860863309353,63.7781901086698,2.05473017859005,0.467439205024902,NA,NA,NA,NA,NA,NA,NA,NA,NA,NA,NA,NA,NA,NA,NA,NA,NA,NA,NA,NA,NA,NA,NA,NA,NA,NA,NA,NA,NA,NA,NA,NA,2016,1993-10-15,NA,NA,NA,NA
"Phillip Lindsay","FA","RB","13614","weighted",NA,NA,NA,NA,NA,NA,319.337642585551,41.6273762084521,1.31406844106464,0.417193000900063,0.277015209125475,0.0106066017177982,0.02,0,NA,NA,55.9726235741445,29.2600786054993,0.101140684410646,0.134350288425444,NA,NA,NA,NA,NA,NA,NA,NA,NA,NA,NA,NA,NA,NA,NA,NA,NA,NA,NA,NA,NA,NA,NA,NA,NA,NA,NA,NA,NA,NA,NA,NA,2018,1994-07-24,NA,NA,NA,NA
"Keaontay Ingram","ARI","RB","15734","weighted",NA,NA,NA,NA,NA,NA,254.79648241206,108.740224836027,1.44328786791098,0.780454103613727,0.0317839195979899,0.0295050935568711,NA,NA,NA,NA,127.909547738693,97.7171066795691,0.845656855707107,0.845540957989377,NA,NA,NA,NA,NA,NA,NA,NA,NA,NA,NA,NA,NA,NA,NA,NA,NA,NA,NA,NA,NA,NA,NA,NA,NA,NA,NA,NA,NA,NA,NA,NA,2022,1999-10-26,NA,NA,NA,NA
"Ty Johnson","NYJ","RB","14095","weighted",NA,NA,NA,NA,NA,NA,178.701590909091,121.905333994836,1.22579545454545,0.780764622968406,0.41219696969697,0.0497163550794105,NA,NA,0.01,0,154.572840909091,110.795122705071,0.698380681818182,0.549055744071815,NA,NA,NA,NA,NA,NA,NA,NA,NA,NA,NA,NA,NA,NA,NA,NA,NA,NA,NA,NA,NA,NA,NA,NA,NA,NA,NA,NA,NA,NA,NA,NA,2019,1997-09-17,NA,NA,NA,NA
"Duke Johnson","FA","RB","12157","weighted",NA,NA,NA,NA,NA,NA,309,NA,2,NA,0,NA,NA,NA,NA,NA,115,NA,1,NA,NA,NA,NA,NA,NA,NA,NA,NA,NA,NA,NA,NA,NA,NA,NA,NA,NA,NA,NA,NA,NA,NA,NA,NA,NA,NA,NA,NA,NA,NA,NA,NA,2015,1993-09-23,NA,NA,NA,NA
"Jaylen Warren","PIT","RB","15742","weighted",NA,NA,NA,NA,NA,NA,174.430520231214,85.7997896283212,1.38417906776534,0.904163033741728,0.403184971098266,0.326813633251202,0.05,0,NA,NA,66.9595375722543,57.642590598024,0.282179313737548,0.559692117012559,NA,NA,NA,NA,NA,NA,NA,NA,NA,NA,NA,NA,NA,NA,NA,NA,NA,NA,NA,NA,NA,NA,NA,NA,NA,NA,NA,NA,NA,NA,NA,NA,2022,1998-11-01,NA,NA,NA,NA
"Antonio Williams","NYG","RB","15220","weighted",NA,NA,NA,NA,NA,NA,174.416393442623,102.483649680738,1.09695550351288,1.15275780965228,0.108196721311475,0.189740172063062,0.05,0,NA,NA,39.8913348946136,40.2395661962003,0.407025761124122,0.402115538580983,NA,NA,NA,NA,NA,NA,NA,NA,NA,NA,NA,NA,NA,NA,NA,NA,NA,NA,NA,NA,NA,NA,NA,NA,NA,NA,NA,NA,NA,NA,NA,NA,2020,1970-01-01,NA,NA,NA,NA
"Brandon Bolden","LVR","RB","10932","weighted",NA,NA,NA,NA,NA,NA,126.11023945268,89.4988018525337,0.622280501710376,0.454795966644065,0.343871151653364,0.343519135019965,0.74,0,NA,NA,164.099680729761,121.537865674521,0.430034207525656,0.486527289844291,NA,NA,NA,NA,NA,NA,NA,NA,NA,NA,NA,NA,NA,NA,NA,NA,NA,NA,NA,NA,NA,NA,NA,NA,NA,NA,NA,NA,NA,NA,NA,NA,2012,1990-01-26,NA,NA,NA,NA
"Justin Jackson","DET","RB","13620","weighted",NA,NA,NA,NA,NA,NA,187.88750617284,104.86985369513,1.20128395061728,0.869592430045313,0.3,0,NA,NA,NA,NA,109.458864197531,42.2603030881057,0.374962962962963,0.371913859646529,NA,NA,NA,NA,NA,NA,NA,NA,NA,NA,NA,NA,NA,NA,NA,NA,NA,NA,NA,NA,NA,NA,NA,NA,NA,NA,NA,NA,NA,NA,NA,NA,2018,1995-04-22,NA,NA,NA,NA
"Qadree Ollison","FA","RB","14097","weighted",NA,NA,NA,NA,NA,NA,155.831418439716,161.234488246157,1.43716312056738,1.56270598642227,0.629929078014184,0.014142135623731,0.03,9.81332467146338e-18,NA,NA,56.646170212766,6.74579869251967,0.339858156028369,0.0282842712474619,NA,NA,NA,NA,NA,NA,NA,NA,NA,NA,NA,NA,NA,NA,NA,NA,NA,NA,NA,NA,NA,NA,NA,NA,NA,NA,NA,NA,NA,NA,NA,NA,2019,1970-01-01,NA,NA,NA,NA
"Dare Ogunbowale","HOU","RB","13148","weighted",NA,NA,NA,NA,NA,NA,171.057246127367,97.9609331321937,1.31215146299484,0.7859751359116,0.22890992541595,0.120587639919821,NA,NA,NA,NA,107.866574870912,53.8895556504055,0.334802065404475,0.302215417677477,NA,NA,NA,NA,NA,NA,NA,NA,NA,NA,NA,NA,NA,NA,NA,NA,NA,NA,NA,NA,NA,NA,NA,NA,NA,NA,NA,NA,NA,NA,NA,NA,2017,1994-05-04,NA,NA,NA,NA
"Ameer Abdullah","LVR","RB","12155","weighted",NA,NA,NA,NA,NA,NA,179.57946,60.5304577664863,0.79804,0.540441868983544,0.613485,0.661457889034401,NA,NA,NA,NA,257.79694,59.3270079599968,1.29392,0.568900774708571,NA,NA,NA,NA,NA,NA,NA,NA,NA,NA,NA,NA,NA,NA,NA,NA,NA,NA,NA,NA,NA,NA,NA,NA,NA,NA,NA,NA,NA,NA,NA,NA,2015,1993-06-13,NA,NA,NA,NA
"Benny Snell","PIT","RB","14072","weighted",NA,NA,NA,NA,NA,NA,187.800022805017,58.5352762128515,1.26047890535918,0.445903751013301,0.414281641961231,0.32160573100738,NA,NA,NA,NA,38.1177423033067,19.5200983473257,0.0981527936145952,0.157712990511863,NA,NA,NA,NA,NA,NA,NA,NA,NA,NA,NA,NA,NA,NA,NA,NA,NA,NA,NA,NA,NA,NA,NA,NA,NA,NA,NA,NA,NA,NA,NA,NA,2019,1970-01-01,NA,NA,NA,NA
"Giovani Bernard","TB","RB","11193","weighted",NA,NA,NA,NA,NA,NA,115.903840707965,56.5177034493813,0.933734513274336,0.483741480034609,0.117727876106195,0.0966036542899847,NA,NA,NA,NA,108.874814159292,54.0307315637982,1.21994690265487,1.01180638619949,NA,NA,NA,NA,NA,NA,NA,NA,NA,NA,NA,NA,NA,NA,NA,NA,NA,NA,NA,NA,NA,NA,NA,NA,NA,NA,NA,NA,NA,NA,NA,NA,2013,1991-11-22,NA,NA,NA,NA
"Jonathan Williams","WAS","RB","12635","weighted",NA,NA,NA,NA,NA,NA,143.435943396226,119.612749764233,0.844669811320755,0.674173005767927,0.640911949685535,0.261389530340984,0.02,0,NA,NA,47.9807547169811,36.403532014462,0.115754716981132,0.168233081372976,NA,NA,NA,NA,NA,NA,NA,NA,NA,NA,NA,NA,NA,NA,NA,NA,NA,NA,NA,NA,NA,NA,NA,NA,NA,NA,NA,NA,NA,NA,NA,NA,2016,1994-02-02,NA,NA,NA,NA
"J.J. Taylor","FA","RB","14827","weighted",NA,NA,NA,NA,NA,NA,235.9,NA,1.96,NA,0.22,NA,0.03,NA,0.26,NA,57.23,NA,0.28,NA,NA,NA,NA,NA,NA,NA,NA,NA,NA,NA,NA,NA,NA,NA,NA,NA,NA,NA,NA,NA,NA,NA,NA,NA,NA,NA,NA,NA,NA,NA,NA,NA,2020,1970-01-01,NA,NA,NA,NA
"Kyren Williams","LAR","RB","15710","weighted",NA,NA,NA,NA,NA,NA,120.375981524249,96.0347122413808,1.02124711316397,1.02835363120087,0.163910700538876,0.158406487377889,0.05,8.50071004139878e-18,NA,NA,50.9501154734411,34.8215567686455,0.135796766743649,0.240671230033228,NA,NA,NA,NA,NA,NA,NA,NA,NA,NA,NA,NA,NA,NA,NA,NA,NA,NA,NA,NA,NA,NA,NA,NA,NA,NA,NA,NA,NA,NA,NA,NA,2022,2000-08-26,NA,NA,NA,NA
"Travis Homer","SEA","RB","14083","weighted",NA,NA,NA,NA,NA,NA,129.990855188141,75.8377376417063,0.654161915621437,0.44522071107412,0.032981755986317,0.0273078956054866,0.01,0,NA,NA,101.55354618016,56.6010696353505,0.303511972633979,0.423291023077102,NA,NA,NA,NA,NA,NA,NA,NA,NA,NA,NA,NA,NA,NA,NA,NA,NA,NA,NA,NA,NA,NA,NA,NA,NA,NA,NA,NA,NA,NA,NA,NA,2019,1998-08-07,NA,NA,NA,NA
"Patrick Taylor","FA","RB","14817","weighted",NA,NA,NA,NA,NA,NA,225.58,NA,1.93,NA,0.25,NA,0.05,NA,NA,NA,40.78,NA,0.28,NA,NA,NA,NA,NA,NA,NA,NA,NA,NA,NA,NA,NA,NA,NA,NA,NA,NA,NA,NA,NA,NA,NA,NA,NA,NA,NA,NA,NA,NA,NA,NA,NA,2020,NA,NA,NA,NA,NA
"Snoop Conner","JAC","RB","15725","weighted",NA,NA,NA,NA,NA,NA,115.511525423729,83.7193139203933,0.989491525423729,0.786696019156824,0.154079096045198,0.116330656936773,0.05,0,NA,NA,39.7423728813559,25.9657932478021,0.0759322033898305,0.157251525058886,NA,NA,NA,NA,NA,NA,NA,NA,NA,NA,NA,NA,NA,NA,NA,NA,NA,NA,NA,NA,NA,NA,NA,NA,NA,NA,NA,NA,NA,NA,NA,NA,2022,1999-12-16,NA,NA,NA,NA
"Deon Jackson","IND","RB","15277","weighted",NA,NA,NA,NA,NA,NA,122.691774744027,74.4262725714354,1.19522184300341,0.672361320433817,0.198976109215017,0.161662362765833,NA,NA,NA,NA,31.769180887372,19.612894250706,0.0848122866894198,0.173222575743858,NA,NA,NA,NA,NA,NA,NA,NA,NA,NA,NA,NA,NA,NA,NA,NA,NA,NA,NA,NA,NA,NA,NA,NA,NA,NA,NA,NA,NA,NA,NA,NA,2021,1970-01-01,NA,NA,NA,NA
"Trey Sermon","SF","RB","15257","weighted",NA,NA,NA,NA,NA,NA,153.324568764569,61.2592246530479,0.827878787878788,0.162064230522391,0.143434343434343,0.150509252138943,NA,NA,NA,NA,46.8607925407925,34.6889581308477,0.119160839160839,0.207484939212464,NA,NA,NA,NA,NA,NA,NA,NA,NA,NA,NA,NA,NA,NA,NA,NA,NA,NA,NA,NA,NA,NA,NA,NA,NA,NA,NA,NA,NA,NA,NA,NA,2021,1999-01-30,NA,NA,NA,NA
"Salvon Ahmed","MIA","RB","14811","weighted",NA,NA,NA,NA,NA,NA,189,NA,0.3,NA,0,NA,NA,NA,NA,NA,152,NA,0,NA,NA,NA,NA,NA,NA,NA,NA,NA,NA,NA,NA,NA,NA,NA,NA,NA,NA,NA,NA,NA,NA,NA,NA,NA,NA,NA,NA,NA,NA,NA,NA,NA,2020,1998-12-29,"Q","Heel",2022,0
"Julius Chestnut",NA,"RB","15965","weighted",NA,NA,NA,NA,NA,NA,94.9721254355401,131.521861300698,0.505226480836237,0.707106781186548,0,0,NA,NA,NA,NA,18.1672473867596,22.6274169979695,0,0,NA,NA,NA,NA,NA,NA,NA,NA,NA,NA,NA,NA,NA,NA,NA,NA,NA,NA,NA,NA,NA,NA,NA,NA,NA,NA,NA,NA,NA,NA,NA,NA,2022,2000-10-26,NA,NA,NA,NA
"Anthony McFarland","PIT","RB","14804","weighted",NA,NA,NA,NA,NA,NA,182.66,NA,1.03,NA,0.18,NA,0.03,NA,NA,NA,72.33,NA,0.46,NA,NA,NA,NA,NA,NA,NA,NA,NA,NA,NA,NA,NA,NA,NA,NA,NA,NA,NA,NA,NA,NA,NA,NA,NA,NA,NA,NA,NA,NA,NA,NA,NA,2020,1970-01-01,NA,NA,NA,NA
"Chris Evans","CIN","RB","15275","weighted",NA,NA,NA,NA,NA,NA,100.471524475524,53.6907746682136,0.459132867132867,0.505091678249144,0.15993006993007,0.0223198989863667,NA,NA,NA,NA,115.807692307692,44.4180739966789,0.743804195804196,0.369678523620018,NA,NA,NA,NA,NA,NA,NA,NA,NA,NA,NA,NA,NA,NA,NA,NA,NA,NA,NA,NA,NA,NA,NA,NA,NA,NA,NA,NA,NA,NA,NA,NA,2021,1970-01-01,NA,NA,NA,NA
"Jerome Ford","CLE","RB","15713","weighted",NA,NA,NA,NA,NA,NA,89.2578397212544,102.530483272049,0.505226480836237,0.707106781186548,0,0,NA,NA,NA,NA,18.6829268292683,24.7487373415292,0,0,NA,NA,NA,NA,NA,NA,NA,NA,NA,NA,NA,NA,NA,NA,NA,NA,NA,NA,NA,NA,NA,NA,NA,NA,NA,NA,NA,NA,NA,NA,NA,NA,2022,1999-09-12,NA,NA,NA,NA
"Tony Jones","NO","RB","14828","weighted",NA,NA,NA,NA,NA,NA,118.572505747126,47.7058453365966,0.480965517241379,0.506081595279932,0.0336781609195402,0.0287208528318257,NA,NA,NA,NA,38.0412873563218,9.437887823903,0.218712643678161,0.254636510053551,NA,NA,NA,NA,NA,NA,NA,NA,NA,NA,NA,NA,NA,NA,NA,NA,NA,NA,NA,NA,NA,NA,NA,NA,NA,NA,NA,NA,NA,NA,NA,NA,2020,NA,NA,NA,NA,NA
"Jordan Mason",NA,"RB","15972","weighted",NA,NA,NA,NA,NA,NA,103.090592334495,79.9030662740799,0.505226480836237,0.707106781186548,0.247386759581882,0.353553390593274,NA,NA,NA,NA,25.5783972125436,10.6066017177982,0,0,NA,NA,NA,NA,NA,NA,NA,NA,NA,NA,NA,NA,NA,NA,NA,NA,NA,NA,NA,NA,NA,NA,NA,NA,NA,NA,NA,NA,NA,NA,NA,NA,2022,1999-05-24,NA,NA,NA,NA
"DeeJay Dallas","SEA","RB","14815","weighted",NA,NA,NA,NA,NA,NA,105.007301136364,42.8534291517895,1.17579545454545,0.61517222052262,0.0718560606060606,0.0408214178120931,0.02,0,0.12,1.55272543165705e-17,104.324176136364,51.137844230637,0.115823863636364,0.179864927050902,NA,NA,NA,NA,NA,NA,NA,NA,NA,NA,NA,NA,NA,NA,NA,NA,NA,NA,NA,NA,NA,NA,NA,NA,NA,NA,NA,NA,NA,NA,NA,NA,2020,1998-09-16,NA,NA,NA,NA
"Trestan Ebner","CHI","RB","15748","weighted",NA,NA,NA,NA,NA,NA,78.7468085106383,89.3712260741677,0.521276595744681,0.742462120245875,0.0695035460992908,0.0989949493661167,0.05,0,NA,NA,57.1702127659574,75.7311362650792,0.238297872340426,0.339411254969543,NA,NA,NA,NA,NA,NA,NA,NA,NA,NA,NA,NA,NA,NA,NA,NA,NA,NA,NA,NA,NA,NA,NA,NA,NA,NA,NA,NA,NA,NA,NA,NA,2022,1999-01-02,NA,NA,NA,NA
"Rico Dowdle","DAL","RB","14823","weighted",NA,NA,NA,NA,NA,NA,104.612612612613,50.9056746684075,0.808108108108108,0.342901858280992,0.0117867867867868,0.0195272220364209,NA,NA,NA,NA,34.1013513513514,32.2454432491909,0,0,NA,NA,NA,NA,NA,NA,NA,NA,NA,NA,NA,NA,NA,NA,NA,NA,NA,NA,NA,NA,NA,NA,NA,NA,NA,NA,NA,NA,NA,NA,NA,NA,2020,1998-06-14,NA,NA,NA,NA
"Ty Chandler","MIN","RB","15723","weighted",NA,NA,NA,NA,NA,NA,73.6689895470383,90.5096679918781,0.505226480836237,0.707106781186548,0,0,NA,NA,NA,NA,22.1881533101045,25.4558441227157,0,0,NA,NA,NA,NA,NA,NA,NA,NA,NA,NA,NA,NA,NA,NA,NA,NA,NA,NA,NA,NA,NA,NA,NA,NA,NA,NA,NA,NA,NA,NA,NA,NA,2022,1998-05-12,NA,NA,NA,NA
"Gary Brightwell","NYG","RB","15462","weighted",NA,NA,NA,NA,NA,NA,71.8413175675676,63.0080020762724,0.561047297297297,0.532364913492319,0.0380067567567568,0.0246605052173737,NA,NA,NA,NA,37.3942905405405,16.4958910148137,0.040777027027027,0.0838457177390707,NA,NA,NA,NA,NA,NA,NA,NA,NA,NA,NA,NA,NA,NA,NA,NA,NA,NA,NA,NA,NA,NA,NA,NA,NA,NA,NA,NA,NA,NA,NA,NA,2021,NA,NA,NA,NA,NA
"Michael Burton","KC","RB","12325","weighted",NA,NA,NA,NA,NA,NA,72.7,78.2060099992322,0.835,0.940452018978108,0,0,NA,NA,NA,NA,64.745,20.1596143316285,0.2,0.282842712474619,NA,NA,NA,NA,NA,NA,NA,NA,NA,NA,NA,NA,NA,NA,NA,NA,NA,NA,NA,NA,NA,NA,NA,NA,NA,NA,NA,NA,NA,NA,NA,NA,2015,1992-02-01,NA,NA,NA,NA
"Dwayne Washington","NO","RB","12845","weighted",NA,NA,NA,NA,NA,NA,55.7355555555556,63.1259717477749,0.410748299319728,0.543362157506875,0.0339002267573696,0.0286291318936229,NA,NA,NA,NA,27.4936961451247,15.4305438159561,0.0547392290249433,0.0973390484383179,NA,NA,NA,NA,NA,NA,NA,NA,NA,NA,NA,NA,NA,NA,NA,NA,NA,NA,NA,NA,NA,NA,NA,NA,NA,NA,NA,NA,NA,NA,NA,NA,2016,NA,"O","Hamstring",2022,0
"Ty Montgomery","NE","RB","12261","weighted",NA,NA,NA,NA,NA,NA,99.8222222222222,17.8792953480015,0.380444444444444,0.557873205868942,0.0684444444444444,0.056942442568256,NA,NA,NA,NA,118.026666666667,74.0269758248364,0.348888888888889,0.583982991376498,NA,NA,NA,NA,NA,NA,NA,NA,NA,NA,NA,NA,NA,NA,NA,NA,NA,NA,NA,NA,NA,NA,NA,NA,NA,NA,NA,NA,NA,NA,NA,NA,2015,1993-01-22,"Q","Knee",2022,0
"Jermar Jefferson","DET","RB","15262","weighted",NA,NA,NA,NA,NA,NA,18.07,NA,0.17,NA,0,NA,NA,NA,NA,NA,29.92,NA,0.17,NA,NA,NA,NA,NA,NA,NA,NA,NA,NA,NA,NA,NA,NA,NA,NA,NA,NA,NA,NA,NA,NA,NA,NA,NA,NA,NA,NA,NA,NA,NA,NA,NA,2021,2000-04-15,NA,NA,NA,NA
"Darrynton Evans","FA","RB","14808","weighted",NA,NA,NA,NA,NA,NA,19.63,NA,0.17,NA,0,NA,NA,NA,NA,NA,28.14,NA,0.17,NA,NA,NA,NA,NA,NA,NA,NA,NA,NA,NA,NA,NA,NA,NA,NA,NA,NA,NA,NA,NA,NA,NA,NA,NA,NA,NA,NA,NA,NA,NA,NA,NA,2020,1970-01-01,NA,NA,NA,NA
"Kene Nwangwu","MIN","RB","15414","weighted",NA,NA,NA,NA,NA,NA,64.7245351473923,24.6761321573219,0.41718820861678,0.539181783459007,0.0339002267573696,0.0286291318936229,NA,NA,NA,NA,50.1329705215419,35.3661509234515,0.0579591836734694,0.103064874817042,NA,NA,NA,NA,NA,NA,NA,NA,NA,NA,NA,NA,NA,NA,NA,NA,NA,NA,NA,NA,NA,NA,NA,NA,NA,NA,NA,NA,NA,NA,NA,NA,2021,1998-02-09,NA,NA,NA,NA
"Trayveon Williams","CIN","RB","14076","weighted",NA,NA,NA,NA,NA,NA,50.905,21.3475537240219,0.085,0.120208152801713,0.125,0.176776695296637,NA,NA,NA,NA,26.85,4.03050865276332,0.085,0.120208152801713,NA,NA,NA,NA,NA,NA,NA,NA,NA,NA,NA,NA,NA,NA,NA,NA,NA,NA,NA,NA,NA,NA,NA,NA,NA,NA,NA,NA,NA,NA,NA,NA,2019,1970-01-01,NA,NA,NA,NA
"Trayveon Williams","CIN","RB","14076","weighted",NA,NA,NA,NA,NA,NA,50.905,21.3475537240219,0.085,0.120208152801713,0.125,0.176776695296637,NA,NA,NA,NA,26.85,4.03050865276332,0.085,0.120208152801713,NA,NA,NA,NA,NA,NA,NA,NA,NA,NA,NA,NA,NA,NA,NA,NA,NA,NA,NA,NA,NA,NA,NA,NA,NA,NA,NA,NA,NA,NA,NA,NA,2019,1970-01-01,NA,NA,NA,NA
"Zander Horvath","LAC","RB","15960","weighted",NA,NA,NA,NA,NA,NA,71,NA,1,NA,0,NA,NA,NA,NA,NA,99,NA,1,NA,NA,NA,NA,NA,NA,NA,NA,NA,NA,NA,NA,NA,NA,NA,NA,NA,NA,NA,NA,NA,NA,NA,NA,NA,NA,NA,NA,NA,NA,NA,NA,NA,2022,1998-12-10,NA,NA,NA,NA
"Kyle Juszczyk","SF","RB","11367","weighted",NA,NA,NA,NA,NA,NA,40.3523488372093,12.8328758296631,0.720023255813954,0.418029585146753,0.0444186046511628,0.0344551154663215,NA,NA,NA,NA,210.696930232558,67.1562440435689,1.1266976744186,0.708753685431169,NA,NA,NA,NA,NA,NA,NA,NA,NA,NA,NA,NA,NA,NA,NA,NA,NA,NA,NA,NA,NA,NA,NA,NA,NA,NA,NA,NA,NA,NA,NA,NA,2013,1991-04-23,NA,NA,NA,NA
"Mike Boone","DEN","RB","13868","weighted",NA,NA,NA,NA,NA,NA,39.22,27.9731442637398,0.335,0.233345237791561,0.025,0.0353553390593274,NA,NA,NA,NA,25.32,8.93782971419796,0.085,0.120208152801713,NA,NA,NA,NA,NA,NA,NA,NA,NA,NA,NA,NA,NA,NA,NA,NA,NA,NA,NA,NA,NA,NA,NA,NA,NA,NA,NA,NA,NA,NA,NA,NA,2018,1970-01-01,NA,NA,NA,NA
"Demetric Felton","CLE","RB","15270","weighted",NA,NA,NA,NA,NA,NA,33.9072599531616,17.9967433878661,0.198126463700234,0.174008392096454,0.352693208430913,0.56885810115207,0.03,4.2494087762972e-18,0.1,0,145.495081967213,28.3785000121966,1.23138173302108,0.694743907201577,NA,NA,NA,NA,NA,NA,NA,NA,NA,NA,NA,NA,NA,NA,NA,NA,NA,NA,NA,NA,NA,NA,NA,NA,NA,NA,NA,NA,NA,NA,NA,NA,2021,1970-01-01,NA,NA,NA,NA
"Kylin Hill","GB","RB","15265","weighted",NA,NA,NA,NA,NA,NA,36,NA,0,NA,0,NA,NA,NA,NA,NA,7,NA,0,NA,NA,NA,NA,NA,NA,NA,NA,NA,NA,NA,NA,NA,NA,NA,NA,NA,NA,NA,NA,NA,NA,NA,NA,NA,NA,NA,NA,NA,NA,NA,NA,NA,2021,1970-01-01,NA,"Knee - ACL",2022,0
"Justice Hill","BAL","RB","14086","weighted",NA,NA,NA,NA,NA,NA,16.84,5.43058007951269,0.085,0.120208152801713,0,0,NA,NA,NA,NA,21.29,11.723830432073,0.085,0.120208152801713,NA,NA,NA,NA,NA,NA,NA,NA,NA,NA,NA,NA,NA,NA,NA,NA,NA,NA,NA,NA,NA,NA,NA,NA,NA,NA,NA,NA,NA,NA,NA,NA,2019,1997-11-14,NA,NA,NA,NA
"Trenton Cannon","FA","RB","13816","weighted",NA,NA,NA,NA,NA,NA,41.14,NA,0.24,NA,0,NA,NA,NA,NA,NA,57.42,NA,0.34,NA,NA,NA,NA,NA,NA,NA,NA,NA,NA,NA,NA,NA,NA,NA,NA,NA,NA,NA,NA,NA,NA,NA,NA,NA,NA,NA,NA,NA,NA,NA,NA,NA,2018,NA,NA,NA,NA,NA
"Jake Funk","LAR","RB","15480","weighted",NA,NA,NA,NA,NA,NA,34.71,NA,0.26,NA,0.1,NA,NA,NA,NA,NA,31.57,NA,0.22,NA,NA,NA,NA,NA,NA,NA,NA,NA,NA,NA,NA,NA,NA,NA,NA,NA,NA,NA,NA,NA,NA,NA,NA,NA,NA,NA,NA,NA,NA,NA,NA,NA,2021,1970-01-01,NA,NA,NA,NA
"C.J. Ham","MIN","RB","12923","weighted",NA,NA,NA,NA,NA,NA,37.06,2.74357431100381,0.095,0.134350288425444,0,0,NA,NA,NA,NA,74.375,58.8666395337801,0.09,0.127279220613579,NA,NA,NA,NA,NA,NA,NA,NA,NA,NA,NA,NA,NA,NA,NA,NA,NA,NA,NA,NA,NA,NA,NA,NA,NA,NA,NA,NA,NA,NA,NA,NA,2016,1993-07-22,NA,NA,NA,NA
"Giovanni Ricci","CAR","RB","15054","weighted",NA,NA,NA,NA,NA,NA,36.3,NA,0.17,NA,0,NA,NA,NA,NA,NA,29.94,NA,0.17,NA,NA,NA,NA,NA,NA,NA,NA,NA,NA,NA,NA,NA,NA,NA,NA,NA,NA,NA,NA,NA,NA,NA,NA,NA,NA,NA,NA,NA,NA,NA,NA,NA,2020,1970-01-01,NA,NA,NA,NA
"Jonathan Ward","ARI","RB","15042","weighted",NA,NA,NA,NA,NA,NA,27.21,12.4309372132595,0.085,0.120208152801713,0,0,NA,NA,NA,NA,36.25,3.88908729652601,0.235,0.0919238815542512,NA,NA,NA,NA,NA,NA,NA,NA,NA,NA,NA,NA,NA,NA,NA,NA,NA,NA,NA,NA,NA,NA,NA,NA,NA,NA,NA,NA,NA,NA,NA,NA,2020,1970-01-01,NA,NA,NA,NA
"Keith Smith","ATL","RB","12040","weighted",NA,NA,NA,NA,NA,NA,28.7703854875283,7.47291520977297,0.0772789115646258,0.13741983308939,0.0339002267573696,0.0286291318936229,NA,NA,NA,NA,44.4872562358277,16.8163174072194,0.103038548752834,0.183226444119187,NA,NA,NA,NA,NA,NA,NA,NA,NA,NA,NA,NA,NA,NA,NA,NA,NA,NA,NA,NA,NA,NA,NA,NA,NA,NA,NA,NA,NA,NA,NA,NA,2014,1992-04-08,NA,NA,NA,NA
"Adam Prentice","NO","RB","15650","weighted",NA,NA,NA,NA,NA,NA,25,NA,0,NA,0,NA,NA,NA,NA,NA,16,NA,0,NA,NA,NA,NA,NA,NA,NA,NA,NA,NA,NA,NA,NA,NA,NA,NA,NA,NA,NA,NA,NA,NA,NA,NA,NA,NA,NA,NA,NA,NA,NA,NA,NA,2021,1997-01-16,NA,NA,NA,NA
"JaMycal Hasty","FA","RB","14821","weighted",NA,NA,NA,NA,NA,NA,17.435,0.615182899632297,0.535,0.51618795026618,0.025,0.0353553390593274,NA,NA,NA,NA,90.435,84.2376308427534,0.085,0.120208152801713,NA,NA,NA,NA,NA,NA,NA,NA,NA,NA,NA,NA,NA,NA,NA,NA,NA,NA,NA,NA,NA,NA,NA,NA,NA,NA,NA,NA,NA,NA,NA,NA,2020,1970-01-01,NA,NA,NA,NA
"Patrick Ricard","BAL","RB","13455","weighted",NA,NA,NA,NA,NA,NA,9.48102564102564,9.61418625338696,0.0562703962703963,0.0979789990725526,0.448329448329448,0.510562306004622,NA,NA,NA,NA,72.2924009324009,64.8136622971605,0.798461538461538,1.0516291924121,NA,NA,NA,NA,NA,NA,NA,NA,NA,NA,NA,NA,NA,NA,NA,NA,NA,NA,NA,NA,NA,NA,NA,NA,NA,NA,NA,NA,NA,NA,NA,NA,2017,1994-05-27,NA,NA,NA,NA
"Khari Blasingame","CHI","RB","14552","weighted",NA,NA,NA,NA,NA,NA,19.61,NA,0.17,NA,0,NA,NA,NA,NA,NA,28.72,NA,0.17,NA,NA,NA,NA,NA,NA,NA,NA,NA,NA,NA,NA,NA,NA,NA,NA,NA,NA,NA,NA,NA,NA,NA,NA,NA,NA,NA,NA,NA,NA,NA,NA,NA,2019,1970-01-01,NA,NA,NA,NA
"Andrew Beck","DEN","RB","14319","weighted",NA,NA,NA,NA,NA,NA,18.82,NA,0.17,NA,0,NA,NA,NA,NA,NA,33.01,NA,0.17,NA,NA,NA,NA,NA,NA,NA,NA,NA,NA,NA,NA,NA,NA,NA,NA,NA,NA,NA,NA,NA,NA,NA,NA,NA,NA,NA,NA,NA,NA,NA,NA,NA,2019,1996-05-15,NA,NA,NA,NA
"Jason Cabinda","DET","RB","13906","weighted",NA,NA,NA,NA,NA,NA,18.05,NA,0.17,NA,0,NA,NA,NA,NA,NA,29.26,NA,0.17,NA,NA,NA,NA,NA,NA,NA,NA,NA,NA,NA,NA,NA,NA,NA,NA,NA,NA,NA,NA,NA,NA,NA,NA,NA,NA,NA,NA,NA,NA,NA,NA,NA,2018,1970-01-01,NA,"Ankle",2022,0
"Alec Ingold","MIA","RB","14420","weighted",NA,NA,NA,NA,NA,NA,9.52,12.0490995514188,0.085,0.120208152801713,0,0,NA,NA,NA,NA,55.115,13.979501064058,0.16,0.226274169979695,NA,NA,NA,NA,NA,NA,NA,NA,NA,NA,NA,NA,NA,NA,NA,NA,NA,NA,NA,NA,NA,NA,NA,NA,NA,NA,NA,NA,NA,NA,NA,NA,2019,1996-07-09,NA,NA,NA,NA
"Mekhi Sargent","JAC","RB","15269","weighted",NA,NA,NA,NA,NA,NA,17.83,NA,0.17,NA,0,NA,NA,NA,NA,NA,31.74,NA,0.17,NA,NA,NA,NA,NA,NA,NA,NA,NA,NA,NA,NA,NA,NA,NA,NA,NA,NA,NA,NA,NA,NA,NA,NA,NA,NA,NA,NA,NA,NA,NA,NA,NA,2021,1970-01-01,NA,NA,NA,NA
"Derek Watt","PIT","RB","12823","weighted",NA,NA,NA,NA,NA,NA,13.685,5.21137697734486,0.085,0.120208152801713,0,0,NA,NA,NA,NA,22.57,16.3624509166567,0.085,0.120208152801713,NA,NA,NA,NA,NA,NA,NA,NA,NA,NA,NA,NA,NA,NA,NA,NA,NA,NA,NA,NA,NA,NA,NA,NA,NA,NA,NA,NA,NA,NA,NA,NA,2016,1992-11-07,NA,NA,NA,NA
"Cooper Kupp","LAR","WR","13164","weighted",NA,NA,NA,NA,NA,NA,27.4211725663717,13.0399625902496,0.139890019423636,0.273231648419949,0.613300884955752,0.271173349387991,NA,NA,0.11,0,1590.95614159292,167.614465787609,12.3233097345133,1.47551606101985,NA,NA,NA,NA,NA,NA,NA,NA,NA,NA,NA,NA,NA,NA,NA,NA,NA,NA,NA,NA,NA,NA,NA,NA,NA,NA,NA,NA,NA,NA,NA,NA,2017,1993-06-15,NA,NA,NA,NA
"Justin Jefferson","MIN","WR","14836","weighted",NA,NA,NA,NA,NA,NA,19.8455199115044,12.0506375910184,0.0345685840707965,0.0872802564559887,0.385550884955752,0.308265473880062,NA,NA,NA,NA,1518.40592920354,127.241843717315,9.61748672566372,1.24009564269726,NA,NA,NA,NA,NA,NA,NA,NA,NA,NA,NA,NA,NA,NA,NA,NA,NA,NA,NA,NA,NA,NA,NA,NA,NA,NA,NA,NA,NA,NA,NA,NA,2020,1999-06-16,NA,NA,NA,NA
"Ja'Marr Chase","CIN","WR","15281","weighted",NA,NA,NA,NA,NA,NA,49.2646261061947,21.6136058898609,0.220829014654051,0.35335129936554,0.616095132743363,0.26815710039504,NA,NA,NA,NA,1416.70030088496,121.708235654098,10.7229026548673,1.99161099775454,NA,NA,NA,NA,NA,NA,NA,NA,NA,NA,NA,NA,NA,NA,NA,NA,NA,NA,NA,NA,NA,NA,NA,NA,NA,NA,NA,NA,NA,NA,NA,NA,2021,2000-03-01,NA,NA,NA,NA
"Davante Adams","LVR","WR","11675","weighted",NA,NA,NA,NA,NA,NA,0.304504424778761,0.413628083453625,0,0,0.725929203539823,0.117798335597458,NA,NA,NA,NA,1352.77654867257,168.12067202187,9.95601769911504,2.1559244022119,NA,NA,NA,NA,NA,NA,NA,NA,NA,NA,NA,NA,NA,NA,NA,NA,NA,NA,NA,NA,NA,NA,NA,NA,NA,NA,NA,NA,NA,NA,NA,NA,2014,1992-12-24,NA,NA,NA,NA
"Stefon Diggs","BUF","WR","12186","weighted",NA,NA,NA,NA,NA,NA,0.43616814159292,0.787817880666877,0.00160176991150443,0.00343920856086885,0.501327433628319,0.269476568417352,NA,NA,NA,NA,1291.82584070796,93.5122461214351,9.52376991150443,1.43668470816052,NA,NA,NA,NA,NA,NA,NA,NA,NA,NA,NA,NA,NA,NA,NA,NA,NA,NA,NA,NA,NA,NA,NA,NA,NA,NA,NA,NA,NA,NA,NA,NA,2015,1993-11-29,NA,NA,NA,NA
"A.J. Brown","PHI","WR","14104","weighted",NA,NA,NA,NA,NA,NA,7.04578761061947,6.78826543711579,0.00961061946902655,0.0206352513652131,0.476887168141593,0.268136587572085,NA,NA,NA,NA,1192.63421238938,112.384579217396,8.43899115044248,1.78695699716273,NA,NA,NA,NA,NA,NA,NA,NA,NA,NA,NA,NA,NA,NA,NA,NA,NA,NA,NA,NA,NA,NA,NA,NA,NA,NA,NA,NA,NA,NA,NA,NA,2019,1997-06-30,NA,NA,NA,NA
"CeeDee Lamb","DAL","WR","14832","weighted",NA,NA,NA,NA,NA,NA,51.2425884955752,25.6500881852591,0.161692477876106,0.269124379735209,0.36999778761062,0.307269884047995,1.06,0,NA,NA,1218.15069026549,135.946856794374,8.68042477876106,2.51182181830227,NA,NA,NA,NA,NA,NA,NA,NA,NA,NA,NA,NA,NA,NA,NA,NA,NA,NA,NA,NA,NA,NA,NA,NA,NA,NA,NA,NA,NA,NA,NA,NA,2020,1999-04-08,NA,NA,NA,NA
"Chris Godwin","TB","WR","13163","weighted",NA,NA,NA,NA,NA,NA,15.6548119469027,10.9535786935042,0.296559734513274,0.422171509226904,1.0788185840708,0.539282203544635,NA,NA,NA,NA,1019.17263716814,176.847809933468,6.73129203539823,0.84161183952768,NA,NA,NA,NA,NA,NA,NA,NA,NA,NA,NA,NA,NA,NA,NA,NA,NA,NA,NA,NA,NA,NA,NA,NA,NA,NA,NA,NA,NA,NA,NA,NA,2017,1996-02-27,"Q","Knee - ACL + MCL",2022,0
"Tyreek Hill","MIA","WR","12801","weighted",NA,NA,NA,NA,NA,NA,63.6700154867257,24.5453736016106,0.254104876944064,0.347654425854707,0.535920353982301,0.264458349217995,NA,NA,NA,NA,1188.7587079646,71.9958931062027,8.32175221238938,1.4253294210404,NA,NA,NA,NA,NA,NA,NA,NA,NA,NA,NA,NA,NA,NA,NA,NA,NA,NA,NA,NA,NA,NA,NA,NA,NA,NA,NA,NA,NA,NA,NA,NA,2016,1994-03-01,NA,NA,NA,NA
"Michael Pittman","IND","WR","14842","weighted",NA,NA,NA,NA,NA,NA,33.9766172566372,7.3611204919533,0.0704189003040925,0.112310526437617,0.382756637168142,0.309785105967134,NA,NA,NA,NA,1134.35520353982,70.0858668881706,6.85808849557522,1.092392863453,NA,NA,NA,NA,NA,NA,NA,NA,NA,NA,NA,NA,NA,NA,NA,NA,NA,NA,NA,NA,NA,NA,NA,NA,NA,NA,NA,NA,NA,NA,NA,NA,2020,1997-10-05,NA,NA,NA,NA
"Mike Evans","TB","WR","11671","weighted",NA,NA,NA,NA,NA,NA,1.96772566371681,2.48189998262928,0,0,0.501327433628319,0.269476568417352,NA,NA,NA,NA,1136.85961061947,90.9176748314993,10.9377699115044,1.82677690397953,NA,NA,NA,NA,NA,NA,NA,NA,NA,NA,NA,NA,NA,NA,NA,NA,NA,NA,NA,NA,NA,NA,NA,NA,NA,NA,NA,NA,NA,NA,NA,NA,2014,1993-08-21,NA,NA,NA,NA
"Deebo Samuel","SF","WR","14136","weighted",NA,NA,NA,NA,NA,NA,358.927398230089,30.6010136037335,4.49231515359374,1.45483889063577,1.00544469026549,0.521023905036676,NA,NA,NA,NA,1079.29598230089,127.097594138033,6.24258407079646,1.56508053611311,NA,NA,NA,NA,NA,NA,NA,NA,NA,NA,NA,NA,NA,NA,NA,NA,NA,NA,NA,NA,NA,NA,NA,NA,NA,NA,NA,NA,NA,NA,NA,NA,2019,1996-01-15,NA,NA,NA,NA
"Tee Higgins","CIN","WR","14835","weighted",NA,NA,NA,NA,NA,NA,3.47261946902655,3.92986979792508,0.00160176991150443,0.00343920856086885,0.688495575221239,0.140547727256167,NA,NA,NA,NA,1173.67626548673,69.9698666939123,7.75083185840708,0.865037545904787,NA,NA,NA,NA,NA,NA,NA,NA,NA,NA,NA,NA,NA,NA,NA,NA,NA,NA,NA,NA,NA,NA,NA,NA,NA,NA,NA,NA,NA,NA,NA,NA,2020,1999-01-18,NA,NA,NA,NA
"D.J. Moore","CAR","WR","13635","weighted",NA,NA,NA,NA,NA,NA,33.643657079646,17.4423582932891,0.039108407079646,0.0680249506503048,0.528942477876106,0.258042619080233,NA,NA,NA,NA,1144.03486725664,115.918006448684,5.22189380530974,0.801043251612081,NA,NA,NA,NA,NA,NA,NA,NA,NA,NA,NA,NA,NA,NA,NA,NA,NA,NA,NA,NA,NA,NA,NA,NA,NA,NA,NA,NA,NA,NA,NA,NA,2018,1997-04-14,NA,NA,NA,NA
"Keenan Allen","LAC","WR","11222","weighted",NA,NA,NA,NA,NA,NA,0.364840707964602,0.650468461391432,0,0,0.725929203539823,0.117798335597458,NA,NA,NA,NA,1116.78304424779,81.8056141756724,7.16352212389381,0.78329689592404,NA,NA,NA,NA,NA,NA,NA,NA,NA,NA,NA,NA,NA,NA,NA,NA,NA,NA,NA,NA,NA,NA,NA,NA,NA,NA,NA,NA,NA,NA,NA,NA,2013,1992-04-27,NA,NA,NA,NA
"Terry McLaurin","WAS","WR","14109","weighted",NA,NA,NA,NA,NA,NA,7.38457522123894,6.10041065103922,0.00160176991150443,0.00343920856086885,0.489453539823009,0.266352724214302,NA,NA,NA,NA,1109.01100884956,103.947531664745,6.1346017699115,1.67754469808133,NA,NA,NA,NA,NA,NA,NA,NA,NA,NA,NA,NA,NA,NA,NA,NA,NA,NA,NA,NA,NA,NA,NA,NA,NA,NA,NA,NA,NA,NA,NA,NA,2019,1995-09-15,NA,NA,NA,NA
"Mike Williams","LAC","WR","13154","weighted",NA,NA,NA,NA,NA,NA,0.537610619469027,0.797094804121116,0,0,0.47646017699115,0.270062783528837,NA,NA,NA,NA,1111.38384070796,85.4425114829975,8.22024778761062,1.01681724968668,NA,NA,NA,NA,NA,NA,NA,NA,NA,NA,NA,NA,NA,NA,NA,NA,NA,NA,NA,NA,NA,NA,NA,NA,NA,NA,NA,NA,NA,NA,NA,NA,2017,1994-10-04,NA,NA,NA,NA
"Tyler Lockett","SEA","WR","12187","weighted",NA,NA,NA,NA,NA,NA,11.353185840708,7.85018666641253,0.0406327433628319,0.0943400235158638,0.364409292035398,0.310308939804204,NA,NA,NA,NA,997.217769911505,103.674218163858,6.03005309734513,1.69053012006026,NA,NA,NA,NA,NA,NA,NA,NA,NA,NA,NA,NA,NA,NA,NA,NA,NA,NA,NA,NA,NA,NA,NA,NA,NA,NA,NA,NA,NA,NA,NA,NA,2015,1992-09-28,NA,NA,NA,NA
"Gabriel Davis","BUF","WR","14845","weighted",NA,NA,NA,NA,NA,NA,1.74746902654867,1.97538763741758,0,0,0.401858407079646,0.277077836032126,NA,NA,NA,NA,1030.12134513274,120.553271685707,9.54693805309735,1.92653515167667,NA,NA,NA,NA,NA,NA,NA,NA,NA,NA,NA,NA,NA,NA,NA,NA,NA,NA,NA,NA,NA,NA,NA,NA,NA,NA,NA,NA,NA,NA,NA,NA,2020,1970-01-01,NA,NA,NA,NA
"Courtland Sutton","DEN","WR","13630","weighted",NA,NA,NA,NA,NA,NA,0.345327433628319,0.694612105129553,0,0,0.576194690265487,0.216278668203463,NA,NA,NA,NA,1044.05265486726,154.117254489247,6.8787610619469,1.94404275827759,NA,NA,NA,NA,NA,NA,NA,NA,NA,NA,NA,NA,NA,NA,NA,NA,NA,NA,NA,NA,NA,NA,NA,NA,NA,NA,NA,NA,NA,NA,NA,NA,2018,1995-10-10,NA,NA,NA,NA
"Brandin Cooks","HOU","WR","11674","weighted",NA,NA,NA,NA,NA,NA,15.1598119469027,8.91161883939108,0.0390907079646018,0.0658642046663311,0.364409292035398,0.310308939804204,NA,NA,NA,NA,1118.50585840708,62.4851012972889,6.52348672566372,1.43144334518717,NA,NA,NA,NA,NA,NA,NA,NA,NA,NA,NA,NA,NA,NA,NA,NA,NA,NA,NA,NA,NA,NA,NA,NA,NA,NA,NA,NA,NA,NA,NA,NA,2014,1993-09-25,NA,NA,NA,NA
"Michael Thomas","NO","WR","12652","weighted",NA,NA,NA,NA,NA,NA,3.40001769911504,3.66620926481528,0.011212389380531,0.0240744599260819,0.364409292035398,0.310308939804204,NA,NA,NA,NA,977.73410619469,135.659591403193,6.45826548672566,1.85727727413475,NA,NA,NA,NA,NA,NA,NA,NA,NA,NA,NA,NA,NA,NA,NA,NA,NA,NA,NA,NA,NA,NA,NA,NA,NA,NA,NA,NA,NA,NA,NA,NA,2016,1994-08-16,"Q","Hamstring",2022,0
"Jerry Jeudy","DEN","WR","14833","weighted",NA,NA,NA,NA,NA,NA,7.3029314159292,8.10114932378749,0.00138274336283186,0.00349121025823955,0.526194690265487,0.269783051925273,NA,NA,NA,NA,1052.71582300885,92.2432352193337,5.66316814159292,1.85808815961331,NA,NA,NA,NA,NA,NA,NA,NA,NA,NA,NA,NA,NA,NA,NA,NA,NA,NA,NA,NA,NA,NA,NA,NA,NA,NA,NA,NA,NA,NA,NA,NA,2020,1999-04-24,NA,NA,NA,NA
"Darnell Mooney","CHI","WR","14974","weighted",NA,NA,NA,NA,NA,NA,25.0266039823009,10.7128798392454,0.304977876106195,0.445124740717731,0.367203539823009,0.308777465121843,NA,NA,NA,NA,1057.55987610619,68.6444277503335,5.61592920353982,1.42366744713261,NA,NA,NA,NA,NA,NA,NA,NA,NA,NA,NA,NA,NA,NA,NA,NA,NA,NA,NA,NA,NA,NA,NA,NA,NA,NA,NA,NA,NA,NA,NA,NA,2020,1997-10-29,NA,NA,NA,NA
"Diontae Johnson","PIT","WR","14208","weighted",NA,NA,NA,NA,NA,NA,30.0455265486726,8.7528363271824,0.0850345223765492,0.101881022977668,1.28841371681416,0.616103930644083,NA,NA,0.38,5.93656924264565e-17,1061.41653097345,46.7650285879565,6.52070796460177,1.47213859325391,NA,NA,NA,NA,NA,NA,NA,NA,NA,NA,NA,NA,NA,NA,NA,NA,NA,NA,NA,NA,NA,NA,NA,NA,NA,NA,NA,NA,NA,NA,NA,NA,2019,NA,NA,NA,NA,NA
"Marquise Brown","ARI","WR","14105","weighted",NA,NA,NA,NA,NA,NA,11.341017699115,8.9250042787986,0.0489380530973451,0.0888210091611743,0.750796460176991,0.112438181804934,NA,NA,NA,NA,992.005805309735,79.7304917907423,5.98134513274336,1.09784482030098,NA,NA,NA,NA,NA,NA,NA,NA,NA,NA,NA,NA,NA,NA,NA,NA,NA,NA,NA,NA,NA,NA,NA,NA,NA,NA,NA,NA,NA,NA,NA,NA,2019,1997-06-04,NA,NA,NA,NA
"DK Metcalf","SEA","WR","14102","weighted",NA,NA,NA,NA,NA,NA,3.99308849557522,2.82944618399447,0,0,0.379962389380531,0.311328436225754,NA,NA,NA,NA,1059.94453097345,31.8705328512038,7.72258407079646,1.99385197450795,NA,NA,NA,NA,NA,NA,NA,NA,NA,NA,NA,NA,NA,NA,NA,NA,NA,NA,NA,NA,NA,NA,NA,NA,NA,NA,NA,NA,NA,NA,NA,NA,2019,1997-12-14,NA,NA,NA,NA
"Amari Cooper","CLE","WR","12175","weighted",NA,NA,NA,NA,NA,NA,5.63744247787611,5.25191783136504,0.169778761061947,0.305239562159446,0.838230088495575,0.0750729774850182,2.83,4.74925539411652e-16,NA,NA,982.946212389381,90.4169480741473,6.26989380530974,1.20165043706483,NA,NA,NA,NA,NA,NA,NA,NA,NA,NA,NA,NA,NA,NA,NA,NA,NA,NA,NA,NA,NA,NA,NA,NA,NA,NA,NA,NA,NA,NA,NA,NA,2015,1994-06-18,NA,NA,NA,NA
"Jaylen Waddle","MIA","WR","15284","weighted",NA,NA,NA,NA,NA,NA,17.6646349557522,16.6636311751861,0.49412389380531,0.74265779697171,0.576798672566372,0.272006674919166,NA,NA,0.04,0,1002.38771681416,67.6323500448405,6.30697345132743,1.09479378478937,NA,NA,NA,NA,NA,NA,NA,NA,NA,NA,NA,NA,NA,NA,NA,NA,NA,NA,NA,NA,NA,NA,NA,NA,NA,NA,NA,NA,NA,NA,NA,NA,2021,1998-11-25,NA,NA,NA,NA
"Hunter Renfrow","LVR","WR","14123","weighted",NA,NA,NA,NA,NA,NA,7.84607300884956,8.2746950762095,0,0,0.651384955752212,0.288470849026079,NA,NA,0.08,0,905.08614159292,90.4932966660541,6.01838938053097,0.670404533783692,NA,NA,NA,NA,NA,NA,NA,NA,NA,NA,NA,NA,NA,NA,NA,NA,NA,NA,NA,NA,NA,NA,NA,NA,NA,NA,NA,NA,NA,NA,NA,NA,2019,1970-01-01,NA,NA,NA,NA
"Allen Robinson","LAR","WR","11678","weighted",NA,NA,NA,NA,NA,NA,1.31142477876106,2.37483801774185,0,0,0.501327433628319,0.269476568417352,NA,NA,NA,NA,957.045805309735,130.170751572109,6.33672566371681,1.83046139775117,NA,NA,NA,NA,NA,NA,NA,NA,NA,NA,NA,NA,NA,NA,NA,NA,NA,NA,NA,NA,NA,NA,NA,NA,NA,NA,NA,NA,NA,NA,NA,NA,2014,1993-08-24,NA,NA,NA,NA
"DeVonta Smith","PHI","WR","15282","weighted",NA,NA,NA,NA,NA,NA,1.87111504424779,3.77130276614224,0,0,0.763362831858407,0.0977978731824775,NA,NA,0.04,0,907.323415929204,110.628241239724,5.7241592920354,1.66893212790737,NA,NA,NA,NA,NA,NA,NA,NA,NA,NA,NA,NA,NA,NA,NA,NA,NA,NA,NA,NA,NA,NA,NA,NA,NA,NA,NA,NA,NA,NA,NA,NA,2021,1998-11-14,NA,NA,NA,NA
"Amon-Ra St. Brown","DET","WR","15287","weighted",NA,NA,NA,NA,NA,NA,56.0402,20.9523199286375,0.3699,0.45567272798722,0.3683725,0.329985523905492,NA,NA,NA,NA,953.52724,81.619146626134,6.0877,1.09903017362519,NA,NA,NA,NA,NA,NA,NA,NA,NA,NA,NA,NA,NA,NA,NA,NA,NA,NA,NA,NA,NA,NA,NA,NA,NA,NA,NA,NA,NA,NA,NA,NA,2021,1999-10-24,NA,NA,NA,NA
"Robert Woods","TEN","WR","11228","weighted",NA,NA,NA,NA,NA,NA,61.0930054323888,50.2915090833084,0.733260901482895,0.663469632168468,0.533828365878726,0.261156400129343,NA,NA,NA,NA,883.314635149024,125.470171478045,5.17461459403906,0.668248701314446,NA,NA,NA,NA,NA,NA,NA,NA,NA,NA,NA,NA,NA,NA,NA,NA,NA,NA,NA,NA,NA,NA,NA,NA,NA,NA,NA,NA,NA,NA,NA,NA,2013,1992-04-10,NA,NA,NA,NA
"Christian Kirk","JAC","WR","13633","weighted",NA,NA,NA,NA,NA,NA,11.0351946902655,11.766011183728,0,0,0.651061946902655,0.164912313976378,NA,NA,NA,NA,965.361451327434,74.9703456171191,5.22169911504425,1.3560135874609,NA,NA,NA,NA,NA,NA,NA,NA,NA,NA,NA,NA,NA,NA,NA,NA,NA,NA,NA,NA,NA,NA,NA,NA,NA,NA,NA,NA,NA,NA,NA,NA,2018,1996-11-18,NA,NA,NA,NA
"Brandon Aiyuk","SF","WR","14840","weighted",NA,NA,NA,NA,NA,NA,16.9787057522124,9.41524992622289,0.0165929203539823,0.0418945230988746,0.505006637168142,0.26586943383,NA,NA,0.04,0,897.647398230089,114.914763063191,5.59697345132743,0.659200750342602,NA,NA,NA,NA,NA,NA,NA,NA,NA,NA,NA,NA,NA,NA,NA,NA,NA,NA,NA,NA,NA,NA,NA,NA,NA,NA,NA,NA,NA,NA,NA,NA,2020,1970-01-01,NA,NA,NA,NA
"Mecole Hardman","KC","WR","14113","weighted",NA,NA,NA,NA,NA,NA,80.4967743362832,48.487413457809,0.598612134646891,0.45395563048006,1.40874336283186,0.532463709166424,NA,NA,0.78,0,716.454513274336,160.979381214908,4.23210619469027,0.878064490740167,NA,NA,NA,NA,NA,NA,NA,NA,NA,NA,NA,NA,NA,NA,NA,NA,NA,NA,NA,NA,NA,NA,NA,NA,NA,NA,NA,NA,NA,NA,NA,NA,2019,1970-01-01,NA,NA,NA,NA
"George Pickens","PIT","WR","15762","weighted",NA,NA,NA,NA,NA,NA,8.12189380530974,9.37370801189384,0.0128141592920354,0.0275136684869508,0.947993362831859,0.536393823985018,NA,NA,NA,NA,747.362230088496,161.832285952023,4.05097345132743,1.88851728245389,NA,NA,NA,NA,NA,NA,NA,NA,NA,NA,NA,NA,NA,NA,NA,NA,NA,NA,NA,NA,NA,NA,NA,NA,NA,NA,NA,NA,NA,NA,NA,NA,2022,2001-03-04,NA,NA,NA,NA
"Chase Claypool","PIT","WR","14841","weighted",NA,NA,NA,NA,NA,NA,59.7153495575221,27.4098082926277,0.461595132743363,0.429010922727944,0.457150442477876,0.267319604578663,NA,NA,NA,NA,868.419699115044,87.6739954917666,4.79332743362832,1.28332054446983,NA,NA,NA,NA,NA,NA,NA,NA,NA,NA,NA,NA,NA,NA,NA,NA,NA,NA,NA,NA,NA,NA,NA,NA,NA,NA,NA,NA,NA,NA,NA,NA,2020,1970-01-01,NA,NA,NA,NA
"Rashod Bateman","BAL","WR","15293","weighted",NA,NA,NA,NA,NA,NA,0.999575221238938,1.32848333304295,0,0,0.501327433628319,0.269476568417352,NA,NA,NA,NA,929.881610619469,98.960901315057,5.57196460176991,1.40588916882505,NA,NA,NA,NA,NA,NA,NA,NA,NA,NA,NA,NA,NA,NA,NA,NA,NA,NA,NA,NA,NA,NA,NA,NA,NA,NA,NA,NA,NA,NA,NA,NA,2021,1999-11-29,NA,NA,NA,NA
"Chris Olave","NO","WR","15754","weighted",NA,NA,NA,NA,NA,NA,13.8443539823009,11.4437325041055,0.0240265486725664,0.0515881284130327,0.56403982300885,0.269345690127335,NA,NA,NA,NA,756.71410619469,133.989394430218,4.71771681415929,1.4278253450185,NA,NA,NA,NA,NA,NA,NA,NA,NA,NA,NA,NA,NA,NA,NA,NA,NA,NA,NA,NA,NA,NA,NA,NA,NA,NA,NA,NA,NA,NA,NA,NA,2022,2000-06-27,NA,NA,NA,NA
"Elijah Moore","NYJ","WR","15288","weighted",NA,NA,NA,NA,NA,NA,46.5720309734513,26.7858372689297,0.63257812265686,0.720362862248358,0.457150442477876,0.267319604578663,NA,NA,NA,NA,880.766814159292,107.573873982688,5.55495575221239,1.27429904963749,NA,NA,NA,NA,NA,NA,NA,NA,NA,NA,NA,NA,NA,NA,NA,NA,NA,NA,NA,NA,NA,NA,NA,NA,NA,NA,NA,NA,NA,NA,NA,NA,2021,2000-03-27,NA,NA,NA,NA
"Drake London","ATL","WR","15751","weighted",NA,NA,NA,NA,NA,NA,32.4309026548673,52.5614499628671,0.100194690265487,0.169611159400257,1.11671017699115,0.557009688875961,NA,NA,NA,NA,885.403451327434,85.2136592959789,4.93592920353982,1.03769958914305,NA,NA,NA,NA,NA,NA,NA,NA,NA,NA,NA,NA,NA,NA,NA,NA,NA,NA,NA,NA,NA,NA,NA,NA,NA,NA,NA,NA,NA,NA,NA,NA,2022,2001-07-24,"Q","Knee",2022,0
"Adam Thielen","MIN","WR","11938","weighted",NA,NA,NA,NA,NA,NA,4.94773161062986,5.05469572830354,0.00488914990456614,0.0112311049152554,0.577732100034258,0.235440011249808,NA,NA,NA,NA,906.150298047276,88.9941167189309,8.54094552929085,1.65639445855854,NA,NA,NA,NA,NA,NA,NA,NA,NA,NA,NA,NA,NA,NA,NA,NA,NA,NA,NA,NA,NA,NA,NA,NA,NA,NA,NA,NA,NA,NA,NA,NA,2014,1990-08-22,NA,NA,NA,NA
"JuJu Smith-Schuster","KC","WR","13156","weighted",NA,NA,NA,NA,NA,NA,24.164407079646,16.8821978392059,0.543194690265487,0.676071380563467,0.375586283185841,0.304327817472982,NA,NA,NA,NA,861.053681415929,94.1422967180587,6.79161061946903,1.35508868806526,NA,NA,NA,NA,NA,NA,NA,NA,NA,NA,NA,NA,NA,NA,NA,NA,NA,NA,NA,NA,NA,NA,NA,NA,NA,NA,NA,NA,NA,NA,NA,NA,2017,1996-11-22,NA,NA,NA,NA
"Allen Lazard","GB","WR","13632","weighted",NA,NA,NA,NA,NA,NA,15.2491150442478,12.0777334102208,0.0207411504424779,0.0523681538735932,0.348856194690266,0.309828927542665,NA,NA,NA,NA,769.895805309735,100.712427906046,7.04453097345133,2.02724174109521,NA,NA,NA,NA,NA,NA,NA,NA,NA,NA,NA,NA,NA,NA,NA,NA,NA,NA,NA,NA,NA,NA,NA,NA,NA,NA,NA,NA,NA,NA,NA,NA,2018,1995-12-11,"D","Ankle",2022,0
"DeVante Parker","NE","WR","12176","weighted",NA,NA,NA,NA,NA,NA,1.27938938053097,2.37876870537943,0,0,0.47646017699115,0.270062783528837,NA,NA,NA,NA,822.91382300885,126.6032822862,5.12808849557522,0.81635840791219,NA,NA,NA,NA,NA,NA,NA,NA,NA,NA,NA,NA,NA,NA,NA,NA,NA,NA,NA,NA,NA,NA,NA,NA,NA,NA,NA,NA,NA,NA,NA,NA,2015,1993-01-20,NA,NA,NA,NA
"Treylon Burks","TEN","WR","15752","weighted",NA,NA,NA,NA,NA,NA,14.1032079646018,14.6291496321026,0.0153761061946903,0.03055044159913,0.950787610619469,0.533851009136381,NA,NA,NA,NA,790.531876106195,109.907559293273,4.74221238938053,0.897459026278196,NA,NA,NA,NA,NA,NA,NA,NA,NA,NA,NA,NA,NA,NA,NA,NA,NA,NA,NA,NA,NA,NA,NA,NA,NA,NA,NA,NA,NA,NA,NA,NA,2022,2000-03-23,NA,NA,NA,NA
"Corey Davis","NYJ","WR","13153","weighted",NA,NA,NA,NA,NA,NA,3.7228407079646,7.15828730631102,0.188643067846608,0.339155069066051,1.39973451327434,0.41920684442741,NA,NA,NA,NA,739.230991150442,140.870409449806,4.41479646017699,1.15788818229058,NA,NA,NA,NA,NA,NA,NA,NA,NA,NA,NA,NA,NA,NA,NA,NA,NA,NA,NA,NA,NA,NA,NA,NA,NA,NA,NA,NA,NA,NA,NA,NA,2017,1995-01-11,NA,NA,NA,NA
"Marvin Jones","JAC","WR","10738","weighted",NA,NA,NA,NA,NA,NA,2.05675221238938,3.39863738672449,0.00160176991150443,0.00343920856086885,0.47646017699115,0.270062783528837,NA,NA,NA,NA,769.241769911505,131.368287017281,5.04511504424779,1.24290454053679,NA,NA,NA,NA,NA,NA,NA,NA,NA,NA,NA,NA,NA,NA,NA,NA,NA,NA,NA,NA,NA,NA,NA,NA,NA,NA,NA,NA,NA,NA,NA,NA,2012,1990-03-12,NA,NA,NA,NA
"D.J. Chark","DET","WR","13668","weighted",NA,NA,NA,NA,NA,NA,6.00810619469027,11.9973355674759,0.0565929203539823,0.101746520719815,0.0248672566371681,0.0155170922126945,NA,NA,NA,NA,736.542884955752,172.593088661251,5.574,2.01350095491328,NA,NA,NA,NA,NA,NA,NA,NA,NA,NA,NA,NA,NA,NA,NA,NA,NA,NA,NA,NA,NA,NA,NA,NA,NA,NA,NA,NA,NA,NA,NA,NA,2018,1996-09-23,NA,NA,NA,NA
"Kadarius Toney","NYG","WR","15289","weighted",NA,NA,NA,NA,NA,NA,36.1730862831858,36.0267929069192,0.0724145524322783,0.159486602628614,0.367203539823009,0.308777465121843,NA,NA,0.04,0,798.454920353982,149.46215811627,4.01152212389381,1.71229583188042,NA,NA,NA,NA,NA,NA,NA,NA,NA,NA,NA,NA,NA,NA,NA,NA,NA,NA,NA,NA,NA,NA,NA,NA,NA,NA,NA,NA,NA,NA,NA,NA,2021,1970-01-01,NA,NA,NA,NA
"Marquez Valdes-Scantling","KC","WR","13793","weighted",NA,NA,NA,NA,NA,NA,5.38904867256637,4.67985530299055,0.00138274336283186,0.00349121025823955,0.925929203539823,0.20104972349313,NA,NA,NA,NA,795.327946902655,123.04563564363,5.03787610619469,1.10034724985544,NA,NA,NA,NA,NA,NA,NA,NA,NA,NA,NA,NA,NA,NA,NA,NA,NA,NA,NA,NA,NA,NA,NA,NA,NA,NA,NA,NA,NA,NA,NA,NA,2018,1994-10-10,NA,NA,NA,NA
"Skyy Moore","KC","WR","15766","weighted",NA,NA,NA,NA,NA,NA,14.0367168141593,7.80167361595769,0.00160176991150443,0.00343920856086885,0.69491814159292,0.621192572468151,NA,NA,NA,NA,616.836513274336,184.127684994392,3.97230088495575,2.13798089386855,NA,NA,NA,NA,NA,NA,NA,NA,NA,NA,NA,NA,NA,NA,NA,NA,NA,NA,NA,NA,NA,NA,NA,NA,NA,NA,NA,NA,NA,NA,NA,NA,2022,2000-09-10,NA,NA,NA,NA
"Russell Gage","TB","WR","13809","weighted",NA,NA,NA,NA,NA,NA,1.24761946902655,1.91738928386852,0,0,1.57672566371681,0.177183049561998,NA,NA,NA,NA,748.432991150443,105.949671763572,5.31823008849558,1.55660744617068,NA,NA,NA,NA,NA,NA,NA,NA,NA,NA,NA,NA,NA,NA,NA,NA,NA,NA,NA,NA,NA,NA,NA,NA,NA,NA,NA,NA,NA,NA,NA,NA,2018,1996-01-22,"Q","Hamstring",2022,0
"Jakobi Meyers","NE","WR","14127","weighted",NA,NA,NA,NA,NA,NA,5.51928318584071,4.36567386559694,0.00160176991150443,0.00343920856086885,0.786201327433628,0.407571150544233,NA,NA,NA,NA,840.666371681416,72.9054352004902,3.80191150442478,1.15632022275099,NA,NA,NA,NA,NA,NA,NA,NA,NA,NA,NA,NA,NA,NA,NA,NA,NA,NA,NA,NA,NA,NA,NA,NA,NA,NA,NA,NA,NA,NA,NA,NA,2019,1996-11-09,"Q","Knee",2022,0
"Nico Collins","HOU","WR","15290","weighted",NA,NA,NA,NA,NA,NA,0.172991150442478,0.371434524573835,0,0,0.613628318584071,0.190272622471127,NA,NA,NA,NA,729.445628318584,134.757466906594,3.82904424778761,0.904482033863424,NA,NA,NA,NA,NA,NA,NA,NA,NA,NA,NA,NA,NA,NA,NA,NA,NA,NA,NA,NA,NA,NA,NA,NA,NA,NA,NA,NA,NA,NA,NA,NA,2021,1999-03-19,NA,NA,NA,NA
"DeAndre Hopkins","ARI","WR","11232","weighted",NA,NA,NA,NA,NA,NA,0.0193265993265993,0.0326871472604084,0,0,0.776936026936027,0.117651984912537,NA,NA,NA,NA,766.08597979798,91.3110765581279,5.83242424242424,0.913297016292682,NA,NA,NA,NA,NA,NA,NA,NA,NA,NA,NA,NA,NA,NA,NA,NA,NA,NA,NA,NA,NA,NA,NA,NA,NA,NA,NA,NA,NA,NA,NA,NA,2013,1992-06-06,"S","Suspension",2022,0
"Michael Gallup","DAL","WR","13646","weighted",NA,NA,NA,NA,NA,NA,2.96027433628319,4.83881928245071,0.0565929203539823,0.101746520719815,0.47646017699115,0.270062783528837,NA,NA,NA,NA,765.798938053097,124.449586026907,5.12991150442478,1.09347686914385,NA,NA,NA,NA,NA,NA,NA,NA,NA,NA,NA,NA,NA,NA,NA,NA,NA,NA,NA,NA,NA,NA,NA,NA,NA,NA,NA,NA,NA,NA,NA,NA,2018,1996-03-04,"O","Knee - ACL",2022,0
"Sterling Shepard","NYG","WR","12658","weighted",NA,NA,NA,NA,NA,NA,10.1456814159292,13.6769841459375,0.0708318584070797,0.0965410380735162,0.367203539823009,0.308777465121843,NA,NA,NA,NA,620.01403539823,162.194500201747,3.21992920353982,0.93056887881428,NA,NA,NA,NA,NA,NA,NA,NA,NA,NA,NA,NA,NA,NA,NA,NA,NA,NA,NA,NA,NA,NA,NA,NA,NA,NA,NA,NA,NA,NA,NA,NA,2016,NA,NA,NA,NA,NA
"Kenny Golladay","NYG","WR","13277","weighted",NA,NA,NA,NA,NA,NA,0.464895022757304,0.715847400802904,0,0,0.478040424803015,0.29400614318057,NA,NA,NA,NA,732.221192189106,100.181553260547,3.41377183967112,1.49205563246916,NA,NA,NA,NA,NA,NA,NA,NA,NA,NA,NA,NA,NA,NA,NA,NA,NA,NA,NA,NA,NA,NA,NA,NA,NA,NA,NA,NA,NA,NA,NA,NA,2017,1993-01-01,NA,NA,NA,NA
"Tyler Boyd","CIN","WR","12650","weighted",NA,NA,NA,NA,NA,NA,18.7455199115044,9.26499773096308,0.0221238938053097,0.0558593641318327,0.420648230088496,0.283167955730974,NA,NA,NA,NA,758.382407079646,80.2195801163786,4.67669026548673,0.853169718159309,NA,NA,NA,NA,NA,NA,NA,NA,NA,NA,NA,NA,NA,NA,NA,NA,NA,NA,NA,NA,NA,NA,NA,NA,NA,NA,NA,NA,NA,NA,NA,NA,2016,1994-11-15,NA,NA,NA,NA
"Jarvis Landry","NO","WR","11680","weighted",NA,NA,NA,NA,NA,NA,25.7014336283186,20.4928374936466,0.37691814159292,0.38262291684248,1.09119247787611,0.554302068360007,NA,NA,NA,NA,709.185274336283,92.9415793577344,3.95205309734513,0.675278573248437,NA,NA,NA,NA,NA,NA,NA,NA,NA,NA,NA,NA,NA,NA,NA,NA,NA,NA,NA,NA,NA,NA,NA,NA,NA,NA,NA,NA,NA,NA,NA,NA,2014,1992-11-28,NA,NA,NA,NA
"Donovan Peoples-Jones","CLE","WR","14857","weighted",NA,NA,NA,NA,NA,NA,3.56426548672566,7.20231613768876,0,0,0.613628318584071,0.190272622471127,NA,NA,NA,NA,670.015681415929,145.16685142012,3.30164601769912,1.03519746431829,NA,NA,NA,NA,NA,NA,NA,NA,NA,NA,NA,NA,NA,NA,NA,NA,NA,NA,NA,NA,NA,NA,NA,NA,NA,NA,NA,NA,NA,NA,NA,NA,2020,1970-01-01,NA,NA,NA,NA
"Romeo Doubs","GB","WR","15779","weighted",NA,NA,NA,NA,NA,NA,4.49612831858407,6.08767629809786,0.00414823008849558,0.0104736307747186,0.679365044247788,0.621110715823821,NA,NA,NA,NA,472.514407079646,268.755889846905,3.19153982300885,1.93705318642088,NA,NA,NA,NA,NA,NA,NA,NA,NA,NA,NA,NA,NA,NA,NA,NA,NA,NA,NA,NA,NA,NA,NA,NA,NA,NA,NA,NA,NA,NA,NA,NA,2022,2000-04-13,NA,NA,NA,NA
"Odell Beckham","FA","WR","11679","weighted",NA,NA,NA,NA,NA,NA,15,0,0,0,NA,NA,NA,NA,NA,NA,734.735177865613,166.877200360025,5.48616600790514,0.707106781186548,NA,NA,NA,NA,NA,NA,NA,NA,NA,NA,NA,NA,NA,NA,NA,NA,NA,NA,NA,NA,NA,NA,NA,NA,NA,NA,NA,NA,NA,NA,NA,NA,2014,1992-11-05,"Q","Knee - ACL",2022,0
"Robby Anderson","CAR","WR","12930","weighted",NA,NA,NA,NA,NA,NA,25.4210160035237,5.32188264976179,0.034629096359223,0.0709088163892516,0.348268242548818,0.337334524524798,NA,NA,NA,NA,668.841418293936,108.787780781151,4.41928057553957,0.938338836202624,NA,NA,NA,NA,NA,NA,NA,NA,NA,NA,NA,NA,NA,NA,NA,NA,NA,NA,NA,NA,NA,NA,NA,NA,NA,NA,NA,NA,NA,NA,NA,NA,2016,1993-05-09,NA,NA,NA,NA
"David Bell","CLE","WR","15758","weighted",NA,NA,NA,NA,NA,NA,4.98704424778761,5.66781735282918,0.00160176991150443,0.00343920856086885,0.489453539823009,0.266352724214302,NA,NA,NA,NA,459.952619469027,212.203888429174,2.38095575221239,1.63111864036039,NA,NA,NA,NA,NA,NA,NA,NA,NA,NA,NA,NA,NA,NA,NA,NA,NA,NA,NA,NA,NA,NA,NA,NA,NA,NA,NA,NA,NA,NA,NA,NA,2022,2000-12-14,NA,NA,NA,NA
"Garrett Wilson","NYJ","WR","15753","weighted",NA,NA,NA,NA,NA,NA,7.18534292035398,4.70046803740205,0.00553097345132744,0.0139648410329582,0.411068584070796,0.314962155288665,NA,NA,NA,NA,700.529946902655,156.312263969771,3.92023008849558,1.7441486797975,NA,NA,NA,NA,NA,NA,NA,NA,NA,NA,NA,NA,NA,NA,NA,NA,NA,NA,NA,NA,NA,NA,NA,NA,NA,NA,NA,NA,NA,NA,NA,NA,2022,2000-07-22,NA,NA,NA,NA
"Jahan Dotson","WAS","WR","15755","weighted",NA,NA,NA,NA,NA,NA,14.9457876106195,14.7169743228022,0.0128141592920354,0.0275136684869508,0.838309734513274,0.556269569692894,NA,NA,NA,NA,711.933309734513,111.163723861015,3.77596460176991,1.49440409012756,NA,NA,NA,NA,NA,NA,NA,NA,NA,NA,NA,NA,NA,NA,NA,NA,NA,NA,NA,NA,NA,NA,NA,NA,NA,NA,NA,NA,NA,NA,NA,NA,2022,2000-03-22,NA,NA,NA,NA
"Kendrick Bourne","NE","WR","13418","weighted",NA,NA,NA,NA,NA,NA,60.1782079646018,40.7382049298868,0.200387168141593,0.364160128172265,0.547097345132743,0.25329946086387,NA,NA,NA,NA,599.368814159292,205.110690649117,3.7801592920354,1.61606267217229,NA,NA,NA,NA,NA,NA,NA,NA,NA,NA,NA,NA,NA,NA,NA,NA,NA,NA,NA,NA,NA,NA,NA,NA,NA,NA,NA,NA,NA,NA,NA,NA,2017,1995-08-04,NA,NA,NA,NA
"Jameson Williams","DET","WR","15756","weighted",NA,NA,NA,NA,NA,NA,6.66660355029586,8.82549410756275,0,0,0.249585798816568,0.122961793131446,NA,NA,NA,NA,496.063076923077,220.656468810749,2.79891124260355,1.95789971243155,NA,NA,NA,NA,NA,NA,NA,NA,NA,NA,NA,NA,NA,NA,NA,NA,NA,NA,NA,NA,NA,NA,NA,NA,NA,NA,NA,NA,NA,NA,NA,NA,2022,2001-03-26,NA,"Knee - ACL",2022,0
"Jalen Tolbert","DAL","WR","15788","weighted",NA,NA,NA,NA,NA,NA,6.2241592920354,7.05898463345981,0.0176194690265487,0.0378312941695573,0.69491814159292,0.621192572468151,NA,NA,NA,NA,531.276637168142,272.947300243801,3.39458407079646,2.22089949586549,NA,NA,NA,NA,NA,NA,NA,NA,NA,NA,NA,NA,NA,NA,NA,NA,NA,NA,NA,NA,NA,NA,NA,NA,NA,NA,NA,NA,NA,NA,NA,NA,2022,1999-02-27,NA,NA,NA,NA
"Julio Jones","TB","WR","10271","weighted",NA,NA,NA,NA,NA,NA,1.87887610619469,4.03419164189916,0.00800884955752213,0.0171960428043442,0.348856194690266,0.309828927542665,NA,NA,NA,NA,635.361699115044,190.47309136073,3.46210619469027,1.76454580511352,NA,NA,NA,NA,NA,NA,NA,NA,NA,NA,NA,NA,NA,NA,NA,NA,NA,NA,NA,NA,NA,NA,NA,NA,NA,NA,NA,NA,NA,NA,NA,NA,2011,1989-02-03,NA,NA,NA,NA
"Parris Campbell","IND","WR","14112","weighted",NA,NA,NA,NA,NA,NA,8.5348407079646,7.50885846092348,0.0288318584070796,0.0619057540956392,0.021141592920354,0.0136327904566114,NA,NA,NA,NA,575.544973451327,134.559761583797,3.83603539823009,1.12287613116248,NA,NA,NA,NA,NA,NA,NA,NA,NA,NA,NA,NA,NA,NA,NA,NA,NA,NA,NA,NA,NA,NA,NA,NA,NA,NA,NA,NA,NA,NA,NA,NA,2019,1997-07-16,NA,NA,NA,NA
"Alec Pierce","IND","WR","15768","weighted",NA,NA,NA,NA,NA,NA,6.64230973451328,7.9670238223839,0.0288318584070796,0.0619057540956392,0.320544247787611,0.309014815230981,NA,NA,NA,NA,581.458530973451,174.608401023166,3.73017699115044,1.41586595696812,NA,NA,NA,NA,NA,NA,NA,NA,NA,NA,NA,NA,NA,NA,NA,NA,NA,NA,NA,NA,NA,NA,NA,NA,NA,NA,NA,NA,NA,NA,NA,NA,2022,2000-05-02,NA,NA,NA,NA
"Randall Cobb","GB","WR","10308","weighted",NA,NA,NA,NA,NA,NA,5.22234891676169,6.59425416076824,0,0,0.772025845686051,0.11194757439388,NA,NA,NA,NA,532.333728620296,137.354443418558,4.37222348916762,1.21754185353634,NA,NA,NA,NA,NA,NA,NA,NA,NA,NA,NA,NA,NA,NA,NA,NA,NA,NA,NA,NA,NA,NA,NA,NA,NA,NA,NA,NA,NA,NA,NA,NA,2011,1990-08-22,NA,NA,NA,NA
"A.J. Green","ARI","WR","10261","weighted",NA,NA,NA,NA,NA,NA,3.54595829195631,5.66119938612437,0.00373055279708706,0.00723626964759684,0.0997020854021847,0.0576769799999276,NA,NA,NA,NA,600.63950347567,131.063556641183,2.72033763654419,0.809825100411637,NA,NA,NA,NA,NA,NA,NA,NA,NA,NA,NA,NA,NA,NA,NA,NA,NA,NA,NA,NA,NA,NA,NA,NA,NA,NA,NA,NA,NA,NA,NA,NA,2011,1988-07-31,NA,NA,NA,NA
"Zay Jones","JAC","WR","13176","weighted",NA,NA,NA,NA,NA,NA,5.33911428571429,6.10904970294113,0.00324857142857143,0.00738643636551236,0.5765825,0.302473514939664,NA,NA,NA,NA,586.32264,111.982248984234,2.84966,1.1035847004632,NA,NA,NA,NA,NA,NA,NA,NA,NA,NA,NA,NA,NA,NA,NA,NA,NA,NA,NA,NA,NA,NA,NA,NA,NA,NA,NA,NA,NA,NA,NA,NA,2017,1995-03-30,NA,NA,NA,NA
"Marquez Callaway","NO","WR","15034","weighted",NA,NA,NA,NA,NA,NA,1.22633571428571,2.78837972798092,0.00812142857142857,0.0184660909137809,0.2910825,0.336217979644455,NA,NA,0.1,0,387.58968,295.084056450315,2.76978,2.28379347021541,NA,NA,NA,NA,NA,NA,NA,NA,NA,NA,NA,NA,NA,NA,NA,NA,NA,NA,NA,NA,NA,NA,NA,NA,NA,NA,NA,NA,NA,NA,NA,NA,2020,1970-01-01,NA,NA,NA,NA
"Van Jefferson","LAR","WR","14858","weighted",NA,NA,NA,NA,NA,NA,15.6134402654867,8.3283057643987,0.0207411504424779,0.0523681538735932,0.021141592920354,0.0136327904566114,NA,NA,NA,NA,593.199221238938,83.1539442915507,3.93106194690266,1.02957995213918,NA,NA,NA,NA,NA,NA,NA,NA,NA,NA,NA,NA,NA,NA,NA,NA,NA,NA,NA,NA,NA,NA,NA,NA,NA,NA,NA,NA,NA,NA,NA,NA,2020,1970-01-01,"O","Knee",2022,0
"K.J. Osborn","MIN","WR","14977","weighted",NA,NA,NA,NA,NA,NA,4.45586725663717,3.35941261771698,0.00320353982300885,0.00687841712173769,0.348856194690266,0.309828927542665,NA,NA,0.09,1.48414231066141e-17,577.202460176991,100.470807365347,4.42621238938053,1.23444246867053,NA,NA,NA,NA,NA,NA,NA,NA,NA,NA,NA,NA,NA,NA,NA,NA,NA,NA,NA,NA,NA,NA,NA,NA,NA,NA,NA,NA,NA,NA,NA,NA,2020,1997-06-10,NA,NA,NA,NA
"Wan'Dale Robinson","NYG","WR","15757","weighted",NA,NA,NA,NA,NA,NA,25.8358837485172,25.9268198724188,0.222182680901542,0.414102335410769,0.0892230130486358,0.0387545253779281,NA,NA,NA,NA,541.796393831554,198.503850238227,3.20586002372479,1.20033965356337,NA,NA,NA,NA,NA,NA,NA,NA,NA,NA,NA,NA,NA,NA,NA,NA,NA,NA,NA,NA,NA,NA,NA,NA,NA,NA,NA,NA,NA,NA,NA,NA,2022,2001-01-05,NA,NA,NA,NA
"Quez Watkins","PHI","WR","14992","weighted",NA,NA,NA,NA,NA,NA,0.651458089668616,0.913853430741753,0,0,0.0416959064327485,0.0203949303657137,NA,NA,NA,NA,475.790128654971,164.519382822971,2.42198830409357,0.820654404960875,NA,NA,NA,NA,NA,NA,NA,NA,NA,NA,NA,NA,NA,NA,NA,NA,NA,NA,NA,NA,NA,NA,NA,NA,NA,NA,NA,NA,NA,NA,NA,NA,2020,1970-01-01,NA,NA,NA,NA
"Josh Reynolds","DET","WR","13168","weighted",NA,NA,NA,NA,NA,NA,1.2952831622957,1.17495111090089,0.0018947168377043,0.00393067195694191,0.0224249334853668,0.0171360028486021,NA,NA,NA,NA,409.192998859749,224.269062295546,2.15096921322691,1.05869925732205,NA,NA,NA,NA,NA,NA,NA,NA,NA,NA,NA,NA,NA,NA,NA,NA,NA,NA,NA,NA,NA,NA,NA,NA,NA,NA,NA,NA,NA,NA,NA,NA,2017,1995-02-16,NA,NA,NA,NA
"Christian Watson","GB","WR","15789","weighted",NA,NA,NA,NA,NA,NA,9.07820796460177,8.22991306210823,0.00829646017699115,0.0209472615494373,0.632705752212389,0.622486906510555,NA,NA,NA,NA,456.300778761062,215.673099184431,3.25619469026549,1.71089924309063,NA,NA,NA,NA,NA,NA,NA,NA,NA,NA,NA,NA,NA,NA,NA,NA,NA,NA,NA,NA,NA,NA,NA,NA,NA,NA,NA,NA,NA,NA,NA,NA,2022,1999-05-12,NA,NA,NA,NA
"Will Fuller","FA","WR","12647","weighted",NA,NA,NA,NA,NA,NA,0,0,0,0,NA,NA,NA,NA,NA,NA,700.762845849802,13.4350288425444,4,0,NA,NA,NA,NA,NA,NA,NA,NA,NA,NA,NA,NA,NA,NA,NA,NA,NA,NA,NA,NA,NA,NA,NA,NA,NA,NA,NA,NA,NA,NA,NA,NA,2016,1994-04-16,"Q","Finger",2022,0
"Curtis Samuel","WAS","WR","13157","weighted",NA,NA,NA,NA,NA,NA,116.286588495575,84.4193794347527,0.803526195166846,0.366152510976211,0.485092920353982,0.246390051878898,NA,NA,NA,NA,539.824123893805,105.161591028191,3.16258407079646,1.06776043762996,NA,NA,NA,NA,NA,NA,NA,NA,NA,NA,NA,NA,NA,NA,NA,NA,NA,NA,NA,NA,NA,NA,NA,NA,NA,NA,NA,NA,NA,NA,NA,NA,2017,1996-08-11,NA,NA,NA,NA
"Bryan Edwards","ATL","WR","14844","weighted",NA,NA,NA,NA,NA,NA,31.4113888888889,68.5191974567522,0.56,1.24154811091845,0.258657407407407,0.214607793334227,NA,NA,NA,NA,523.225361111111,152.324341747611,3.02861111111111,1.20421255105118,NA,NA,NA,NA,NA,NA,NA,NA,NA,NA,NA,NA,NA,NA,NA,NA,NA,NA,NA,NA,NA,NA,NA,NA,NA,NA,NA,NA,NA,NA,NA,NA,2020,1970-01-01,NA,NA,NA,NA
"Laviska Shenault","CAR","WR","14838","weighted",NA,NA,NA,NA,NA,NA,38.6158915929204,15.6236718401033,0.0519041684154245,0.0817595647272572,0.497836283185841,0.258509486623574,NA,NA,NA,NA,382.911362831858,204.173247715614,1.85120353982301,1.39461259907318,NA,NA,NA,NA,NA,NA,NA,NA,NA,NA,NA,NA,NA,NA,NA,NA,NA,NA,NA,NA,NA,NA,NA,NA,NA,NA,NA,NA,NA,NA,NA,NA,2020,1970-01-01,NA,NA,NA,NA
"Sammy Watkins","GB","WR","11670","weighted",NA,NA,NA,NA,NA,NA,2.40120353982301,3.328561669925,0.00160176991150443,0.00343920856086885,0.888230088495575,0.104163615034281,NA,NA,NA,NA,534.005982300885,107.729397456378,3.59589380530973,1.02579369573653,NA,NA,NA,NA,NA,NA,NA,NA,NA,NA,NA,NA,NA,NA,NA,NA,NA,NA,NA,NA,NA,NA,NA,NA,NA,NA,NA,NA,NA,NA,NA,NA,2014,1993-06-14,NA,NA,NA,NA
"Braxton Berrios","NYJ","WR","13638","weighted",NA,NA,NA,NA,NA,NA,43.5033738938053,25.4571381549849,0.881272123893805,1.41528624796589,0.569628318584071,0.263510870848582,NA,NA,0.06,7.42071155330706e-18,440.639008849558,140.923900576859,2.53477876106195,1.25999600610614,NA,NA,NA,NA,NA,NA,NA,NA,NA,NA,NA,NA,NA,NA,NA,NA,NA,NA,NA,NA,NA,NA,NA,NA,NA,NA,NA,NA,NA,NA,NA,NA,2018,1995-10-06,NA,NA,NA,NA
"Cedrick Wilson","MIA","WR","13652","weighted",NA,NA,NA,NA,NA,NA,3.60465,3.05425533372267,0,0,0.5015,0.289433350803303,NA,NA,NA,NA,512.20764,96.2772001884777,3.43832,0.598771119886158,NA,NA,NA,NA,NA,NA,NA,NA,NA,NA,NA,NA,NA,NA,NA,NA,NA,NA,NA,NA,NA,NA,NA,NA,NA,NA,NA,NA,NA,NA,NA,NA,2018,NA,NA,NA,NA,NA
"Olamide Zaccheaus","ATL","WR","14592","weighted",NA,NA,NA,NA,NA,NA,3.25726714285714,3.20864686550877,0.00487285714285714,0.0110796545482685,0.0237666666666667,0.0162932937709636,NA,NA,NA,NA,453.18886,134.464470991513,2.2578,0.999455266195607,NA,NA,NA,NA,NA,NA,NA,NA,NA,NA,NA,NA,NA,NA,NA,NA,NA,NA,NA,NA,NA,NA,NA,NA,NA,NA,NA,NA,NA,NA,NA,NA,2019,1997-07-23,NA,NA,NA,NA
"Rondale Moore","ARI","WR","15283","weighted",NA,NA,NA,NA,NA,NA,76.3468163716814,32.4018063704811,0.442293191877147,0.44138926807662,0.396727876106195,0.302430988371851,NA,NA,NA,NA,520.05410619469,71.5646859174426,2.65536283185841,1.08823202689018,NA,NA,NA,NA,NA,NA,NA,NA,NA,NA,NA,NA,NA,NA,NA,NA,NA,NA,NA,NA,NA,NA,NA,NA,NA,NA,NA,NA,NA,NA,NA,NA,2021,1970-01-01,"O","Hamstring",2022,0
"Josh Palmer","LAC","WR","15319","weighted",NA,NA,NA,NA,NA,NA,4.98935532994924,4.33645726334572,0,0,0.0513807106598985,0.031899975380601,NA,NA,NA,NA,540.247796954315,90.5998348632263,3.90765482233503,0.990666864456658,NA,NA,NA,NA,NA,NA,NA,NA,NA,NA,NA,NA,NA,NA,NA,NA,NA,NA,NA,NA,NA,NA,NA,NA,NA,NA,NA,NA,NA,NA,NA,NA,2021,1999-09-22,NA,NA,NA,NA
"KJ Hamler","DEN","WR","14837","weighted",NA,NA,NA,NA,NA,NA,22.7837371428571,20.3587470887752,0.0698442857142857,0.158808381858516,0.313905,0.32992960258226,NA,NA,NA,NA,563.41872,44.3471426662854,3.49714,0.720852975098634,NA,NA,NA,NA,NA,NA,NA,NA,NA,NA,NA,NA,NA,NA,NA,NA,NA,NA,NA,NA,NA,NA,NA,NA,NA,NA,NA,NA,NA,NA,NA,NA,2020,1970-01-01,"Q","Knee - ACL",2022,0
"Darius Slayton","NYG","WR","14122","weighted",NA,NA,NA,NA,NA,NA,-7.95477855477856,6.91215381558964,0,0,0.812432012432012,0.164987685037374,NA,NA,NA,NA,422.530955710956,215.550520643965,2.06032634032634,1.70243602697016,NA,NA,NA,NA,NA,NA,NA,NA,NA,NA,NA,NA,NA,NA,NA,NA,NA,NA,NA,NA,NA,NA,NA,NA,NA,NA,NA,NA,NA,NA,NA,NA,2019,1997-01-12,NA,NA,NA,NA
"James Washington","DAL","WR","13631","weighted",NA,NA,NA,NA,NA,NA,2.47852193995381,3.11616112930505,0,0,0,0,NA,NA,NA,NA,380.276212471132,197.369894413891,2.38983833718245,1.74395783333946,NA,NA,NA,NA,NA,NA,NA,NA,NA,NA,NA,NA,NA,NA,NA,NA,NA,NA,NA,NA,NA,NA,NA,NA,NA,NA,NA,NA,NA,NA,NA,NA,2018,1996-04-02,"IR","Foot",2022,0
"Isaiah McKenzie","BUF","WR","13313","weighted",NA,NA,NA,NA,NA,NA,89.5255041518387,62.8894604019482,1.07653618030842,0.851874339081026,0.364223013048636,0.351140776910182,NA,NA,0.16,0,505.149371293001,88.0752759465852,4.28816132858837,1.30457961046394,NA,NA,NA,NA,NA,NA,NA,NA,NA,NA,NA,NA,NA,NA,NA,NA,NA,NA,NA,NA,NA,NA,NA,NA,NA,NA,NA,NA,NA,NA,NA,NA,2017,1995-04-09,NA,NA,NA,NA
"Byron Pringle","CHI","WR","13863","weighted",NA,NA,NA,NA,NA,NA,0.704030456852792,1.06548296129734,0,0,0.886497461928934,0.22774888597973,NA,NA,NA,NA,471.471634517767,98.3286235592543,2.61187817258883,0.537134006987558,NA,NA,NA,NA,NA,NA,NA,NA,NA,NA,NA,NA,NA,NA,NA,NA,NA,NA,NA,NA,NA,NA,NA,NA,NA,NA,NA,NA,NA,NA,NA,NA,2018,1970-01-01,NA,NA,NA,NA
"Deonte Harris","NO","WR","14558","weighted",NA,NA,NA,NA,NA,NA,34.4803278688525,21.0932246357151,0.0707650273224044,0.162734093471719,0.391393442622951,0.309472143442477,NA,NA,NA,NA,227.717759562842,222.824410204919,1.32743169398907,0.833288193477974,NA,NA,NA,NA,NA,NA,NA,NA,NA,NA,NA,NA,NA,NA,NA,NA,NA,NA,NA,NA,NA,NA,NA,NA,NA,NA,NA,NA,NA,NA,NA,NA,2019,1970-01-01,NA,NA,NA,NA
"Velus Jones","CHI","WR","15767","weighted",NA,NA,NA,NA,NA,NA,11.0979260333575,9.05067027367879,0.0112690355329949,0.0260848572750766,0.242412859560068,0.141998106587832,NA,NA,0.11,0,401.869563451777,174.353932154875,2.12911675126904,1.1364061158792,NA,NA,NA,NA,NA,NA,NA,NA,NA,NA,NA,NA,NA,NA,NA,NA,NA,NA,NA,NA,NA,NA,NA,NA,NA,NA,NA,NA,NA,NA,NA,NA,2022,1997-05-11,"D","Hamstring",2022,0
"Noah Brown","DAL","WR","13172","weighted",NA,NA,NA,NA,NA,NA,1.77956557377049,2.43753987133532,0,0,0.0403005464480874,0.0221101727631678,NA,NA,NA,NA,313.496775956284,172.998664110155,1.8572131147541,1.48025558553171,NA,NA,NA,NA,NA,NA,NA,NA,NA,NA,NA,NA,NA,NA,NA,NA,NA,NA,NA,NA,NA,NA,NA,NA,NA,NA,NA,NA,NA,NA,NA,NA,2017,NA,NA,NA,NA,NA
"Quintez Cephus","DET","WR","14850","weighted",NA,NA,NA,NA,NA,NA,0.115317919075145,0.256113610619558,0,0,0,0,NA,NA,NA,NA,378.306387283237,118.694697437499,2.55413294797688,1.01946053587737,NA,NA,NA,NA,NA,NA,NA,NA,NA,NA,NA,NA,NA,NA,NA,NA,NA,NA,NA,NA,NA,NA,NA,NA,NA,NA,NA,NA,NA,NA,NA,NA,2020,1970-01-01,NA,NA,NA,NA
"D'Wayne Eskridge","SEA","WR","15302","weighted",NA,NA,NA,NA,NA,NA,38.8179508196721,9.59295449308581,0.0848907103825137,0.124844375940319,0.0528688524590164,0.0351940407304114,NA,NA,NA,NA,349.005,164.687103476031,2.01472677595628,0.893137332775347,NA,NA,NA,NA,NA,NA,NA,NA,NA,NA,NA,NA,NA,NA,NA,NA,NA,NA,NA,NA,NA,NA,NA,NA,NA,NA,NA,NA,NA,NA,NA,NA,2021,1970-01-01,NA,NA,NA,NA
"Tre'Quan Smith","NO","WR","13645","weighted",NA,NA,NA,NA,NA,NA,0.697788697788698,1.16875120596443,0,0,0,0,NA,NA,NA,NA,377.721081081081,260.98018497777,3.07891891891892,2.29496086259107,NA,NA,NA,NA,NA,NA,NA,NA,NA,NA,NA,NA,NA,NA,NA,NA,NA,NA,NA,NA,NA,NA,NA,NA,NA,NA,NA,NA,NA,NA,NA,NA,2018,NA,"O","Shoulder",2022,0
"Nelson Agholor","NE","WR","12181","weighted",NA,NA,NA,NA,NA,NA,10.8515393386545,10.2008072991724,0.0015963511972634,0.00401293003555705,0.0157069555302166,0.013741153670473,NA,NA,NA,NA,426.814047890536,58.048239994787,2.26025085518814,0.969444256960609,NA,NA,NA,NA,NA,NA,NA,NA,NA,NA,NA,NA,NA,NA,NA,NA,NA,NA,NA,NA,NA,NA,NA,NA,NA,NA,NA,NA,NA,NA,NA,NA,2015,1993-05-24,NA,NA,NA,NA
"Nick Westbrook-Ikhine","TEN","WR","15109","weighted",NA,NA,NA,NA,NA,NA,0.508555682250095,0.769873871844684,0,0,0.865450399087799,0.102816017091612,NA,NA,NA,NA,466.045176738883,51.4446732809578,3.33993158494869,0.859055385393733,NA,NA,NA,NA,NA,NA,NA,NA,NA,NA,NA,NA,NA,NA,NA,NA,NA,NA,NA,NA,NA,NA,NA,NA,NA,NA,NA,NA,NA,NA,NA,NA,2020,1997-03-21,NA,NA,NA,NA
"Mack Hollins","LVR","WR","13289","weighted",NA,NA,NA,NA,NA,NA,1.36272139870772,2.30454515012994,0,0,0.412010642341315,0.32135901826266,NA,NA,NA,NA,324.725427594071,110.01539273454,2.8211858608894,2.11859468275478,NA,NA,NA,NA,NA,NA,NA,NA,NA,NA,NA,NA,NA,NA,NA,NA,NA,NA,NA,NA,NA,NA,NA,NA,NA,NA,NA,NA,NA,NA,NA,NA,2017,1993-09-16,NA,NA,NA,NA
"Kyle Philips","TEN","WR","15901","weighted",NA,NA,NA,NA,NA,NA,2.50168863955119,2.69848027648054,0.00721178120617111,0.0128867169407708,0.0241280972417017,0.0176982778223675,NA,NA,NA,NA,248.235343618513,165.703726553939,1.35820476858345,1.10850007823223,NA,NA,NA,NA,NA,NA,NA,NA,NA,NA,NA,NA,NA,NA,NA,NA,NA,NA,NA,NA,NA,NA,NA,NA,NA,NA,NA,NA,NA,NA,NA,NA,2022,1999-06-17,NA,NA,NA,NA
"Devin Duvernay","BAL","WR","14847","weighted",NA,NA,NA,NA,NA,NA,22.5027322404372,27.165856432524,0.00382513661202186,0.00879643748495777,0.0489071038251366,0.0351976880595913,NA,NA,0.97,0,432.24606557377,65.3888788867273,2.56601092896175,0.768434129709735,NA,NA,NA,NA,NA,NA,NA,NA,NA,NA,NA,NA,NA,NA,NA,NA,NA,NA,NA,NA,NA,NA,NA,NA,NA,NA,NA,NA,NA,NA,NA,NA,2020,1997-09-12,NA,NA,NA,NA
"Jalen Guyton","LAC","WR","14337","weighted",NA,NA,NA,NA,NA,NA,25.478677309008,16.5221914912341,0.00266058532877233,0.00668821672592842,0.312200684150513,0.360325313681957,NA,NA,0.1,0,325.480615735462,115.052124341345,2.13548460661345,0.577621020831713,NA,NA,NA,NA,NA,NA,NA,NA,NA,NA,NA,NA,NA,NA,NA,NA,NA,NA,NA,NA,NA,NA,NA,NA,NA,NA,NA,NA,NA,NA,NA,NA,2019,NA,NA,NA,NA,NA
"Kalif Raymond","DET","WR","13066","weighted",NA,NA,NA,NA,NA,NA,12.1206385404789,9.90625811784955,0.0303306727480046,0.076245670675584,0.312200684150513,0.360325313681957,NA,NA,0.09,0,239.714458380844,168.560520599108,1.57865450399088,1.02135140774458,NA,NA,NA,NA,NA,NA,NA,NA,NA,NA,NA,NA,NA,NA,NA,NA,NA,NA,NA,NA,NA,NA,NA,NA,NA,NA,NA,NA,NA,NA,NA,NA,2016,1994-08-08,NA,NA,NA,NA
"Phillip Dorsett","HOU","WR","12188","weighted",NA,NA,NA,NA,NA,NA,4.10001912568306,7.45668529759126,0.0421475409836066,0.0766535324709552,0.0244535519125683,0.0175988440297956,NA,NA,NA,NA,297.599781420765,118.000214828293,1.49084699453552,0.834219849955949,NA,NA,NA,NA,NA,NA,NA,NA,NA,NA,NA,NA,NA,NA,NA,NA,NA,NA,NA,NA,NA,NA,NA,NA,NA,NA,NA,NA,NA,NA,NA,NA,2015,1993-01-05,NA,NA,NA,NA
"Jamison Crowder","BUF","WR","12184","weighted",NA,NA,NA,NA,NA,NA,4.62486338797814,6.77550816284996,0.0202868852459016,0.0274564769980746,0.459699453551913,0.0221101727631678,NA,NA,NA,NA,349.763169398907,97.7015203150103,2.11642076502732,1.24636717309845,NA,NA,NA,NA,NA,NA,NA,NA,NA,NA,NA,NA,NA,NA,NA,NA,NA,NA,NA,NA,NA,NA,NA,NA,NA,NA,NA,NA,NA,NA,NA,NA,2015,1993-06-17,NA,NA,NA,NA
"Keelan Cole","FA","WR","13412","weighted",NA,NA,NA,NA,NA,NA,3.93,NA,0,NA,0,NA,NA,NA,NA,NA,314.82,NA,1.96,NA,NA,NA,NA,NA,NA,NA,NA,NA,NA,NA,NA,NA,NA,NA,NA,NA,NA,NA,NA,NA,NA,NA,NA,NA,NA,NA,NA,NA,NA,NA,NA,NA,2017,1993-04-20,NA,NA,NA,NA
"Jauan Jennings","SF","WR","14860","weighted",NA,NA,NA,NA,NA,NA,0.175614754098361,0.31938971862898,0,0,0.33879781420765,0.0884406910526713,NA,NA,NA,NA,336.214480874317,66.9727767688312,2.53674863387978,1.30072307648452,NA,NA,NA,NA,NA,NA,NA,NA,NA,NA,NA,NA,NA,NA,NA,NA,NA,NA,NA,NA,NA,NA,NA,NA,NA,NA,NA,NA,NA,NA,NA,NA,2020,1997-07-10,NA,NA,NA,NA
"Freddie Swain","FA","WR","14865","weighted",NA,NA,NA,NA,NA,NA,8.47,NA,0.02,NA,0.01,NA,NA,NA,0.1,NA,394.56,NA,2.76,NA,NA,NA,NA,NA,NA,NA,NA,NA,NA,NA,NA,NA,NA,NA,NA,NA,NA,NA,NA,NA,NA,NA,NA,NA,NA,NA,NA,NA,NA,NA,NA,NA,2020,1970-01-01,NA,NA,NA,NA
"Demarcus Robinson","BAL","WR","12785","weighted",NA,NA,NA,NA,NA,NA,0.209793459552496,0.316803582695237,0,0,0,0,NA,NA,NA,NA,177.706815834768,141.538389575561,1.33297762478485,0.656040887434249,NA,NA,NA,NA,NA,NA,NA,NA,NA,NA,NA,NA,NA,NA,NA,NA,NA,NA,NA,NA,NA,NA,NA,NA,NA,NA,NA,NA,NA,NA,NA,NA,2016,1994-09-21,NA,NA,NA,NA
"Miles Boykin","PIT","WR","14125","weighted",NA,NA,NA,NA,NA,NA,2.11750339213026,3.8434192651092,0,0,0.158480325644505,0.143931130178007,NA,NA,NA,NA,165.087001356852,129.013045682506,1.09204884667571,1.66326914925296,NA,NA,NA,NA,NA,NA,NA,NA,NA,NA,NA,NA,NA,NA,NA,NA,NA,NA,NA,NA,NA,NA,NA,NA,NA,NA,NA,NA,NA,NA,NA,NA,2019,1970-01-01,NA,NA,NA,NA
"Laquon Treadwell","FA","WR","12645","weighted",NA,NA,NA,NA,NA,NA,1.25,NA,0,NA,0,NA,NA,NA,NA,NA,372.3,NA,2.22,NA,NA,NA,NA,NA,NA,NA,NA,NA,NA,NA,NA,NA,NA,NA,NA,NA,NA,NA,NA,NA,NA,NA,NA,NA,NA,NA,NA,NA,NA,NA,NA,NA,2016,1995-06-14,NA,NA,NA,NA
"Equanimeous St. Brown","CHI","WR","13637","weighted",NA,NA,NA,NA,NA,NA,13.0540409836066,14.0186852230843,0.0327814207650273,0.0596194141440763,0.0323770491803279,0.0186536815734966,NA,NA,NA,NA,259.300355191257,81.1799268112095,1.04825136612022,0.726967470830206,NA,NA,NA,NA,NA,NA,NA,NA,NA,NA,NA,NA,NA,NA,NA,NA,NA,NA,NA,NA,NA,NA,NA,NA,NA,NA,NA,NA,NA,NA,NA,NA,2018,1996-09-30,NA,NA,NA,NA
"Tyler Johnson","FA","WR","14864","weighted",NA,NA,NA,NA,NA,NA,0.208396174863388,0.379009132773056,0,0,0.0403005464480874,0.0221101727631678,NA,NA,NA,NA,256.477076502732,65.9650746659029,1.18674863387978,0.774977290816861,NA,NA,NA,NA,NA,NA,NA,NA,NA,NA,NA,NA,NA,NA,NA,NA,NA,NA,NA,NA,NA,NA,NA,NA,NA,NA,NA,NA,NA,NA,NA,NA,2020,1970-01-01,NA,NA,NA,NA
"Anthony Schwartz","CLE","WR","15296","weighted",NA,NA,NA,NA,NA,NA,13.2762295081967,16.5330257542274,0.00382513661202186,0.00879643748495777,0.0363387978142077,0.0201389514533986,NA,NA,NA,NA,154.531584699454,144.419927260168,0.861666666666667,0.731443936558363,NA,NA,NA,NA,NA,NA,NA,NA,NA,NA,NA,NA,NA,NA,NA,NA,NA,NA,NA,NA,NA,NA,NA,NA,NA,NA,NA,NA,NA,NA,NA,NA,2021,1970-01-01,NA,NA,NA,NA
"Chris Moore","HOU","WR","12773","weighted",NA,NA,NA,NA,NA,NA,0.660589500860585,0.506596578790546,0,0,0.286660929432014,0.0744596797250221,NA,NA,NA,NA,247.234182444062,110.870465988599,1.18440619621343,0.599406870261553,NA,NA,NA,NA,NA,NA,NA,NA,NA,NA,NA,NA,NA,NA,NA,NA,NA,NA,NA,NA,NA,NA,NA,NA,NA,NA,NA,NA,NA,NA,NA,NA,2016,1993-06-16,NA,NA,NA,NA
"Cam Sims","WAS","WR","13895","weighted",NA,NA,NA,NA,NA,NA,2.91556603773585,3.65341040439456,0,0,0,0,NA,NA,NA,NA,250.353254716981,87.4777414356502,1.41127358490566,0.512271449443254,NA,NA,NA,NA,NA,NA,NA,NA,NA,NA,NA,NA,NA,NA,NA,NA,NA,NA,NA,NA,NA,NA,NA,NA,NA,NA,NA,NA,NA,NA,NA,NA,2018,1970-01-01,NA,NA,NA,NA
"Richie James","NYG","WR","13724","weighted",NA,NA,NA,NA,NA,NA,0.7,0.997020561473032,0,0,0,0,NA,NA,NA,NA,195.671276595745,213.107841714002,1.02390070921986,1.21622366364086,NA,NA,NA,NA,NA,NA,NA,NA,NA,NA,NA,NA,NA,NA,NA,NA,NA,NA,NA,NA,NA,NA,NA,NA,NA,NA,NA,NA,NA,NA,NA,NA,2018,1995-04-05,NA,NA,NA,NA
"Rashard Higgins","CAR","WR","12656","weighted",NA,NA,NA,NA,NA,NA,0.320408163265306,0.528092396221881,0,0,0.0678004535147392,0.0572582637872458,NA,NA,NA,NA,243.900453514739,68.5849825602157,0.916281179138322,0.858964850290795,NA,NA,NA,NA,NA,NA,NA,NA,NA,NA,NA,NA,NA,NA,NA,NA,NA,NA,NA,NA,NA,NA,NA,NA,NA,NA,NA,NA,NA,NA,NA,NA,2016,1994-10-07,NA,NA,NA,NA
"Jamal Agnew","JAC","WR","13308","weighted",NA,NA,NA,NA,NA,NA,59.7226850258176,14.9350785519042,0.375215146299484,0.331973779296028,0.0377796901893287,0.024819893241674,NA,NA,1.16,0,218.928364888124,65.7997273537282,0.727022375215146,0.424601187345523,NA,NA,NA,NA,NA,NA,NA,NA,NA,NA,NA,NA,NA,NA,NA,NA,NA,NA,NA,NA,NA,NA,NA,NA,NA,NA,NA,NA,NA,NA,NA,NA,2017,NA,NA,NA,NA,NA
"James Proche","BAL","WR","14848","weighted",NA,NA,NA,NA,NA,NA,8.08414754098361,13.9743673319184,0,0,0.458196721311475,0.132661036579007,NA,NA,NA,NA,272.18606557377,26.4838254643588,1.4766393442623,0.500823411843233,NA,NA,NA,NA,NA,NA,NA,NA,NA,NA,NA,NA,NA,NA,NA,NA,NA,NA,NA,NA,NA,NA,NA,NA,NA,NA,NA,NA,NA,NA,NA,NA,2020,1970-01-01,NA,NA,NA,NA
"Lynn Bowden","FA","WR","14843","weighted",NA,NA,NA,NA,NA,NA,36.8,NA,0.03,NA,0.03,NA,NA,NA,NA,NA,302.12,NA,1.47,NA,NA,NA,NA,NA,NA,NA,NA,NA,NA,NA,NA,NA,NA,NA,NA,NA,NA,NA,NA,NA,NA,NA,NA,NA,NA,NA,NA,NA,NA,NA,NA,NA,2020,1970-01-01,NA,NA,NA,NA
"Chris Conley","FA","WR","12257","weighted",NA,NA,NA,NA,NA,NA,5.18,NA,0.02,NA,0,NA,NA,NA,NA,NA,169.39,NA,1.03,NA,NA,NA,NA,NA,NA,NA,NA,NA,NA,NA,NA,NA,NA,NA,NA,NA,NA,NA,NA,NA,NA,NA,NA,NA,NA,NA,NA,NA,NA,NA,NA,NA,2015,1992-10-25,NA,NA,NA,NA
"Chris Conley","FA","WR","12257","weighted",NA,NA,NA,NA,NA,NA,5.18,NA,0.02,NA,0,NA,NA,NA,NA,NA,169.39,NA,1.03,NA,NA,NA,NA,NA,NA,NA,NA,NA,NA,NA,NA,NA,NA,NA,NA,NA,NA,NA,NA,NA,NA,NA,NA,NA,NA,NA,NA,NA,NA,NA,NA,NA,2015,1992-10-25,NA,NA,NA,NA
"Ray-Ray McCloud","SF","WR","13641","weighted",NA,NA,NA,NA,NA,NA,4.80626086956522,6.10020092706514,0.0194782608695652,0.039651888267758,0.212539130434783,0.204372932590311,NA,NA,0.12,0,157.703686956522,90.5572174993409,0.677739130434783,0.48349845363901,NA,NA,NA,NA,NA,NA,NA,NA,NA,NA,NA,NA,NA,NA,NA,NA,NA,NA,NA,NA,NA,NA,NA,NA,NA,NA,NA,NA,NA,NA,NA,NA,2018,1996-10-15,NA,NA,NA,NA
"Simi Fehoko","DAL","WR","15303","weighted",NA,NA,NA,NA,NA,NA,-0.244932432432432,0.372726785689519,0,0,0.0380067567567568,0.0246605052173737,NA,NA,NA,NA,129.017364864865,124.391760422406,0.819054054054054,0.931043055711654,NA,NA,NA,NA,NA,NA,NA,NA,NA,NA,NA,NA,NA,NA,NA,NA,NA,NA,NA,NA,NA,NA,NA,NA,NA,NA,NA,NA,NA,NA,NA,NA,2021,1997-11-05,NA,NA,NA,NA
"Amari Rodgers","GB","WR","15297","weighted",NA,NA,NA,NA,NA,NA,1.23555743243243,1.45508072386928,0,0,0.338006756756757,0.0246605052173737,NA,NA,NA,NA,103.183209459459,46.6076378966319,0.743344594594595,0.483426978754434,NA,NA,NA,NA,NA,NA,NA,NA,NA,NA,NA,NA,NA,NA,NA,NA,NA,NA,NA,NA,NA,NA,NA,NA,NA,NA,NA,NA,NA,NA,NA,NA,2021,1970-01-01,NA,NA,NA,NA
"Breshad Perriman","TB","WR","12197","weighted",NA,NA,NA,NA,NA,NA,0.306165540540541,0.465908482111899,0,0,0,0,NA,NA,NA,NA,149.499358108108,94.0175285467379,0.668986486486487,0.407776034136915,NA,NA,NA,NA,NA,NA,NA,NA,NA,NA,NA,NA,NA,NA,NA,NA,NA,NA,NA,NA,NA,NA,NA,NA,NA,NA,NA,NA,NA,NA,NA,NA,2015,1993-09-10,NA,NA,NA,NA
"Tylan Wallace","BAL","WR","15285","weighted",NA,NA,NA,NA,NA,NA,0,0,0,0,0,0,NA,NA,NA,NA,161.924229885057,98.4355740578074,0.960827586206897,0.931081904836257,NA,NA,NA,NA,NA,NA,NA,NA,NA,NA,NA,NA,NA,NA,NA,NA,NA,NA,NA,NA,NA,NA,NA,NA,NA,NA,NA,NA,NA,NA,NA,NA,2021,1999-05-13,NA,NA,NA,NA
"Ben Skowronek","LAR","WR","15491","weighted",NA,NA,NA,NA,NA,NA,1.53682513661202,1.84544600588434,0.00468306010928962,0.00851705916343947,0,0,NA,NA,NA,NA,225.67956284153,41.3750730658824,1.52491803278689,0.866491588175432,NA,NA,NA,NA,NA,NA,NA,NA,NA,NA,NA,NA,NA,NA,NA,NA,NA,NA,NA,NA,NA,NA,NA,NA,NA,NA,NA,NA,NA,NA,NA,NA,2021,1997-06-27,NA,NA,NA,NA
"Shi Smith","CAR","WR","15298","weighted",NA,NA,NA,NA,NA,NA,0,0,0,0,0.1,1.9650899516169e-17,NA,NA,NA,NA,178.988494983278,131.041028689491,0.748294314381271,0.37476659402887,NA,NA,NA,NA,NA,NA,NA,NA,NA,NA,NA,NA,NA,NA,NA,NA,NA,NA,NA,NA,NA,NA,NA,NA,NA,NA,NA,NA,NA,NA,NA,NA,2021,1970-01-01,NA,NA,NA,NA
"Zach Pascal","PHI","WR","13488","weighted",NA,NA,NA,NA,NA,NA,5.96304371584699,6.43974815579099,0.0140491803278689,0.0255511774903184,0.00396174863387978,0.00358223705091151,NA,NA,NA,NA,182.992431693989,68.665581315077,1.06513661202186,0.551921952956337,NA,NA,NA,NA,NA,NA,NA,NA,NA,NA,NA,NA,NA,NA,NA,NA,NA,NA,NA,NA,NA,NA,NA,NA,NA,NA,NA,NA,NA,NA,NA,NA,2017,1994-12-18,NA,NA,NA,NA
"Damiere Byrd","ATL","WR","12464","weighted",NA,NA,NA,NA,NA,NA,0.264150943396226,0.460784412585231,0,0,0.533962264150943,0.231213571487079,NA,NA,NA,NA,222.627028301887,23.8450856810673,0.851320754716981,0.739883428758652,NA,NA,NA,NA,NA,NA,NA,NA,NA,NA,NA,NA,NA,NA,NA,NA,NA,NA,NA,NA,NA,NA,NA,NA,NA,NA,NA,NA,NA,NA,NA,NA,NA,NA,NA,NA,NA,NA
"Jalen Reagor","PHI","WR","14839","weighted",NA,NA,NA,NA,NA,NA,12.4661202185792,12.9428755266056,0.0114754098360656,0.0263893124548733,0.0284153005464481,0.0177765899830737,NA,NA,NA,NA,179.261584699454,34.3161985758308,1.00426229508197,0.345780393343622,NA,NA,NA,NA,NA,NA,NA,NA,NA,NA,NA,NA,NA,NA,NA,NA,NA,NA,NA,NA,NA,NA,NA,NA,NA,NA,NA,NA,NA,NA,NA,NA,2020,1999-01-02,NA,NA,NA,NA
"Denzel Mims","NYJ","WR","14846","weighted",NA,NA,NA,NA,NA,NA,0,0,0,0,0,0,NA,NA,NA,NA,175.525,57.240293937051,0.35,0.494974746830583,NA,NA,NA,NA,NA,NA,NA,NA,NA,NA,NA,NA,NA,NA,NA,NA,NA,NA,NA,NA,NA,NA,NA,NA,NA,NA,NA,NA,NA,NA,NA,NA,2020,1970-01-01,NA,NA,NA,NA
"Antoine Wesley","ARI","WR","14130","weighted",NA,NA,NA,NA,NA,NA,0.652873563218391,1.14883411327303,0,0,0.13264367816092,0.0574417056636513,NA,NA,NA,NA,139.343862068966,64.1789012201387,1.12188505747126,0.785630592535657,NA,NA,NA,NA,NA,NA,NA,NA,NA,NA,NA,NA,NA,NA,NA,NA,NA,NA,NA,NA,NA,NA,NA,NA,NA,NA,NA,NA,NA,NA,NA,NA,2019,1970-01-01,"IR","Hip",2022,0
"Tyrie Cleveland","DEN","WR","15027","weighted",NA,NA,NA,NA,NA,NA,0,0,0,0,0.1,1.9650899516169e-17,NA,NA,NA,NA,130.163879598662,117.379725676967,1.21163879598662,1.17379725676967,NA,NA,NA,NA,NA,NA,NA,NA,NA,NA,NA,NA,NA,NA,NA,NA,NA,NA,NA,NA,NA,NA,NA,NA,NA,NA,NA,NA,NA,NA,NA,NA,2020,1970-01-01,NA,NA,NA,NA
"Dez Fitzpatrick","FA","WR","15407","weighted",NA,NA,NA,NA,NA,NA,2.36,NA,0,NA,0,NA,NA,NA,NA,NA,139.62,NA,0.83,NA,NA,NA,NA,NA,NA,NA,NA,NA,NA,NA,NA,NA,NA,NA,NA,NA,NA,NA,NA,NA,NA,NA,NA,NA,NA,NA,NA,NA,NA,NA,NA,NA,2021,1970-01-01,NA,NA,NA,NA
"Marquise Goodwin","SEA","WR","11239","weighted",NA,NA,NA,NA,NA,NA,6.40464480874317,8.34164477008579,0,0,0.0403005464480874,0.0221101727631678,NA,NA,NA,NA,182.424234972678,18.6639223101548,0.838633879781421,0.463111765798024,NA,NA,NA,NA,NA,NA,NA,NA,NA,NA,NA,NA,NA,NA,NA,NA,NA,NA,NA,NA,NA,NA,NA,NA,NA,NA,NA,NA,NA,NA,NA,NA,2013,1990-11-19,NA,NA,NA,NA
"Tutu Atwell","LAR","WR","15301","weighted",NA,NA,NA,NA,NA,NA,0,0,0,0,0.2,0,NA,NA,NA,NA,151.2532,79.5049385284148,1.16271111111111,0.805565825243641,NA,NA,NA,NA,NA,NA,NA,NA,NA,NA,NA,NA,NA,NA,NA,NA,NA,NA,NA,NA,NA,NA,NA,NA,NA,NA,NA,NA,NA,NA,NA,NA,2021,1999-10-07,NA,NA,NA,NA
"Trent Sherfield","MIA","WR","13893","weighted",NA,NA,NA,NA,NA,NA,0,0,0,0,0.0380067567567568,0.0246605052173737,NA,NA,NA,NA,142.633040540541,70.2550610902538,0.8225,0.237493170154694,NA,NA,NA,NA,NA,NA,NA,NA,NA,NA,NA,NA,NA,NA,NA,NA,NA,NA,NA,NA,NA,NA,NA,NA,NA,NA,NA,NA,NA,NA,NA,NA,2018,1996-02-26,NA,NA,NA,NA
"Tyquan Thornton","NE","WR","15787","weighted",NA,NA,NA,NA,NA,NA,0.737458193979933,0.353553390593274,0,0,0.0262541806020067,0.0353553390593274,NA,NA,NA,NA,103.391304347826,137.885822331377,0.525083612040134,0.707106781186548,NA,NA,NA,NA,NA,NA,NA,NA,NA,NA,NA,NA,NA,NA,NA,NA,NA,NA,NA,NA,NA,NA,NA,NA,NA,NA,NA,NA,NA,NA,NA,NA,2022,2000-08-07,"IR","Collarbone",2022,0
"Ty Montgomery","NE","WR","12261","weighted",NA,NA,NA,NA,NA,NA,170.45,NA,1.39,NA,0,NA,NA,NA,NA,NA,188.08,NA,1.33,NA,NA,NA,NA,NA,NA,NA,NA,NA,NA,NA,NA,NA,NA,NA,NA,NA,NA,NA,NA,NA,NA,NA,NA,NA,NA,NA,NA,NA,NA,NA,NA,NA,2015,1993-01-22,"Q","Knee",2022,0
"Khalil Shakir","BUF","WR","15761","weighted",NA,NA,NA,NA,NA,NA,9.10222222222222,9.93147943488533,0,0,0,0,NA,NA,NA,NA,114.1,60.651364616898,1.06311111111111,0.113884885136512,NA,NA,NA,NA,NA,NA,NA,NA,NA,NA,NA,NA,NA,NA,NA,NA,NA,NA,NA,NA,NA,NA,NA,NA,NA,NA,NA,NA,NA,NA,NA,NA,2022,2000-02-03,"O","Coach's Decision",2022,0
"Jeff Smith","NYJ","WR","14561","weighted",NA,NA,NA,NA,NA,NA,-0.15,0.212132034355964,0,0,0,0,NA,NA,NA,NA,128.04,80.5536045127715,0.34,0.0565685424949238,NA,NA,NA,NA,NA,NA,NA,NA,NA,NA,NA,NA,NA,NA,NA,NA,NA,NA,NA,NA,NA,NA,NA,NA,NA,NA,NA,NA,NA,NA,NA,NA,2019,1970-01-01,NA,NA,NA,NA
"Keke Coutee","IND","WR","13662","weighted",NA,NA,NA,NA,NA,NA,1.34,NA,0,NA,0,NA,NA,NA,NA,NA,184.26,NA,1.08,NA,NA,NA,NA,NA,NA,NA,NA,NA,NA,NA,NA,NA,NA,NA,NA,NA,NA,NA,NA,NA,NA,NA,NA,NA,NA,NA,NA,NA,NA,NA,NA,NA,2018,1997-01-14,NA,NA,NA,NA
"Montrell Washington","DEN","WR","15900","weighted",NA,NA,NA,NA,NA,NA,6.57665907365224,4.64185962304399,0.030668185269552,0.0350267223486033,0.402786636294609,0.446459371411794,NA,NA,0.1,0,131.146241457859,58.9236048719137,0.702050113895216,0.596298398793259,NA,NA,NA,NA,NA,NA,NA,NA,NA,NA,NA,NA,NA,NA,NA,NA,NA,NA,NA,NA,NA,NA,NA,NA,NA,NA,NA,NA,NA,NA,NA,NA,2022,1998-03-14,NA,NA,NA,NA
"Tyron Johnson","LVR","WR","14117","weighted",NA,NA,NA,NA,NA,NA,0,0,0,0,0.496598639455782,0.171774791361737,NA,NA,NA,NA,130.311882086168,70.7268974826546,0.465487528344671,0.514913976804643,NA,NA,NA,NA,NA,NA,NA,NA,NA,NA,NA,NA,NA,NA,NA,NA,NA,NA,NA,NA,NA,NA,NA,NA,NA,NA,NA,NA,NA,NA,NA,NA,2019,1970-01-01,NA,NA,NA,NA
"DJ Turner","LVR","WR","15995","weighted",NA,NA,NA,NA,NA,NA,2.86966590736522,3.27750044833359,0.00438116932422172,0.00500381747837189,0.00438116932422172,0.00500381747837189,NA,NA,NA,NA,106.717539863326,88.4249434239281,0.714806378132118,0.608750297146507,NA,NA,NA,NA,NA,NA,NA,NA,NA,NA,NA,NA,NA,NA,NA,NA,NA,NA,NA,NA,NA,NA,NA,NA,NA,NA,NA,NA,NA,NA,NA,NA,2021,1997-01-18,NA,NA,NA,NA
"Dyami Brown","WAS","WR","15292","weighted",NA,NA,NA,NA,NA,NA,-1.36606198034769,1.55414893064837,0,0,0,0,NA,NA,NA,NA,151.546893424036,32.7941136188836,0.687664399092971,0.580937215407667,NA,NA,NA,NA,NA,NA,NA,NA,NA,NA,NA,NA,NA,NA,NA,NA,NA,NA,NA,NA,NA,NA,NA,NA,NA,NA,NA,NA,NA,NA,NA,NA,2021,1999-11-01,NA,NA,NA,NA
"Danny Gray","SF","WR","15782","weighted",NA,NA,NA,NA,NA,NA,5.1788914198937,3.99649514956283,0.0262870159453303,0.0300229048702314,0.00438116932422172,0.00500381747837189,NA,NA,NA,NA,105.328018223235,67.775443486431,0.670159453302961,0.568002084329341,NA,NA,NA,NA,NA,NA,NA,NA,NA,NA,NA,NA,NA,NA,NA,NA,NA,NA,NA,NA,NA,NA,NA,NA,NA,NA,NA,NA,NA,NA,NA,NA,2022,1999-04-01,NA,NA,NA,NA
"Anthony Miller","PIT","WR","13639","weighted",NA,NA,NA,NA,NA,NA,9.3,NA,0.06,NA,0.01,NA,NA,NA,NA,NA,171.71,NA,0.8,NA,NA,NA,NA,NA,NA,NA,NA,NA,NA,NA,NA,NA,NA,NA,NA,NA,NA,NA,NA,NA,NA,NA,NA,NA,NA,NA,NA,NA,NA,NA,NA,NA,2018,1994-10-09,"IR","Shoulder",2022,0
"Cody Hollister","FA","WR","13851","weighted",NA,NA,NA,NA,NA,NA,0,NA,0,NA,0,NA,NA,NA,NA,NA,171.23,NA,1.18,NA,NA,NA,NA,NA,NA,NA,NA,NA,NA,NA,NA,NA,NA,NA,NA,NA,NA,NA,NA,NA,NA,NA,NA,NA,NA,NA,NA,NA,NA,NA,NA,NA,2017,1993-11-18,NA,NA,NA,NA
"Calvin Austin III","PIT","WR","15777","weighted",NA,NA,NA,NA,NA,NA,4.29643097643098,2.06475180106472,0.0220707070707071,0.0106066017177982,0.0337878787878788,0.0318198051533946,NA,NA,NA,NA,158.83367003367,18.2504260224248,0.967003367003367,0.0494974746830583,NA,NA,NA,NA,NA,NA,NA,NA,NA,NA,NA,NA,NA,NA,NA,NA,NA,NA,NA,NA,NA,NA,NA,NA,NA,NA,NA,NA,NA,NA,NA,NA,2022,1999-03-24,"IR","Foot",2022,0
"KhaDarel Hodge","ATL","WR","13963","weighted",NA,NA,NA,NA,NA,NA,0.212878657487091,0.321462458911344,0,0,0,0,NA,NA,NA,NA,91.9599655765921,63.0039464460804,0.591876075731497,0.495936236992347,NA,NA,NA,NA,NA,NA,NA,NA,NA,NA,NA,NA,NA,NA,NA,NA,NA,NA,NA,NA,NA,NA,NA,NA,NA,NA,NA,NA,NA,NA,NA,NA,2018,1994-01-03,NA,NA,NA,NA
"Penny Hart","SEA","WR","14316","weighted",NA,NA,NA,NA,NA,NA,0,0,0,0,0,0,NA,NA,NA,NA,109.635,85.7508393544926,0.47,0.664680374315355,NA,NA,NA,NA,NA,NA,NA,NA,NA,NA,NA,NA,NA,NA,NA,NA,NA,NA,NA,NA,NA,NA,NA,NA,NA,NA,NA,NA,NA,NA,NA,NA,2019,1970-01-01,NA,NA,NA,NA
"Andy Isabella","ARI","WR","14121","weighted",NA,NA,NA,NA,NA,NA,4,5.65685424949238,0,0,0.075,0.0353553390593274,NA,NA,NA,NA,118.1,66.3266160752981,0.66,0.339411254969543,NA,NA,NA,NA,NA,NA,NA,NA,NA,NA,NA,NA,NA,NA,NA,NA,NA,NA,NA,NA,NA,NA,NA,NA,NA,NA,NA,NA,NA,NA,NA,NA,2019,NA,NA,NA,NA,NA
"DeAndre Carter","LAC","WR","12394","weighted",NA,NA,NA,NA,NA,NA,20.27059712774,23.0615647773629,0,0,0.0339002267573696,0.0286291318936229,NA,NA,NA,NA,111.755192743764,44.7321322703953,0.948480725623583,0.279328769380293,NA,NA,NA,NA,NA,NA,NA,NA,NA,NA,NA,NA,NA,NA,NA,NA,NA,NA,NA,NA,NA,NA,NA,NA,NA,NA,NA,NA,NA,NA,NA,NA,2015,1993-04-10,NA,NA,NA,NA
"Ashton Dulin","IND","WR","14315","weighted",NA,NA,NA,NA,NA,NA,7.93074324324324,14.6277159713217,0,0,0.0380067567567568,0.0246605052173737,NA,NA,NA,NA,125.906283783784,41.3433217184781,0.721756756756757,0.474257413978781,NA,NA,NA,NA,NA,NA,NA,NA,NA,NA,NA,NA,NA,NA,NA,NA,NA,NA,NA,NA,NA,NA,NA,NA,NA,NA,NA,NA,NA,NA,NA,NA,2019,1997-05-15,NA,NA,NA,NA
"Dareke Young","SEA","WR","15941","weighted",NA,NA,NA,NA,NA,NA,2.02410022779043,2.31176367500781,0,0,0.00438116932422172,0.00500381747837189,NA,NA,NA,NA,101.410933940774,79.6086449696164,0.590432801822323,0.518468302360949,NA,NA,NA,NA,NA,NA,NA,NA,NA,NA,NA,NA,NA,NA,NA,NA,NA,NA,NA,NA,NA,NA,NA,NA,NA,NA,NA,NA,NA,NA,NA,NA,2022,1999-06-04,NA,NA,NA,NA
"Bo Melton","FA","WR","15785","weighted",NA,NA,NA,NA,NA,NA,5.14,NA,0,NA,0.01,NA,NA,NA,NA,NA,155.53,NA,0.91,NA,NA,NA,NA,NA,NA,NA,NA,NA,NA,NA,NA,NA,NA,NA,NA,NA,NA,NA,NA,NA,NA,NA,NA,NA,NA,NA,NA,NA,NA,NA,NA,NA,2022,1999-05-18,NA,NA,NA,NA
"Erik Ezukanma","MIA","WR","15780","weighted",NA,NA,NA,NA,NA,NA,7.85,NA,0.01,NA,0.01,NA,NA,NA,NA,NA,142.08,NA,0.83,NA,NA,NA,NA,NA,NA,NA,NA,NA,NA,NA,NA,NA,NA,NA,NA,NA,NA,NA,NA,NA,NA,NA,NA,NA,NA,NA,NA,NA,NA,NA,NA,NA,2022,2000-01-25,NA,NA,NA,NA
"Justin Watson","KC","WR","13776","weighted",NA,NA,NA,NA,NA,NA,0,0,0,0,0.0262541806020067,0.0353553390593274,NA,NA,NA,NA,73.3110367892977,93.3380951166243,1.05016722408027,1.4142135623731,NA,NA,NA,NA,NA,NA,NA,NA,NA,NA,NA,NA,NA,NA,NA,NA,NA,NA,NA,NA,NA,NA,NA,NA,NA,NA,NA,NA,NA,NA,NA,NA,2018,NA,NA,NA,NA,NA
"Kendall Hinton","FA","WR","15183","weighted",NA,NA,NA,NA,NA,NA,0,NA,0,NA,0,NA,NA,NA,NA,NA,131.17,NA,0.98,NA,NA,NA,NA,NA,NA,NA,NA,NA,NA,NA,NA,NA,NA,NA,NA,NA,NA,NA,NA,NA,NA,NA,NA,NA,NA,NA,NA,NA,NA,NA,NA,NA,2020,1997-02-19,NA,NA,NA,NA
"Dax Milne","WAS","WR","15326","weighted",NA,NA,NA,NA,NA,NA,13,18.3847763108502,0,0,0.525,0.247487373415292,NA,NA,NA,NA,85.2,64.7709811566878,0.46,0.339411254969543,NA,NA,NA,NA,NA,NA,NA,NA,NA,NA,NA,NA,NA,NA,NA,NA,NA,NA,NA,NA,NA,NA,NA,NA,NA,NA,NA,NA,NA,NA,NA,NA,2021,1970-01-01,NA,NA,NA,NA
"KaVontae Turpin",NA,"WR","15981","weighted",NA,NA,NA,NA,NA,NA,9.66,NA,0.05,NA,0.01,NA,NA,NA,0.1,NA,129.79,NA,0.78,NA,NA,NA,NA,NA,NA,NA,NA,NA,NA,NA,NA,NA,NA,NA,NA,NA,NA,NA,NA,NA,NA,NA,NA,NA,NA,NA,NA,NA,NA,NA,NA,NA,2022,1996-08-02,NA,NA,NA,NA
"Jalen Nailor","MIN","WR","15786","weighted",NA,NA,NA,NA,NA,NA,4.96590909090909,2.3864853865046,0.0147138047138047,0.00707106781186548,0.00735690235690236,0.00353553390593274,NA,NA,NA,NA,125.339393939394,0.509116882454313,0.91043771043771,0.134350288425444,NA,NA,NA,NA,NA,NA,NA,NA,NA,NA,NA,NA,NA,NA,NA,NA,NA,NA,NA,NA,NA,NA,NA,NA,NA,NA,NA,NA,NA,NA,NA,NA,2022,1999-03-02,NA,NA,NA,NA
"David Moore","FA","WR","13348","weighted",NA,NA,NA,NA,NA,NA,22.94,NA,0.16,NA,0.02,NA,NA,NA,NA,NA,117.95,NA,0.64,NA,NA,NA,NA,NA,NA,NA,NA,NA,NA,NA,NA,NA,NA,NA,NA,NA,NA,NA,NA,NA,NA,NA,NA,NA,NA,NA,NA,NA,NA,NA,NA,NA,2017,1995-01-15,"IR","Lower Leg",2022,0
"Kristian Wilkerson","NE","WR","15528","weighted",NA,NA,NA,NA,NA,NA,0,NA,0,NA,0,NA,NA,NA,NA,NA,117.18,NA,0.76,NA,NA,NA,NA,NA,NA,NA,NA,NA,NA,NA,NA,NA,NA,NA,NA,NA,NA,NA,NA,NA,NA,NA,NA,NA,NA,NA,NA,NA,NA,NA,NA,NA,2020,1997-01-10,"IR","Concussion",2022,0
"Ihmir Smith-Marsette","MIN","WR","15434","weighted",NA,NA,NA,NA,NA,NA,0,NA,0,NA,0,NA,NA,NA,NA,NA,93.41,NA,0.52,NA,NA,NA,NA,NA,NA,NA,NA,NA,NA,NA,NA,NA,NA,NA,NA,NA,NA,NA,NA,NA,NA,NA,NA,NA,NA,NA,NA,NA,NA,NA,NA,NA,2021,1999-08-29,NA,NA,NA,NA
"Demetric Felton","CLE","WR","15270","weighted",NA,NA,NA,NA,NA,NA,24,NA,0,NA,0.1,NA,NA,NA,NA,NA,109,NA,1,NA,NA,NA,NA,NA,NA,NA,NA,NA,NA,NA,NA,NA,NA,NA,NA,NA,NA,NA,NA,NA,NA,NA,NA,NA,NA,NA,NA,NA,NA,NA,NA,NA,2021,1970-01-01,NA,NA,NA,NA
"David Sills","NYG","WR","14110","weighted",NA,NA,NA,NA,NA,NA,0,0,0,0,0.0339002267573696,0.0286291318936229,NA,NA,NA,NA,55.4499319727891,47.4277609724016,0.0547392290249433,0.0973390484383179,NA,NA,NA,NA,NA,NA,NA,NA,NA,NA,NA,NA,NA,NA,NA,NA,NA,NA,NA,NA,NA,NA,NA,NA,NA,NA,NA,NA,NA,NA,NA,NA,2019,1995-05-29,NA,NA,NA,NA
"Mike Strachan","IND","WR","15478","weighted",NA,NA,NA,NA,NA,NA,-0.1,0.14142135623731,0,0,0,0,NA,NA,NA,NA,62.195,55.4301005772135,0.33,0.466690475583121,NA,NA,NA,NA,NA,NA,NA,NA,NA,NA,NA,NA,NA,NA,NA,NA,NA,NA,NA,NA,NA,NA,NA,NA,NA,NA,NA,NA,NA,NA,NA,NA,2021,NA,NA,NA,NA,NA
"Dezmon Patmon","IND","WR","14998","weighted",NA,NA,NA,NA,NA,NA,8,11.3137084989848,0,0,0,0,NA,NA,NA,NA,95.39,7.62261110119098,0.435,0.332340187157677,NA,NA,NA,NA,NA,NA,NA,NA,NA,NA,NA,NA,NA,NA,NA,NA,NA,NA,NA,NA,NA,NA,NA,NA,NA,NA,NA,NA,NA,NA,NA,NA,2020,1970-01-01,NA,NA,NA,NA
"Jason Moore","FA","WR","14545","weighted",NA,NA,NA,NA,NA,NA,0,NA,0,NA,0,NA,NA,NA,NA,NA,95.25,NA,0.65,NA,NA,NA,NA,NA,NA,NA,NA,NA,NA,NA,NA,NA,NA,NA,NA,NA,NA,NA,NA,NA,NA,NA,NA,NA,NA,NA,NA,NA,NA,NA,NA,NA,2019,NA,NA,NA,NA,NA
"Tim Jones",NA,"WR","16005","weighted",NA,NA,NA,NA,NA,NA,0,NA,0,NA,0,NA,NA,NA,NA,NA,29,NA,0,NA,NA,NA,NA,NA,NA,NA,NA,NA,NA,NA,NA,NA,NA,NA,NA,NA,NA,NA,NA,NA,NA,NA,NA,NA,NA,NA,NA,NA,NA,NA,NA,NA,2021,1998-05-15,NA,NA,NA,NA
"Seth Williams","FA","WR","15286","weighted",NA,NA,NA,NA,NA,NA,0,NA,0,NA,0,NA,NA,NA,NA,NA,88.02,NA,0.62,NA,NA,NA,NA,NA,NA,NA,NA,NA,NA,NA,NA,NA,NA,NA,NA,NA,NA,NA,NA,NA,NA,NA,NA,NA,NA,NA,NA,NA,NA,NA,NA,NA,2021,1970-01-01,NA,NA,NA,NA
"Scott Miller","TB","WR","14280","weighted",NA,NA,NA,NA,NA,NA,15,NA,0.2,NA,0,NA,NA,NA,NA,NA,79,NA,0,NA,NA,NA,NA,NA,NA,NA,NA,NA,NA,NA,NA,NA,NA,NA,NA,NA,NA,NA,NA,NA,NA,NA,NA,NA,NA,NA,NA,NA,NA,NA,NA,NA,2019,1970-01-01,NA,NA,NA,NA
"Samori Toure","GB","WR","15841","weighted",NA,NA,NA,NA,NA,NA,0,NA,0,NA,0,NA,NA,NA,NA,NA,84,NA,1,NA,NA,NA,NA,NA,NA,NA,NA,NA,NA,NA,NA,NA,NA,NA,NA,NA,NA,NA,NA,NA,NA,NA,NA,NA,NA,NA,NA,NA,NA,NA,NA,NA,2022,1998-03-24,NA,NA,NA,NA
"Dante Pettis","CHI","WR","13634","weighted",NA,NA,NA,NA,NA,NA,0,0,0,0,0,0,NA,NA,NA,NA,59.745,27.2306821434939,0.59,0.579827560572969,NA,NA,NA,NA,NA,NA,NA,NA,NA,NA,NA,NA,NA,NA,NA,NA,NA,NA,NA,NA,NA,NA,NA,NA,NA,NA,NA,NA,NA,NA,NA,NA,2018,1995-10-23,NA,NA,NA,NA
"Mike Thomas","CIN","WR","12675","weighted",NA,NA,NA,NA,NA,NA,0,NA,0,NA,0,NA,NA,NA,NA,NA,78.36,NA,0.55,NA,NA,NA,NA,NA,NA,NA,NA,NA,NA,NA,NA,NA,NA,NA,NA,NA,NA,NA,NA,NA,NA,NA,NA,NA,NA,NA,NA,NA,NA,NA,NA,NA,2016,1994-08-16,NA,NA,NA,NA
"Mason Kinsey","FA","WR","15535","weighted",NA,NA,NA,NA,NA,NA,0,NA,0,NA,0,NA,NA,NA,NA,NA,77.15,NA,0.52,NA,NA,NA,NA,NA,NA,NA,NA,NA,NA,NA,NA,NA,NA,NA,NA,NA,NA,NA,NA,NA,NA,NA,NA,NA,NA,NA,NA,NA,NA,NA,NA,NA,2020,1998-08-29,NA,NA,NA,NA
"Stanley Morgan","CIN","WR","14131","weighted",NA,NA,NA,NA,NA,NA,0.5,0.707106781186548,0,0,0,0,NA,NA,NA,NA,41.88,49.3277690555736,0.27,0.381837661840736,NA,NA,NA,NA,NA,NA,NA,NA,NA,NA,NA,NA,NA,NA,NA,NA,NA,NA,NA,NA,NA,NA,NA,NA,NA,NA,NA,NA,NA,NA,NA,NA,2019,1970-01-01,NA,NA,NA,NA
"Nsimba Webster","FA","WR","14549","weighted",NA,NA,NA,NA,NA,NA,0,NA,0,NA,0,NA,NA,NA,NA,NA,76.36,NA,0.4,NA,NA,NA,NA,NA,NA,NA,NA,NA,NA,NA,NA,NA,NA,NA,NA,NA,NA,NA,NA,NA,NA,NA,NA,NA,NA,NA,NA,NA,NA,NA,NA,NA,2019,1970-01-01,NA,NA,NA,NA
"Racey McMath","TEN","WR","15313","weighted",NA,NA,NA,NA,NA,NA,1,1.4142135623731,0,0,0.175,0.0353553390593274,NA,NA,NA,NA,61.38,20.3363910269251,0.26,0.367695526217005,NA,NA,NA,NA,NA,NA,NA,NA,NA,NA,NA,NA,NA,NA,NA,NA,NA,NA,NA,NA,NA,NA,NA,NA,NA,NA,NA,NA,NA,NA,NA,NA,2021,1970-01-01,"IR","Undisclosed",2022,0
"Trent Taylor","CIN","WR","13316","weighted",NA,NA,NA,NA,NA,NA,0,0,0,0,0,0,NA,NA,NA,NA,63.285,10.302545801888,0.26,0.367695526217005,NA,NA,NA,NA,NA,NA,NA,NA,NA,NA,NA,NA,NA,NA,NA,NA,NA,NA,NA,NA,NA,NA,NA,NA,NA,NA,NA,NA,NA,NA,NA,NA,2017,1994-04-30,"Q","Hamstring",2022,0
"Andre Roberts","CAR","WR","9921","weighted",NA,NA,NA,NA,NA,NA,3.5,4.94974746830583,0,0,0,0,NA,NA,NA,NA,38.92,47.9701240356954,0.21,0.29698484809835,NA,NA,NA,NA,NA,NA,NA,NA,NA,NA,NA,NA,NA,NA,NA,NA,NA,NA,NA,NA,NA,NA,NA,NA,NA,NA,NA,NA,NA,NA,NA,NA,2010,1988-01-09,NA,NA,NA,NA
"Greg Dortch","ARI","WR","14108","weighted",NA,NA,NA,NA,NA,NA,3.5,4.94974746830583,0,0,0,0,NA,NA,NA,NA,65.715,6.66801694658915,0.41,0.0141421356237309,NA,NA,NA,NA,NA,NA,NA,NA,NA,NA,NA,NA,NA,NA,NA,NA,NA,NA,NA,NA,NA,NA,NA,NA,NA,NA,NA,NA,NA,NA,NA,NA,2019,1998-05-29,NA,NA,NA,NA
"N'Keal Harry","CHI","WR","14101","weighted",NA,NA,NA,NA,NA,NA,0,0,0,0,0.15,0.0707106781186548,NA,NA,NA,NA,50.59,18.9646038714232,0.115,0.162634559672906,NA,NA,NA,NA,NA,NA,NA,NA,NA,NA,NA,NA,NA,NA,NA,NA,NA,NA,NA,NA,NA,NA,NA,NA,NA,NA,NA,NA,NA,NA,NA,NA,2019,1970-01-01,"IR","Ankle",2022,0
"Frank Darby","FA","WR","15304","weighted",NA,NA,NA,NA,NA,NA,0,NA,0,NA,0,NA,NA,NA,NA,NA,53.73,NA,0.34,NA,NA,NA,NA,NA,NA,NA,NA,NA,NA,NA,NA,NA,NA,NA,NA,NA,NA,NA,NA,NA,NA,NA,NA,NA,NA,NA,NA,NA,NA,NA,NA,NA,2021,NA,NA,NA,NA,NA
"Cameron Batson","FA","WR","13912","weighted",NA,NA,NA,NA,NA,NA,0,NA,0,NA,0,NA,NA,NA,NA,NA,52.51,NA,0.34,NA,NA,NA,NA,NA,NA,NA,NA,NA,NA,NA,NA,NA,NA,NA,NA,NA,NA,NA,NA,NA,NA,NA,NA,NA,NA,NA,NA,NA,NA,NA,NA,NA,2018,1970-01-01,NA,NA,NA,NA
"Cody Thompson","SEA","WR","14321","weighted",NA,NA,NA,NA,NA,NA,0,NA,0,NA,0,NA,NA,NA,NA,NA,52.27,NA,0.32,NA,NA,NA,NA,NA,NA,NA,NA,NA,NA,NA,NA,NA,NA,NA,NA,NA,NA,NA,NA,NA,NA,NA,NA,NA,NA,NA,NA,NA,NA,NA,NA,NA,2019,1970-01-01,"IR","Shoulder",2022,0
"Travis Fulgham","FA","WR","14265","weighted",NA,NA,NA,NA,NA,NA,0,NA,0,NA,0,NA,NA,NA,NA,NA,44.13,NA,0.33,NA,NA,NA,NA,NA,NA,NA,NA,NA,NA,NA,NA,NA,NA,NA,NA,NA,NA,NA,NA,NA,NA,NA,NA,NA,NA,NA,NA,NA,NA,NA,NA,NA,2019,NA,NA,NA,NA,NA
"Jaelon Darden","TB","WR","15321","weighted",NA,NA,NA,NA,NA,NA,0,NA,0,NA,0,NA,NA,NA,NA,NA,43.04,NA,0.35,NA,NA,NA,NA,NA,NA,NA,NA,NA,NA,NA,NA,NA,NA,NA,NA,NA,NA,NA,NA,NA,NA,NA,NA,NA,NA,NA,NA,NA,NA,NA,NA,NA,2021,NA,NA,NA,NA,NA
"Jake Kumerow","BUF","WR","12443","weighted",NA,NA,NA,NA,NA,NA,3,4.24264068711928,0,0,0,0,NA,NA,NA,NA,40.005,4.24971175493115,0.17,0.240416305603426,NA,NA,NA,NA,NA,NA,NA,NA,NA,NA,NA,NA,NA,NA,NA,NA,NA,NA,NA,NA,NA,NA,NA,NA,NA,NA,NA,NA,NA,NA,NA,NA,NA,NA,NA,NA,NA,NA
"Marquez Stevenson","BUF","WR","15317","weighted",NA,NA,NA,NA,NA,NA,2,NA,0,NA,0,NA,NA,NA,NA,NA,7,NA,0,NA,NA,NA,NA,NA,NA,NA,NA,NA,NA,NA,NA,NA,NA,NA,NA,NA,NA,NA,NA,NA,NA,NA,NA,NA,NA,NA,NA,NA,NA,NA,NA,NA,2021,1970-01-01,"IR","Foot",2022,0
"Trenton Irwin","FA","WR","14551","weighted",NA,NA,NA,NA,NA,NA,0,NA,0,NA,0,NA,NA,NA,NA,NA,39.73,NA,0.31,NA,NA,NA,NA,NA,NA,NA,NA,NA,NA,NA,NA,NA,NA,NA,NA,NA,NA,NA,NA,NA,NA,NA,NA,NA,NA,NA,NA,NA,NA,NA,NA,NA,2019,1995-12-10,NA,NA,NA,NA
"River Cracraft","FA","WR","13862","weighted",NA,NA,NA,NA,NA,NA,0,NA,0,NA,0,NA,NA,NA,NA,NA,38.81,NA,0.21,NA,NA,NA,NA,NA,NA,NA,NA,NA,NA,NA,NA,NA,NA,NA,NA,NA,NA,NA,NA,NA,NA,NA,NA,NA,NA,NA,NA,NA,NA,NA,NA,NA,2017,NA,NA,NA,NA,NA
"Isaiah Coulter","FA","WR","14972","weighted",NA,NA,NA,NA,NA,NA,0,NA,0,NA,0,NA,NA,NA,NA,NA,38.47,NA,0.17,NA,NA,NA,NA,NA,NA,NA,NA,NA,NA,NA,NA,NA,NA,NA,NA,NA,NA,NA,NA,NA,NA,NA,NA,NA,NA,NA,NA,NA,NA,NA,NA,NA,2020,NA,NA,NA,NA,NA
"Steven Sims","PIT","WR","14613","weighted",NA,NA,NA,NA,NA,NA,0,NA,0,NA,0,NA,NA,NA,NA,NA,38.4,NA,0.22,NA,NA,NA,NA,NA,NA,NA,NA,NA,NA,NA,NA,NA,NA,NA,NA,NA,NA,NA,NA,NA,NA,NA,NA,NA,NA,NA,NA,NA,NA,NA,NA,NA,2019,1970-01-01,NA,NA,NA,NA
"Gunner Olszewski","PIT","WR","14555","weighted",NA,NA,NA,NA,NA,NA,0.1,NA,0,NA,0,NA,NA,NA,NA,NA,14,NA,0,NA,NA,NA,NA,NA,NA,NA,NA,NA,NA,NA,NA,NA,NA,NA,NA,NA,NA,NA,NA,NA,NA,NA,NA,NA,NA,NA,NA,NA,NA,NA,NA,NA,2019,1996-11-26,NA,NA,NA,NA
"Malik Turner","SF","WR","13669","weighted",NA,NA,NA,NA,NA,NA,0,NA,0,NA,0,NA,NA,NA,NA,NA,35.21,NA,0.32,NA,NA,NA,NA,NA,NA,NA,NA,NA,NA,NA,NA,NA,NA,NA,NA,NA,NA,NA,NA,NA,NA,NA,NA,NA,NA,NA,NA,NA,NA,NA,NA,NA,2018,1970-01-01,NA,NA,NA,NA
"Brandon Powell","LAR","WR","13910","weighted",NA,NA,NA,NA,NA,NA,1,1.4142135623731,0,0,0,0,NA,NA,NA,NA,8.715,6.05990511476871,0.015,0.0212132034355964,NA,NA,NA,NA,NA,NA,NA,NA,NA,NA,NA,NA,NA,NA,NA,NA,NA,NA,NA,NA,NA,NA,NA,NA,NA,NA,NA,NA,NA,NA,NA,NA,2018,1970-01-01,NA,NA,NA,NA
"Travis Kelce","KC","TE","11244","weighted",NA,NA,NA,NA,NA,NA,6.01194690265487,3.15888735027552,0.853923520735728,0.567485516401916,0.476887168141593,0.268136587572085,NA,NA,NA,NA,1194.43345132743,162.215707163712,9.4756814159292,1.48801421232103,NA,NA,NA,NA,NA,NA,NA,NA,NA,NA,NA,NA,NA,NA,NA,NA,NA,NA,NA,NA,NA,NA,NA,NA,NA,NA,NA,NA,NA,NA,NA,NA,2013,1989-10-05,NA,NA,NA,NA
"Mark Andrews","BAL","TE","13671","weighted",NA,NA,NA,NA,NA,NA,2.66278539823009,3.41926514303347,0,0,0.364409292035398,0.310308939804204,NA,NA,NA,NA,1150.38116814159,95.0068832672134,8.66090265486726,0.915443363848089,NA,NA,NA,NA,NA,NA,NA,NA,NA,NA,NA,NA,NA,NA,NA,NA,NA,NA,NA,NA,NA,NA,NA,NA,NA,NA,NA,NA,NA,NA,NA,NA,2018,1995-09-06,NA,NA,NA,NA
"Darren Waller","LVR","TE","12263","weighted",NA,NA,NA,NA,NA,NA,6.48001327433628,7.51536701353864,0.0779557522123894,0.0703820428774016,0.913097345132744,0.0892650406666811,NA,NA,NA,NA,987.150743362832,99.7131256420521,5.42745132743363,1.3181048570441,NA,NA,NA,NA,NA,NA,NA,NA,NA,NA,NA,NA,NA,NA,NA,NA,NA,NA,NA,NA,NA,NA,NA,NA,NA,NA,NA,NA,NA,NA,NA,NA,2015,1992-09-13,NA,NA,NA,NA
"George Kittle","SF","TE","13299","weighted",NA,NA,NA,NA,NA,NA,14.820807079646,4.64570855667677,0.086867565545652,0.122186161734537,0.53312610619469,0.267265885305701,NA,NA,NA,NA,906.804088495575,132.368693547013,5.90444247787611,0.726101588636015,NA,NA,NA,NA,NA,NA,NA,NA,NA,NA,NA,NA,NA,NA,NA,NA,NA,NA,NA,NA,NA,NA,NA,NA,NA,NA,NA,NA,NA,NA,NA,NA,2017,1993-10-09,"Q","Groin",2022,0
"Kyle Pitts","ATL","TE","15329","weighted",NA,NA,NA,NA,NA,NA,0.268048672566372,0.344199530067946,0,0,0.501327433628319,0.269476568417352,NA,NA,NA,NA,1036.9137699115,81.2066099817151,5.014,2.04461649529155,NA,NA,NA,NA,NA,NA,NA,NA,NA,NA,NA,NA,NA,NA,NA,NA,NA,NA,NA,NA,NA,NA,NA,NA,NA,NA,NA,NA,NA,NA,NA,NA,2021,2000-10-06,NA,NA,NA,NA
"Dallas Goedert","PHI","TE","13674","weighted",NA,NA,NA,NA,NA,NA,0.230117256637168,0.295492049397954,0,0,0.501327433628319,0.269476568417352,NA,NA,NA,NA,837.974460176991,124.220813165256,5.30681415929204,1.01130311818681,NA,NA,NA,NA,NA,NA,NA,NA,NA,NA,NA,NA,NA,NA,NA,NA,NA,NA,NA,NA,NA,NA,NA,NA,NA,NA,NA,NA,NA,NA,NA,NA,2018,1995-01-03,NA,NA,NA,NA
"Dalton Schultz","DAL","TE","13772","weighted",NA,NA,NA,NA,NA,NA,0.262991150442478,0.337705199311947,0,0,0.47646017699115,0.270062783528837,NA,NA,NA,NA,793.13814159292,72.4081984990631,6.45808849557522,0.926293061911428,NA,NA,NA,NA,NA,NA,NA,NA,NA,NA,NA,NA,NA,NA,NA,NA,NA,NA,NA,NA,NA,NA,NA,NA,NA,NA,NA,NA,NA,NA,NA,NA,2018,1996-07-11,NA,NA,NA,NA
"T.J. Hockenson","DET","TE","14138","weighted",NA,NA,NA,NA,NA,NA,0.788973451327434,1.01311559793584,0.0025287610619469,0.00324716537799949,0.348856194690266,0.309828927542665,NA,NA,NA,NA,716.464053097345,82.5421201847721,5.37835398230089,0.886408203533076,NA,NA,NA,NA,NA,NA,NA,NA,NA,NA,NA,NA,NA,NA,NA,NA,NA,NA,NA,NA,NA,NA,NA,NA,NA,NA,NA,NA,NA,NA,NA,NA,2019,1997-07-03,NA,NA,NA,NA
"Zach Ertz","ARI","TE","11247","weighted",NA,NA,NA,NA,NA,NA,2.11682522123894,1.672025708726,0.00758628318584071,0.00974149613399848,0.405095132743363,0.283034227656788,NA,NA,NA,NA,679.114938053097,66.8687400762295,4.83964601769912,1.24170594649866,NA,NA,NA,NA,NA,NA,NA,NA,NA,NA,NA,NA,NA,NA,NA,NA,NA,NA,NA,NA,NA,NA,NA,NA,NA,NA,NA,NA,NA,NA,NA,NA,2013,1990-11-10,"Q","Calf",2022,0
"Tyler Higbee","LAR","TE","12678","weighted",NA,NA,NA,NA,NA,NA,0.268048672566372,0.344199530067946,0,0,0.47646017699115,0.270062783528837,NA,NA,NA,NA,597.100477876106,81.318798426906,4.75985840707965,0.78909351235726,NA,NA,NA,NA,NA,NA,NA,NA,NA,NA,NA,NA,NA,NA,NA,NA,NA,NA,NA,NA,NA,NA,NA,NA,NA,NA,NA,NA,NA,NA,NA,NA,2016,1993-01-01,NA,NA,NA,NA
"Mike Gesicki","MIA","TE","13672","weighted",NA,NA,NA,NA,NA,NA,0.28575,0.366929687713943,0,0,0.47646017699115,0.270062783528837,NA,NA,NA,NA,662.063539823009,75.2576669125077,4.03079646017699,0.9467823580876,NA,NA,NA,NA,NA,NA,NA,NA,NA,NA,NA,NA,NA,NA,NA,NA,NA,NA,NA,NA,NA,NA,NA,NA,NA,NA,NA,NA,NA,NA,NA,NA,2018,1995-10-03,NA,NA,NA,NA
"Irv Smith Jr.","MIN","TE","14141","weighted",NA,NA,NA,NA,NA,NA,0.217795,0.299936054183859,0,0,0.520333333333333,0.222259160274292,NA,NA,NA,NA,595.8611,73.3852313970851,5.4836,1.2072236733945,NA,NA,NA,NA,NA,NA,NA,NA,NA,NA,NA,NA,NA,NA,NA,NA,NA,NA,NA,NA,NA,NA,NA,NA,NA,NA,NA,NA,NA,NA,NA,NA,2019,1970-01-01,NA,NA,NA,NA
"Noah Fant","SEA","TE","14137","weighted",NA,NA,NA,NA,NA,NA,2.06574336283186,2.18430600280679,0,0,0.47646017699115,0.270062783528837,NA,NA,NA,NA,647.16403539823,64.2156990475203,4.02955752212389,0.876930908059592,NA,NA,NA,NA,NA,NA,NA,NA,NA,NA,NA,NA,NA,NA,NA,NA,NA,NA,NA,NA,NA,NA,NA,NA,NA,NA,NA,NA,NA,NA,NA,NA,2019,1997-11-20,NA,NA,NA,NA
"Gerald Everett","LAC","TE","13236","weighted",NA,NA,NA,NA,NA,NA,8.21796460176991,6.1332713477061,0.0126438053097345,0.0162358268899975,0.713265486725664,0.620002551026363,NA,NA,NA,NA,556.452938053097,118.456811367615,4.4732389380531,0.91322873420672,NA,NA,NA,NA,NA,NA,NA,NA,NA,NA,NA,NA,NA,NA,NA,NA,NA,NA,NA,NA,NA,NA,NA,NA,NA,NA,NA,NA,NA,NA,NA,NA,2017,1994-06-25,NA,NA,NA,NA
"Dawson Knox","BUF","TE","14143","weighted",NA,NA,NA,NA,NA,NA,1.34226548672566,1.22444048640256,0,0,0.589026548672566,0.169034792290358,NA,NA,NA,NA,632.169026548673,48.1312077244009,7.00513274336283,1.53490358039191,NA,NA,NA,NA,NA,NA,NA,NA,NA,NA,NA,NA,NA,NA,NA,NA,NA,NA,NA,NA,NA,NA,NA,NA,NA,NA,NA,NA,NA,NA,NA,NA,2019,1996-11-14,NA,NA,NA,NA
"Cole Kmet","CHI","TE","14867","weighted",NA,NA,NA,NA,NA,NA,0.570842920353982,1.62178862617414,0.00505752212389381,0.00649433075599899,0.725929203539823,0.117798335597458,NA,NA,NA,NA,652.303752212389,65.6767004133957,3.71007079646018,1.3085382820436,NA,NA,NA,NA,NA,NA,NA,NA,NA,NA,NA,NA,NA,NA,NA,NA,NA,NA,NA,NA,NA,NA,NA,NA,NA,NA,NA,NA,NA,NA,NA,NA,2020,1999-03-10,NA,NA,NA,NA
"Hunter Henry","NE","TE","12676","weighted",NA,NA,NA,NA,NA,NA,2.78669247787611,3.16864995783701,0,0,0.0248672566371681,0.0155170922126945,NA,NA,NA,NA,597.069380530973,66.0218340989552,6.31005309734513,1.29110131410399,NA,NA,NA,NA,NA,NA,NA,NA,NA,NA,NA,NA,NA,NA,NA,NA,NA,NA,NA,NA,NA,NA,NA,NA,NA,NA,NA,NA,NA,NA,NA,NA,2016,1994-12-07,NA,NA,NA,NA
"David Njoku","CLE","TE","13192","weighted",NA,NA,NA,NA,NA,NA,0.581615044247788,0.746848036939883,0,0,0.47646017699115,0.270062783528837,NA,NA,NA,NA,593.091557522124,63.7507223150563,4.93224778761062,1.79157106477124,NA,NA,NA,NA,NA,NA,NA,NA,NA,NA,NA,NA,NA,NA,NA,NA,NA,NA,NA,NA,NA,NA,NA,NA,NA,NA,NA,NA,NA,NA,NA,NA,2017,1996-07-10,NA,NA,NA,NA
"Cameron Brate","TB","TE","12110","weighted",NA,NA,NA,NA,NA,NA,0.192538540596095,0.268694778301006,0,0,0.0235011990407674,0.0164242589450846,NA,NA,NA,NA,416.804419321686,169.299183185376,4.09136690647482,1.43715023135209,NA,NA,NA,NA,NA,NA,NA,NA,NA,NA,NA,NA,NA,NA,NA,NA,NA,NA,NA,NA,NA,NA,NA,NA,NA,NA,NA,NA,NA,NA,NA,NA,2014,1991-07-03,NA,NA,NA,NA
"Robert Tonyan","GB","TE","13427","weighted",NA,NA,NA,NA,NA,NA,0.298393805309735,0.38316551460394,0,0,0.0248672566371681,0.0155170922126945,NA,NA,NA,NA,537.876194690265,86.3254304397974,5.08530973451327,1.03791944255811,NA,NA,NA,NA,NA,NA,NA,NA,NA,NA,NA,NA,NA,NA,NA,NA,NA,NA,NA,NA,NA,NA,NA,NA,NA,NA,NA,NA,NA,NA,NA,NA,2017,1994-04-30,NA,NA,NA,NA
"Albert Okwuegbunam","DEN","TE","14873","weighted",NA,NA,NA,NA,NA,NA,0.214944690265487,0.276009057129957,0,0,0.91283185840708,0.035766708599072,NA,NA,NA,NA,568.431061946903,68.3228802278197,4.99660176991151,0.902298895542381,NA,NA,NA,NA,NA,NA,NA,NA,NA,NA,NA,NA,NA,NA,NA,NA,NA,NA,NA,NA,NA,NA,NA,NA,NA,NA,NA,NA,NA,NA,NA,NA,2020,1998-04-25,NA,NA,NA,NA
"Evan Engram","JAC","TE","13189","weighted",NA,NA,NA,NA,NA,NA,0.198938053097345,1.23698929699426,0,0,0.850796460176991,0.0931025532761672,NA,NA,NA,NA,563.935769911504,67.6273243580541,3.83791150442478,1.06232534046594,NA,NA,NA,NA,NA,NA,NA,NA,NA,NA,NA,NA,NA,NA,NA,NA,NA,NA,NA,NA,NA,NA,NA,NA,NA,NA,NA,NA,NA,NA,NA,NA,2017,1994-09-02,NA,NA,NA,NA
"Pat Freiermuth","PIT","TE","15331","weighted",NA,NA,NA,NA,NA,NA,0.192185840707965,0.246784568727961,0.067787610619469,0.0612017764151318,0.838230088495575,0.0750729774850182,NA,NA,NA,NA,586.090601769912,41.6347868400252,5.73072566371681,2.11790020423355,NA,NA,NA,NA,NA,NA,NA,NA,NA,NA,NA,NA,NA,NA,NA,NA,NA,NA,NA,NA,NA,NA,NA,NA,NA,NA,NA,NA,NA,NA,NA,NA,2021,1998-10-25,NA,NA,NA,NA
"Logan Thomas","WAS","TE","11647","weighted",NA,NA,NA,NA,NA,NA,3.12327212389381,2.84221402155045,0.00758628318584071,0.00974149613399848,0.545692477876106,0.273148122651706,NA,NA,NA,NA,558.499008849558,75.8012778529401,4.98596460176991,1.22441924191169,NA,NA,NA,NA,NA,NA,NA,NA,NA,NA,NA,NA,NA,NA,NA,NA,NA,NA,NA,NA,NA,NA,NA,NA,NA,NA,NA,NA,NA,NA,NA,NA,2014,1991-07-01,"Q","Knee - ACL",2022,0
"Brevin Jordan","HOU","TE","15330","weighted",NA,NA,NA,NA,NA,NA,0.623845132743363,0.473110049585807,0,0,0.0248672566371681,0.0155170922126945,NA,NA,NA,NA,425.871433628319,78.1629742977773,3.70270796460177,1.20780917463198,NA,NA,NA,NA,NA,NA,NA,NA,NA,NA,NA,NA,NA,NA,NA,NA,NA,NA,NA,NA,NA,NA,NA,NA,NA,NA,NA,NA,NA,NA,NA,NA,2021,2000-07-16,NA,NA,NA,NA
"Austin Hooper","TEN","TE","12677","weighted",NA,NA,NA,NA,NA,NA,0.21241592920354,0.272761891751957,0,0,0.775929203539823,0.0948668254770116,NA,NA,NA,NA,487.467221238938,47.9394615743365,4.21353982300885,1.03319763730802,NA,NA,NA,NA,NA,NA,NA,NA,NA,NA,NA,NA,NA,NA,NA,NA,NA,NA,NA,NA,NA,NA,NA,NA,NA,NA,NA,NA,NA,NA,NA,NA,2016,1994-10-29,NA,NA,NA,NA
"Hayden Hurst","CIN","TE","13680","weighted",NA,NA,NA,NA,NA,NA,0.328738938053097,0.422131499139934,0,0,0.800796460176991,0.0825687109341516,NA,NA,NA,NA,478.630017699115,70.9955820089333,4.56684955752212,1.27865751968546,NA,NA,NA,NA,NA,NA,NA,NA,NA,NA,NA,NA,NA,NA,NA,NA,NA,NA,NA,NA,NA,NA,NA,NA,NA,NA,NA,NA,NA,NA,NA,NA,2018,1993-08-24,NA,NA,NA,NA
"C.J. Uzomah","NYJ","TE","12317","weighted",NA,NA,NA,NA,NA,NA,0.209887168141593,0.269514726373958,0,0,0,0,NA,NA,NA,NA,399.883575221239,104.010584755661,2.98553982300885,1.0434587754345,NA,NA,NA,NA,NA,NA,NA,NA,NA,NA,NA,NA,NA,NA,NA,NA,NA,NA,NA,NA,NA,NA,NA,NA,NA,NA,NA,NA,NA,NA,NA,NA,2015,1993-01-14,NA,NA,NA,NA
"Adam Trautman","NO","TE","14870","weighted",NA,NA,NA,NA,NA,NA,3.32127212389381,3.81008261895431,0,0,0.888230088495575,0.104163615034281,NA,NA,NA,NA,365.719238938053,120.70702939644,2.90226548672566,0.977739746880075,NA,NA,NA,NA,NA,NA,NA,NA,NA,NA,NA,NA,NA,NA,NA,NA,NA,NA,NA,NA,NA,NA,NA,NA,NA,NA,NA,NA,NA,NA,NA,NA,2020,1997-02-05,NA,NA,NA,NA
"Isaiah Likely","BAL","TE","15798","weighted",NA,NA,NA,NA,NA,NA,0,0,0,0,0.668396226415094,0.165086971014827,NA,NA,NA,NA,389.953797169811,120.019797879198,3.57259433962264,1.29986598017506,NA,NA,NA,NA,NA,NA,NA,NA,NA,NA,NA,NA,NA,NA,NA,NA,NA,NA,NA,NA,NA,NA,NA,NA,NA,NA,NA,NA,NA,NA,NA,NA,2022,2000-04-18,NA,NA,NA,NA
"Daniel Bellinger","NYG","TE","15873","weighted",NA,NA,NA,NA,NA,NA,2.79756637168142,2.77841221186865,0.135575221238938,0.122403552830264,0.539026548672566,0.201733180497411,NA,NA,NA,NA,360.258849557522,78.3706597590595,2.73176991150443,0.840649299157259,NA,NA,NA,NA,NA,NA,NA,NA,NA,NA,NA,NA,NA,NA,NA,NA,NA,NA,NA,NA,NA,NA,NA,NA,NA,NA,NA,NA,NA,NA,NA,NA,2022,2000-09-22,NA,NA,NA,NA
"Mo Alie-Cox","IND","TE","13246","weighted",NA,NA,NA,NA,NA,NA,0.2405875,0.331324711017053,0,0,0.0237666666666667,0.0162932937709636,NA,NA,NA,NA,427.21808,46.9717431092446,3.53558,0.851379471059143,NA,NA,NA,NA,NA,NA,NA,NA,NA,NA,NA,NA,NA,NA,NA,NA,NA,NA,NA,NA,NA,NA,NA,NA,NA,NA,NA,NA,NA,NA,NA,NA,2016,1993-09-19,NA,NA,NA,NA
"Kyle Rudolph","TB","TE","10312","weighted",NA,NA,NA,NA,NA,NA,0.225059734513274,0.288997718641955,0,0,0.0248672566371681,0.0155170922126945,NA,NA,NA,NA,333.741238938053,86.4951643128288,2.96669026548673,1.58471851990369,NA,NA,NA,NA,NA,NA,NA,NA,NA,NA,NA,NA,NA,NA,NA,NA,NA,NA,NA,NA,NA,NA,NA,NA,NA,NA,NA,NA,NA,NA,NA,NA,2011,1989-11-09,NA,NA,NA,NA
"Tyler Conklin","NYJ","TE","13675","weighted",NA,NA,NA,NA,NA,NA,0.1494175,0.205770083684275,0,0,0.0237666666666667,0.0162932937709636,NA,NA,NA,NA,354.28856,82.2406039288418,2.0305,0.675005636821948,NA,NA,NA,NA,NA,NA,NA,NA,NA,NA,NA,NA,NA,NA,NA,NA,NA,NA,NA,NA,NA,NA,NA,NA,NA,NA,NA,NA,NA,NA,NA,NA,2018,1995-07-30,NA,NA,NA,NA
"Donald Parham","LAC","TE","14341","weighted",NA,NA,NA,NA,NA,NA,0.192565375703409,0.191223912828268,0,0,0.0238331678252234,0.0162569673264827,NA,NA,NA,NA,244.495431976167,96.3542677727163,2.54381330685204,1.23485957889267,NA,NA,NA,NA,NA,NA,NA,NA,NA,NA,NA,NA,NA,NA,NA,NA,NA,NA,NA,NA,NA,NA,NA,NA,NA,NA,NA,NA,NA,NA,NA,NA,2019,NA,"D","Hamstring",2022,0
"Foster Moreau","LVR","TE","14239","weighted",NA,NA,NA,NA,NA,NA,0.227925,0.313886568331945,0,0,0,0,NA,NA,NA,NA,307.70992,91.8202746746941,2.4464,0.739462686361387,NA,NA,NA,NA,NA,NA,NA,NA,NA,NA,NA,NA,NA,NA,NA,NA,NA,NA,NA,NA,NA,NA,NA,NA,NA,NA,NA,NA,NA,NA,NA,NA,2019,1997-05-06,NA,NA,NA,NA
"Jonnu Smith","NE","TE","13193","weighted",NA,NA,NA,NA,NA,NA,34.4070584070796,6.07947540408527,0.247795681438423,0.337051341554771,0.0267300884955752,0.0167678151740921,NA,NA,NA,NA,335.384707964602,83.1958846948107,2.5801592920354,0.81647934146023,NA,NA,NA,NA,NA,NA,NA,NA,NA,NA,NA,NA,NA,NA,NA,NA,NA,NA,NA,NA,NA,NA,NA,NA,NA,NA,NA,NA,NA,NA,NA,NA,2017,1995-08-22,NA,NA,NA,NA
"John Bates","WAS","TE","15344","weighted",NA,NA,NA,NA,NA,NA,0.1747425,0.240646369054491,0,0,0,0,NA,NA,NA,NA,208.62592,104.105798020283,1.19864,0.552113917694498,NA,NA,NA,NA,NA,NA,NA,NA,NA,NA,NA,NA,NA,NA,NA,NA,NA,NA,NA,NA,NA,NA,NA,NA,NA,NA,NA,NA,NA,NA,NA,NA,2021,1997-11-06,NA,NA,NA,NA
"Dan Arnold","JAC","TE","13880","weighted",NA,NA,NA,NA,NA,NA,0.128966814159292,0.165605434277974,0,0,1.00053097345133,0.163667742360483,NA,NA,NA,NA,323.99785840708,39.9498380357467,1.56224778761062,0.809031179581788,NA,NA,NA,NA,NA,NA,NA,NA,NA,NA,NA,NA,NA,NA,NA,NA,NA,NA,NA,NA,NA,NA,NA,NA,NA,NA,NA,NA,NA,NA,NA,NA,2017,1970-01-01,NA,NA,NA,NA
"Durham Smythe","MIA","TE","13676","weighted",NA,NA,NA,NA,NA,NA,5.6193875147232,7.49158632200224,0.0152296819787986,0.0230348832422618,0.00578327444051826,0.00734722978124158,NA,NA,NA,NA,263.224522968198,127.058899534421,1.15041224970554,0.720518772238586,NA,NA,NA,NA,NA,NA,NA,NA,NA,NA,NA,NA,NA,NA,NA,NA,NA,NA,NA,NA,NA,NA,NA,NA,NA,NA,NA,NA,NA,NA,NA,NA,2018,1995-08-09,NA,NA,NA,NA
"Jelani Woods","IND","TE","15840","weighted",NA,NA,NA,NA,NA,NA,0.58700119474313,0.627439014098782,0.00339307048984468,0.00362681511039759,0.718040621266428,0.162771333362101,NA,NA,NA,NA,242.615531660693,145.495081229411,2.1015531660693,1.71890538544447,NA,NA,NA,NA,NA,NA,NA,NA,NA,NA,NA,NA,NA,NA,NA,NA,NA,NA,NA,NA,NA,NA,NA,NA,NA,NA,NA,NA,NA,NA,NA,NA,2022,1998-10-09,NA,NA,NA,NA
"Tommy Tremble","CAR","TE","15332","weighted",NA,NA,NA,NA,NA,NA,7.592336,8.5468658344349,0.024104,0.0352711619768725,0.01999,0.0141753809313281,NA,NA,NA,NA,268.41138,88.9925922686589,1.94266,0.838471088978381,NA,NA,NA,NA,NA,NA,NA,NA,NA,NA,NA,NA,NA,NA,NA,NA,NA,NA,NA,NA,NA,NA,NA,NA,NA,NA,NA,NA,NA,NA,NA,NA,2021,2000-06-02,NA,NA,NA,NA
"Harrison Bryant","CLE","TE","14875","weighted",NA,NA,NA,NA,NA,NA,0.159311946902655,0.204571418813968,0,0,0.47646017699115,0.270062783528837,NA,NA,NA,NA,293.547345132743,69.3874847805528,2.8473982300885,1.22530626947758,NA,NA,NA,NA,NA,NA,NA,NA,NA,NA,NA,NA,NA,NA,NA,NA,NA,NA,NA,NA,NA,NA,NA,NA,NA,NA,NA,NA,NA,NA,NA,NA,2020,1970-01-01,NA,NA,NA,NA
"Greg Dulcich","DEN","TE","15797","weighted",NA,NA,NA,NA,NA,NA,0,0,0,0,0.177240566037736,0.128562481216803,NA,NA,NA,NA,217.680424528302,112.534979073543,1.84433962264151,1.3276727043733,NA,NA,NA,NA,NA,NA,NA,NA,NA,NA,NA,NA,NA,NA,NA,NA,NA,NA,NA,NA,NA,NA,NA,NA,NA,NA,NA,NA,NA,NA,NA,NA,2022,2000-03-26,"IR","Hamstring",2022,0
"Rob Gronkowski","FA","TE","9902","weighted",NA,NA,NA,NA,NA,NA,0,0,0,0,NA,NA,NA,NA,NA,NA,319.648221343874,58.6898628384834,3.54150197628458,2.12132034355964,NA,NA,NA,NA,NA,NA,NA,NA,NA,NA,NA,NA,NA,NA,NA,NA,NA,NA,NA,NA,NA,NA,NA,NA,NA,NA,NA,NA,NA,NA,NA,NA,2010,1989-05-14,NA,NA,NA,NA
"Trey McBride","ARI","TE","15794","weighted",NA,NA,NA,NA,NA,NA,0.536097345132743,0.688399060135893,0.0025287610619469,0.00324716537799949,0.501327433628319,0.269476568417352,NA,NA,NA,NA,223.673292035398,98.5799435856558,1.67996460176991,0.992004888517762,NA,NA,NA,NA,NA,NA,NA,NA,NA,NA,NA,NA,NA,NA,NA,NA,NA,NA,NA,NA,NA,NA,NA,NA,NA,NA,NA,NA,NA,NA,NA,NA,2022,1999-11-22,NA,NA,NA,NA
"Cade Otton","TB","TE","15802","weighted",NA,NA,NA,NA,NA,NA,0,0,0,0,0.502152080344333,0.359032837661779,NA,NA,NA,NA,207.558106169297,135.107539248145,1.76183644189383,1.31363202187082,NA,NA,NA,NA,NA,NA,NA,NA,NA,NA,NA,NA,NA,NA,NA,NA,NA,NA,NA,NA,NA,NA,NA,NA,NA,NA,NA,NA,NA,NA,NA,NA,2022,1999-04-15,NA,NA,NA,NA
"Ryan Griffin","CHI","TE","11399","weighted",NA,NA,NA,NA,NA,NA,0.167191011235955,0.232647978305061,0,0,0.0235614572693224,0.0163965101217039,NA,NA,NA,NA,208.529519918284,89.0279107315593,1.74300306435138,0.82899367240502,NA,NA,NA,NA,NA,NA,NA,NA,NA,NA,NA,NA,NA,NA,NA,NA,NA,NA,NA,NA,NA,NA,NA,NA,NA,NA,NA,NA,NA,NA,NA,NA,2013,1990-01-11,NA,NA,NA,NA
"Anthony Firkser","ATL","TE","13919","weighted",NA,NA,NA,NA,NA,NA,0.380788804071247,0.365443467225499,0,0,0.5,0,NA,NA,NA,NA,265.086005089059,47.064479019246,1.6941475826972,0.574306987466587,NA,NA,NA,NA,NA,NA,NA,NA,NA,NA,NA,NA,NA,NA,NA,NA,NA,NA,NA,NA,NA,NA,NA,NA,NA,NA,NA,NA,NA,NA,NA,NA,2018,1970-01-01,NA,NA,NA,NA
"Juwan Johnson","NO","TE","14861","weighted",NA,NA,NA,NA,NA,NA,0,0,0,0,0,0,NA,NA,NA,NA,135.685144927536,112.117771166694,1.89257246376812,1.48172574012519,NA,NA,NA,NA,NA,NA,NA,NA,NA,NA,NA,NA,NA,NA,NA,NA,NA,NA,NA,NA,NA,NA,NA,NA,NA,NA,NA,NA,NA,NA,NA,NA,2020,1996-09-13,NA,NA,NA,NA
"Taysom Hill","NO","TE","13424","weighted",NA,NA,NA,NA,NA,NA,309.376044568245,111.930971884005,5.014822296642,3.20634995470381,2.12237697307335,0.497331247517465,NA,NA,NA,NA,198.49721448468,107.665405305542,1.83955431754875,1.0397188376987,NA,NA,NA,NA,NA,NA,NA,NA,NA,NA,NA,NA,NA,NA,NA,NA,NA,NA,NA,NA,NA,NA,NA,NA,NA,NA,NA,NA,NA,NA,NA,NA,2017,1990-08-23,NA,NA,NA,NA
"Andrew Beck","DEN","TE","14319","weighted",NA,NA,NA,NA,NA,NA,1.57872340425532,2.24859956417322,0.0049645390070922,0.00707106781186548,0,0,NA,NA,NA,NA,145.608510638298,181.75472703619,1.18156028368794,1.68291413922398,NA,NA,NA,NA,NA,NA,NA,NA,NA,NA,NA,NA,NA,NA,NA,NA,NA,NA,NA,NA,NA,NA,NA,NA,NA,NA,NA,NA,NA,NA,NA,NA,2019,1996-05-15,NA,NA,NA,NA
"Geoff Swaim","TEN","TE","12378","weighted",NA,NA,NA,NA,NA,NA,0.2253925,0.310398939794924,0,0,0,0,NA,NA,NA,NA,237.41594,45.5483624043128,2.54062,0.7851912691456,NA,NA,NA,NA,NA,NA,NA,NA,NA,NA,NA,NA,NA,NA,NA,NA,NA,NA,NA,NA,NA,NA,NA,NA,NA,NA,NA,NA,NA,NA,NA,NA,NA,NA,NA,NA,NA,NA
"O.J. Howard","HOU","TE","13188","weighted",NA,NA,NA,NA,NA,NA,0,0,0,0,0.0372134038800706,0.0252192883748233,NA,NA,NA,NA,202.241446208113,76.1724692760212,1.40504409171076,0.660976859801716,NA,NA,NA,NA,NA,NA,NA,NA,NA,NA,NA,NA,NA,NA,NA,NA,NA,NA,NA,NA,NA,NA,NA,NA,NA,NA,NA,NA,NA,NA,NA,NA,2017,1994-11-19,NA,NA,NA,NA
"Zach Gentry","PIT","TE","14240","weighted",NA,NA,NA,NA,NA,NA,0.157911849710983,0.269057422061909,0.102745664739884,0.122677173332461,0,0,NA,NA,NA,NA,169.77049132948,78.4711518710347,1.00708092485549,0.238839741566415,NA,NA,NA,NA,NA,NA,NA,NA,NA,NA,NA,NA,NA,NA,NA,NA,NA,NA,NA,NA,NA,NA,NA,NA,NA,NA,NA,NA,NA,NA,NA,NA,2019,1970-01-01,NA,NA,NA,NA
"Jake Ferguson","DAL","TE","15799","weighted",NA,NA,NA,NA,NA,NA,0.517592592592592,0.404234065751633,0,0,0,0,NA,NA,NA,NA,181.037037037037,80.0203688203396,1.54740740740741,0.507031453605744,NA,NA,NA,NA,NA,NA,NA,NA,NA,NA,NA,NA,NA,NA,NA,NA,NA,NA,NA,NA,NA,NA,NA,NA,NA,NA,NA,NA,NA,NA,NA,NA,2022,1999-01-18,NA,NA,NA,NA
"Josiah Deguara","GB","TE","14876","weighted",NA,NA,NA,NA,NA,NA,0.368050647820966,0.556676345021328,0,0,0,0,NA,NA,NA,NA,175.788056537102,60.9874353389526,1.3806124852768,0.438574707159143,NA,NA,NA,NA,NA,NA,NA,NA,NA,NA,NA,NA,NA,NA,NA,NA,NA,NA,NA,NA,NA,NA,NA,NA,NA,NA,NA,NA,NA,NA,NA,NA,2020,1970-01-01,NA,NA,NA,NA
"Eric Saubert","DEN","TE","13315","weighted",NA,NA,NA,NA,NA,NA,0,0,0,0,0.132400932400932,0.152828274483099,NA,NA,NA,NA,150.163403263403,106.368690881689,1.29496503496504,0.638542448341011,NA,NA,NA,NA,NA,NA,NA,NA,NA,NA,NA,NA,NA,NA,NA,NA,NA,NA,NA,NA,NA,NA,NA,NA,NA,NA,NA,NA,NA,NA,NA,NA,2017,1994-05-09,NA,NA,NA,NA
"Will Dissly","SEA","TE","13763","weighted",NA,NA,NA,NA,NA,NA,0.1544825,0.212745340758318,0,0,0.0237666666666667,0.0162932937709636,NA,NA,NA,NA,205.55628,56.088542850161,1.17788,0.421314189149381,NA,NA,NA,NA,NA,NA,NA,NA,NA,NA,NA,NA,NA,NA,NA,NA,NA,NA,NA,NA,NA,NA,NA,NA,NA,NA,NA,NA,NA,NA,NA,NA,2018,NA,NA,NA,NA,NA
"Jordan Akins","FA","TE","13753","weighted",NA,NA,NA,NA,NA,NA,0,NA,0,NA,0.5,NA,NA,NA,NA,NA,244,NA,1,NA,NA,NA,NA,NA,NA,NA,NA,NA,NA,NA,NA,NA,NA,NA,NA,NA,NA,NA,NA,NA,NA,NA,NA,NA,NA,NA,NA,NA,NA,NA,NA,NA,2018,1992-04-19,NA,NA,NA,NA
"Pharaoh Brown","HOU","TE","13994","weighted",NA,NA,NA,NA,NA,NA,0.2659125,0.366200996387269,0,0,0.933333333333333,0.127445744639036,NA,NA,NA,NA,215.66046,43.0934820059348,1.25696,0.565525026215334,NA,NA,NA,NA,NA,NA,NA,NA,NA,NA,NA,NA,NA,NA,NA,NA,NA,NA,NA,NA,NA,NA,NA,NA,NA,NA,NA,NA,NA,NA,NA,NA,2017,1994-05-04,NA,NA,NA,NA
"Maxx Williams","ARI","TE","12206","weighted",NA,NA,NA,NA,NA,NA,0.280166184971098,0.477359942367903,0,0,0,0,NA,NA,NA,NA,160.19838150289,84.5159288973882,0.950404624277457,0.368095464370971,NA,NA,NA,NA,NA,NA,NA,NA,NA,NA,NA,NA,NA,NA,NA,NA,NA,NA,NA,NA,NA,NA,NA,NA,NA,NA,NA,NA,NA,NA,NA,NA,2015,1994-04-12,NA,NA,NA,NA
"Brock Wright","DET","TE","15626","weighted",NA,NA,NA,NA,NA,NA,0.175740606936416,0.299434872939867,0,0,0,0,NA,NA,NA,NA,135.822283236994,70.7686217757041,1.38653179190751,0.97956580902132,NA,NA,NA,NA,NA,NA,NA,NA,NA,NA,NA,NA,NA,NA,NA,NA,NA,NA,NA,NA,NA,NA,NA,NA,NA,NA,NA,NA,NA,NA,NA,NA,2021,1998-11-27,NA,NA,NA,NA
"Marcedes Lewis","GB","TE","8269","weighted",NA,NA,NA,NA,NA,NA,0.557785404624278,0.950380248896098,0,0,0.482658959537572,0.360760627820658,NA,NA,NA,NA,169.784075144509,69.6543908879506,0.865375722543353,0.77276625373453,NA,NA,NA,NA,NA,NA,NA,NA,NA,NA,NA,NA,NA,NA,NA,NA,NA,NA,NA,NA,NA,NA,NA,NA,NA,NA,NA,NA,NA,NA,NA,NA,2006,1984-05-19,NA,NA,NA,NA
"Devin Asiasi","FA","TE","14936","weighted",NA,NA,NA,NA,NA,NA,0,0,0,0,0,0,NA,NA,NA,NA,145.582983682984,103.195559012412,1.2188344988345,0.834359923223474,NA,NA,NA,NA,NA,NA,NA,NA,NA,NA,NA,NA,NA,NA,NA,NA,NA,NA,NA,NA,NA,NA,NA,NA,NA,NA,NA,NA,NA,NA,NA,NA,2020,1970-01-01,"O","Quadriceps",2022,0
"Jeremy Ruckert","NYJ","TE","15796","weighted",NA,NA,NA,NA,NA,NA,0,0,0,0,0,0,NA,NA,NA,NA,108.912195121951,119.750676741245,0.953658536585366,0.98425183635695,NA,NA,NA,NA,NA,NA,NA,NA,NA,NA,NA,NA,NA,NA,NA,NA,NA,NA,NA,NA,NA,NA,NA,NA,NA,NA,NA,NA,NA,NA,NA,NA,2022,2000-08-11,NA,NA,NA,NA
"Kylen Granson","IND","TE","15419","weighted",NA,NA,NA,NA,NA,NA,0,0,0,0,0.0222093023255814,0.0172275577331608,NA,NA,NA,NA,177.147186046512,66.0527447019977,1.12744186046512,0.760195316000464,NA,NA,NA,NA,NA,NA,NA,NA,NA,NA,NA,NA,NA,NA,NA,NA,NA,NA,NA,NA,NA,NA,NA,NA,NA,NA,NA,NA,NA,NA,NA,NA,2021,1998-03-27,NA,NA,NA,NA
"Nick Boyle","BAL","TE","12328","weighted",NA,NA,NA,NA,NA,NA,0,0,0,0,0,0,NA,NA,NA,NA,142.23,69.8994199430774,0.645,0.474121645522543,NA,NA,NA,NA,NA,NA,NA,NA,NA,NA,NA,NA,NA,NA,NA,NA,NA,NA,NA,NA,NA,NA,NA,NA,NA,NA,NA,NA,NA,NA,NA,NA,2015,1993-02-17,NA,NA,NA,NA
"Charlie Woerner","SF","TE","14984","weighted",NA,NA,NA,NA,NA,NA,0,0,0,0,0,0,NA,NA,NA,NA,123.397355072464,78.18361309059,0.585833333333333,0.492174755060616,NA,NA,NA,NA,NA,NA,NA,NA,NA,NA,NA,NA,NA,NA,NA,NA,NA,NA,NA,NA,NA,NA,NA,NA,NA,NA,NA,NA,NA,NA,NA,NA,2020,1997-10-16,NA,NA,NA,NA
"Parker Hesse","ATL","TE","15564","weighted",NA,NA,NA,NA,NA,NA,0.235362718089991,0.285355050132019,0,0,0.0403122130394858,0.0364499179442914,NA,NA,NA,NA,144.76696969697,70.4353758547434,0.96068870523416,0.453234303313749,NA,NA,NA,NA,NA,NA,NA,NA,NA,NA,NA,NA,NA,NA,NA,NA,NA,NA,NA,NA,NA,NA,NA,NA,NA,NA,NA,NA,NA,NA,NA,NA,2019,1995-05-26,NA,NA,NA,NA
"Tyler Kroft","FA","TE","12212","weighted",NA,NA,NA,NA,NA,NA,0,0,0,0,0,0,NA,NA,NA,NA,182.965853658537,26.0757536520344,1.11121951219512,0.876610564933792,NA,NA,NA,NA,NA,NA,NA,NA,NA,NA,NA,NA,NA,NA,NA,NA,NA,NA,NA,NA,NA,NA,NA,NA,NA,NA,NA,NA,NA,NA,NA,NA,2015,1992-10-15,NA,NA,NA,NA
"Ian Thomas","CAR","TE","13678","weighted",NA,NA,NA,NA,NA,NA,0.958922261484099,1.09113679137683,0,0,0.0220651747153514,0.0172817171944376,NA,NA,NA,NA,169.894252061249,35.3607674183393,0.900023557126031,0.209796049348081,NA,NA,NA,NA,NA,NA,NA,NA,NA,NA,NA,NA,NA,NA,NA,NA,NA,NA,NA,NA,NA,NA,NA,NA,NA,NA,NA,NA,NA,NA,NA,NA,2018,1996-06-06,NA,NA,NA,NA
"Chris Myarick","NYG","TE","15620","weighted",NA,NA,NA,NA,NA,NA,0.721697038724374,0.71213271391575,0,0,0.1,0,NA,NA,NA,NA,162.517175398633,20.8770089248713,1.07380410022779,0.0690801280815949,NA,NA,NA,NA,NA,NA,NA,NA,NA,NA,NA,NA,NA,NA,NA,NA,NA,NA,NA,NA,NA,NA,NA,NA,NA,NA,NA,NA,NA,NA,NA,NA,2019,1995-10-06,NA,NA,NA,NA
"Charlie Kolar","BAL","TE","15795","weighted",NA,NA,NA,NA,NA,NA,0,NA,0,NA,0,NA,NA,NA,NA,NA,181,NA,2,NA,NA,NA,NA,NA,NA,NA,NA,NA,NA,NA,NA,NA,NA,NA,NA,NA,NA,NA,NA,NA,NA,NA,NA,NA,NA,NA,NA,NA,NA,NA,NA,NA,2022,1999-02-10,"IR","Sports Hernia",2022,0
"Jack Stoll","PHI","TE","15541","weighted",NA,NA,NA,NA,NA,NA,0,0,0,0,0,0,NA,NA,NA,NA,95.8171561771562,70.0602180534981,0.649137529137529,0.333265965414567,NA,NA,NA,NA,NA,NA,NA,NA,NA,NA,NA,NA,NA,NA,NA,NA,NA,NA,NA,NA,NA,NA,NA,NA,NA,NA,NA,NA,NA,NA,NA,NA,2021,1998-01-28,NA,NA,NA,NA
"Drew Sample","CIN","TE","14146","weighted",NA,NA,NA,NA,NA,NA,0,0,0,0,0.208635265700483,0.213429182908198,NA,NA,NA,NA,108.366231884058,38.0101615510598,0.755615942028986,0.293221539880222,NA,NA,NA,NA,NA,NA,NA,NA,NA,NA,NA,NA,NA,NA,NA,NA,NA,NA,NA,NA,NA,NA,NA,NA,NA,NA,NA,NA,NA,NA,NA,NA,2019,1996-04-16,NA,NA,NA,NA
"Brycen Hopkins","LAR","TE","14868","weighted",NA,NA,NA,NA,NA,NA,0,0,0,0,0.0198401504466385,0.0183065330500498,NA,NA,NA,NA,117.58976022567,35.2357243813699,0.769675599435825,0.435838086340179,NA,NA,NA,NA,NA,NA,NA,NA,NA,NA,NA,NA,NA,NA,NA,NA,NA,NA,NA,NA,NA,NA,NA,NA,NA,NA,NA,NA,NA,NA,NA,NA,2020,1970-01-01,NA,NA,NA,NA
"Tre' McKitty","LAC","TE","15333","weighted",NA,NA,NA,NA,NA,NA,0,0,0,0,0,0,NA,NA,NA,NA,102.933586956522,46.0684045143465,0.588405797101449,0.490832253213702,NA,NA,NA,NA,NA,NA,NA,NA,NA,NA,NA,NA,NA,NA,NA,NA,NA,NA,NA,NA,NA,NA,NA,NA,NA,NA,NA,NA,NA,NA,NA,NA,2021,NA,NA,NA,NA,NA
"Tanner Hudson","NYG","TE","14370","weighted",NA,NA,NA,NA,NA,NA,0,0,0,0,0.0262541806020067,0.0353553390593274,NA,NA,NA,NA,139.197324414716,22.6274169979695,0.525083612040134,0.707106781186548,NA,NA,NA,NA,NA,NA,NA,NA,NA,NA,NA,NA,NA,NA,NA,NA,NA,NA,NA,NA,NA,NA,NA,NA,NA,NA,NA,NA,NA,NA,NA,NA,2018,1994-11-12,NA,NA,NA,NA
"Cole Turner","WAS","TE","15803","weighted",NA,NA,NA,NA,NA,NA,0,0,0,0,0,0,NA,NA,NA,NA,122.783582089552,38.1837661840736,1,0,NA,NA,NA,NA,NA,NA,NA,NA,NA,NA,NA,NA,NA,NA,NA,NA,NA,NA,NA,NA,NA,NA,NA,NA,NA,NA,NA,NA,NA,NA,NA,NA,2022,2000-03-16,"Q","Hamstring",2022,0
"Jesper Horsted","LVR","TE","14752","weighted",NA,NA,NA,NA,NA,NA,0,0,0,0,0,0,NA,NA,NA,NA,74.996317016317,70.131844822574,0.781538461538462,0.230943114688926,NA,NA,NA,NA,NA,NA,NA,NA,NA,NA,NA,NA,NA,NA,NA,NA,NA,NA,NA,NA,NA,NA,NA,NA,NA,NA,NA,NA,NA,NA,NA,NA,2019,1970-01-01,NA,NA,NA,NA
"Jody Fortson","KC","TE","15070","weighted",NA,NA,NA,NA,NA,NA,0,0,0,0,0,0,NA,NA,NA,NA,86.6810689655172,47.0234258304533,1.2921724137931,0.556237501949805,NA,NA,NA,NA,NA,NA,NA,NA,NA,NA,NA,NA,NA,NA,NA,NA,NA,NA,NA,NA,NA,NA,NA,NA,NA,NA,NA,NA,NA,NA,NA,NA,2019,1970-01-01,NA,NA,NA,NA
"Ko Kieft","TB","TE","15929","weighted",NA,NA,NA,NA,NA,NA,NA,NA,NA,NA,0,NA,NA,NA,NA,NA,138,NA,1,NA,NA,NA,NA,NA,NA,NA,NA,NA,NA,NA,NA,NA,NA,NA,NA,NA,NA,NA,NA,NA,NA,NA,NA,NA,NA,NA,NA,NA,NA,NA,NA,NA,2022,1998-01-20,NA,NA,NA,NA
"Chris Manhertz","JAC","TE","12955","weighted",NA,NA,NA,NA,NA,NA,0,0,0,0,0,0,NA,NA,NA,NA,101.729836829837,26.7496585626358,1.11291375291375,0.777353654203609,NA,NA,NA,NA,NA,NA,NA,NA,NA,NA,NA,NA,NA,NA,NA,NA,NA,NA,NA,NA,NA,NA,NA,NA,NA,NA,NA,NA,NA,NA,NA,NA,NA,1992-04-10,NA,NA,NA,NA
"Jacob Harris","FA","TE","15425","weighted",NA,NA,NA,NA,NA,NA,0,NA,0,NA,0,NA,NA,NA,NA,NA,88,NA,1,NA,NA,NA,NA,NA,NA,NA,NA,NA,NA,NA,NA,NA,NA,NA,NA,NA,NA,NA,NA,NA,NA,NA,NA,NA,NA,NA,NA,NA,NA,NA,NA,NA,2021,1970-01-01,NA,NA,NA,NA
"Grant Calcaterra","PHI","TE","15804","weighted",NA,NA,NA,NA,NA,NA,0,0,0,0,0,0,NA,NA,NA,NA,114.391791044776,19.0918830920368,1,0,NA,NA,NA,NA,NA,NA,NA,NA,NA,NA,NA,NA,NA,NA,NA,NA,NA,NA,NA,NA,NA,NA,NA,NA,NA,NA,NA,NA,NA,NA,NA,NA,2022,1998-12-04,NA,NA,NA,NA
"Stephen Anderson","FA","TE","12859","weighted",NA,NA,NA,NA,NA,NA,0,0,0,0,0,0,NA,NA,NA,NA,83.0369056603774,59.3333300093632,0.182188679245283,0.240416305603426,NA,NA,NA,NA,NA,NA,NA,NA,NA,NA,NA,NA,NA,NA,NA,NA,NA,NA,NA,NA,NA,NA,NA,NA,NA,NA,NA,NA,NA,NA,NA,NA,2016,1993-01-30,NA,NA,NA,NA
"Chris Herndon","FA","TE","13679","weighted",NA,NA,NA,NA,NA,NA,0,0,0,0,NA,NA,NA,NA,NA,NA,82.0958490566038,59.2555482634327,0.651698113207547,0.459619407771256,NA,NA,NA,NA,NA,NA,NA,NA,NA,NA,NA,NA,NA,NA,NA,NA,NA,NA,NA,NA,NA,NA,NA,NA,NA,NA,NA,NA,NA,NA,NA,NA,2018,NA,NA,NA,NA,NA
"Johnny Mundt","MIN","TE","13940","weighted",NA,NA,NA,NA,NA,NA,0,0,0,0,0,0,NA,NA,NA,NA,65.2242890442891,52.4426717939147,0.450536130536131,0.509830672689291,NA,NA,NA,NA,NA,NA,NA,NA,NA,NA,NA,NA,NA,NA,NA,NA,NA,NA,NA,NA,NA,NA,NA,NA,NA,NA,NA,NA,NA,NA,NA,NA,2017,1994-11-23,NA,NA,NA,NA
"Quintin Morris","BUF","TE","15341","weighted",NA,NA,NA,NA,NA,NA,NA,NA,NA,NA,0,NA,NA,NA,NA,NA,124,NA,1,NA,NA,NA,NA,NA,NA,NA,NA,NA,NA,NA,NA,NA,NA,NA,NA,NA,NA,NA,NA,NA,NA,NA,NA,NA,NA,NA,NA,NA,NA,NA,NA,NA,2021,1999-01-21,"O","Hamstring",2022,0
"Nick Vannett","NO","TE","12680","weighted",NA,NA,NA,NA,NA,NA,0.16555274566474,0.282076329581034,0,0,0,0,NA,NA,NA,NA,102.541213872832,35.8960653114809,0.844624277456647,0.307103235304777,NA,NA,NA,NA,NA,NA,NA,NA,NA,NA,NA,NA,NA,NA,NA,NA,NA,NA,NA,NA,NA,NA,NA,NA,NA,NA,NA,NA,NA,NA,NA,NA,2016,1993-03-06,NA,NA,NA,NA
"Ross Dwelley","SF","TE","13988","weighted",NA,NA,NA,NA,NA,NA,0,0,0,0,0,0,NA,NA,NA,NA,87.0684057971014,35.3451136986302,0.783913043478261,0.335683071253696,NA,NA,NA,NA,NA,NA,NA,NA,NA,NA,NA,NA,NA,NA,NA,NA,NA,NA,NA,NA,NA,NA,NA,NA,NA,NA,NA,NA,NA,NA,NA,NA,2018,1970-01-01,NA,NA,NA,NA
"Chigoziem Okonkwo","TEN","TE","15889","weighted",NA,NA,NA,NA,NA,NA,0,0,0,0,0,0,NA,NA,NA,NA,91.7365853658537,35.7029711985401,0.653658536585366,0.583479539251792,NA,NA,NA,NA,NA,NA,NA,NA,NA,NA,NA,NA,NA,NA,NA,NA,NA,NA,NA,NA,NA,NA,NA,NA,NA,NA,NA,NA,NA,NA,NA,NA,2022,1999-09-08,NA,NA,NA,NA
"Adam Shaheen","HOU","TE","13254","weighted",NA,NA,NA,NA,NA,NA,0,NA,0,NA,0,NA,NA,NA,NA,NA,106,NA,1,NA,NA,NA,NA,NA,NA,NA,NA,NA,NA,NA,NA,NA,NA,NA,NA,NA,NA,NA,NA,NA,NA,NA,NA,NA,NA,NA,NA,NA,NA,NA,NA,NA,2017,1994-01-01,"IR","Knee",2022,0
"Josh Oliver","BAL","TE","14209","weighted",NA,NA,NA,NA,NA,NA,0,0,0,0,0,0,NA,NA,NA,NA,69.6597826086957,40.3114310141725,0.350144927536232,0.476158322952351,NA,NA,NA,NA,NA,NA,NA,NA,NA,NA,NA,NA,NA,NA,NA,NA,NA,NA,NA,NA,NA,NA,NA,NA,NA,NA,NA,NA,NA,NA,NA,NA,2019,1997-03-21,NA,NA,NA,NA
"Blake Bell","KC","TE","12213","weighted",NA,NA,NA,NA,NA,NA,2.61585365853659,2.46062959089237,0,0,0,0,NA,NA,NA,NA,90.6560975609756,37.250335938202,0.353658536585366,0.586301493155178,NA,NA,NA,NA,NA,NA,NA,NA,NA,NA,NA,NA,NA,NA,NA,NA,NA,NA,NA,NA,NA,NA,NA,NA,NA,NA,NA,NA,NA,NA,NA,NA,2015,1991-08-07,"IR","Hip",2022,0
"Connor Heyward","PIT","TE","15800","weighted",NA,NA,NA,NA,NA,NA,0,NA,0,NA,0,NA,NA,NA,NA,NA,6,NA,0,NA,NA,NA,NA,NA,NA,NA,NA,NA,NA,NA,NA,NA,NA,NA,NA,NA,NA,NA,NA,NA,NA,NA,NA,NA,NA,NA,NA,NA,NA,NA,NA,NA,2022,1999-01-22,NA,NA,NA,NA
"Shane Zylstra","DET","TE","15604","weighted",NA,NA,NA,NA,NA,NA,0,0,0,0,0,0,NA,NA,NA,NA,77.397212543554,53.7401153701776,0.505226480836237,0.707106781186548,NA,NA,NA,NA,NA,NA,NA,NA,NA,NA,NA,NA,NA,NA,NA,NA,NA,NA,NA,NA,NA,NA,NA,NA,NA,NA,NA,NA,NA,NA,NA,NA,2021,1996-11-16,NA,NA,NA,NA
"Noah Gray","KC","TE","15337","weighted",NA,NA,NA,NA,NA,NA,0.342266102491772,0.404130638961861,0,0,0,0,NA,NA,NA,NA,92.8042031029619,20.6902219993833,0.915881523272214,0.177082019383232,NA,NA,NA,NA,NA,NA,NA,NA,NA,NA,NA,NA,NA,NA,NA,NA,NA,NA,NA,NA,NA,NA,NA,NA,NA,NA,NA,NA,NA,NA,NA,NA,2021,1999-04-30,NA,NA,NA,NA
"Hunter Long","MIA","TE","15334","weighted",NA,NA,NA,NA,NA,NA,0,0,0,0,0,0,NA,NA,NA,NA,95.7707317073171,16.9290592526909,0.353658536585366,0.586301493155178,NA,NA,NA,NA,NA,NA,NA,NA,NA,NA,NA,NA,NA,NA,NA,NA,NA,NA,NA,NA,NA,NA,NA,NA,NA,NA,NA,NA,NA,NA,NA,NA,2021,1998-08-19,NA,NA,NA,NA
"Luke Farrell","JAC","TE","15335","weighted",NA,NA,NA,NA,NA,NA,0,0,0,0,0,0,NA,NA,NA,NA,84.6780487804878,20.2543884960833,0.353658536585366,0.586301493155178,NA,NA,NA,NA,NA,NA,NA,NA,NA,NA,NA,NA,NA,NA,NA,NA,NA,NA,NA,NA,NA,NA,NA,NA,NA,NA,NA,NA,NA,NA,NA,NA,2021,1997-10-14,NA,NA,NA,NA
"Tyler Davis","GB","TE","14996","weighted",NA,NA,NA,NA,NA,NA,0,0,0,0,0,0,NA,NA,NA,NA,63.0905072463768,34.8222734015978,0.57554347826087,0.498021033081317,NA,NA,NA,NA,NA,NA,NA,NA,NA,NA,NA,NA,NA,NA,NA,NA,NA,NA,NA,NA,NA,NA,NA,NA,NA,NA,NA,NA,NA,NA,NA,NA,2020,1970-01-01,NA,NA,NA,NA
"James Mitchell","DET","TE","15909","weighted",NA,NA,NA,NA,NA,NA,NA,NA,NA,NA,0,NA,NA,NA,NA,NA,106,NA,1,NA,NA,NA,NA,NA,NA,NA,NA,NA,NA,NA,NA,NA,NA,NA,NA,NA,NA,NA,NA,NA,NA,NA,NA,NA,NA,NA,NA,NA,NA,NA,NA,NA,2022,1999-08-11,NA,NA,NA,NA
"Mitchell Wilcox","CIN","TE","15563","weighted",NA,NA,NA,NA,NA,NA,0,0,0,0,0,0,NA,NA,NA,NA,53.5435540069686,73.539105243401,0.505226480836237,0.707106781186548,NA,NA,NA,NA,NA,NA,NA,NA,NA,NA,NA,NA,NA,NA,NA,NA,NA,NA,NA,NA,NA,NA,NA,NA,NA,NA,NA,NA,NA,NA,NA,NA,2020,1996-11-07,"Q","Ankle",2022,0
"Tommy Sweeney","BUF","TE","14294","weighted",NA,NA,NA,NA,NA,NA,0,0,0,0,0,0,NA,NA,NA,NA,76.2822299651568,38.1837661840736,0.851567944250871,0.212132034355964,NA,NA,NA,NA,NA,NA,NA,NA,NA,NA,NA,NA,NA,NA,NA,NA,NA,NA,NA,NA,NA,NA,NA,NA,NA,NA,NA,NA,NA,NA,NA,NA,2019,1970-01-01,NA,NA,NA,NA
"Jesse James","FA","TE","12211","weighted",NA,NA,NA,NA,NA,NA,0,0,0,0,0,0,NA,NA,NA,NA,68.0976097560976,52.5596322896942,1.00731707317073,1.025959765685,NA,NA,NA,NA,NA,NA,NA,NA,NA,NA,NA,NA,NA,NA,NA,NA,NA,NA,NA,NA,NA,NA,NA,NA,NA,NA,NA,NA,NA,NA,NA,NA,2015,1994-06-04,NA,NA,NA,NA
"John FitzPatrick","ATL","TE","15925","weighted",NA,NA,NA,NA,NA,NA,0,NA,0,NA,0,NA,NA,NA,NA,NA,10,NA,0,NA,NA,NA,NA,NA,NA,NA,NA,NA,NA,NA,NA,NA,NA,NA,NA,NA,NA,NA,NA,NA,NA,NA,NA,NA,NA,NA,NA,NA,NA,NA,NA,NA,2022,2000-03-09,"IR","Undisclosed",2022,0
"Stephen Sullivan","CAR","TE","15026","weighted",NA,NA,NA,NA,NA,NA,0,0,0,0,0,0,NA,NA,NA,NA,66.971637630662,41.4859548522147,0.658606271777003,0.487903679018718,NA,NA,NA,NA,NA,NA,NA,NA,NA,NA,NA,NA,NA,NA,NA,NA,NA,NA,NA,NA,NA,NA,NA,NA,NA,NA,NA,NA,NA,NA,NA,NA,2020,1970-01-01,NA,NA,NA,NA
"MyCole Pruitt","FA","TE","12309","weighted",NA,NA,NA,NA,NA,NA,0,0,0,0,0,0,NA,NA,NA,NA,79.7772830188679,16.1291056788651,0.742792452830189,0.339411254969543,NA,NA,NA,NA,NA,NA,NA,NA,NA,NA,NA,NA,NA,NA,NA,NA,NA,NA,NA,NA,NA,NA,NA,NA,NA,NA,NA,NA,NA,NA,NA,NA,2015,1992-03-24,NA,NA,NA,NA
"Ben Ellefson","MIN","TE","15088","weighted",NA,NA,NA,NA,NA,NA,0,0,0,0,0,0,NA,NA,NA,NA,63.3256445993031,35.2634151777731,0.673449477351916,0.466690475583121,NA,NA,NA,NA,NA,NA,NA,NA,NA,NA,NA,NA,NA,NA,NA,NA,NA,NA,NA,NA,NA,NA,NA,NA,NA,NA,NA,NA,NA,NA,NA,NA,2020,1970-01-01,NA,NA,NA,NA
"Teagan Quitoriano","HOU","TE","15905","weighted",NA,NA,NA,NA,NA,NA,0.535849056603773,0.707106781186547,0,0,0.6,1.5741437087492e-16,NA,NA,NA,NA,46.0981132075472,47.3761543394987,0.464150943396226,0.707106781186547,NA,NA,NA,NA,NA,NA,NA,NA,NA,NA,NA,NA,NA,NA,NA,NA,NA,NA,NA,NA,NA,NA,NA,NA,NA,NA,NA,NA,NA,NA,NA,NA,2022,2000-03-15,"IR","Knee",2022,0
"Tyree Jackson","PHI","TE","14060","weighted",NA,NA,NA,NA,NA,NA,0,0,0,0,0.025,0.0353553390593274,NA,NA,NA,NA,32.17,44.0810367391694,0.315,0.445477272147525,NA,NA,NA,NA,NA,NA,NA,NA,NA,NA,NA,NA,NA,NA,NA,NA,NA,NA,NA,NA,NA,NA,NA,NA,NA,NA,NA,NA,NA,NA,NA,NA,2019,1970-01-01,NA,"Knee - ACL",2022,0
"Kevin Rader","FA","TE","14363","weighted",NA,NA,NA,NA,NA,NA,0,NA,0,NA,0,NA,NA,NA,NA,NA,39.42,NA,0.33,NA,NA,NA,NA,NA,NA,NA,NA,NA,NA,NA,NA,NA,NA,NA,NA,NA,NA,NA,NA,NA,NA,NA,NA,NA,NA,NA,NA,NA,NA,NA,NA,NA,2018,1970-01-01,NA,NA,NA,NA
"Eric Tomlinson","FA","TE","13065","weighted",NA,NA,NA,NA,NA,NA,0,NA,0,NA,0,NA,NA,NA,NA,NA,1,NA,0,NA,NA,NA,NA,NA,NA,NA,NA,NA,NA,NA,NA,NA,NA,NA,NA,NA,NA,NA,NA,NA,NA,NA,NA,NA,NA,NA,NA,NA,NA,NA,NA,NA,NA,NA,NA,NA,NA,NA
"Colby Parkinson","SEA","TE","14871","weighted",NA,NA,NA,NA,NA,NA,0,0,0,0,0.025,0.0353553390593274,NA,NA,NA,NA,42.545,14.7856027946107,0.105,0.148492424049175,NA,NA,NA,NA,NA,NA,NA,NA,NA,NA,NA,NA,NA,NA,NA,NA,NA,NA,NA,NA,NA,NA,NA,NA,NA,NA,NA,NA,NA,NA,NA,NA,2020,1999-01-07,NA,NA,NA,NA
"Reggie Gilliam","BUF","TE","15103","weighted",NA,NA,NA,NA,NA,NA,0,NA,0,NA,0,NA,NA,NA,NA,NA,37.9,NA,0.39,NA,NA,NA,NA,NA,NA,NA,NA,NA,NA,NA,NA,NA,NA,NA,NA,NA,NA,NA,NA,NA,NA,NA,NA,NA,NA,NA,NA,NA,NA,NA,NA,NA,2020,1997-08-20,NA,NA,NA,NA
"Colin Thompson","FA","TE","15123","weighted",NA,NA,NA,NA,NA,NA,0,NA,0,NA,0,NA,NA,NA,NA,NA,37.2,NA,0.32,NA,NA,NA,NA,NA,NA,NA,NA,NA,NA,NA,NA,NA,NA,NA,NA,NA,NA,NA,NA,NA,NA,NA,NA,NA,NA,NA,NA,NA,NA,NA,NA,NA,2017,1970-01-01,"Q","Calf",2022,0
"Cethan Carter","MIA","TE","13369","weighted",NA,NA,NA,NA,NA,NA,0,NA,0,NA,0,NA,NA,NA,NA,NA,8,NA,0,NA,NA,NA,NA,NA,NA,NA,NA,NA,NA,NA,NA,NA,NA,NA,NA,NA,NA,NA,NA,NA,NA,NA,NA,NA,NA,NA,NA,NA,NA,NA,NA,NA,2017,1993-09-05,NA,NA,NA,NA
"Tyler Bass","BUF","K","14983","weighted",NA,NA,NA,NA,NA,NA,NA,NA,NA,NA,NA,NA,NA,NA,NA,NA,NA,NA,NA,NA,0.343709510433654,0.203419802182688,9.71326370659563,1.98747104764102,8.05272929857945,1.25609702291596,7.14054940208349,0.782248481385381,2.97886300228842,0.712995078037707,48.0259292035398,5.24280596173501,NA,NA,NA,NA,NA,NA,NA,NA,NA,NA,NA,NA,NA,NA,NA,NA,NA,NA,NA,NA,2020,1997-02-14,NA,NA,NA,NA
"Ryan Succop","TB","K","9686","weighted",NA,NA,NA,NA,NA,NA,NA,NA,NA,NA,NA,NA,NA,NA,NA,NA,NA,NA,NA,NA,0.250641840702891,0.0710237801768134,8.89464062235626,0.561111400503842,9.37538809625238,0.500483542512164,7.37971124130537,0.3246022995916,1.56581859299977,0.806405835875014,48.4674513274336,3.90264854305449,NA,NA,NA,NA,NA,NA,NA,NA,NA,NA,NA,NA,NA,NA,NA,NA,NA,NA,NA,NA,2009,1986-09-19,NA,NA,NA,NA
"Harrison Butker","KC","K","13354","weighted",NA,NA,NA,NA,NA,NA,NA,NA,NA,NA,NA,NA,NA,NA,NA,NA,NA,NA,NA,NA,0.289509095025045,0.140703661711019,6.67182359462996,1.2387615313925,9.76915619695796,0.945435717837843,7.65828119062716,1.23530268261419,4.51532361624977,0.721135701586501,47.3870796460177,4.95097319825083,NA,NA,NA,NA,NA,NA,NA,NA,NA,NA,NA,NA,NA,NA,NA,NA,NA,NA,NA,NA,2017,1995-07-14,NA,NA,NA,NA
"Brett Maher","DAL","K","13909","weighted",NA,NA,NA,NA,NA,NA,NA,NA,NA,NA,NA,NA,NA,NA,NA,NA,NA,NA,NA,NA,0.319391481876749,0.120734513971966,6.60690942744824,2.25730650934121,9.85806697005381,3.53794158891171,6.50897311239274,2.39642298170101,1.97088566201902,0.8708099034273,36.9842626262626,11.5866022160279,NA,NA,NA,NA,NA,NA,NA,NA,NA,NA,NA,NA,NA,NA,NA,NA,NA,NA,NA,NA,2017,1970-01-01,NA,NA,NA,NA
"Brett Maher","DAL","K","13909","weighted",NA,NA,NA,NA,NA,NA,NA,NA,NA,NA,NA,NA,NA,NA,NA,NA,NA,NA,NA,NA,0.319391481876749,0.120734513971966,6.60690942744824,2.25730650934121,9.85806697005381,3.53794158891171,6.50897311239274,2.39642298170101,1.97088566201902,0.8708099034273,36.9842626262626,11.5866022160279,NA,NA,NA,NA,NA,NA,NA,NA,NA,NA,NA,NA,NA,NA,NA,NA,NA,NA,NA,NA,2017,1970-01-01,NA,NA,NA,NA
"Justin Tucker","BAL","K","10976","weighted",NA,NA,NA,NA,NA,NA,NA,NA,NA,NA,NA,NA,NA,NA,NA,NA,NA,NA,NA,NA,0.151989404952545,0.082751785227659,7.51095928627632,0.779719655991087,8.66802446860254,0.660575881808772,10.6093673090467,1.73790313178136,4.70407552075527,0.907982059479311,40.2012389380531,4.37674286933682,NA,NA,NA,NA,NA,NA,NA,NA,NA,NA,NA,NA,NA,NA,NA,NA,NA,NA,NA,NA,2012,1989-11-21,NA,NA,NA,NA
"Brandon McManus","DEN","K","11947","weighted",NA,NA,NA,NA,NA,NA,NA,NA,NA,NA,NA,NA,NA,NA,NA,NA,NA,NA,NA,NA,0.177011991436035,0.0759842390738417,7.74221741391547,0.913155781363796,7.90372281635415,1.50242131402273,7.93635929446647,0.68813046483264,4.72065586203603,1.57424888008861,38.976778761062,6.52599412920789,NA,NA,NA,NA,NA,NA,NA,NA,NA,NA,NA,NA,NA,NA,NA,NA,NA,NA,NA,NA,2014,1991-07-25,NA,NA,NA,NA
"Mason Crosby","GB","K","8742","weighted",NA,NA,NA,NA,NA,NA,NA,NA,NA,NA,NA,NA,NA,NA,NA,NA,NA,NA,NA,NA,0.514935008402925,0.154425491619076,8.14338527005952,0.86947630836213,9.04485566947471,1.04907531556031,6.41315526787346,2.01675474201985,2.75672828780859,0.892252579878243,45.0390796460177,4.32199231792528,NA,NA,NA,NA,NA,NA,NA,NA,NA,NA,NA,NA,NA,NA,NA,NA,NA,NA,NA,NA,2007,1984-09-03,NA,NA,NA,NA
"Matt Gay","LAR","K","14244","weighted",NA,NA,NA,NA,NA,NA,NA,NA,NA,NA,NA,NA,NA,NA,NA,NA,NA,NA,NA,NA,0.354504047052325,0.245661578012216,6.89017515832225,1.02424820134966,11.1229080126777,1.88207589300104,8.60885504499944,1.48655080700748,3.46438522311767,0.525972558605619,41.8841592920354,4.20014703851167,NA,NA,NA,NA,NA,NA,NA,NA,NA,NA,NA,NA,NA,NA,NA,NA,NA,NA,NA,NA,2019,1994-03-15,NA,NA,NA,NA
"Evan McPherson","CIN","K","15368","weighted",NA,NA,NA,NA,NA,NA,NA,NA,NA,NA,NA,NA,NA,NA,NA,NA,NA,NA,NA,NA,0.183721777951349,0.132827818257709,7.39838443538624,1.04516537631023,10.7998622008615,1.73123731002092,7.82453155975552,0.973419674526158,5.18572005676883,1.62170896864414,39.7646548672566,6.16814916736583,NA,NA,NA,NA,NA,NA,NA,NA,NA,NA,NA,NA,NA,NA,NA,NA,NA,NA,NA,NA,2021,1999-07-21,NA,NA,NA,NA
"Matt Prater","ARI","K","8930","weighted",NA,NA,NA,NA,NA,NA,NA,NA,NA,NA,NA,NA,NA,NA,NA,NA,NA,NA,NA,NA,0.465681024991047,0.281122483188084,8.77330763966886,0.572745580158593,8.68862378371414,0.646805861506493,6.42302636634741,1.75141043137329,4.33144049784227,1.52485198827792,43.7297345132743,2.0285759531108,NA,NA,NA,NA,NA,NA,NA,NA,NA,NA,NA,NA,NA,NA,NA,NA,NA,NA,NA,NA,2006,1984-08-10,NA,NA,NA,NA
"Dustin Hopkins","LAC","K","11387","weighted",NA,NA,NA,NA,NA,NA,NA,NA,NA,NA,NA,NA,NA,NA,NA,NA,NA,NA,NA,NA,0.781333482740235,0.225672600695475,7.94930348329154,0.625426076338533,7.36387338875114,1.08257932645269,8.65125961492582,1.73682699823259,2.29550052052475,0.373663329088045,41.9569557522124,6.64052690984805,NA,NA,NA,NA,NA,NA,NA,NA,NA,NA,NA,NA,NA,NA,NA,NA,NA,NA,NA,NA,2013,1990-10-01,NA,NA,NA,NA
"Jake Elliott","PHI","K","13303","weighted",NA,NA,NA,NA,NA,NA,NA,NA,NA,NA,NA,NA,NA,NA,NA,NA,NA,NA,NA,NA,0.223760780706147,0.133518210661529,6.50469743961674,1.22571695002284,9.15002918166709,0.930729977253086,8.35838301974257,0.777488120416671,2.55302786810547,0.616163865642122,39.9955353535354,3.97280020909731,NA,NA,NA,NA,NA,NA,NA,NA,NA,NA,NA,NA,NA,NA,NA,NA,NA,NA,NA,NA,2017,1995-01-21,NA,NA,NA,NA
"Cade York","CLE","K","15882","weighted",NA,NA,NA,NA,NA,NA,NA,NA,NA,NA,NA,NA,NA,NA,NA,NA,NA,NA,NA,NA,0.208713277762537,0.0943698223697091,6.73270855064917,1.66889945639399,7.37917510961482,1.54789099364848,7.19375405368452,1.00978746005791,2.58401056728307,0.88973981688932,34.8585132743363,6.84322797723572,NA,NA,NA,NA,NA,NA,NA,NA,NA,NA,NA,NA,NA,NA,NA,NA,NA,NA,NA,NA,2022,2001-01-27,NA,NA,NA,NA
"Randy Bullock","TEN","K","10862","weighted",NA,NA,NA,NA,NA,NA,NA,NA,NA,NA,NA,NA,NA,NA,NA,NA,NA,NA,NA,NA,0.233406864193139,0.140659678382685,6.50369881760544,1.12220160530136,9.69793832780258,0.964308042314961,7.77168105305002,0.785057390576554,1.64552058496382,0.231021313057354,40.7171223021583,3.25391447890333,NA,NA,NA,NA,NA,NA,NA,NA,NA,NA,NA,NA,NA,NA,NA,NA,NA,NA,NA,NA,2012,1989-12-16,NA,NA,NA,NA
"Rodrigo Blankenship","IND","K","14912","weighted",NA,NA,NA,NA,NA,NA,NA,NA,NA,NA,NA,NA,NA,NA,NA,NA,NA,NA,NA,NA,0.161173734639717,0.105599103326395,8.05704716297534,0.730029561473511,9.17748728920605,0.899786322280563,9.83249894354606,1.49515816976251,1.48536219364395,0.808101362445908,38.9631243576567,5.9607508161412,NA,NA,NA,NA,NA,NA,NA,NA,NA,NA,NA,NA,NA,NA,NA,NA,NA,NA,NA,NA,2020,1970-01-01,NA,NA,NA,NA
"Wil Lutz","NO","K","12956","weighted",NA,NA,NA,NA,NA,NA,NA,NA,NA,NA,NA,NA,NA,NA,NA,NA,NA,NA,NA,NA,0.267080473249109,0.241425892632428,7.21247635095237,0.874047312828298,10.2744726547914,1.23581938098309,8.01388413486303,0.879436282076443,2.40670790935035,1.14470757310919,37.7216283185841,4.9191769867189,NA,NA,NA,NA,NA,NA,NA,NA,NA,NA,NA,NA,NA,NA,NA,NA,NA,NA,NA,NA,2016,1994-07-07,NA,NA,NA,NA
"Nick Folk","NE","K","8851","weighted",NA,NA,NA,NA,NA,NA,NA,NA,NA,NA,NA,NA,NA,NA,NA,NA,NA,NA,NA,NA,0.187655529294721,0.0958602368341637,8.26184576757991,1.48842156976777,9.06115372135011,0.807184187020873,9.12013319302172,1.47442329318597,3.35425510471709,0.511801805045258,37.5081946902655,6.07714714350514,NA,NA,NA,NA,NA,NA,NA,NA,NA,NA,NA,NA,NA,NA,NA,NA,NA,NA,NA,NA,2007,1984-11-05,NA,NA,NA,NA
"Robbie Gould","SF","K","8153","weighted",NA,NA,NA,NA,NA,NA,NA,NA,NA,NA,NA,NA,NA,NA,NA,NA,NA,NA,NA,NA,0.385834884883817,0.2657538731967,6.97140268759223,1.03493785684798,7.55804383974637,1.00846133123391,8.91218950755484,1.07307816249025,3.14405928325923,0.737838345028299,39.8240353982301,3.44942892166796,NA,NA,NA,NA,NA,NA,NA,NA,NA,NA,NA,NA,NA,NA,NA,NA,NA,NA,NA,NA,2005,1982-12-06,NA,NA,NA,NA
"Chris Boswell","PIT","K","11936","weighted",NA,NA,NA,NA,NA,NA,NA,NA,NA,NA,NA,NA,NA,NA,NA,NA,NA,NA,NA,NA,0.245509154592934,0.169712013749722,8.16871298669258,0.734720834081877,8.64789557486478,0.929250071212815,9.09704271020031,1.11435306951982,4.37510061567659,0.604917878871547,30.4712389380531,5.89386247626263,NA,NA,NA,NA,NA,NA,NA,NA,NA,NA,NA,NA,NA,NA,NA,NA,NA,NA,NA,NA,2014,1991-03-16,NA,NA,NA,NA
"Cairo Santos","CHI","K","11945","weighted",NA,NA,NA,NA,NA,NA,NA,NA,NA,NA,NA,NA,NA,NA,NA,NA,NA,NA,NA,NA,0.177540042170583,0.0806536774490441,8.76148110112172,0.566337339582974,7.65567503185709,0.565937297205559,8.48862840194218,1.28855413224299,2.23187733031339,1.11866016413486,31.9577345132743,5.03879514961602,NA,NA,NA,NA,NA,NA,NA,NA,NA,NA,NA,NA,NA,NA,NA,NA,NA,NA,NA,NA,2014,1991-11-12,NA,NA,NA,NA
"Jason Sanders","MIA","K","13832","weighted",NA,NA,NA,NA,NA,NA,NA,NA,NA,NA,NA,NA,NA,NA,NA,NA,NA,NA,NA,NA,0.373928283112638,0.109746224241225,6.97044856312652,0.82317609245218,8.27193594290737,1.14444362686269,8.3243500223423,1.38318047567705,3.57505359677095,0.562426476315202,36.9399115044248,5.15277165785363,NA,NA,NA,NA,NA,NA,NA,NA,NA,NA,NA,NA,NA,NA,NA,NA,NA,NA,NA,NA,2018,1995-11-16,NA,NA,NA,NA
"Jason Myers","SEA","K","12437","weighted",NA,NA,NA,NA,NA,NA,NA,NA,NA,NA,NA,NA,NA,NA,NA,NA,NA,NA,NA,NA,0.227139600453741,0.19489530621736,5.20722893658485,2.60958915972586,7.42281220854153,2.53104333098836,6.51597546807305,2.26236251688205,2.6056234005217,0.899202296840577,32.9247610619469,7.6870344858315,NA,NA,NA,NA,NA,NA,NA,NA,NA,NA,NA,NA,NA,NA,NA,NA,NA,NA,NA,NA,NA,1991-05-12,NA,NA,NA,NA
"Daniel Carlson","LVR","K","13718","weighted",NA,NA,NA,NA,NA,NA,NA,NA,NA,NA,NA,NA,NA,NA,NA,NA,NA,NA,NA,NA,0.231675152433288,0.209541011950234,10.1031146040693,1.98204981772374,10.0577683473496,0.902298992695229,8.87477257282054,1.08712801281344,4.06687531162504,0.500492788996515,36.8543185840708,4.26489049192518,NA,NA,NA,NA,NA,NA,NA,NA,NA,NA,NA,NA,NA,NA,NA,NA,NA,NA,NA,NA,2018,1995-01-23,NA,NA,NA,NA
"Greg Joseph","MIN","K","13898","weighted",NA,NA,NA,NA,NA,NA,NA,NA,NA,NA,NA,NA,NA,NA,NA,NA,NA,NA,NA,NA,0.130980698683955,0.076072356452538,7.94439140965945,0.499308249985056,10.2559657121676,1.02129334551294,7.92636892022037,1.1178327812312,4.16445488584703,0.729306058765045,36.8072389380531,4.83832675612157,NA,NA,NA,NA,NA,NA,NA,NA,NA,NA,NA,NA,NA,NA,NA,NA,NA,NA,NA,NA,2018,1970-01-01,NA,NA,NA,NA
"Younghoe Koo","ATL","K","13403","weighted",NA,NA,NA,NA,NA,NA,NA,NA,NA,NA,NA,NA,NA,NA,NA,NA,NA,NA,NA,NA,0.0899361865092717,0.0667928580869414,8.73789232129431,0.722691278426704,8.9035674663075,0.811023154214057,7.71979665814911,1.075491917147,4.24482991603425,0.981439787197163,32.2742123893805,5.33568432689272,NA,NA,NA,NA,NA,NA,NA,NA,NA,NA,NA,NA,NA,NA,NA,NA,NA,NA,NA,NA,2017,1994-08-03,NA,NA,NA,NA
"Austin Seibert","DET","K","14258","weighted",NA,NA,NA,NA,NA,NA,NA,NA,NA,NA,NA,NA,NA,NA,NA,NA,NA,NA,NA,NA,0.0874963316702328,0.0770712299704855,5.03777017732725,2.79835276874611,8.28686117179673,3.68375759584655,6.64134802972382,3.04845026791586,2.07441620623425,1.09776557505824,28.9031553973903,11.9220368946225,NA,NA,NA,NA,NA,NA,NA,NA,NA,NA,NA,NA,NA,NA,NA,NA,NA,NA,NA,NA,2019,NA,NA,NA,NA,NA
"Kaimi Fairbairn","HOU","K","12860","weighted",NA,NA,NA,NA,NA,NA,NA,NA,NA,NA,NA,NA,NA,NA,NA,NA,NA,NA,NA,NA,0.413676498258382,0.280496270662944,7.11369494421171,0.799667640780971,7.72551220507155,0.718028278143622,6.35608823307509,1.57760497958487,3.86840730724097,0.706031135146867,29.75912,3.92440607669217,NA,NA,NA,NA,NA,NA,NA,NA,NA,NA,NA,NA,NA,NA,NA,NA,NA,NA,NA,NA,2016,1994-01-29,NA,NA,NA,NA
"Riley Patterson","FA","K","15369","weighted",NA,NA,NA,NA,NA,NA,NA,NA,NA,NA,NA,NA,NA,NA,NA,NA,NA,NA,NA,NA,0.115592914701258,0.0715740618112511,6.97873958931935,1.22109592006763,8.29685863822112,1.6636209000282,6.88748396335446,1.35865915772877,2.32196295436004,1.06301972339047,31.5681603773585,6.58920943323422,NA,NA,NA,NA,NA,NA,NA,NA,NA,NA,NA,NA,NA,NA,NA,NA,NA,NA,NA,NA,2021,1999-09-07,NA,NA,NA,NA
"Joey Slye","WAS","K","14600","weighted",NA,NA,NA,NA,NA,NA,NA,NA,NA,NA,NA,NA,NA,NA,NA,NA,NA,NA,NA,NA,0.173235180432,0.0949462851718292,9.3631785731979,1.07788894520108,8.06520950657985,1.14509606508586,7.29222651520752,0.821455282795015,3.01801786440978,0.575097926453018,30.8883716814159,4.3067933574878,NA,NA,NA,NA,NA,NA,NA,NA,NA,NA,NA,NA,NA,NA,NA,NA,NA,NA,NA,NA,2019,1996-04-10,NA,NA,NA,NA
"Greg Zuerlein","NYJ","K","10868","weighted",NA,NA,NA,NA,NA,NA,NA,NA,NA,NA,NA,NA,NA,NA,NA,NA,NA,NA,NA,NA,0.268448026524108,0.155053816935169,7.01742074568721,1.03982778720207,8.91120477223345,1.22476416272419,6.3146557315214,0.885013040088056,2.47133636696959,0.441381652498465,30.8491327433628,2.70026851959658,NA,NA,NA,NA,NA,NA,NA,NA,NA,NA,NA,NA,NA,NA,NA,NA,NA,NA,NA,NA,2012,1987-12-27,NA,NA,NA,NA
"Graham Gano","NYG","K","9694","weighted",NA,NA,NA,NA,NA,NA,NA,NA,NA,NA,NA,NA,NA,NA,NA,NA,NA,NA,NA,NA,0.293272027248933,0.146899762971277,6.88942572338148,1.78092537906112,10.4709513302084,1.33807558301379,7.09079418968232,0.632941737531074,4.40839251154243,0.659463507269698,27.3504424778761,5.68268417153763,NA,NA,NA,NA,NA,NA,NA,NA,NA,NA,NA,NA,NA,NA,NA,NA,NA,NA,NA,NA,2009,1987-04-09,NA,NA,NA,NA
"Eddy Pineiro","FA","K","13719","weighted",NA,NA,NA,NA,NA,NA,NA,NA,NA,NA,NA,NA,NA,NA,NA,NA,NA,NA,NA,NA,0.170585865857411,0.0874109607956542,7.40426608366499,0.848107124806043,7.74639277593419,1.83403984216289,7.46535604844979,0.722325364415825,3.25456942186185,0.546107872115458,29.4167,3.32064162262739,NA,NA,NA,NA,NA,NA,NA,NA,NA,NA,NA,NA,NA,NA,NA,NA,NA,NA,NA,NA,2018,1995-09-13,NA,NA,NA,NA
"Zane Gonzalez","CAR","K","13347","weighted",NA,NA,NA,NA,NA,NA,NA,NA,NA,NA,NA,NA,NA,NA,NA,NA,NA,NA,NA,NA,0.521997294424582,0.0505823878759958,8.11103488259735,0.785972488534705,9.0446069668567,0.876437143774466,8.23209819684322,0.751089003774995,3.31005642217059,0.320749857568188,30.2173027989822,1.06263002568351,NA,NA,NA,NA,NA,NA,NA,NA,NA,NA,NA,NA,NA,NA,NA,NA,NA,NA,NA,NA,2017,NA,"IR","Groin",2022,0
"Mike Badgley","JAC","K","13980","weighted",NA,NA,NA,NA,NA,NA,NA,NA,NA,NA,NA,NA,NA,NA,NA,NA,NA,NA,NA,NA,0.112996824210723,0.102075414551484,4.22482570521203,3.8164863329527,5.83816925088735,5.27389641849333,4.532428171119,4.09435829478729,1.23668746497291,1.11715870370235,22.4582641509434,5.88312841947207,NA,NA,NA,NA,NA,NA,NA,NA,NA,NA,NA,NA,NA,NA,NA,NA,NA,NA,NA,NA,2018,1970-01-01,NA,NA,NA,NA
"Ryan Santoso","FA","K","14387","weighted",NA,NA,NA,NA,NA,NA,NA,NA,NA,NA,NA,NA,NA,NA,NA,NA,NA,NA,NA,NA,NA,NA,NA,NA,NA,NA,3.20454545454546,4.06586399182265,2.13636363636364,2.71057599454843,13.7905138339921,14.8492424049175,NA,NA,NA,NA,NA,NA,NA,NA,NA,NA,NA,NA,NA,NA,NA,NA,NA,NA,NA,NA,2018,1995-08-26,NA,NA,NA,NA
"James McCourt",NA,"K","16002","weighted",NA,NA,NA,NA,NA,NA,NA,NA,NA,NA,NA,NA,NA,NA,NA,NA,NA,NA,NA,NA,0.49,NA,8.18,NA,7.3,NA,7.54,NA,NA,NA,19.73,NA,NA,NA,NA,NA,NA,NA,NA,NA,NA,NA,NA,NA,NA,NA,NA,NA,NA,NA,NA,NA,2022,1997-11-09,NA,NA,NA,NA
"Jets","NYJ","DST","0505","weighted",NA,NA,NA,NA,NA,NA,NA,NA,NA,NA,NA,NA,NA,NA,NA,NA,NA,NA,NA,NA,NA,NA,NA,NA,NA,NA,NA,NA,NA,NA,NA,NA,11.42934,2.421999453589,34.4093483333333,4.23334363754219,0.15712,0.225264012981832,2.308365,0.701829924471146,NA,NA,NA,NA,NA,NA,NA,NA,NA,NA,NA,NA,NA,NA,NA,NA,NA,NA
"Lions","DET","DST","0522","weighted",NA,NA,NA,NA,NA,NA,NA,NA,NA,NA,NA,NA,NA,NA,NA,NA,NA,NA,NA,NA,NA,NA,NA,NA,NA,NA,NA,NA,NA,NA,NA,NA,12.77486,2.57779697994439,34.227155,4.23608289686036,0.396435,0.349030726242618,2.15547,1.31850933746375,NA,NA,NA,NA,NA,NA,NA,NA,NA,NA,NA,NA,NA,NA,NA,NA,NA,NA
"Jaguars","JAC","DST","0509","weighted",NA,NA,NA,NA,NA,NA,NA,NA,NA,NA,NA,NA,NA,NA,NA,NA,NA,NA,NA,NA,NA,NA,NA,NA,NA,NA,NA,NA,NA,NA,NA,NA,11.16952,2.25467299472596,37.3899083333333,3.45100583150331,0.411165,0.354421821744276,2.179385,1.22889662347029,NA,NA,NA,NA,NA,NA,NA,NA,NA,NA,NA,NA,NA,NA,NA,NA,NA,NA
"Texans","HOU","DST","0532","weighted",NA,NA,NA,NA,NA,NA,NA,NA,NA,NA,NA,NA,NA,NA,NA,NA,NA,NA,NA,NA,NA,NA,NA,NA,NA,NA,NA,NA,NA,NA,NA,NA,12.923,1.34036724224131,34.132755,3.22024003943058,0.397255,0.349552315557313,2.739385,0.936707960361036,NA,NA,NA,NA,NA,NA,NA,NA,NA,NA,NA,NA,NA,NA,NA,NA,NA,NA
"Raiders","LVR","DST","0513","weighted",NA,NA,NA,NA,NA,NA,NA,NA,NA,NA,NA,NA,NA,NA,NA,NA,NA,NA,NA,NA,NA,NA,NA,NA,NA,NA,NA,NA,NA,NA,NA,NA,10.86462,3.70292436276841,35.569685,2.64123132871377,0.599345,0.309528150250632,2.140405,1.31112309403366,NA,NA,NA,NA,NA,NA,NA,NA,NA,NA,NA,NA,NA,NA,NA,NA,NA,NA
"Falcons","ATL","DST","0526","weighted",NA,NA,NA,NA,NA,NA,NA,NA,NA,NA,NA,NA,NA,NA,NA,NA,NA,NA,NA,NA,NA,NA,NA,NA,NA,NA,NA,NA,NA,NA,NA,NA,13.2521,1.11893779100906,26.280175,7.55412281297511,0.417095,0.377288624080532,2.72524,1.23200280686331,NA,NA,NA,NA,NA,NA,NA,NA,NA,NA,NA,NA,NA,NA,NA,NA,NA,NA
"Giants","NYG","DST","0517","weighted",NA,NA,NA,NA,NA,NA,NA,NA,NA,NA,NA,NA,NA,NA,NA,NA,NA,NA,NA,NA,NA,NA,NA,NA,NA,NA,NA,NA,NA,NA,NA,NA,13.66866,1.80810984275132,37.411665,2.95249751393066,0.525095,0.295363411448434,2.28218,1.17740682709095,NA,NA,NA,NA,NA,NA,NA,NA,NA,NA,NA,NA,NA,NA,NA,NA,NA,NA
"Cardinals","ARI","DST","0519","weighted",NA,NA,NA,NA,NA,NA,NA,NA,NA,NA,NA,NA,NA,NA,NA,NA,NA,NA,NA,NA,NA,NA,NA,NA,NA,NA,NA,NA,NA,NA,NA,NA,13.52346,1.57317880878972,38.3860916666667,3.15852734086711,0.42835,0.362169348899683,2.613215,0.990120968651207,NA,NA,NA,NA,NA,NA,NA,NA,NA,NA,NA,NA,NA,NA,NA,NA,NA,NA
"Vikings","MIN","DST","0524","weighted",NA,NA,NA,NA,NA,NA,NA,NA,NA,NA,NA,NA,NA,NA,NA,NA,NA,NA,NA,NA,NA,NA,NA,NA,NA,NA,NA,NA,NA,NA,NA,NA,14.51404,2.10585362308781,44.88268,4.48840016004308,0.169395,0.242862763996037,2.69606,0.899395763701261,NA,NA,NA,NA,NA,NA,NA,NA,NA,NA,NA,NA,NA,NA,NA,NA,NA,NA
"Steelers","PIT","DST","0510","weighted",NA,NA,NA,NA,NA,NA,NA,NA,NA,NA,NA,NA,NA,NA,NA,NA,NA,NA,NA,NA,NA,NA,NA,NA,NA,NA,NA,NA,NA,NA,NA,NA,14.09602,3.04265734167009,52.863585,4.15096799068185,0.164485,0.235823263590355,2.6367,0.767615062617727,NA,NA,NA,NA,NA,NA,NA,NA,NA,NA,NA,NA,NA,NA,NA,NA,NA,NA
"Seahawks","SEA","DST","0515","weighted",NA,NA,NA,NA,NA,NA,NA,NA,NA,NA,NA,NA,NA,NA,NA,NA,NA,NA,NA,NA,NA,NA,NA,NA,NA,NA,NA,NA,NA,NA,NA,NA,12.96508,0.8993632546365,34.9395333333333,6.38114282954328,0.74028,0.397073013858,2.379055,1.48197495617665,NA,NA,NA,NA,NA,NA,NA,NA,NA,NA,NA,NA,NA,NA,NA,NA,NA,NA
"Chiefs","KC","DST","0512","weighted",NA,NA,NA,NA,NA,NA,NA,NA,NA,NA,NA,NA,NA,NA,NA,NA,NA,NA,NA,NA,NA,NA,NA,NA,NA,NA,NA,NA,NA,NA,NA,NA,14.2178,1.6957937671756,34.2401433333333,4.84797881986456,0.39398,0.348248625324928,3.21218,0.527679560398483,NA,NA,NA,NA,NA,NA,NA,NA,NA,NA,NA,NA,NA,NA,NA,NA,NA,NA
"Chargers","LAC","DST","0514","weighted",NA,NA,NA,NA,NA,NA,NA,NA,NA,NA,NA,NA,NA,NA,NA,NA,NA,NA,NA,NA,NA,NA,NA,NA,NA,NA,NA,NA,NA,NA,NA,NA,14.26128,2.72326837384065,41.2990733333333,2.04025048816391,0.416075,0.356478852969904,2.7636,0.630287096601918,NA,NA,NA,NA,NA,NA,NA,NA,NA,NA,NA,NA,NA,NA,NA,NA,NA,NA
"Bears","CHI","DST","0521","weighted",NA,NA,NA,NA,NA,NA,NA,NA,NA,NA,NA,NA,NA,NA,NA,NA,NA,NA,NA,NA,NA,NA,NA,NA,NA,NA,NA,NA,NA,NA,NA,NA,11.90122,3.2008150885725,44.2136116666667,3.85743413013322,0.807165,0.475611431067316,2.681365,0.922432151490383,NA,NA,NA,NA,NA,NA,NA,NA,NA,NA,NA,NA,NA,NA,NA,NA,NA,NA
"Commanders","WAS","DST","0520","weighted",NA,NA,NA,NA,NA,NA,NA,NA,NA,NA,NA,NA,NA,NA,NA,NA,NA,NA,NA,NA,NA,NA,NA,NA,NA,NA,NA,NA,NA,NA,NA,NA,13.33916,1.68441643064468,38.7465033333333,1.11928945418708,0.164485,0.235823263590355,3.16209,0.988529584704951,NA,NA,NA,NA,NA,NA,NA,NA,NA,NA,NA,NA,NA,NA,NA,NA,NA,NA
"Panthers","CAR","DST","0527","weighted",NA,NA,NA,NA,NA,NA,NA,NA,NA,NA,NA,NA,NA,NA,NA,NA,NA,NA,NA,NA,NA,NA,NA,NA,NA,NA,NA,NA,NA,NA,NA,NA,12.37498,2.88648658531178,39.5968533333333,3.27438136768687,0.421805,0.361261743935984,2.316785,0.623642063565316,NA,NA,NA,NA,NA,NA,NA,NA,NA,NA,NA,NA,NA,NA,NA,NA,NA,NA
"Rams","LAR","DST","0528","weighted",NA,NA,NA,NA,NA,NA,NA,NA,NA,NA,NA,NA,NA,NA,NA,NA,NA,NA,NA,NA,NA,NA,NA,NA,NA,NA,NA,NA,NA,NA,NA,NA,15.48834,2.3772380145093,45.001265,3.44784114425834,0.401345,0.350695687672214,3.10906,0.937170052687964,NA,NA,NA,NA,NA,NA,NA,NA,NA,NA,NA,NA,NA,NA,NA,NA,NA,NA
"Eagles","PHI","DST","0518","weighted",NA,NA,NA,NA,NA,NA,NA,NA,NA,NA,NA,NA,NA,NA,NA,NA,NA,NA,NA,NA,NA,NA,NA,NA,NA,NA,NA,NA,NA,NA,NA,NA,12.75498,1.49900270559252,37.80244,6.6894558017998,0.40871,0.353441397136639,3.392765,0.982197797204675,NA,NA,NA,NA,NA,NA,NA,NA,NA,NA,NA,NA,NA,NA,NA,NA,NA,NA
"Patriots","NE","DST","0504","weighted",NA,NA,NA,NA,NA,NA,NA,NA,NA,NA,NA,NA,NA,NA,NA,NA,NA,NA,NA,NA,NA,NA,NA,NA,NA,NA,NA,NA,NA,NA,NA,NA,16.08252,2.56234982046135,38.5474316666667,4.61564561053321,0.40871,0.353441397136639,2.816915,0.651628294688683,NA,NA,NA,NA,NA,NA,NA,NA,NA,NA,NA,NA,NA,NA,NA,NA,NA,NA
"Broncos","DEN","DST","0511","weighted",NA,NA,NA,NA,NA,NA,NA,NA,NA,NA,NA,NA,NA,NA,NA,NA,NA,NA,NA,NA,NA,NA,NA,NA,NA,NA,NA,NA,NA,NA,NA,NA,14.61684,2.8999358493808,39.5691033333333,3.45112371781331,0.1473,0.211185012170467,2.861045,1.15677541784308,NA,NA,NA,NA,NA,NA,NA,NA,NA,NA,NA,NA,NA,NA,NA,NA,NA,NA
"Cowboys","DAL","DST","0516","weighted",NA,NA,NA,NA,NA,NA,NA,NA,NA,NA,NA,NA,NA,NA,NA,NA,NA,NA,NA,NA,NA,NA,NA,NA,NA,NA,NA,NA,NA,NA,NA,NA,18.46978,4.74056682598155,38.296925,3.11801914732899,0.189035,0.271020765618766,2.829465,0.707995036002218,NA,NA,NA,NA,NA,NA,NA,NA,NA,NA,NA,NA,NA,NA,NA,NA,NA,NA
"Saints","NO","DST","0529","weighted",NA,NA,NA,NA,NA,NA,NA,NA,NA,NA,NA,NA,NA,NA,NA,NA,NA,NA,NA,NA,NA,NA,NA,NA,NA,NA,NA,NA,NA,NA,NA,NA,15.8208,2.36064386233704,44.5284816666667,0.976081844746126,0.15712,0.225264012981832,2.90237,1.09426326990243,NA,NA,NA,NA,NA,NA,NA,NA,NA,NA,NA,NA,NA,NA,NA,NA,NA,NA
"Titans","TEN","DST","0508","weighted",NA,NA,NA,NA,NA,NA,NA,NA,NA,NA,NA,NA,NA,NA,NA,NA,NA,NA,NA,NA,NA,NA,NA,NA,NA,NA,NA,NA,NA,NA,NA,NA,14.01236,1.53708225970118,41.31756,3.25102738444975,0.1473,0.211185012170467,2.524645,0.369820237150552,NA,NA,NA,NA,NA,NA,NA,NA,NA,NA,NA,NA,NA,NA,NA,NA,NA,NA
"Browns","CLE","DST","0507","weighted",NA,NA,NA,NA,NA,NA,NA,NA,NA,NA,NA,NA,NA,NA,NA,NA,NA,NA,NA,NA,NA,NA,NA,NA,NA,NA,NA,NA,NA,NA,NA,NA,14.8879,2.18900770439272,41.6326933333333,2.59187353064051,0.406255,0.352493392809351,2.710105,0.729044006240956,NA,NA,NA,NA,NA,NA,NA,NA,NA,NA,NA,NA,NA,NA,NA,NA,NA,NA
"Dolphins","MIA","DST","0503","weighted",NA,NA,NA,NA,NA,NA,NA,NA,NA,NA,NA,NA,NA,NA,NA,NA,NA,NA,NA,NA,NA,NA,NA,NA,NA,NA,NA,NA,NA,NA,NA,NA,14.77146,2.29326167378727,45.4574583333333,2.30261064234551,0.435715,0.365947596629352,2.778915,0.74018254767187,NA,NA,NA,NA,NA,NA,NA,NA,NA,NA,NA,NA,NA,NA,NA,NA,NA,NA
"49ers","SF","DST","0530","weighted",NA,NA,NA,NA,NA,NA,NA,NA,NA,NA,NA,NA,NA,NA,NA,NA,NA,NA,NA,NA,NA,NA,NA,NA,NA,NA,NA,NA,NA,NA,NA,NA,13.31776,1.91763227731557,48.0818016666667,5.68834543057451,0.159575,0.228783763184673,2.93447,1.06941861662329,NA,NA,NA,NA,NA,NA,NA,NA,NA,NA,NA,NA,NA,NA,NA,NA,NA,NA
"Buccaneers","TB","DST","0525","weighted",NA,NA,NA,NA,NA,NA,NA,NA,NA,NA,NA,NA,NA,NA,NA,NA,NA,NA,NA,NA,NA,NA,NA,NA,NA,NA,NA,NA,NA,NA,NA,NA,14.70178,1.42375308681866,44.4909666666667,4.39197744264168,0.435715,0.365947596629352,2.693065,1.2682689590643,NA,NA,NA,NA,NA,NA,NA,NA,NA,NA,NA,NA,NA,NA,NA,NA,NA,NA
"Colts","IND","DST","0502","weighted",NA,NA,NA,NA,NA,NA,NA,NA,NA,NA,NA,NA,NA,NA,NA,NA,NA,NA,NA,NA,NA,NA,NA,NA,NA,NA,NA,NA,NA,NA,NA,NA,16.06198,2.36885567928311,33.4184183333333,4.04715822763729,0.83355,0.607800979237369,2.56944,0.602653122737934,NA,NA,NA,NA,NA,NA,NA,NA,NA,NA,NA,NA,NA,NA,NA,NA,NA,NA
"Bengals","CIN","DST","0506","weighted",NA,NA,NA,NA,NA,NA,NA,NA,NA,NA,NA,NA,NA,NA,NA,NA,NA,NA,NA,NA,NA,NA,NA,NA,NA,NA,NA,NA,NA,NA,NA,NA,14.90406,2.03246203718255,39.2423066666667,2.48797489435272,0.41853,0.357554906248416,2.463795,1.06344917314269,NA,NA,NA,NA,NA,NA,NA,NA,NA,NA,NA,NA,NA,NA,NA,NA,NA,NA
"Packers","GB","DST","0523","weighted",NA,NA,NA,NA,NA,NA,NA,NA,NA,NA,NA,NA,NA,NA,NA,NA,NA,NA,NA,NA,NA,NA,NA,NA,NA,NA,NA,NA,NA,NA,NA,NA,17.0558,3.23171502175141,41.9496016666667,1.85279934595909,0.15221,0.218224512576149,2.62908,0.526616816171433,NA,NA,NA,NA,NA,NA,NA,NA,NA,NA,NA,NA,NA,NA,NA,NA,NA,NA
"Ravens","BAL","DST","0531","weighted",NA,NA,NA,NA,NA,NA,NA,NA,NA,NA,NA,NA,NA,NA,NA,NA,NA,NA,NA,NA,NA,NA,NA,NA,NA,NA,NA,NA,NA,NA,NA,NA,14.00576,2.91647449462844,37.5315516666667,3.22267926571608,0.43326,0.364658558284813,2.78985,0.727265724669945,NA,NA,NA,NA,NA,NA,NA,NA,NA,NA,NA,NA,NA,NA,NA,NA,NA,NA
"Bills","BUF","DST","0501","weighted",NA,NA,NA,NA,NA,NA,NA,NA,NA,NA,NA,NA,NA,NA,NA,NA,NA,NA,NA,NA,NA,NA,NA,NA,NA,NA,NA,NA,NA,NA,NA,NA,17.419,3.47954953309666,45.8282366666667,4.57545156796344,0.41853,0.357554906248416,2.42802,1.07000090918897,NA,NA,NA,NA,NA,NA,NA,NA,NA,NA,NA,NA,NA,NA,NA,NA,NA,NA
"Javon Hargrave","PHI","DL","12764","weighted",NA,NA,NA,NA,NA,NA,NA,NA,NA,NA,NA,NA,NA,NA,NA,NA,NA,NA,NA,NA,NA,NA,NA,NA,NA,NA,NA,NA,NA,NA,NA,NA,NA,NA,NA,NA,NA,NA,NA,NA,NA,NA,44.1271264367816,30.7499842983187,7.42928735632184,1.34819331893658,0,0,2.45158620689655,0.514828756625588,0.01,0.00989812977147567,2016,1993-02-07,NA,NA,NA,NA
"Leonard Williams","NYG","DL","12225","weighted",NA,NA,NA,NA,NA,NA,NA,NA,NA,NA,NA,NA,NA,NA,NA,NA,NA,NA,NA,NA,NA,NA,NA,NA,NA,NA,NA,NA,NA,NA,NA,NA,NA,NA,NA,NA,NA,NA,NA,NA,NA,NA,45.8474022988506,25.5056738366262,9.07236781609195,0.583024982852905,0.0554942528735632,0.0976508996282072,2.0391724137931,0.259719183069049,0.045,0.0445415839716405,2015,1994-06-20,NA,NA,NA,NA
"Aaron Donald","LAR","DL","11757","weighted",NA,NA,NA,NA,NA,NA,NA,NA,NA,NA,NA,NA,NA,NA,NA,NA,NA,NA,NA,NA,NA,NA,NA,NA,NA,NA,NA,NA,NA,NA,NA,NA,NA,NA,NA,NA,NA,NA,NA,NA,NA,NA,47.8104827586207,20.782409109109,13.3759540229885,0.32623500621374,0,0,2.53645977011494,0.902352530937931,0.085,0.0841341030575432,2014,1991-05-23,NA,NA,NA,NA
"Cameron Heyward","PIT","DL","10266","weighted",NA,NA,NA,NA,NA,NA,NA,NA,NA,NA,NA,NA,NA,NA,NA,NA,NA,NA,NA,NA,NA,NA,NA,NA,NA,NA,NA,NA,NA,NA,NA,NA,NA,NA,NA,NA,NA,NA,NA,NA,NA,NA,53.6451954022989,14.574332603359,7.96574712643678,1.98444684465956,0.59848275862069,0.417035467413841,4.68009195402299,1.89244503175078,0,0,2011,1989-05-06,NA,NA,NA,NA
"DeForest Buckner","IND","DL","12688","weighted",NA,NA,NA,NA,NA,NA,NA,NA,NA,NA,NA,NA,NA,NA,NA,NA,NA,NA,NA,NA,NA,NA,NA,NA,NA,NA,NA,NA,NA,NA,NA,NA,NA,NA,NA,NA,NA,NA,NA,NA,NA,NA,50.3067126436782,15.5319559173054,8.80252873563218,1.59497380587941,0,0,2.7976091954023,0.725647582793751,0.03,0.029694389314427,2016,1994-03-17,NA,NA,NA,NA
"Danielle Hunter","MIN","DL","12221","weighted",NA,NA,NA,NA,NA,NA,NA,NA,NA,NA,NA,NA,NA,NA,NA,NA,NA,NA,NA,NA,NA,NA,NA,NA,NA,NA,NA,NA,NA,NA,NA,NA,NA,NA,NA,NA,NA,NA,NA,NA,NA,NA,48.9511262798635,26.1912351751497,10.3400682593857,0.233345237791561,0.0630034129692833,0.0919238815542512,1.43133105802048,0.629325035256027,0.17,0,2015,1994-10-29,NA,NA,NA,NA
"Christian Wilkins","MIA","DL","14162","weighted",NA,NA,NA,NA,NA,NA,NA,NA,NA,NA,NA,NA,NA,NA,NA,NA,NA,NA,NA,NA,NA,NA,NA,NA,NA,NA,NA,NA,NA,NA,NA,NA,NA,NA,NA,NA,NA,NA,NA,NA,NA,NA,51.8736551724138,13.1788280248324,4.46519540229885,0.942291927470769,0.0489655172413793,0.086162558495477,3.49186206896552,1.34716469026719,0,0,2019,1970-01-01,NA,NA,NA,NA
"Charles Harris","DET","DL","13204","weighted",NA,NA,NA,NA,NA,NA,NA,NA,NA,NA,NA,NA,NA,NA,NA,NA,NA,NA,NA,NA,NA,NA,NA,NA,NA,NA,NA,NA,NA,NA,NA,NA,NA,NA,NA,NA,NA,NA,NA,NA,NA,NA,37.8658390804598,25.0175887496546,7.2192183908046,2.42976514732827,0.0163218390804598,0.0287208528318257,1.00979310344828,1.00469825374641,0.025,0.0247453244286892,2017,NA,NA,NA,NA,NA
"Jeffery Simmons","TEN","DL","14163","weighted",NA,NA,NA,NA,NA,NA,NA,NA,NA,NA,NA,NA,NA,NA,NA,NA,NA,NA,NA,NA,NA,NA,NA,NA,NA,NA,NA,NA,NA,NA,NA,NA,NA,NA,NA,NA,NA,NA,NA,NA,NA,NA,47.4905747126437,15.400608388591,9.8112183908046,2.12507691964654,0.353655172413793,0.577425553877095,3.92928735632184,1.55600088005719,0.005,0.00494906488573784,2019,1997-07-28,NA,NA,NA,NA
"Lawrence Guy","NE","DL","10457","weighted",NA,NA,NA,NA,NA,NA,NA,NA,NA,NA,NA,NA,NA,NA,NA,NA,NA,NA,NA,NA,NA,NA,NA,NA,NA,NA,NA,NA,NA,NA,NA,NA,NA,NA,NA,NA,NA,NA,NA,NA,NA,NA,45.3741609195402,16.0099849615316,2.43034482758621,1.38944804810341,0.110988505747126,0.103490870903478,1.67898850574713,0.80841241370394,0,0,2011,1990-03-17,NA,NA,NA,NA
"Nick Bosa","SF","DL","14147","weighted",NA,NA,NA,NA,NA,NA,NA,NA,NA,NA,NA,NA,NA,NA,NA,NA,NA,NA,NA,NA,NA,NA,NA,NA,NA,NA,NA,NA,NA,NA,NA,NA,NA,NA,NA,NA,NA,NA,NA,NA,NA,NA,47.0662528735632,14.1938454694882,15.4912643678161,1.86012265894115,0.412413793103448,0.534106983918269,1.41567816091954,0.559994469889039,0.085,0.0841341030575432,2019,1997-10-23,NA,NA,NA,NA
"Sam Hubbard","CIN","DL","13684","weighted",NA,NA,NA,NA,NA,NA,NA,NA,NA,NA,NA,NA,NA,NA,NA,NA,NA,NA,NA,NA,NA,NA,NA,NA,NA,NA,NA,NA,NA,NA,NA,NA,NA,NA,NA,NA,NA,NA,NA,NA,NA,NA,45.4895172413793,14.2996056811066,7.85636781609195,1.2143681855558,0.00652873563218391,0.0114883411327303,2.70620689655172,0.434609175162162,0.005,0.00494906488573784,2018,NA,NA,NA,NA,NA
"Cameron Jordan","NO","DL","10292","weighted",NA,NA,NA,NA,NA,NA,NA,NA,NA,NA,NA,NA,NA,NA,NA,NA,NA,NA,NA,NA,NA,NA,NA,NA,NA,NA,NA,NA,NA,NA,NA,NA,NA,NA,NA,NA,NA,NA,NA,NA,NA,NA,45.9019310344828,13.192340107047,11.6898850574713,1.00403605557814,0.405885057471264,0.538111897670377,4.18064367816092,1.88500462995584,0.075,0.0742359732860675,2011,1989-07-10,NA,NA,NA,NA
"Shelby Harris","SEA","DL","11872","weighted",NA,NA,NA,NA,NA,NA,NA,NA,NA,NA,NA,NA,NA,NA,NA,NA,NA,NA,NA,NA,NA,NA,NA,NA,NA,NA,NA,NA,NA,NA,NA,NA,NA,NA,NA,NA,NA,NA,NA,NA,NA,NA,36.8322298850575,20.241435106179,6.33622988505747,0.321181132415682,0.0620229885057471,0.109139240760937,2.30685057471264,0.275694863313878,0.01,0.00989812977147567,2014,1991-08-11,NA,NA,NA,NA
"B.J. Hill","CIN","DL","13742","weighted",NA,NA,NA,NA,NA,NA,NA,NA,NA,NA,NA,NA,NA,NA,NA,NA,NA,NA,NA,NA,NA,NA,NA,NA,NA,NA,NA,NA,NA,NA,NA,NA,NA,NA,NA,NA,NA,NA,NA,NA,NA,NA,37.3947586206897,20.0057435671778,4.15287356321839,0.90562556150854,0.0881379310344828,0.0860134338973327,0.83567816091954,1.3861382612421,0,0,2018,1995-04-20,NA,NA,NA,NA
"Arik Armstead","SF","DL","12218","weighted",NA,NA,NA,NA,NA,NA,NA,NA,NA,NA,NA,NA,NA,NA,NA,NA,NA,NA,NA,NA,NA,NA,NA,NA,NA,NA,NA,NA,NA,NA,NA,NA,NA,NA,NA,NA,NA,NA,NA,NA,NA,NA,38.920367816092,18.1024351679272,7.04680459770115,0.889474994457835,0,0,1.21218390804598,0.838302190777922,0.005,0.00494906488573784,2015,1993-11-15,NA,NA,NA,NA
"Calais Campbell","BAL","DL","9051","weighted",NA,NA,NA,NA,NA,NA,NA,NA,NA,NA,NA,NA,NA,NA,NA,NA,NA,NA,NA,NA,NA,NA,NA,NA,NA,NA,NA,NA,NA,NA,NA,NA,NA,NA,NA,NA,NA,NA,NA,NA,NA,NA,41.6799540229885,13.6053047293796,4.27531034482759,0.708110351760423,0.0554942528735632,0.0976508996282072,2.48312643678161,0.459689476075333,0,0,2008,1986-09-01,NA,NA,NA,NA
"Michael Pierce","BAL","DL","12952","weighted",NA,NA,NA,NA,NA,NA,NA,NA,NA,NA,NA,NA,NA,NA,NA,NA,NA,NA,NA,NA,NA,NA,NA,NA,NA,NA,NA,NA,NA,NA,NA,NA,NA,NA,NA,NA,NA,NA,NA,NA,NA,NA,29.9378850574713,23.7563359803593,4.08763218390805,2.92947034615628,0,0,1.35581609195402,0.713167105116199,0,0,2016,1992-11-06,NA,NA,NA,NA
"Dexter Lawrence","NYG","DL","14159","weighted",NA,NA,NA,NA,NA,NA,NA,NA,NA,NA,NA,NA,NA,NA,NA,NA,NA,NA,NA,NA,NA,NA,NA,NA,NA,NA,NA,NA,NA,NA,NA,NA,NA,NA,NA,NA,NA,NA,NA,NA,NA,NA,36.7647816091954,16.9375319154648,2.9863908045977,0.77223737481623,0.00652873563218391,0.0114883411327303,1.42652873563218,1.28732197229767,0,0,2019,1997-11-12,NA,NA,NA,NA
"Chandler Jones","LVR","DL","10753","weighted",NA,NA,NA,NA,NA,NA,NA,NA,NA,NA,NA,NA,NA,NA,NA,NA,NA,NA,NA,NA,NA,NA,NA,NA,NA,NA,NA,NA,NA,NA,NA,NA,NA,NA,NA,NA,NA,NA,NA,NA,NA,NA,48.895,10.5995306499863,10.57,0.60811183182043,0.085,0.120208152801713,3.85,2.89913780286484,0.085,0.120208152801713,2012,1990-02-27,NA,NA,NA,NA
"Maxx Crosby","LVR","DL","14225","weighted",NA,NA,NA,NA,NA,NA,NA,NA,NA,NA,NA,NA,NA,NA,NA,NA,NA,NA,NA,NA,NA,NA,NA,NA,NA,NA,NA,NA,NA,NA,NA,NA,NA,NA,NA,NA,NA,NA,NA,NA,NA,NA,42.1097931034483,11.9190315110819,8.56965517241379,0.848881418198185,0.00652873563218391,0.0114883411327303,3.95866666666667,1.74783240919449,0.035,0.0346434542001648,2019,1997-08-22,NA,NA,NA,NA
"David Onyemata","NO","DL","12782","weighted",NA,NA,NA,NA,NA,NA,NA,NA,NA,NA,NA,NA,NA,NA,NA,NA,NA,NA,NA,NA,NA,NA,NA,NA,NA,NA,NA,NA,NA,NA,NA,NA,NA,NA,NA,NA,NA,NA,NA,NA,NA,NA,30.8126436781609,21.5309491391655,3.55383908045977,1.94735810872156,0.0522298850574713,0.0919067290618421,0.83567816091954,1.22398367474245,0,0,2016,1992-11-13,NA,NA,NA,NA
"Grady Jarrett","ATL","DL","12305","weighted",NA,NA,NA,NA,NA,NA,NA,NA,NA,NA,NA,NA,NA,NA,NA,NA,NA,NA,NA,NA,NA,NA,NA,NA,NA,NA,NA,NA,NA,NA,NA,NA,NA,NA,NA,NA,NA,NA,NA,NA,NA,NA,41.4373793103448,12.0431260392515,3.35365517241379,1.69495714687119,0,0,1.26767816091954,0.836641990232274,0,0,2015,1993-04-28,NA,NA,NA,NA
"Quinton Jefferson","SEA","DL","12796","weighted",NA,NA,NA,NA,NA,NA,NA,NA,NA,NA,NA,NA,NA,NA,NA,NA,NA,NA,NA,NA,NA,NA,NA,NA,NA,NA,NA,NA,NA,NA,NA,NA,NA,NA,NA,NA,NA,NA,NA,NA,NA,NA,39.335,21.6869649789914,4.395,0.558614357137373,0.005,0.00707106781186548,1.34,1.32936074863071,0,0,2016,NA,NA,NA,NA,NA
"Derek Barnett","PHI","DL","13201","weighted",NA,NA,NA,NA,NA,NA,NA,NA,NA,NA,NA,NA,NA,NA,NA,NA,NA,NA,NA,NA,NA,NA,NA,NA,NA,NA,NA,NA,NA,NA,NA,NA,NA,NA,NA,NA,NA,NA,NA,NA,NA,NA,32.1238620689655,18.8358491941528,3.83241379310345,1.46476349442311,0.00652873563218391,0.0114883411327303,0.698574712643678,1.22925250120214,0,0,2017,1996-06-25,NA,NA,NA,NA
"Fletcher Cox","PHI","DL","10762","weighted",NA,NA,NA,NA,NA,NA,NA,NA,NA,NA,NA,NA,NA,NA,NA,NA,NA,NA,NA,NA,NA,NA,NA,NA,NA,NA,NA,NA,NA,NA,NA,NA,NA,NA,NA,NA,NA,NA,NA,NA,NA,NA,34.3045057471264,16.2904372718785,5.11154022988506,0.960637046982905,0,0,1.36671264367816,1.16592711437552,0.005,0.00494906488573784,2012,1990-12-13,NA,NA,NA,NA
"Myles Garrett","CLE","DL","13198","weighted",NA,NA,NA,NA,NA,NA,NA,NA,NA,NA,NA,NA,NA,NA,NA,NA,NA,NA,NA,NA,NA,NA,NA,NA,NA,NA,NA,NA,NA,NA,NA,NA,NA,NA,NA,NA,NA,NA,NA,NA,NA,NA,42.0967356321839,8.59897901439991,14.4929195402299,0.775533309674327,0,0,2.89664367816092,1.53581462962708,0.185,0.0148471946572135,2017,1995-12-29,NA,NA,NA,NA
"Sebastian Joseph","LAC","DL","13810","weighted",NA,NA,NA,NA,NA,NA,NA,NA,NA,NA,NA,NA,NA,NA,NA,NA,NA,NA,NA,NA,NA,NA,NA,NA,NA,NA,NA,NA,NA,NA,NA,NA,NA,NA,NA,NA,NA,NA,NA,NA,NA,NA,38.7105802047782,15.6270598642227,6.42559726962457,5.72756492761104,0,0,0,0,0,0,2018,1995-03-21,NA,NA,NA,NA
"Robert Quinn","CHI","DL","10269","weighted",NA,NA,NA,NA,NA,NA,NA,NA,NA,NA,NA,NA,NA,NA,NA,NA,NA,NA,NA,NA,NA,NA,NA,NA,NA,NA,NA,NA,NA,NA,NA,NA,NA,NA,NA,NA,NA,NA,NA,NA,NA,NA,42.23,3.153696244092,9.535,0.233345237791561,0.35,0.494974746830583,1.445,0.0636396103067893,0.075,0.106066017177982,2011,1990-05-18,NA,NA,NA,NA
"Chris Jones","KC","DL","12741","weighted",NA,NA,NA,NA,NA,NA,NA,NA,NA,NA,NA,NA,NA,NA,NA,NA,NA,NA,NA,NA,NA,NA,NA,NA,NA,NA,NA,NA,NA,NA,NA,NA,NA,NA,NA,NA,NA,NA,NA,NA,NA,NA,29.3514022988506,13.2192980052744,7.25572413793104,1.50136244431156,0.0587586206896552,0.103395070194572,3.52340229885057,1.38357433046726,0.03,0.029694389314427,2016,1994-07-03,NA,NA,NA,NA
"Harrison Phillips","MIN","DL","13693","weighted",NA,NA,NA,NA,NA,NA,NA,NA,NA,NA,NA,NA,NA,NA,NA,NA,NA,NA,NA,NA,NA,NA,NA,NA,NA,NA,NA,NA,NA,NA,NA,NA,NA,NA,NA,NA,NA,NA,NA,NA,NA,NA,33.0935153583618,11.8086832458153,4.10170648464164,4.5254833995939,0,0,1.96928327645051,1.41421356237309,0,0,2018,1996-01-25,NA,NA,NA,NA
"Quinnen Williams","NYJ","DL","14157","weighted",NA,NA,NA,NA,NA,NA,NA,NA,NA,NA,NA,NA,NA,NA,NA,NA,NA,NA,NA,NA,NA,NA,NA,NA,NA,NA,NA,NA,NA,NA,NA,NA,NA,NA,NA,NA,NA,NA,NA,NA,NA,NA,39.5508532423208,2.26274169979695,7.94914675767918,2.26274169979695,0,0,3.09692832764505,0.14142135623731,0,0,2019,1997-12-21,NA,NA,NA,NA
"AShawn Robinson","LAR","DL","12697","weighted",NA,NA,NA,NA,NA,NA,NA,NA,NA,NA,NA,NA,NA,NA,NA,NA,NA,NA,NA,NA,NA,NA,NA,NA,NA,NA,NA,NA,NA,NA,NA,NA,NA,NA,NA,NA,NA,NA,NA,NA,NA,NA,36.4894197952218,5.09116882454314,3.33924914675768,0.494974746830583,0,0,0.515358361774744,0.707106781186547,0,0,2016,1995-03-21,NA,NA,NA,NA
"Brian Burns","CAR","DL","14171","weighted",NA,NA,NA,NA,NA,NA,NA,NA,NA,NA,NA,NA,NA,NA,NA,NA,NA,NA,NA,NA,NA,NA,NA,NA,NA,NA,NA,NA,NA,NA,NA,NA,NA,NA,NA,NA,NA,NA,NA,NA,NA,NA,36.3924914675768,4.94974746830583,10.0331058020478,0.777817459305202,0.515358361774744,0.707106781186547,4.27303754266212,1.06066017177982,0,0,2019,1998-04-23,NA,NA,NA,NA
"Jonathan Allen","WAS","DL","13208","weighted",NA,NA,NA,NA,NA,NA,NA,NA,NA,NA,NA,NA,NA,NA,NA,NA,NA,NA,NA,NA,NA,NA,NA,NA,NA,NA,NA,NA,NA,NA,NA,NA,NA,NA,NA,NA,NA,NA,NA,NA,NA,NA,33.5412969283276,6.50538238691624,6.57918088737201,1.34350288425444,0,0,1.03071672354949,1.41421356237309,0,0,2017,1995-01-16,NA,NA,NA,NA
"Demarcus Lawrence","DAL","DL","11769","weighted",NA,NA,NA,NA,NA,NA,NA,NA,NA,NA,NA,NA,NA,NA,NA,NA,NA,NA,NA,NA,NA,NA,NA,NA,NA,NA,NA,NA,NA,NA,NA,NA,NA,NA,NA,NA,NA,NA,NA,NA,NA,NA,29.7849829351536,9.89949493661166,8.75767918088737,0.353553390593274,1.09692832764505,0.141421356237309,6.14539249146758,0.212132034355964,0.1,0,2014,1992-04-28,NA,NA,NA,NA
"D.J. Jones","DEN","DL","13332","weighted",NA,NA,NA,NA,NA,NA,NA,NA,NA,NA,NA,NA,NA,NA,NA,NA,NA,NA,NA,NA,NA,NA,NA,NA,NA,NA,NA,NA,NA,NA,NA,NA,NA,NA,NA,NA,NA,NA,NA,NA,NA,NA,33.3924914675768,4.94974746830583,2.16075085324232,0.494974746830583,0,0,1.56382252559727,0.636396103067893,0,0,2017,1995-01-19,NA,NA,NA,NA
"Trey Hendrickson","CIN","DL","13284","weighted",NA,NA,NA,NA,NA,NA,NA,NA,NA,NA,NA,NA,NA,NA,NA,NA,NA,NA,NA,NA,NA,NA,NA,NA,NA,NA,NA,NA,NA,NA,NA,NA,NA,NA,NA,NA,NA,NA,NA,NA,NA,NA,32.243632183908,6.47098142193772,13.1686436781609,1.15953023262025,0,0,1.32101149425287,0.60779026728717,0.085,0.0841341030575432,2017,1994-12-05,NA,NA,NA,NA
"Dre'Mont Jones","DEN","DL","14164","weighted",NA,NA,NA,NA,NA,NA,NA,NA,NA,NA,NA,NA,NA,NA,NA,NA,NA,NA,NA,NA,NA,NA,NA,NA,NA,NA,NA,NA,NA,NA,NA,NA,NA,NA,NA,NA,NA,NA,NA,NA,NA,NA,27.8027303754266,11.3844191771034,9.10170648464164,4.5254833995939,0,0,3.45392491467577,2.12132034355964,0,0,2019,1997-01-05,NA,NA,NA,NA
"Kenny Clark","GB","DL","12739","weighted",NA,NA,NA,NA,NA,NA,NA,NA,NA,NA,NA,NA,NA,NA,NA,NA,NA,NA,NA,NA,NA,NA,NA,NA,NA,NA,NA,NA,NA,NA,NA,NA,NA,NA,NA,NA,NA,NA,NA,NA,NA,NA,32.8109215017065,4.10121933088197,4.96689419795222,0.777817459305202,0,0,0.515358361774744,0.707106781186547,0,0,2016,1995-10-04,NA,NA,NA,NA
"Zach Allen","ARI","DL","14153","weighted",NA,NA,NA,NA,NA,NA,NA,NA,NA,NA,NA,NA,NA,NA,NA,NA,NA,NA,NA,NA,NA,NA,NA,NA,NA,NA,NA,NA,NA,NA,NA,NA,NA,NA,NA,NA,NA,NA,NA,NA,NA,NA,32.7931740614334,2.61629509039023,3.32150170648464,0.989949493661166,0.484641638225256,0.707106781186547,4.82389078498294,1.20208152801713,1.3,0,2019,1997-08-20,NA,NA,NA,NA
"Vita Vea","TB","DL","13692","weighted",NA,NA,NA,NA,NA,NA,NA,NA,NA,NA,NA,NA,NA,NA,NA,NA,NA,NA,NA,NA,NA,NA,NA,NA,NA,NA,NA,NA,NA,NA,NA,NA,NA,NA,NA,NA,NA,NA,NA,NA,NA,NA,26.7849829351536,9.89949493661166,7.0839590443686,3.04055915910215,0.242320819112628,0.353553390593274,2.72696245733788,1.06066017177982,0,0,2018,1995-02-05,NA,NA,NA,NA
"D.J. Reader","CIN","DL","12802","weighted",NA,NA,NA,NA,NA,NA,NA,NA,NA,NA,NA,NA,NA,NA,NA,NA,NA,NA,NA,NA,NA,NA,NA,NA,NA,NA,NA,NA,NA,NA,NA,NA,NA,NA,NA,NA,NA,NA,NA,NA,NA,NA,27.2034129692833,9.05096679918781,4.72935153583618,3.25269119345812,0,0,0,0,0,0,2016,1994-07-01,NA,NA,NA,NA
"Deatrich Wise","NE","DL","13296","weighted",NA,NA,NA,NA,NA,NA,NA,NA,NA,NA,NA,NA,NA,NA,NA,NA,NA,NA,NA,NA,NA,NA,NA,NA,NA,NA,NA,NA,NA,NA,NA,NA,NA,NA,NA,NA,NA,NA,NA,NA,NA,NA,27.621843003413,8.20243866176395,3.29078498293515,0.424264068711929,0,0,2.06621160409556,1.5556349186104,0,0,2017,1994-07-26,NA,NA,NA,NA
"Davon Godchaux","NE","DL","13317","weighted",NA,NA,NA,NA,NA,NA,NA,NA,NA,NA,NA,NA,NA,NA,NA,NA,NA,NA,NA,NA,NA,NA,NA,NA,NA,NA,NA,NA,NA,NA,NA,NA,NA,NA,NA,NA,NA,NA,NA,NA,NA,NA,30.1890784982935,4.10121933088198,1.20921501706485,0.424264068711928,0,0,0.903071672354949,0.141421356237309,0,0,2017,1994-11-11,NA,NA,NA,NA
"Chris Wormley","PIT","DL","13212","weighted",NA,NA,NA,NA,NA,NA,NA,NA,NA,NA,NA,NA,NA,NA,NA,NA,NA,NA,NA,NA,NA,NA,NA,NA,NA,NA,NA,NA,NA,NA,NA,NA,NA,NA,NA,NA,NA,NA,NA,NA,NA,NA,27.6525597269625,6.78822509939086,5.67610921501706,1.20208152801713,0,0,2.70921501706485,0.424264068711929,0,0,2017,1993-10-25,NA,NA,NA,NA
"Zach Sieler","MIA","DL","13839","weighted",NA,NA,NA,NA,NA,NA,NA,NA,NA,NA,NA,NA,NA,NA,NA,NA,NA,NA,NA,NA,NA,NA,NA,NA,NA,NA,NA,NA,NA,NA,NA,NA,NA,NA,NA,NA,NA,NA,NA,NA,NA,NA,31.1276450511945,1.27279220613579,2.56382252559727,0.636396103067893,0,0,2.14539249146758,0.212132034355964,0,0,2018,1995-09-07,NA,NA,NA,NA
"Austin Johnson","LAC","DL","12700","weighted",NA,NA,NA,NA,NA,NA,NA,NA,NA,NA,NA,NA,NA,NA,NA,NA,NA,NA,NA,NA,NA,NA,NA,NA,NA,NA,NA,NA,NA,NA,NA,NA,NA,NA,NA,NA,NA,NA,NA,NA,NA,NA,30.8723549488055,1.27279220613579,1.86996587030717,0.919238815542512,0,0,0.951535836177474,0.0707106781186547,0,0,2016,1994-05-08,NA,NA,NA,NA
"Brandon Graham","PHI","DL","9826","weighted",NA,NA,NA,NA,NA,NA,NA,NA,NA,NA,NA,NA,NA,NA,NA,NA,NA,NA,NA,NA,NA,NA,NA,NA,NA,NA,NA,NA,NA,NA,NA,NA,NA,NA,NA,NA,NA,NA,NA,NA,NA,NA,30.4361774744027,0.636396103067892,8.30853242320819,1.90918830920368,0,0,1.63003412969283,0.919238815542512,0,0,2010,1988-04-03,NA,NA,NA,NA
"Foley Fatukasi","JAC","DL","13798","weighted",NA,NA,NA,NA,NA,NA,NA,NA,NA,NA,NA,NA,NA,NA,NA,NA,NA,NA,NA,NA,NA,NA,NA,NA,NA,NA,NA,NA,NA,NA,NA,NA,NA,NA,NA,NA,NA,NA,NA,NA,NA,NA,27.2955631399317,4.80832611206852,1.1122866894198,0.565685424949238,0,0,0.145392491467577,0.212132034355964,0,0,2018,1995-03-04,"Q","Calf",2022,0
"Montez Sweat","WAS","DL","14148","weighted",NA,NA,NA,NA,NA,NA,NA,NA,NA,NA,NA,NA,NA,NA,NA,NA,NA,NA,NA,NA,NA,NA,NA,NA,NA,NA,NA,NA,NA,NA,NA,NA,NA,NA,NA,NA,NA,NA,NA,NA,NA,NA,28.9692832764505,1.41421356237309,8.80853242320819,1.90918830920368,0.339249146757679,0.494974746830583,3.26006825938566,1.83847763108502,0.2,0,2019,1996-09-04,NA,NA,NA,NA
"Carl Lawson","NYJ","DL","13202","weighted",NA,NA,NA,NA,NA,NA,NA,NA,NA,NA,NA,NA,NA,NA,NA,NA,NA,NA,NA,NA,NA,NA,NA,NA,NA,NA,NA,NA,NA,NA,NA,NA,NA,NA,NA,NA,NA,NA,NA,NA,NA,NA,22.7365187713311,9.82878425849301,5.01535836177474,0.707106781186547,0,0,1.35699658703072,1.97989898732233,0,0,2017,1995-06-29,NA,NA,NA,NA
"Da'Ron Payne","WAS","DL","13723","weighted",NA,NA,NA,NA,NA,NA,NA,NA,NA,NA,NA,NA,NA,NA,NA,NA,NA,NA,NA,NA,NA,NA,NA,NA,NA,NA,NA,NA,NA,NA,NA,NA,NA,NA,NA,NA,NA,NA,NA,NA,NA,NA,28.4846416382253,0.707106781186547,4.56621160409556,1.5556349186104,0.290784982935154,0.424264068711928,2,0,0,0,2018,1997-05-27,NA,NA,NA,NA
"Ed Oliver","BUF","DL","14158","weighted",NA,NA,NA,NA,NA,NA,NA,NA,NA,NA,NA,NA,NA,NA,NA,NA,NA,NA,NA,NA,NA,NA,NA,NA,NA,NA,NA,NA,NA,NA,NA,NA,NA,NA,NA,NA,NA,NA,NA,NA,NA,NA,28.8546075085324,0.212132034355965,5.16075085324232,0.494974746830583,0,0,2.90307167235495,0.14142135623731,0,0,2019,1997-12-12,NA,NA,NA,NA
"Matt Ioannidis","CAR","DL","12797","weighted",NA,NA,NA,NA,NA,NA,NA,NA,NA,NA,NA,NA,NA,NA,NA,NA,NA,NA,NA,NA,NA,NA,NA,NA,NA,NA,NA,NA,NA,NA,NA,NA,NA,NA,NA,NA,NA,NA,NA,NA,NA,NA,26.8901023890785,2.75771644662753,4.66075085324232,0.494974746830583,0,0,1.29078498293515,0.424264068711929,0,0,2016,1994-01-11,NA,NA,NA,NA
"J.J. Watt","ARI","DL","10272","weighted",NA,NA,NA,NA,NA,NA,NA,NA,NA,NA,NA,NA,NA,NA,NA,NA,NA,NA,NA,NA,NA,NA,NA,NA,NA,NA,NA,NA,NA,NA,NA,NA,NA,NA,NA,NA,NA,NA,NA,NA,NA,NA,26.841638225256,2.68700576850888,6.64061433447099,4.17193000900063,0.484641638225256,0.707106781186547,5.3877133105802,0.565685424949238,0.9,0,2011,1989-03-22,"Q","Calf",2022,0
"Marcus Davenport","NO","DL","13688","weighted",NA,NA,NA,NA,NA,NA,NA,NA,NA,NA,NA,NA,NA,NA,NA,NA,NA,NA,NA,NA,NA,NA,NA,NA,NA,NA,NA,NA,NA,NA,NA,NA,NA,NA,NA,NA,NA,NA,NA,NA,NA,NA,28.2907849829352,0.42426406871193,8.03310580204778,0.777817459305202,0.0969283276450512,0.14142135623731,2.49761092150171,2.1920310216783,0,0,2018,1996-09-04,NA,NA,NA,NA
"Dorance Armstrong","DAL","DL","13759","weighted",NA,NA,NA,NA,NA,NA,NA,NA,NA,NA,NA,NA,NA,NA,NA,NA,NA,NA,NA,NA,NA,NA,NA,NA,NA,NA,NA,NA,NA,NA,NA,NA,NA,NA,NA,NA,NA,NA,NA,NA,NA,NA,25.1986348122867,4.66690475583121,5.35460750853242,0.212132034355964,0,0,2.50238907849829,2.1920310216783,0.2,0,2018,1997-06-10,NA,NA,NA,NA
"Denico Autry","TEN","DL","12083","weighted",NA,NA,NA,NA,NA,NA,NA,NA,NA,NA,NA,NA,NA,NA,NA,NA,NA,NA,NA,NA,NA,NA,NA,NA,NA,NA,NA,NA,NA,NA,NA,NA,NA,NA,NA,NA,NA,NA,NA,NA,NA,NA,28.0484641638225,0.0707106781186558,8.72935153583618,3.25269119345812,0,0,5.0839590443686,3.04055915910215,0,0,NA,NA,NA,NA,NA,NA
"William Gholston","TB","DL","11265","weighted",NA,NA,NA,NA,NA,NA,NA,NA,NA,NA,NA,NA,NA,NA,NA,NA,NA,NA,NA,NA,NA,NA,NA,NA,NA,NA,NA,NA,NA,NA,NA,NA,NA,NA,NA,NA,NA,NA,NA,NA,NA,NA,24.7044368600683,4.80832611206852,3.35460750853242,0.212132034355964,0,0,1.41843003412969,0.848528137423857,0,0,2013,1991-07-31,NA,NA,NA,NA
"Romeo Okwara","DET","DL","12948","weighted",NA,NA,NA,NA,NA,NA,NA,NA,NA,NA,NA,NA,NA,NA,NA,NA,NA,NA,NA,NA,NA,NA,NA,NA,NA,NA,NA,NA,NA,NA,NA,NA,NA,NA,NA,NA,NA,NA,NA,NA,NA,NA,21.6689419795222,7.77817459305202,6.5,0,0.0969283276450512,0.14142135623731,1.27303754266212,1.06066017177982,0,0,2016,1995-06-17,NA,"Achilles",2022,0
"Michael Brockers","DET","DL","10763","weighted",NA,NA,NA,NA,NA,NA,NA,NA,NA,NA,NA,NA,NA,NA,NA,NA,NA,NA,NA,NA,NA,NA,NA,NA,NA,NA,NA,NA,NA,NA,NA,NA,NA,NA,NA,NA,NA,NA,NA,NA,NA,NA,25.3037542662116,2.47487373415292,2.17610921501706,1.20208152801713,0,0,0.193856655290102,0.282842712474619,0,0,2012,1990-12-21,NA,NA,NA,NA
"Dean Lowry","GB","DL","12791","weighted",NA,NA,NA,NA,NA,NA,NA,NA,NA,NA,NA,NA,NA,NA,NA,NA,NA,NA,NA,NA,NA,NA,NA,NA,NA,NA,NA,NA,NA,NA,NA,NA,NA,NA,NA,NA,NA,NA,NA,NA,NA,NA,23.3344709897611,3.88908729652601,4.14539249146758,0.212132034355964,0,0,3.67849829351536,0.989949493661167,0,0,2016,NA,NA,NA,NA,NA
"Greg Gaines","LAR","DL","14237","weighted",NA,NA,NA,NA,NA,NA,NA,NA,NA,NA,NA,NA,NA,NA,NA,NA,NA,NA,NA,NA,NA,NA,NA,NA,NA,NA,NA,NA,NA,NA,NA,NA,NA,NA,NA,NA,NA,NA,NA,NA,NA,NA,24.8853242320819,1.62634559672906,4.36996587030717,0.919238815542512,0,0,1.21160409556314,1.76776695296637,0,0,2019,1996-05-06,NA,NA,NA,NA
"Emmanuel Ogbah","MIA","DL","12691","weighted",NA,NA,NA,NA,NA,NA,NA,NA,NA,NA,NA,NA,NA,NA,NA,NA,NA,NA,NA,NA,NA,NA,NA,NA,NA,NA,NA,NA,NA,NA,NA,NA,NA,NA,NA,NA,NA,NA,NA,NA,NA,NA,25.4361774744027,0.636396103067892,8.54846416382252,0.0707106781186545,0,0,7.42320819112628,3.53553390593274,0.2,0,2016,1993-11-06,NA,NA,NA,NA
"Samson Ebukam","SF","DL","13294","weighted",NA,NA,NA,NA,NA,NA,NA,NA,NA,NA,NA,NA,NA,NA,NA,NA,NA,NA,NA,NA,NA,NA,NA,NA,NA,NA,NA,NA,NA,NA,NA,NA,NA,NA,NA,NA,NA,NA,NA,NA,NA,NA,23.1098976109215,2.75771644662753,5.37235494880546,1.27279220613579,0,0,1.51535836177474,0.707106781186547,0,0,2017,1995-05-09,NA,NA,NA,NA
"Poona Ford","SEA","DL","13933","weighted",NA,NA,NA,NA,NA,NA,NA,NA,NA,NA,NA,NA,NA,NA,NA,NA,NA,NA,NA,NA,NA,NA,NA,NA,NA,NA,NA,NA,NA,NA,NA,NA,NA,NA,NA,NA,NA,NA,NA,NA,NA,NA,24.8546075085324,0.212132034355965,2.25767918088737,0.353553390593274,0,0,0.951535836177474,0.0707106781186547,0,0,2018,1995-11-19,NA,NA,NA,NA
"Johnathan Hankins","LVR","DL","11281","weighted",NA,NA,NA,NA,NA,NA,NA,NA,NA,NA,NA,NA,NA,NA,NA,NA,NA,NA,NA,NA,NA,NA,NA,NA,NA,NA,NA,NA,NA,NA,NA,NA,NA,NA,NA,NA,NA,NA,NA,NA,NA,NA,24.2245733788396,1.13137084989848,2.08156996587031,0.848528137423857,0,0,1,0,0,0,2013,1992-01-01,NA,NA,NA,NA
"Dalvin Tomlinson","MIN","DL","13260","weighted",NA,NA,NA,NA,NA,NA,NA,NA,NA,NA,NA,NA,NA,NA,NA,NA,NA,NA,NA,NA,NA,NA,NA,NA,NA,NA,NA,NA,NA,NA,NA,NA,NA,NA,NA,NA,NA,NA,NA,NA,NA,NA,22.1324232081911,3.11126983722081,3.6938566552901,0.282842712474619,0,0,1.75767918088737,0.353553390593274,0,0,2017,1994-02-18,NA,NA,NA,NA
"Grover Stewart","IND","DL","13298","weighted",NA,NA,NA,NA,NA,NA,NA,NA,NA,NA,NA,NA,NA,NA,NA,NA,NA,NA,NA,NA,NA,NA,NA,NA,NA,NA,NA,NA,NA,NA,NA,NA,NA,NA,NA,NA,NA,NA,NA,NA,NA,NA,23.0662116040956,1.5556349186104,1.1122866894198,0.565685424949238,0,0,1.72696245733788,1.06066017177982,0,0,2017,1993-10-20,NA,NA,NA,NA
"Al-Quadin Muhammad","CHI","DL","13330","weighted",NA,NA,NA,NA,NA,NA,NA,NA,NA,NA,NA,NA,NA,NA,NA,NA,NA,NA,NA,NA,NA,NA,NA,NA,NA,NA,NA,NA,NA,NA,NA,NA,NA,NA,NA,NA,NA,NA,NA,NA,NA,NA,18.877133105802,5.65685424949238,3.32150170648464,0.989949493661166,0,0,1.54607508532423,2.12132034355964,0,0,2017,1995-03-28,NA,NA,NA,NA
"Dante Fowler","DAL","DL","12217","weighted",NA,NA,NA,NA,NA,NA,NA,NA,NA,NA,NA,NA,NA,NA,NA,NA,NA,NA,NA,NA,NA,NA,NA,NA,NA,NA,NA,NA,NA,NA,NA,NA,NA,NA,NA,NA,NA,NA,NA,NA,NA,NA,13.3556313993174,14.0714249456123,4.15597269624573,4.87903679018718,0,0,1.03071672354949,1.41421356237309,0,0,NA,1994-08-03,NA,NA,NA,NA
"Jerry Tillery","LAC","DL","14161","weighted",NA,NA,NA,NA,NA,NA,NA,NA,NA,NA,NA,NA,NA,NA,NA,NA,NA,NA,NA,NA,NA,NA,NA,NA,NA,NA,NA,NA,NA,NA,NA,NA,NA,NA,NA,NA,NA,NA,NA,NA,NA,NA,22.096928327645,0.141421356237309,4.01535836177474,0.707106781186547,0,0,0.515358361774744,0.707106781186547,0,0,2019,1996-10-08,NA,NA,NA,NA
"Al Woods","SEA","DL","9940","weighted",NA,NA,NA,NA,NA,NA,NA,NA,NA,NA,NA,NA,NA,NA,NA,NA,NA,NA,NA,NA,NA,NA,NA,NA,NA,NA,NA,NA,NA,NA,NA,NA,NA,NA,NA,NA,NA,NA,NA,NA,NA,NA,21.0662116040956,1.5556349186104,0.854607508532423,0.212132034355964,0.515358361774744,0.707106781186547,1.55085324232082,2.26274169979695,0,0,2010,1987-03-25,NA,NA,NA,NA
"Yannick Ngakoue","IND","DL","12756","weighted",NA,NA,NA,NA,NA,NA,NA,NA,NA,NA,NA,NA,NA,NA,NA,NA,NA,NA,NA,NA,NA,NA,NA,NA,NA,NA,NA,NA,NA,NA,NA,NA,NA,NA,NA,NA,NA,NA,NA,NA,NA,NA,21.1276450511945,1.27279220613579,9.03310580204778,0.777817459305202,0.515358361774744,0.707106781186547,2.17610921501706,1.20208152801713,0,0,2016,1995-03-31,NA,NA,NA,NA
"Bilal Nichols","LVR","DL","13777","weighted",NA,NA,NA,NA,NA,NA,NA,NA,NA,NA,NA,NA,NA,NA,NA,NA,NA,NA,NA,NA,NA,NA,NA,NA,NA,NA,NA,NA,NA,NA,NA,NA,NA,NA,NA,NA,NA,NA,NA,NA,NA,NA,21.5153583617747,0.707106781186547,3.38532423208191,1.62634559672906,0,0,1.70921501706485,0.424264068711929,0,0,2018,1996-09-14,NA,NA,NA,NA
"Akiem Hicks","TB","DL","10823","weighted",NA,NA,NA,NA,NA,NA,NA,NA,NA,NA,NA,NA,NA,NA,NA,NA,NA,NA,NA,NA,NA,NA,NA,NA,NA,NA,NA,NA,NA,NA,NA,NA,NA,NA,NA,NA,NA,NA,NA,NA,NA,NA,19.7221843003413,3.32340187157677,3.65836177474403,2.68700576850888,0,0,1.73993174061433,1.83847763108502,0,0,2012,1989-11-16,NA,NA,NA,NA
"DaQuan Jones","BUF","DL","11793","weighted",NA,NA,NA,NA,NA,NA,NA,NA,NA,NA,NA,NA,NA,NA,NA,NA,NA,NA,NA,NA,NA,NA,NA,NA,NA,NA,NA,NA,NA,NA,NA,NA,NA,NA,NA,NA,NA,NA,NA,NA,NA,NA,20.3037542662116,2.47487373415292,1.8061433447099,0.282842712474619,0,0,0.515358361774744,0.707106781186547,0,0,2014,1991-12-17,NA,NA,NA,NA
"Derrick Nnadi","KC","DL","13745","weighted",NA,NA,NA,NA,NA,NA,NA,NA,NA,NA,NA,NA,NA,NA,NA,NA,NA,NA,NA,NA,NA,NA,NA,NA,NA,NA,NA,NA,NA,NA,NA,NA,NA,NA,NA,NA,NA,NA,NA,NA,NA,NA,19.7221843003413,3.32340187157677,2.1122866894198,0.565685424949238,0,0,0.242320819112628,0.353553390593274,0,0,2018,1996-05-09,NA,NA,NA,NA
"Frank Clark","KC","DL","12280","weighted",NA,NA,NA,NA,NA,NA,NA,NA,NA,NA,NA,NA,NA,NA,NA,NA,NA,NA,NA,NA,NA,NA,NA,NA,NA,NA,NA,NA,NA,NA,NA,NA,NA,NA,NA,NA,NA,NA,NA,NA,NA,NA,20.0307167235495,1.41421356237309,5.86996587030717,0.919238815542512,0.515358361774744,0.707106781186547,1.27303754266212,1.06066017177982,0,0,2015,1993-06-14,NA,NA,NA,NA
"Kerry Hyder","SF","DL","12987","weighted",NA,NA,NA,NA,NA,NA,NA,NA,NA,NA,NA,NA,NA,NA,NA,NA,NA,NA,NA,NA,NA,NA,NA,NA,NA,NA,NA,NA,NA,NA,NA,NA,NA,NA,NA,NA,NA,NA,NA,NA,NA,NA,12.4703071672355,12.4450793488832,1.59453924914676,2.05060966544099,0,0,0,0,0,0,NA,NA,NA,NA,NA,NA
"Maliek Collins","HOU","DL","12754","weighted",NA,NA,NA,NA,NA,NA,NA,NA,NA,NA,NA,NA,NA,NA,NA,NA,NA,NA,NA,NA,NA,NA,NA,NA,NA,NA,NA,NA,NA,NA,NA,NA,NA,NA,NA,NA,NA,NA,NA,NA,NA,NA,19.4846416382253,0.707106781186547,3.07918088737201,1.34350288425444,0.0484641638225256,0.0707106781186548,1.22457337883959,1.13137084989848,0,0,2016,1995-04-08,NA,NA,NA,NA
"Jarran Reed","GB","DL","12698","weighted",NA,NA,NA,NA,NA,NA,NA,NA,NA,NA,NA,NA,NA,NA,NA,NA,NA,NA,NA,NA,NA,NA,NA,NA,NA,NA,NA,NA,NA,NA,NA,NA,NA,NA,NA,NA,NA,NA,NA,NA,NA,NA,18.1098976109215,2.75771644662753,4.1098976109215,2.75771644662754,0,0,0.854607508532423,0.212132034355964,0,0,2016,1992-12-16,NA,NA,NA,NA
"Josh Sweat","PHI","DL","13690","weighted",NA,NA,NA,NA,NA,NA,NA,NA,NA,NA,NA,NA,NA,NA,NA,NA,NA,NA,NA,NA,NA,NA,NA,NA,NA,NA,NA,NA,NA,NA,NA,NA,NA,NA,NA,NA,NA,NA,NA,NA,NA,NA,19.1761092150171,1.20208152801713,6.59692832764505,0.14142135623731,0,0,2.70921501706485,0.424264068711929,0,0,2018,1997-03-29,NA,NA,NA,NA
"Stephen Weatherly","CLE","DL","12841","weighted",NA,NA,NA,NA,NA,NA,NA,NA,NA,NA,NA,NA,NA,NA,NA,NA,NA,NA,NA,NA,NA,NA,NA,NA,NA,NA,NA,NA,NA,NA,NA,NA,NA,NA,NA,NA,NA,NA,NA,NA,NA,NA,15.8320819112628,6.08111831820431,2.13003412969283,0.919238815542512,0,0,1.75767918088737,0.353553390593274,0,0,2016,1994-03-19,"IR","Knee",2022,0
"Tyson Alualu","PIT","DL","9875","weighted",NA,NA,NA,NA,NA,NA,NA,NA,NA,NA,NA,NA,NA,NA,NA,NA,NA,NA,NA,NA,NA,NA,NA,NA,NA,NA,NA,NA,NA,NA,NA,NA,NA,NA,NA,NA,NA,NA,NA,NA,NA,NA,18.1098976109215,2.75771644662753,0.869965870307167,0.919238815542512,0,0,1.45392491467577,2.12132034355964,0,0,2010,1987-05-12,NA,NA,NA,NA
"Justin Jones","CHI","DL","13748","weighted",NA,NA,NA,NA,NA,NA,NA,NA,NA,NA,NA,NA,NA,NA,NA,NA,NA,NA,NA,NA,NA,NA,NA,NA,NA,NA,NA,NA,NA,NA,NA,NA,NA,NA,NA,NA,NA,NA,NA,NA,NA,NA,19.2423208191126,0.353553390593274,2.25767918088737,0.353553390593274,0,0,1.3877133105802,0.565685424949238,0,0,2018,1995-08-17,NA,NA,NA,NA
"Sheldon Rankins","NYJ","DL","12735","weighted",NA,NA,NA,NA,NA,NA,NA,NA,NA,NA,NA,NA,NA,NA,NA,NA,NA,NA,NA,NA,NA,NA,NA,NA,NA,NA,NA,NA,NA,NA,NA,NA,NA,NA,NA,NA,NA,NA,NA,NA,NA,NA,15.4539249146758,2.12132034355964,2.45153583617747,0.0707106781186548,0,0,0.193856655290102,0.282842712474619,0,0,2016,1994-04-02,NA,NA,NA,NA
"Clelin Ferrell","LVR","DL","14151","weighted",NA,NA,NA,NA,NA,NA,NA,NA,NA,NA,NA,NA,NA,NA,NA,NA,NA,NA,NA,NA,NA,NA,NA,NA,NA,NA,NA,NA,NA,NA,NA,NA,NA,NA,NA,NA,NA,NA,NA,NA,NA,NA,10.5235494880546,7.99030662740799,1.67610921501706,1.20208152801713,0,0,1.56382252559727,0.636396103067893,0,0,2019,1997-05-17,NA,NA,NA,NA
"T.J. Edwards","PHI","LB","14322","weighted",NA,NA,NA,NA,NA,NA,NA,NA,NA,NA,NA,NA,NA,NA,NA,NA,NA,NA,NA,NA,NA,NA,NA,NA,NA,NA,NA,NA,NA,NA,NA,NA,NA,NA,NA,NA,NA,NA,NA,NA,NA,NA,107.900275862069,63.4366894196649,1.44777011494253,1.01068659206867,1.16648275862069,0.155236306355217,5.7312183908046,1.28669420686579,0.085,0.0841341030575432,2019,1996-08-12,NA,NA,NA,NA
"Foyesade Oluokun","JAC","LB","13813","weighted",NA,NA,NA,NA,NA,NA,NA,NA,NA,NA,NA,NA,NA,NA,NA,NA,NA,NA,NA,NA,NA,NA,NA,NA,NA,NA,NA,NA,NA,NA,NA,NA,NA,NA,NA,NA,NA,NA,NA,NA,NA,NA,111.129057471264,54.6974807515215,2.26170114942529,0.663596279768447,1.63765517241379,0.358181876644753,5.20565517241379,1.90437254687661,0.085,0.0841341030575432,2018,1995-08-02,NA,NA,NA,NA
"Roquan Smith","CHI","LB","13696","weighted",NA,NA,NA,NA,NA,NA,NA,NA,NA,NA,NA,NA,NA,NA,NA,NA,NA,NA,NA,NA,NA,NA,NA,NA,NA,NA,NA,NA,NA,NA,NA,NA,NA,NA,NA,NA,NA,NA,NA,NA,NA,NA,120.943126436782,40.3565291012942,3.86344827586207,0.610652896054264,1.2415632183908,0.226625261189059,5.62022988505747,1.53844501463753,0.185,0.0148471946572135,2018,1997-04-08,NA,NA,NA,NA
"C.J. Mosley","NYJ","LB","11728","weighted",NA,NA,NA,NA,NA,NA,NA,NA,NA,NA,NA,NA,NA,NA,NA,NA,NA,NA,NA,NA,NA,NA,NA,NA,NA,NA,NA,NA,NA,NA,NA,NA,NA,NA,NA,NA,NA,NA,NA,NA,NA,NA,115.963816091954,39.5448067184669,2.03590804597701,0.0631858762300164,1.0816091954023,0.918474364180981,4.45590804597701,3.7282097846283,0.085,0.0841341030575432,2014,1992-06-19,NA,NA,NA,NA
"Ja'Whaun Bentley","NE","LB","13775","weighted",NA,NA,NA,NA,NA,NA,NA,NA,NA,NA,NA,NA,NA,NA,NA,NA,NA,NA,NA,NA,NA,NA,NA,NA,NA,NA,NA,NA,NA,NA,NA,NA,NA,NA,NA,NA,NA,NA,NA,NA,NA,NA,96.6720459770115,53.3674882861136,2.3264367816092,0.307928270575827,0.332965517241379,0.316720953146713,3.03480459770115,2.17134483693883,0.185,0.0148471946572135,2018,1996-08-24,NA,NA,NA,NA
"DeVondre Campbell","GB","LB","12779","weighted",NA,NA,NA,NA,NA,NA,NA,NA,NA,NA,NA,NA,NA,NA,NA,NA,NA,NA,NA,NA,NA,NA,NA,NA,NA,NA,NA,NA,NA,NA,NA,NA,NA,NA,NA,NA,NA,NA,NA,NA,NA,NA,111.493655172414,35.5456058361193,2.18662068965517,0.354648665126031,0.895540229885058,0.101360119740822,4.94777011494253,1.10957178656883,0.085,0.0841341030575432,2016,1993-07-01,NA,NA,NA,NA
"Denzel Perryman","LVR","LB","12238","weighted",NA,NA,NA,NA,NA,NA,NA,NA,NA,NA,NA,NA,NA,NA,NA,NA,NA,NA,NA,NA,NA,NA,NA,NA,NA,NA,NA,NA,NA,NA,NA,NA,NA,NA,NA,NA,NA,NA,NA,NA,NA,NA,112.024689655172,34.827896258176,0.791080459770115,0.510445839394303,0.261149425287356,0.45953364530921,3.3808275862069,2.26145724066394,0.085,0.0841341030575432,NA,1992-12-05,NA,NA,NA,NA
"Kyzir White","PHI","LB","13762","weighted",NA,NA,NA,NA,NA,NA,NA,NA,NA,NA,NA,NA,NA,NA,NA,NA,NA,NA,NA,NA,NA,NA,NA,NA,NA,NA,NA,NA,NA,NA,NA,NA,NA,NA,NA,NA,NA,NA,NA,NA,NA,NA,104.502390804598,40.4233755697734,0.928183908045977,0.391320817210102,1.29052873563218,0.263306461737635,4.96298850574713,2.13575906395812,0.085,0.0841341030575432,2018,1996-03-24,NA,NA,NA,NA
"Cole Holcomb","WAS","LB","14260","weighted",NA,NA,NA,NA,NA,NA,NA,NA,NA,NA,NA,NA,NA,NA,NA,NA,NA,NA,NA,NA,NA,NA,NA,NA,NA,NA,NA,NA,NA,NA,NA,NA,NA,NA,NA,NA,NA,NA,NA,NA,NA,NA,103.072551724138,38.4882921124039,1.80740229885057,0.718711700898913,1.64418390804598,0.466505723534117,6.62133333333333,0.338818827986578,0.185,0.0148471946572135,2019,1996-07-30,NA,NA,NA,NA
"Eric Kendricks","MIN","LB","12239","weighted",NA,NA,NA,NA,NA,NA,NA,NA,NA,NA,NA,NA,NA,NA,NA,NA,NA,NA,NA,NA,NA,NA,NA,NA,NA,NA,NA,NA,NA,NA,NA,NA,NA,NA,NA,NA,NA,NA,NA,NA,NA,NA,97.872367816092,41.0691546920206,4.42381609195402,2.04013162554516,1.83351724137931,0.761961152091954,5.81503448275862,1.37392943581342,0.085,0.0841341030575432,2015,1992-02-29,NA,NA,NA,NA
"Fred Warner","SF","LB","13743","weighted",NA,NA,NA,NA,NA,NA,NA,NA,NA,NA,NA,NA,NA,NA,NA,NA,NA,NA,NA,NA,NA,NA,NA,NA,NA,NA,NA,NA,NA,NA,NA,NA,NA,NA,NA,NA,NA,NA,NA,NA,NA,NA,102.898482758621,34.4982947287136,1.51416091954023,0.880646005718182,1.16432183908046,0.777574769731196,5.57673563218391,1.82299896468024,0.085,0.0841341030575432,2018,1996-11-19,NA,NA,NA,NA
"Tremaine Edmunds","BUF","LB","13697","weighted",NA,NA,NA,NA,NA,NA,NA,NA,NA,NA,NA,NA,NA,NA,NA,NA,NA,NA,NA,NA,NA,NA,NA,NA,NA,NA,NA,NA,NA,NA,NA,NA,NA,NA,NA,NA,NA,NA,NA,NA,NA,NA,96.3532873563219,32.4935371051476,1.11154022988506,0.459934508655583,0.73232183908046,0.2551567262585,5.15995402298851,0.202515987579315,0.085,0.0841341030575432,2018,1998-05-02,NA,NA,NA,NA
"Bobby Okereke","IND","LB","14218","weighted",NA,NA,NA,NA,NA,NA,NA,NA,NA,NA,NA,NA,NA,NA,NA,NA,NA,NA,NA,NA,NA,NA,NA,NA,NA,NA,NA,NA,NA,NA,NA,NA,NA,NA,NA,NA,NA,NA,NA,NA,NA,NA,93.0812413793103,34.2176193303265,0.872689655172414,0.113826266383989,1.04896551724138,0.324648978836311,4.99347126436782,0.584018773609143,0.085,0.0841341030575432,2019,1996-07-29,NA,NA,NA,NA
"Leighton Vander Esch","DAL","LB","13727","weighted",NA,NA,NA,NA,NA,NA,NA,NA,NA,NA,NA,NA,NA,NA,NA,NA,NA,NA,NA,NA,NA,NA,NA,NA,NA,NA,NA,NA,NA,NA,NA,NA,NA,NA,NA,NA,NA,NA,NA,NA,NA,NA,77.6383448275862,46.4861531112339,2.26712643678161,0.859985399519892,0.826988505747126,0.158376120344879,3.9183908045977,1.56065882513395,0.085,0.0841341030575432,2018,1997-02-09,NA,NA,NA,NA
"Chris Kirksey","HOU","LB","11772","weighted",NA,NA,NA,NA,NA,NA,NA,NA,NA,NA,NA,NA,NA,NA,NA,NA,NA,NA,NA,NA,NA,NA,NA,NA,NA,NA,NA,NA,NA,NA,NA,NA,NA,NA,NA,NA,NA,NA,NA,NA,NA,NA,90.6993563218391,34.9844486573729,1.76225287356322,0.806649448852061,1.02937931034483,0.0516975350972862,7.39609195402299,1.06267155477755,0.085,0.0841341030575432,2014,1992-08-31,NA,NA,NA,NA
"Darius Leonard","IND","LB","13733","weighted",NA,NA,NA,NA,NA,NA,NA,NA,NA,NA,NA,NA,NA,NA,NA,NA,NA,NA,NA,NA,NA,NA,NA,NA,NA,NA,NA,NA,NA,NA,NA,NA,NA,NA,NA,NA,NA,NA,NA,NA,NA,NA,101.380551724138,25.3325759658896,2.3215632183908,1.09237493357157,2.47770114942529,0.835299482356613,7.16537931034483,1.31695274289818,0.085,0.0841341030575432,2018,NA,"O","Back",2022,0
"Quincy Williams","NYJ","LB","14221","weighted",NA,NA,NA,NA,NA,NA,NA,NA,NA,NA,NA,NA,NA,NA,NA,NA,NA,NA,NA,NA,NA,NA,NA,NA,NA,NA,NA,NA,NA,NA,NA,NA,NA,NA,NA,NA,NA,NA,NA,NA,NA,NA,87.3860229885057,35.3030089381924,2.37595402298851,0.516821976075858,0.451586206896552,0.514828756625588,4.26114942528736,0.253400299352056,0.075,0.0742359732860675,2019,1996-08-28,NA,NA,NA,NA
"Shaq Green-Thompson","CAR","LB","12231","weighted",NA,NA,NA,NA,NA,NA,NA,NA,NA,NA,NA,NA,NA,NA,NA,NA,NA,NA,NA,NA,NA,NA,NA,NA,NA,NA,NA,NA,NA,NA,NA,NA,NA,NA,NA,NA,NA,NA,NA,NA,NA,NA,87.4828045977012,32.1057761793198,1.74266666666667,0.690527282536996,0.902068965517241,0.262459778128259,5.14036781609196,0.221927723402045,0.085,0.0841341030575432,NA,1994-04-21,NA,NA,NA,NA
"Devin White","TB","LB","14168","weighted",NA,NA,NA,NA,NA,NA,NA,NA,NA,NA,NA,NA,NA,NA,NA,NA,NA,NA,NA,NA,NA,NA,NA,NA,NA,NA,NA,NA,NA,NA,NA,NA,NA,NA,NA,NA,NA,NA,NA,NA,NA,NA,105.045563218391,16.7774254868996,5.50818390804598,1.66884059797257,0.951034482758621,0.086162558495477,5.01848275862069,1.00862228753826,0.085,0.0841341030575432,2019,1998-02-17,NA,NA,NA,NA
"Zach Cunningham","TEN","LB","13216","weighted",NA,NA,NA,NA,NA,NA,NA,NA,NA,NA,NA,NA,NA,NA,NA,NA,NA,NA,NA,NA,NA,NA,NA,NA,NA,NA,NA,NA,NA,NA,NA,NA,NA,NA,NA,NA,NA,NA,NA,NA,NA,NA,85.9312183908046,32.7960282216783,2.11535632183908,0.791453005781367,0.398252873563218,0.524942296271137,3.06528735632184,1.09035493022863,0.04,0.0395925190859027,2017,1994-12-12,NA,NA,NA,NA
"Jordan Hicks","MIN","LB","12287","weighted",NA,NA,NA,NA,NA,NA,NA,NA,NA,NA,NA,NA,NA,NA,NA,NA,NA,NA,NA,NA,NA,NA,NA,NA,NA,NA,NA,NA,NA,NA,NA,NA,NA,NA,NA,NA,NA,NA,NA,NA,NA,NA,85.6754942528736,32.7494934490775,3.22905747126437,0.242471554939863,1.19259770114943,0.519282791085086,5.1784367816092,1.90573615508359,0.185,0.0148471946572135,2015,1992-06-27,NA,NA,NA,NA
"Kamu Grugier-Hill","HOU","LB","12828","weighted",NA,NA,NA,NA,NA,NA,NA,NA,NA,NA,NA,NA,NA,NA,NA,NA,NA,NA,NA,NA,NA,NA,NA,NA,NA,NA,NA,NA,NA,NA,NA,NA,NA,NA,NA,NA,NA,NA,NA,NA,NA,NA,86.2455172413793,32.8165951755955,3.04459770114943,1.01360119740822,0.616965517241379,0.572055031845241,3.8911724137931,1.09864766380728,0.085,0.0841341030575432,2016,1994-05-16,NA,NA,NA,NA
"Lavonte David","TB","LB","10768","weighted",NA,NA,NA,NA,NA,NA,NA,NA,NA,NA,NA,NA,NA,NA,NA,NA,NA,NA,NA,NA,NA,NA,NA,NA,NA,NA,NA,NA,NA,NA,NA,NA,NA,NA,NA,NA,NA,NA,NA,NA,NA,NA,93.1488275862069,23.4938151651347,2.53590804597701,0.342988489024929,0.885747126436782,0.822948240356771,5.96409195402299,1.13378963720853,0.085,0.0841341030575432,2012,1990-01-23,NA,NA,NA,NA
"Bobby Wagner","LAR","LB","10775","weighted",NA,NA,NA,NA,NA,NA,NA,NA,NA,NA,NA,NA,NA,NA,NA,NA,NA,NA,NA,NA,NA,NA,NA,NA,NA,NA,NA,NA,NA,NA,NA,NA,NA,NA,NA,NA,NA,NA,NA,NA,NA,NA,95.4351724137931,20.6954588879078,2.81393103448276,0.891612379420079,1.62349425287356,1.08862013866468,6.50924137931035,1.10734891593464,0.085,0.0841341030575432,2012,1990-06-27,NA,NA,NA,NA
"Germaine Pratt","CIN","LB","14210","weighted",NA,NA,NA,NA,NA,NA,NA,NA,NA,NA,NA,NA,NA,NA,NA,NA,NA,NA,NA,NA,NA,NA,NA,NA,NA,NA,NA,NA,NA,NA,NA,NA,NA,NA,NA,NA,NA,NA,NA,NA,NA,NA,80.3837701149425,32.4994489852805,0.54951724137931,0.452905037478027,0.858528735632184,0.904737095355171,3.55057471264368,1.74657402744153,0.085,0.0841341030575432,2019,1970-01-01,NA,NA,NA,NA
"Anthony Walker","CLE","LB","13306","weighted",NA,NA,NA,NA,NA,NA,NA,NA,NA,NA,NA,NA,NA,NA,NA,NA,NA,NA,NA,NA,NA,NA,NA,NA,NA,NA,NA,NA,NA,NA,NA,NA,NA,NA,NA,NA,NA,NA,NA,NA,NA,NA,81.4197701149425,30.615281506328,1.13167816091954,0.778707927297543,0.552781609195402,0.506746933838731,3.89880459770115,1.13693484128746,0.085,0.0841341030575432,2017,1995-08-08,NA,NA,NA,NA
"Demario Davis","NO","LB","10816","weighted",NA,NA,NA,NA,NA,NA,NA,NA,NA,NA,NA,NA,NA,NA,NA,NA,NA,NA,NA,NA,NA,NA,NA,NA,NA,NA,NA,NA,NA,NA,NA,NA,NA,NA,NA,NA,NA,NA,NA,NA,NA,NA,87.7995402298851,23.3547861483687,3.50381609195402,1.03059459790221,0.516873563218391,0.502457026085876,5.50381609195402,0.95971044807491,0.08,0.0791850381718054,2012,1989-01-11,NA,NA,NA,NA
"Myles Jack","PIT","LB","12702","weighted",NA,NA,NA,NA,NA,NA,NA,NA,NA,NA,NA,NA,NA,NA,NA,NA,NA,NA,NA,NA,NA,NA,NA,NA,NA,NA,NA,NA,NA,NA,NA,NA,NA,NA,NA,NA,NA,NA,NA,NA,NA,NA,75.9899770114943,28.8871338765826,2.4728275862069,1.94055848397561,0.54951724137931,0.506032527530513,3.33733333333333,1.95743952192194,0.075,0.0742359732860675,2016,1995-09-03,NA,NA,NA,NA
"Jerome Baker","MIA","LB","13706","weighted",NA,NA,NA,NA,NA,NA,NA,NA,NA,NA,NA,NA,NA,NA,NA,NA,NA,NA,NA,NA,NA,NA,NA,NA,NA,NA,NA,NA,NA,NA,NA,NA,NA,NA,NA,NA,NA,NA,NA,NA,NA,NA,83.0172873563218,23.1866623667942,5.90312643678161,1.72319487089042,0.768229885057471,0.211763562272423,3.97062068965517,0.451128839390401,0.085,0.0841341030575432,2018,1996-12-25,NA,NA,NA,NA
"Damien Wilson","CAR","LB","12302","weighted",NA,NA,NA,NA,NA,NA,NA,NA,NA,NA,NA,NA,NA,NA,NA,NA,NA,NA,NA,NA,NA,NA,NA,NA,NA,NA,NA,NA,NA,NA,NA,NA,NA,NA,NA,NA,NA,NA,NA,NA,NA,NA,68.164091954023,35.3009561622411,1.78455172413793,0.413715857577167,0.471172413793103,0.50843028170178,3.8792183908046,0.424704057004447,0.02,0.0197962595429513,2015,1993-05-28,NA,NA,NA,NA
"Matt Milano","BUF","LB","13307","weighted",NA,NA,NA,NA,NA,NA,NA,NA,NA,NA,NA,NA,NA,NA,NA,NA,NA,NA,NA,NA,NA,NA,NA,NA,NA,NA,NA,NA,NA,NA,NA,NA,NA,NA,NA,NA,NA,NA,NA,NA,NA,NA,78.6852413793104,25.681997954188,3.73448275862069,0.836937588489744,0.624597701149425,0.537964653549347,5.49618390804598,0.94219601640706,0.08,0.0791850381718054,2017,NA,NA,NA,NA,NA
"Josh Bynes","BAL","LB","10653","weighted",NA,NA,NA,NA,NA,NA,NA,NA,NA,NA,NA,NA,NA,NA,NA,NA,NA,NA,NA,NA,NA,NA,NA,NA,NA,NA,NA,NA,NA,NA,NA,NA,NA,NA,NA,NA,NA,NA,NA,NA,NA,NA,70.0018850574713,32.2505643029755,2.80303448275862,1.53407204101601,0.59848275862069,0.523307761755464,4.36234482758621,0.55460327919811,0.075,0.0742359732860675,2011,1989-08-24,NA,NA,NA,NA
"Jayon Brown","LVR","LB","13304","weighted",NA,NA,NA,NA,NA,NA,NA,NA,NA,NA,NA,NA,NA,NA,NA,NA,NA,NA,NA,NA,NA,NA,NA,NA,NA,NA,NA,NA,NA,NA,NA,NA,NA,NA,NA,NA,NA,NA,NA,NA,NA,NA,60.2630804597701,41.0696158759514,1.01089655172414,1.00550494911895,0.934712643678161,0.114883411327303,4.2687816091954,1.51406945227301,0.085,0.0841341030575432,2017,1995-02-26,NA,NA,NA,NA
"Jermaine Carter","FA","LB","13787","weighted",NA,NA,NA,NA,NA,NA,NA,NA,NA,NA,NA,NA,NA,NA,NA,NA,NA,NA,NA,NA,NA,NA,NA,NA,NA,NA,NA,NA,NA,NA,NA,NA,NA,NA,NA,NA,NA,NA,NA,NA,NA,NA,67.5694197952218,54.8149176775812,0.3780204778157,0.551543289325507,0.155085324232082,0.226274169979695,2.52662116040956,2.22738636073762,0,0,2018,NA,NA,NA,NA,NA
"Mack Wilson","NE","LB","14169","weighted",NA,NA,NA,NA,NA,NA,NA,NA,NA,NA,NA,NA,NA,NA,NA,NA,NA,NA,NA,NA,NA,NA,NA,NA,NA,NA,NA,NA,NA,NA,NA,NA,NA,NA,NA,NA,NA,NA,NA,NA,NA,NA,53.4554942528736,46.0416880196437,0.855264367816092,0.816102857410678,0.146896551724138,0.258487675486431,2.49618390804598,1.7018164646281,0.035,0.0346434542001648,2019,1998-02-14,NA,NA,NA,NA
"Josey Jewell","DEN","LB","13702","weighted",NA,NA,NA,NA,NA,NA,NA,NA,NA,NA,NA,NA,NA,NA,NA,NA,NA,NA,NA,NA,NA,NA,NA,NA,NA,NA,NA,NA,NA,NA,NA,NA,NA,NA,NA,NA,NA,NA,NA,NA,NA,NA,75.6222068965517,24.0557565945833,2.19586206896552,0.264191781282646,0.0620229885057471,0.109139240760937,5.27857471264368,1.35567347213961,0,0,2018,1994-12-25,"D","Calf",2022,0
"Cody Barton","SEA","LB","14217","weighted",NA,NA,NA,NA,NA,NA,NA,NA,NA,NA,NA,NA,NA,NA,NA,NA,NA,NA,NA,NA,NA,NA,NA,NA,NA,NA,NA,NA,NA,NA,NA,NA,NA,NA,NA,NA,NA,NA,NA,NA,NA,NA,71.416367816092,27.0888973383748,0.742114942528736,0.230406270638517,0.173011494252874,0.304441040017352,3.704,1.5246847259396,0.04,0.0395925190859027,2019,1996-11-13,NA,NA,NA,NA
"Nicholas Morrow","CHI","LB","13426","weighted",NA,NA,NA,NA,NA,NA,NA,NA,NA,NA,NA,NA,NA,NA,NA,NA,NA,NA,NA,NA,NA,NA,NA,NA,NA,NA,NA,NA,NA,NA,NA,NA,NA,NA,NA,NA,NA,NA,NA,NA,NA,NA,64.9955402298851,30.4561325297742,4.32804597701149,2.41673966960255,0.569103448275862,0.511272921246569,3.91406896551724,2.51391069043024,0.075,0.0742359732860675,2017,1995-07-10,NA,NA,NA,NA
"Alex Anzalone","DET","LB","13268","weighted",NA,NA,NA,NA,NA,NA,NA,NA,NA,NA,NA,NA,NA,NA,NA,NA,NA,NA,NA,NA,NA,NA,NA,NA,NA,NA,NA,NA,NA,NA,NA,NA,NA,NA,NA,NA,NA,NA,NA,NA,NA,NA,67.0106206896552,26.841956436479,1.00381609195402,0.46436918366612,0.794344827586207,0.202049465444694,5.78671264367816,1.37582624642807,0.075,0.0742359732860675,2017,1994-09-22,NA,NA,NA,NA
"Elandon Roberts","MIA","LB","12831","weighted",NA,NA,NA,NA,NA,NA,NA,NA,NA,NA,NA,NA,NA,NA,NA,NA,NA,NA,NA,NA,NA,NA,NA,NA,NA,NA,NA,NA,NA,NA,NA,NA,NA,NA,NA,NA,NA,NA,NA,NA,NA,NA,58.8038620689655,28.892342083692,1.52937931034483,0.145902364614149,0.264413793103448,0.25421514085089,3.10445977011494,0.562093897449127,0.1,0.0989812977147567,2016,1994-04-22,NA,NA,NA,NA
"Rashaan Evans","ATL","LB","13699","weighted",NA,NA,NA,NA,NA,NA,NA,NA,NA,NA,NA,NA,NA,NA,NA,NA,NA,NA,NA,NA,NA,NA,NA,NA,NA,NA,NA,NA,NA,NA,NA,NA,NA,NA,NA,NA,NA,NA,NA,NA,NA,NA,71.576459770115,16.3856322060759,0.427632183908046,0.384566123837766,1.10119540229885,0.74293011626778,3.40694252873563,1.26490541077118,0.005,0.00494906488573784,2018,1996-11-08,NA,NA,NA,NA
"Lorenzo Carter","ATL","LB","13703","weighted",NA,NA,NA,NA,NA,NA,NA,NA,NA,NA,NA,NA,NA,NA,NA,NA,NA,NA,NA,NA,NA,NA,NA,NA,NA,NA,NA,NA,NA,NA,NA,NA,NA,NA,NA,NA,NA,NA,NA,NA,NA,NA,46.5960459770115,34.3630124192062,5.18551724137931,2.79000992926646,0.31664367816092,0.283228054102398,2.99889655172414,0.931417838131302,0.035,0.0346434542001648,2018,1995-12-10,NA,NA,NA,NA
"Dre Greenlaw","SF","LB","14247","weighted",NA,NA,NA,NA,NA,NA,NA,NA,NA,NA,NA,NA,NA,NA,NA,NA,NA,NA,NA,NA,NA,NA,NA,NA,NA,NA,NA,NA,NA,NA,NA,NA,NA,NA,NA,NA,NA,NA,NA,NA,NA,NA,68.4580689655172,16.7388413718803,1.38519540229885,0.610911665515615,0.791080459770115,0.187662242118965,3.24266666666667,1.758609196583,0.13,0.0692869084003297,2019,1997-05-25,NA,NA,NA,NA
"Matt Judon","NE","LB","12795","weighted",NA,NA,NA,NA,NA,NA,NA,NA,NA,NA,NA,NA,NA,NA,NA,NA,NA,NA,NA,NA,NA,NA,NA,NA,NA,NA,NA,NA,NA,NA,NA,NA,NA,NA,NA,NA,NA,NA,NA,NA,NA,NA,51.9475402298851,27.852291002296,10.9461149425287,3.071181746465,0.0522298850574713,0.0919067290618421,1.82045977011494,0.202552684726937,0.085,0.0841341030575432,2016,NA,NA,NA,NA,NA
"Haason Reddick","PHI","LB","13245","weighted",NA,NA,NA,NA,NA,NA,NA,NA,NA,NA,NA,NA,NA,NA,NA,NA,NA,NA,NA,NA,NA,NA,NA,NA,NA,NA,NA,NA,NA,NA,NA,NA,NA,NA,NA,NA,NA,NA,NA,NA,NA,NA,48.9497011494253,29.3548993485886,9.70675862068966,2.46474595752486,0.0522298850574713,0.0919067290618421,1.52013793103448,0.957488091803729,0.085,0.0841341030575432,2017,1994-09-22,NA,NA,NA,NA
"Drue Tranquill","LAC","LB","14235","weighted",NA,NA,NA,NA,NA,NA,NA,NA,NA,NA,NA,NA,NA,NA,NA,NA,NA,NA,NA,NA,NA,NA,NA,NA,NA,NA,NA,NA,NA,NA,NA,NA,NA,NA,NA,NA,NA,NA,NA,NA,NA,NA,72.384,8.29975504360122,2.13655172413793,1.07776592629935,0.293793103448276,0.360695649199365,2.88354022988506,1.78919105103874,0,0,2019,1995-08-15,"Q","Back",2022,0
"Andrew Van Ginkel","MIA","LB","14249","weighted",NA,NA,NA,NA,NA,NA,NA,NA,NA,NA,NA,NA,NA,NA,NA,NA,NA,NA,NA,NA,NA,NA,NA,NA,NA,NA,NA,NA,NA,NA,NA,NA,NA,NA,NA,NA,NA,NA,NA,NA,NA,NA,52.1348045977011,25.6571959946193,4.76114942528736,1.21046487979835,0.0946666666666667,0.166580946424589,4.23940229885057,1.09299453317459,0.005,0.00494906488573784,2019,1995-07-01,"Q","Appendix",2022,0
"Deion Jones","ATL","LB","12745","weighted",NA,NA,NA,NA,NA,NA,NA,NA,NA,NA,NA,NA,NA,NA,NA,NA,NA,NA,NA,NA,NA,NA,NA,NA,NA,NA,NA,NA,NA,NA,NA,NA,NA,NA,NA,NA,NA,NA,NA,NA,NA,NA,62.3153583617747,21.4253354699524,2.06382252559727,0.636396103067893,1.27303754266212,1.06066017177982,4.36996587030717,0.919238815542512,0.1,0,2016,1994-11-04,"IR","Shoulder",2022,0
"David Long","TEN","LB","14268","weighted",NA,NA,NA,NA,NA,NA,NA,NA,NA,NA,NA,NA,NA,NA,NA,NA,NA,NA,NA,NA,NA,NA,NA,NA,NA,NA,NA,NA,NA,NA,NA,NA,NA,NA,NA,NA,NA,NA,NA,NA,NA,NA,67.2696245733788,10.6066017177982,0.920819112627986,1.34350288425444,1.82389078498294,1.20208152801713,6.35699658703072,1.97989898732233,0,0,2019,1970-01-01,NA,NA,NA,NA
"Josh Allen","JAC","LB","14167","weighted",NA,NA,NA,NA,NA,NA,NA,NA,NA,NA,NA,NA,NA,NA,NA,NA,NA,NA,NA,NA,NA,NA,NA,NA,NA,NA,NA,NA,NA,NA,NA,NA,NA,NA,NA,NA,NA,NA,NA,NA,NA,NA,43.4950344827586,28.6752789225107,5.53540229885058,4.29428209031162,0.454850574712644,0.513607296438587,2.55931034482759,0.576122582207754,0.025,0.0247453244286892,2019,1997-07-13,NA,NA,NA,NA
"Anthony Barr","DAL","LB","11720","weighted",NA,NA,NA,NA,NA,NA,NA,NA,NA,NA,NA,NA,NA,NA,NA,NA,NA,NA,NA,NA,NA,NA,NA,NA,NA,NA,NA,NA,NA,NA,NA,NA,NA,NA,NA,NA,NA,NA,NA,NA,NA,NA,55.2548805460751,23.7163614409968,2.36914675767918,0.190918830920368,0.79160409556314,0.304055915910215,3.46040955631399,0.67175144212722,0,0,2014,1992-03-18,NA,NA,NA,NA
"Devin Bush","PIT","LB","14170","weighted",NA,NA,NA,NA,NA,NA,NA,NA,NA,NA,NA,NA,NA,NA,NA,NA,NA,NA,NA,NA,NA,NA,NA,NA,NA,NA,NA,NA,NA,NA,NA,NA,NA,NA,NA,NA,NA,NA,NA,NA,NA,NA,61.1272643678161,9.79987849253594,2.65940229885057,1.14331054793044,1.02611494252874,0.258406412215088,4.35471264367816,1.40686560599559,0.01,0.00989812977147567,2019,1998-07-18,NA,NA,NA,NA
"Frankie Luvu","CAR","LB","13952","weighted",NA,NA,NA,NA,NA,NA,NA,NA,NA,NA,NA,NA,NA,NA,NA,NA,NA,NA,NA,NA,NA,NA,NA,NA,NA,NA,NA,NA,NA,NA,NA,NA,NA,NA,NA,NA,NA,NA,NA,NA,NA,NA,45.26,36.7129840792055,2.85,1.76776695296637,0.1,0.14142135623731,1.91,1.42835569799683,0,0,2018,1996-09-19,NA,NA,NA,NA
"T.J. Watt","PIT","LB","13214","weighted",NA,NA,NA,NA,NA,NA,NA,NA,NA,NA,NA,NA,NA,NA,NA,NA,NA,NA,NA,NA,NA,NA,NA,NA,NA,NA,NA,NA,NA,NA,NA,NA,NA,NA,NA,NA,NA,NA,NA,NA,NA,NA,60.9225747126437,9.90560622499626,19.6011494252874,4.32068276428038,0.867264367816092,1.04525078890748,6.17737931034483,3.79354109692436,0.185,0.0148471946572135,2017,1994-10-11,NA,NA,NA,NA
"Khalil Mack","LAC","LB","11721","weighted",NA,NA,NA,NA,NA,NA,NA,NA,NA,NA,NA,NA,NA,NA,NA,NA,NA,NA,NA,NA,NA,NA,NA,NA,NA,NA,NA,NA,NA,NA,NA,NA,NA,NA,NA,NA,NA,NA,NA,NA,NA,NA,41.3906206896552,17.9882483785868,8.99241379310345,1.84193594908741,0.461379310344828,0.511349235396456,2.22091954022989,2.02929904575869,0.03,0.029694389314427,2014,1991-02-22,NA,NA,NA,NA
"Justin Hollins","LAR","LB","14250","weighted",NA,NA,NA,NA,NA,NA,NA,NA,NA,NA,NA,NA,NA,NA,NA,NA,NA,NA,NA,NA,NA,NA,NA,NA,NA,NA,NA,NA,NA,NA,NA,NA,NA,NA,NA,NA,NA,NA,NA,NA,NA,NA,41.625,26.1983062429616,2.655,2.19910208949016,0.095,0.134350288425444,2.34,0.480832611206852,0,0,2019,NA,NA,NA,NA,NA
"Leonard Floyd","LAR","LB","12734","weighted",NA,NA,NA,NA,NA,NA,NA,NA,NA,NA,NA,NA,NA,NA,NA,NA,NA,NA,NA,NA,NA,NA,NA,NA,NA,NA,NA,NA,NA,NA,NA,NA,NA,NA,NA,NA,NA,NA,NA,NA,NA,NA,42.4623448275862,12.7072558013129,8.89990804597701,1.19386178784165,0.104459770114943,0.11060440015358,1.91512643678161,0.471348936372853,0.02,0.0197962595429513,2016,1992-09-08,NA,NA,NA,NA
"Joey Bosa","LAC","LB","12686","weighted",NA,NA,NA,NA,NA,NA,NA,NA,NA,NA,NA,NA,NA,NA,NA,NA,NA,NA,NA,NA,NA,NA,NA,NA,NA,NA,NA,NA,NA,NA,NA,NA,NA,NA,NA,NA,NA,NA,NA,NA,NA,NA,47.0825287356322,10.1746479065628,7.15728735632184,4.78685992357495,0.636551724137931,0.995051098782967,2.2567816091954,1.54675353854743,0.055,0.0544397137431162,2016,1995-07-11,NA,NA,NA,NA
"Kwon Alexander","NYJ","LB","12233","weighted",NA,NA,NA,NA,NA,NA,NA,NA,NA,NA,NA,NA,NA,NA,NA,NA,NA,NA,NA,NA,NA,NA,NA,NA,NA,NA,NA,NA,NA,NA,NA,NA,NA,NA,NA,NA,NA,NA,NA,NA,NA,NA,43.3807356321839,8.87657708992229,3.62514942528736,0.783704531563262,0.594114942528736,0.530779216413545,2.76059770114943,1.25411830591265,0.01,0.00989812977147567,2015,1994-08-03,NA,NA,NA,NA
"Cory Littleton","CAR","LB","12985","weighted",NA,NA,NA,NA,NA,NA,NA,NA,NA,NA,NA,NA,NA,NA,NA,NA,NA,NA,NA,NA,NA,NA,NA,NA,NA,NA,NA,NA,NA,NA,NA,NA,NA,NA,NA,NA,NA,NA,NA,NA,NA,NA,40.0778156996587,17.3948268171891,0.773037542662116,1.06066017177982,0.515358361774744,0.707106781186547,4.57679180887372,3.53553390593274,0,0,2016,1993-11-18,NA,NA,NA,NA
"Uchenna Nwosu","SEA","LB","13704","weighted",NA,NA,NA,NA,NA,NA,NA,NA,NA,NA,NA,NA,NA,NA,NA,NA,NA,NA,NA,NA,NA,NA,NA,NA,NA,NA,NA,NA,NA,NA,NA,NA,NA,NA,NA,NA,NA,NA,NA,NA,NA,NA,36.5224827586207,21.2631099146678,4.29871264367816,2.48102329222774,0.411310344827586,0.404098930889388,2.68009195402299,0.496334764245059,0.005,0.00494906488573784,2018,1996-12-28,NA,NA,NA,NA
"Shaquil Barrett","TB","LB","12075","weighted",NA,NA,NA,NA,NA,NA,NA,NA,NA,NA,NA,NA,NA,NA,NA,NA,NA,NA,NA,NA,NA,NA,NA,NA,NA,NA,NA,NA,NA,NA,NA,NA,NA,NA,NA,NA,NA,NA,NA,NA,NA,NA,41.064183908046,6.04379351815481,9.39935632183908,0.53688373428904,0.603908045977012,0.715570474239682,3.62349425287356,1.62751651989236,0.04,0.0395925190859027,2014,1992-11-17,NA,NA,NA,NA
"Von Miller","BUF","LB","10267","weighted",NA,NA,NA,NA,NA,NA,NA,NA,NA,NA,NA,NA,NA,NA,NA,NA,NA,NA,NA,NA,NA,NA,NA,NA,NA,NA,NA,NA,NA,NA,NA,NA,NA,NA,NA,NA,NA,NA,NA,NA,NA,NA,40.8447781569966,8.52770778110976,9.65023890784983,0.21920310216783,0.140546075085324,0.205060966544099,2.50081911262799,0.728319984622144,0.12,0,2011,1989-03-26,NA,NA,NA,NA
"Markus Golden","ARI","LB","12278","weighted",NA,NA,NA,NA,NA,NA,NA,NA,NA,NA,NA,NA,NA,NA,NA,NA,NA,NA,NA,NA,NA,NA,NA,NA,NA,NA,NA,NA,NA,NA,NA,NA,NA,NA,NA,NA,NA,NA,NA,NA,NA,NA,33.3344709897611,3.88908729652601,9.54846416382253,0.0707106781186545,0,0,1.70921501706485,0.424264068711929,0,0,NA,NA,NA,NA,NA,NA
"Preston Smith","GB","LB","12270","weighted",NA,NA,NA,NA,NA,NA,NA,NA,NA,NA,NA,NA,NA,NA,NA,NA,NA,NA,NA,NA,NA,NA,NA,NA,NA,NA,NA,NA,NA,NA,NA,NA,NA,NA,NA,NA,NA,NA,NA,NA,NA,NA,32.4846416382253,0.707106781186547,7.01774744027304,1.48492424049175,0.515358361774744,0.707106781186547,3.58156996587031,0.848528137423857,0.2,0,2015,1992-11-17,NA,NA,NA,NA
"Bradley Chubb","DEN","LB","13681","weighted",NA,NA,NA,NA,NA,NA,NA,NA,NA,NA,NA,NA,NA,NA,NA,NA,NA,NA,NA,NA,NA,NA,NA,NA,NA,NA,NA,NA,NA,NA,NA,NA,NA,NA,NA,NA,NA,NA,NA,NA,NA,NA,30.3829351535836,3.81837661840735,6.51058020477816,5.09116882454314,0.0484641638225256,0.0707106781186548,1.63003412969283,0.919238815542512,0,0,2018,1996-06-24,NA,NA,NA,NA
"Rashan Gary","GB","LB","14149","weighted",NA,NA,NA,NA,NA,NA,NA,NA,NA,NA,NA,NA,NA,NA,NA,NA,NA,NA,NA,NA,NA,NA,NA,NA,NA,NA,NA,NA,NA,NA,NA,NA,NA,NA,NA,NA,NA,NA,NA,NA,NA,NA,30.6300341296928,0.919238815542512,9.08156996587031,0.848528137423856,0,0,1.03071672354949,1.41421356237309,0,0,2019,1997-12-03,NA,NA,NA,NA
"Bud Dupree","TEN","LB","12234","weighted",NA,NA,NA,NA,NA,NA,NA,NA,NA,NA,NA,NA,NA,NA,NA,NA,NA,NA,NA,NA,NA,NA,NA,NA,NA,NA,NA,NA,NA,NA,NA,NA,NA,NA,NA,NA,NA,NA,NA,NA,NA,NA,26.122866894198,5.65685424949238,6.44914675767918,2.26274169979695,0,0,1.36996587030717,0.919238815542512,0,0,2015,1993-02-12,NA,NA,NA,NA
"David Mayo","WAS","LB","12326","weighted",NA,NA,NA,NA,NA,NA,NA,NA,NA,NA,NA,NA,NA,NA,NA,NA,NA,NA,NA,NA,NA,NA,NA,NA,NA,NA,NA,NA,NA,NA,NA,NA,NA,NA,NA,NA,NA,NA,NA,NA,NA,NA,22.7044368600683,4.80832611206852,0.387713310580205,0.565685424949238,0,0,0.515358361774744,0.707106781186547,0,0,2015,1993-08-18,NA,NA,NA,NA
"Sione Takitaki","CLE","LB","14212","weighted",NA,NA,NA,NA,NA,NA,NA,NA,NA,NA,NA,NA,NA,NA,NA,NA,NA,NA,NA,NA,NA,NA,NA,NA,NA,NA,NA,NA,NA,NA,NA,NA,NA,NA,NA,NA,NA,NA,NA,NA,NA,NA,25.3877133105802,0.565685424949238,0.757679180887372,0.353553390593274,0.290784982935154,0.424264068711928,0.903071672354949,0.141421356237309,0.2,0,2019,NA,NA,NA,NA,NA
"Tyus Bowser","BAL","LB","13256","weighted",NA,NA,NA,NA,NA,NA,NA,NA,NA,NA,NA,NA,NA,NA,NA,NA,NA,NA,NA,NA,NA,NA,NA,NA,NA,NA,NA,NA,NA,NA,NA,NA,NA,NA,NA,NA,NA,NA,NA,NA,NA,NA,23.9692832764505,1.41421356237309,5.19146757679181,1.90918830920368,0.515358361774744,0.707106781186547,2.85460750853242,0.212132034355964,0,0,2017,1995-05-23,NA,"Achilles",2022,0
"Randy Gregory","DEN","LB","12215","weighted",NA,NA,NA,NA,NA,NA,NA,NA,NA,NA,NA,NA,NA,NA,NA,NA,NA,NA,NA,NA,NA,NA,NA,NA,NA,NA,NA,NA,NA,NA,NA,NA,NA,NA,NA,NA,NA,NA,NA,NA,NA,NA,20.219795221843,5.51543289325507,4.14300341296928,1.97989898732233,0,0,2.40068259385666,2.33345237791561,0,0,2015,1992-11-23,"Q","Shoulder",2022,0
"Zaire Franklin","IND","LB","13837","weighted",NA,NA,NA,NA,NA,NA,NA,NA,NA,NA,NA,NA,NA,NA,NA,NA,NA,NA,NA,NA,NA,NA,NA,NA,NA,NA,NA,NA,NA,NA,NA,NA,NA,NA,NA,NA,NA,NA,NA,NA,NA,NA,20.4361774744027,0.636396103067892,0,0,0.484641638225256,0.707106781186547,1.53310580204778,0.777817459305202,0,0,2018,1996-07-02,NA,NA,NA,NA
"Derwin James","LAC","DB","13714","weighted",NA,NA,NA,NA,NA,NA,NA,NA,NA,NA,NA,NA,NA,NA,NA,NA,NA,NA,NA,NA,NA,NA,NA,NA,NA,NA,NA,NA,NA,NA,NA,NA,NA,NA,NA,NA,NA,NA,NA,NA,NA,NA,91.8767816091954,25.5571204883817,1.97498850574713,0.972101142181528,2.1207816091954,0.618221530165652,9.52887356321839,2.49959359309281,0.235,0.0643378435145918,2018,1996-08-03,NA,NA,NA,NA
"Tracy Walker","DET","DB","13747","weighted",NA,NA,NA,NA,NA,NA,NA,NA,NA,NA,NA,NA,NA,NA,NA,NA,NA,NA,NA,NA,NA,NA,NA,NA,NA,NA,NA,NA,NA,NA,NA,NA,NA,NA,NA,NA,NA,NA,NA,NA,NA,NA,86.7222528735632,25.2276997970396,1.08813793103448,0.0860134338973326,1.21218390804598,0.226341098329033,6.39825287356322,0.372024531788231,0.085,0.0841341030575432,2018,1995-02-01,NA,NA,NA,NA
"Harrison Smith","MIN","DB","10783","weighted",NA,NA,NA,NA,NA,NA,NA,NA,NA,NA,NA,NA,NA,NA,NA,NA,NA,NA,NA,NA,NA,NA,NA,NA,NA,NA,NA,NA,NA,NA,NA,NA,NA,NA,NA,NA,NA,NA,NA,NA,NA,NA,88.0628505747126,21.3709962716796,2.24211494252874,0.541406347703214,2.88901149425287,0.379412181675291,9.6343908045977,0.730357804451026,0.085,0.0841341030575432,2012,1989-02-02,NA,NA,NA,NA
"Minkah Fitzpatrick","PIT","DB","13713","weighted",NA,NA,NA,NA,NA,NA,NA,NA,NA,NA,NA,NA,NA,NA,NA,NA,NA,NA,NA,NA,NA,NA,NA,NA,NA,NA,NA,NA,NA,NA,NA,NA,NA,NA,NA,NA,NA,NA,NA,NA,NA,NA,90.4753103448276,17.7212128954676,0.124045977011494,0.111243989613935,2.62133333333333,0.382295107933059,9.40262068965517,0.809499970786103,0.085,0.0841341030575432,2018,1996-11-17,NA,NA,NA,NA
"Adrian Phillips","NE","DB","12088","weighted",NA,NA,NA,NA,NA,NA,NA,NA,NA,NA,NA,NA,NA,NA,NA,NA,NA,NA,NA,NA,NA,NA,NA,NA,NA,NA,NA,NA,NA,NA,NA,NA,NA,NA,NA,NA,NA,NA,NA,NA,NA,NA,73.6549425287356,29.7244322432689,0.48367816091954,0.470387156049755,2.88248275862069,0.583609458456595,7.49618390804598,0.709703655957386,0.185,0.0148471946572135,2014,1992-03-28,NA,NA,NA,NA
"Eric Murray","HOU","DB","12772","weighted",NA,NA,NA,NA,NA,NA,NA,NA,NA,NA,NA,NA,NA,NA,NA,NA,NA,NA,NA,NA,NA,NA,NA,NA,NA,NA,NA,NA,NA,NA,NA,NA,NA,NA,NA,NA,NA,NA,NA,NA,NA,NA,78.8298390804598,26.3618585659196,1.01632183908046,0.322019423341216,1.0935632183908,1.21207908083516,6.26220689655172,2.85315253568608,0.185,0.0148471946572135,2016,1994-01-07,NA,NA,NA,NA
"Kareem Jackson","DEN","DB","9861","weighted",NA,NA,NA,NA,NA,NA,NA,NA,NA,NA,NA,NA,NA,NA,NA,NA,NA,NA,NA,NA,NA,NA,NA,NA,NA,NA,NA,NA,NA,NA,NA,NA,NA,NA,NA,NA,NA,NA,NA,NA,NA,NA,76.4655172413793,23.6094767032796,0.843310344827586,0.152040179611234,1.30358620689655,0.534207862671957,5.29052873563218,2.13895005080058,0.085,0.0841341030575432,2010,1988-04-10,NA,NA,NA,NA
"Jayron Kearse","DAL","DB","12720","weighted",NA,NA,NA,NA,NA,NA,NA,NA,NA,NA,NA,NA,NA,NA,NA,NA,NA,NA,NA,NA,NA,NA,NA,NA,NA,NA,NA,NA,NA,NA,NA,NA,NA,NA,NA,NA,NA,NA,NA,NA,NA,NA,79.7429885057471,20.8687481872033,0.96735632183908,0.0574417056636513,1.7584367816092,0.512816371258398,8.77475862068966,2.72447558802235,0.085,0.0841341030575432,2016,1994-02-11,"Q","Neck",2022,0
"George Odum","SF","DB","13939","weighted",NA,NA,NA,NA,NA,NA,NA,NA,NA,NA,NA,NA,NA,NA,NA,NA,NA,NA,NA,NA,NA,NA,NA,NA,NA,NA,NA,NA,NA,NA,NA,NA,NA,NA,NA,NA,NA,NA,NA,NA,NA,NA,59.2499770114943,36.8125655400998,0.261149425287356,0.45953364530921,0.829149425287356,0.994148873148274,4.12073563218391,3.29767950081418,0.085,0.0841341030575432,2018,1993-11-03,NA,NA,NA,NA
"Vonn Bell","CIN","DB","12718","weighted",NA,NA,NA,NA,NA,NA,NA,NA,NA,NA,NA,NA,NA,NA,NA,NA,NA,NA,NA,NA,NA,NA,NA,NA,NA,NA,NA,NA,NA,NA,NA,NA,NA,NA,NA,NA,NA,NA,NA,NA,NA,NA,80.1924137931035,18.7944066488885,1.04951724137931,0.402510701553219,1.85852873563218,1.65789528598138,6.46027586206897,1.63140743001333,0.085,0.0841341030575432,2016,1994-12-12,NA,NA,NA,NA
"Marcus Maye","NO","DB","13252","weighted",NA,NA,NA,NA,NA,NA,NA,NA,NA,NA,NA,NA,NA,NA,NA,NA,NA,NA,NA,NA,NA,NA,NA,NA,NA,NA,NA,NA,NA,NA,NA,NA,NA,NA,NA,NA,NA,NA,NA,NA,NA,NA,75.2544827586207,22.9916735442391,2.16974712643678,0.651373462299,2.5288275862069,1.45467141269736,8.51797701149425,1.82555643744758,0.185,0.0148471946572135,2017,1994-01-01,NA,NA,NA,NA
"Andrew Wingard","JAC","DB","14328","weighted",NA,NA,NA,NA,NA,NA,NA,NA,NA,NA,NA,NA,NA,NA,NA,NA,NA,NA,NA,NA,NA,NA,NA,NA,NA,NA,NA,NA,NA,NA,NA,NA,NA,NA,NA,NA,NA,NA,NA,NA,NA,NA,72.5928275862069,24.5182114884955,0.924919540229885,0.107592930709869,1.17301149425287,0.304441040017352,4.72363218390805,2.85552911191762,0.085,0.0841341030575432,2019,1996-12-05,NA,NA,NA,NA
"Nasir Adderley","LAC","DB","14185","weighted",NA,NA,NA,NA,NA,NA,NA,NA,NA,NA,NA,NA,NA,NA,NA,NA,NA,NA,NA,NA,NA,NA,NA,NA,NA,NA,NA,NA,NA,NA,NA,NA,NA,NA,NA,NA,NA,NA,NA,NA,NA,NA,75.531908045977,21.1210196767269,0.545701149425287,0.134995829098065,0.817195402298851,0.446640109470015,7.65618390804598,2.17351305701369,0.085,0.0841341030575432,2019,1970-01-01,NA,NA,NA,NA
"Jamal Adams","SEA","DB","13230","weighted",NA,NA,NA,NA,NA,NA,NA,NA,NA,NA,NA,NA,NA,NA,NA,NA,NA,NA,NA,NA,NA,NA,NA,NA,NA,NA,NA,NA,NA,NA,NA,NA,NA,NA,NA,NA,NA,NA,NA,NA,NA,NA,83.8214252873563,13.7630326770108,4.07834482758621,0.105676712513058,1.85310344827586,0.63239543521952,8.03374712643678,2.23240588514634,0.085,0.0841341030575432,2017,1995-10-17,NA,NA,NA,NA
"Eddie Jackson","CHI","DB","13229","weighted",NA,NA,NA,NA,NA,NA,NA,NA,NA,NA,NA,NA,NA,NA,NA,NA,NA,NA,NA,NA,NA,NA,NA,NA,NA,NA,NA,NA,NA,NA,NA,NA,NA,NA,NA,NA,NA,NA,NA,NA,NA,NA,73.9431724137931,22.0593880241497,0.409149425287356,0.53608240676863,1.00979310344828,1.00469825374641,6.37756321839081,1.41703805412799,0.185,0.0148471946572135,2017,NA,NA,NA,NA,NA
"Amani Hooker","TEN","DB","14182","weighted",NA,NA,NA,NA,NA,NA,NA,NA,NA,NA,NA,NA,NA,NA,NA,NA,NA,NA,NA,NA,NA,NA,NA,NA,NA,NA,NA,NA,NA,NA,NA,NA,NA,NA,NA,NA,NA,NA,NA,NA,NA,NA,63.7057931034483,31.2565100840631,0.169747126436782,0.298696869450987,2.46354022988506,0.798679371674728,7.56036781609196,1.51894240708331,0.085,0.0841341030575432,2019,1998-06-14,NA,NA,NA,NA
"Budda Baker","ARI","DB","13251","weighted",NA,NA,NA,NA,NA,NA,NA,NA,NA,NA,NA,NA,NA,NA,NA,NA,NA,NA,NA,NA,NA,NA,NA,NA,NA,NA,NA,NA,NA,NA,NA,NA,NA,NA,NA,NA,NA,NA,NA,NA,NA,NA,86.8584367816092,9.6288084368947,2.30685057471264,0.591888487793083,2.07508045977012,0.779892072112638,6.83567816091954,1.41965958360916,0.085,0.0841341030575432,2017,1996-01-10,NA,NA,NA,NA
"Jordan Poyer","BUF","DB","11317","weighted",NA,NA,NA,NA,NA,NA,NA,NA,NA,NA,NA,NA,NA,NA,NA,NA,NA,NA,NA,NA,NA,NA,NA,NA,NA,NA,NA,NA,NA,NA,NA,NA,NA,NA,NA,NA,NA,NA,NA,NA,NA,NA,83.6864827586207,12.0429124468586,2.4047816091954,0.597043013827614,2.59411494252874,0.945028003779744,7.56473563218391,0.52184239189815,0.085,0.0841341030575432,2013,1991-04-25,NA,NA,NA,NA
"Adrian Amos","GB","DB","12308","weighted",NA,NA,NA,NA,NA,NA,NA,NA,NA,NA,NA,NA,NA,NA,NA,NA,NA,NA,NA,NA,NA,NA,NA,NA,NA,NA,NA,NA,NA,NA,NA,NA,NA,NA,NA,NA,NA,NA,NA,NA,NA,NA,78.9258850574713,15.3324220449923,1.12459770114943,0.336235954527646,2.25462068965517,0.55367445796732,8.46137931034483,0.947788143450247,0.085,0.0841341030575432,2015,1993-04-29,NA,NA,NA,NA
"Johnathan Abram","LVR","DB","14184","weighted",NA,NA,NA,NA,NA,NA,NA,NA,NA,NA,NA,NA,NA,NA,NA,NA,NA,NA,NA,NA,NA,NA,NA,NA,NA,NA,NA,NA,NA,NA,NA,NA,NA,NA,NA,NA,NA,NA,NA,NA,NA,NA,80.0269885057471,15.0289860214631,0.461379310344828,0.511349235396456,1.15995402298851,0.149659147265913,7.07728735632184,1.71830542571338,0.085,0.0841341030575432,2019,1970-01-01,NA,NA,NA,NA
"Xavier Woods","CAR","DB","13325","weighted",NA,NA,NA,NA,NA,NA,NA,NA,NA,NA,NA,NA,NA,NA,NA,NA,NA,NA,NA,NA,NA,NA,NA,NA,NA,NA,NA,NA,NA,NA,NA,NA,NA,NA,NA,NA,NA,NA,NA,NA,NA,NA,74.512275862069,18.0966271308637,0.552781609195402,0.506746933838731,2.36344827586207,0.630388929711415,7.96409195402299,0.846897690514149,0.085,0.0841341030575432,2017,1995-07-26,NA,NA,NA,NA
"Jessie Bates","CIN","DB","13737","weighted",NA,NA,NA,NA,NA,NA,NA,NA,NA,NA,NA,NA,NA,NA,NA,NA,NA,NA,NA,NA,NA,NA,NA,NA,NA,NA,NA,NA,NA,NA,NA,NA,NA,NA,NA,NA,NA,NA,NA,NA,NA,NA,76.2349425287356,15.718445081043,0.225241379310345,0.253016263765256,2.63328735632184,0.841929626213198,9.40914942528736,0.874924256695947,0.085,0.0841341030575432,2018,1997-02-26,NA,NA,NA,NA
"Justin Reid","KC","DB","13717","weighted",NA,NA,NA,NA,NA,NA,NA,NA,NA,NA,NA,NA,NA,NA,NA,NA,NA,NA,NA,NA,NA,NA,NA,NA,NA,NA,NA,NA,NA,NA,NA,NA,NA,NA,NA,NA,NA,NA,NA,NA,NA,NA,74.9214712643678,15.6307464099874,0.427632183908046,0.752486344193832,2.10119540229885,0.449646132135198,8.53972413793104,1.45018766259983,0.185,0.0148471946572135,2018,1997-02-15,NA,NA,NA,NA
"Justin Reid","KC","DB","13717","weighted",NA,NA,NA,NA,NA,NA,NA,NA,NA,NA,NA,NA,NA,NA,NA,NA,NA,NA,NA,NA,NA,NA,NA,NA,NA,NA,NA,NA,NA,NA,NA,NA,NA,NA,NA,NA,NA,NA,NA,NA,NA,NA,74.9214712643678,15.6307464099874,0.427632183908046,0.752486344193832,2.10119540229885,0.449646132135198,8.53972413793104,1.45018766259983,0.185,0.0148471946572135,2018,2002-05-24,NA,NA,NA,NA
"Taylor Rapp","LAR","DB","14186","weighted",NA,NA,NA,NA,NA,NA,NA,NA,NA,NA,NA,NA,NA,NA,NA,NA,NA,NA,NA,NA,NA,NA,NA,NA,NA,NA,NA,NA,NA,NA,NA,NA,NA,NA,NA,NA,NA,NA,NA,NA,NA,NA,79.48,17.2251211897043,1.04,0.0565685424949239,2.445,0.926309883354377,7.15,0.212132034355964,0.235,0.0919238815542512,2019,1970-01-01,NA,NA,NA,NA
"Sidney Jones","SEA","DB","13225","weighted",NA,NA,NA,NA,NA,NA,NA,NA,NA,NA,NA,NA,NA,NA,NA,NA,NA,NA,NA,NA,NA,NA,NA,NA,NA,NA,NA,NA,NA,NA,NA,NA,NA,NA,NA,NA,NA,NA,NA,NA,NA,NA,63.0901149425287,23.9785783245894,0.0816091954022989,0.143604264159128,1.44179310344828,1.2381698296385,8.73668965517242,1.14019601799842,0.085,0.0841341030575432,2017,NA,NA,NA,NA,NA
"Malik Hooker","DAL","DB","13228","weighted",NA,NA,NA,NA,NA,NA,NA,NA,NA,NA,NA,NA,NA,NA,NA,NA,NA,NA,NA,NA,NA,NA,NA,NA,NA,NA,NA,NA,NA,NA,NA,NA,NA,NA,NA,NA,NA,NA,NA,NA,NA,NA,67.915,29.2954339445587,0.19,0.268700576850888,2.45,1.06066017177982,7.535,0.940452018978108,0.185,0.0212132034355964,2017,1996-04-02,NA,NA,NA,NA
"Kevin Byard","TEN","DB","12752","weighted",NA,NA,NA,NA,NA,NA,NA,NA,NA,NA,NA,NA,NA,NA,NA,NA,NA,NA,NA,NA,NA,NA,NA,NA,NA,NA,NA,NA,NA,NA,NA,NA,NA,NA,NA,NA,NA,NA,NA,NA,NA,NA,75.5156321839081,11.3341543406254,0.813931034482759,0.247295506565662,3.36671264367816,0.732402254954928,9.36018390804598,0.635164020811423,0.135,0.0346434542001648,2016,1993-08-17,NA,NA,NA,NA
"Rashad Fenton","KC","DB","14276","weighted",NA,NA,NA,NA,NA,NA,NA,NA,NA,NA,NA,NA,NA,NA,NA,NA,NA,NA,NA,NA,NA,NA,NA,NA,NA,NA,NA,NA,NA,NA,NA,NA,NA,NA,NA,NA,NA,NA,NA,NA,NA,NA,56.1444137931034,27.5336751493463,0.075080459770115,0.132115923026398,0.957563218390805,0.926251101809657,6.44179310344828,1.2381698296385,0.085,0.0841341030575432,2019,1970-01-01,NA,NA,NA,NA
"Jordan Whitehead","NYJ","DB","13760","weighted",NA,NA,NA,NA,NA,NA,NA,NA,NA,NA,NA,NA,NA,NA,NA,NA,NA,NA,NA,NA,NA,NA,NA,NA,NA,NA,NA,NA,NA,NA,NA,NA,NA,NA,NA,NA,NA,NA,NA,NA,NA,NA,76.3544827586207,14.8420865710918,0.993471264367816,0.0114883411327303,1.66377011494253,0.368087490823718,6.98041379310345,1.11862548378489,0.08,0.0791850381718054,2018,1997-03-18,NA,NA,NA,NA
"Donte Jackson","CAR","DB","13738","weighted",NA,NA,NA,NA,NA,NA,NA,NA,NA,NA,NA,NA,NA,NA,NA,NA,NA,NA,NA,NA,NA,NA,NA,NA,NA,NA,NA,NA,NA,NA,NA,NA,NA,NA,NA,NA,NA,NA,NA,NA,NA,NA,66.3775172413793,18.2454993617456,0.68335632183908,0.399469947228498,2.60174712643678,0.770062884995016,9.90859770114943,0.0907377172587745,0.09,0.089083167943281,2018,1995-11-08,NA,NA,NA,NA
"Quandre Diggs","SEA","DB","12349","weighted",NA,NA,NA,NA,NA,NA,NA,NA,NA,NA,NA,NA,NA,NA,NA,NA,NA,NA,NA,NA,NA,NA,NA,NA,NA,NA,NA,NA,NA,NA,NA,NA,NA,NA,NA,NA,NA,NA,NA,NA,NA,NA,69.040183908046,14.4010332149349,0.0587586206896552,0.103395070194572,3.86942528735632,0.412747332347964,8.56147126436782,1.7179272027283,0.095,0.0940322328290189,2015,1991-11-07,NA,NA,NA,NA
"Charvarius Ward","SF","DB","13920","weighted",NA,NA,NA,NA,NA,NA,NA,NA,NA,NA,NA,NA,NA,NA,NA,NA,NA,NA,NA,NA,NA,NA,NA,NA,NA,NA,NA,NA,NA,NA,NA,NA,NA,NA,NA,NA,NA,NA,NA,NA,NA,NA,64.7179770114943,17.5992145350937,0.56583908045977,0.452218878878817,1.65397701149425,0.310504529859168,8.10340229885058,1.91636424366935,0.085,0.0841341030575432,2018,1996-05-16,NA,NA,NA,NA
"Dean Marlowe","ATL","DB","12486","weighted",NA,NA,NA,NA,NA,NA,NA,NA,NA,NA,NA,NA,NA,NA,NA,NA,NA,NA,NA,NA,NA,NA,NA,NA,NA,NA,NA,NA,NA,NA,NA,NA,NA,NA,NA,NA,NA,NA,NA,NA,NA,NA,59.4654252873563,23.0026401662313,0.804137931034483,0.714615753867542,1.66266666666667,0.762119569843695,4.50377011494253,2.29830472677518,0.085,0.0841341030575432,NA,NA,NA,NA,NA,NA
"Tyrann Mathieu","NO","DB","11313","weighted",NA,NA,NA,NA,NA,NA,NA,NA,NA,NA,NA,NA,NA,NA,NA,NA,NA,NA,NA,NA,NA,NA,NA,NA,NA,NA,NA,NA,NA,NA,NA,NA,NA,NA,NA,NA,NA,NA,NA,NA,NA,NA,72.2207356321839,11.5544474540529,1.25245977011494,0.682982743506692,3.54298850574713,0.408220705187946,9.57995402298851,1.42247912000382,0.095,0.0940322328290189,2013,1992-05-13,"Q","Illness",2022,0
"Terrell Edmunds","PIT","DB","13716","weighted",NA,NA,NA,NA,NA,NA,NA,NA,NA,NA,NA,NA,NA,NA,NA,NA,NA,NA,NA,NA,NA,NA,NA,NA,NA,NA,NA,NA,NA,NA,NA,NA,NA,NA,NA,NA,NA,NA,NA,NA,NA,NA,72.7702988505747,9.78372929965916,0.836781609195402,0.287208528318256,1.88248275862069,0.681209179287791,6.87268965517241,1.28684232743397,0.075,0.0742359732860675,2018,1997-01-20,NA,NA,NA,NA
"Juan Thornhill","KC","DB","14207","weighted",NA,NA,NA,NA,NA,NA,NA,NA,NA,NA,NA,NA,NA,NA,NA,NA,NA,NA,NA,NA,NA,NA,NA,NA,NA,NA,NA,NA,NA,NA,NA,NA,NA,NA,NA,NA,NA,NA,NA,NA,NA,NA,62.0214712643678,20.3064392468839,0.163218390804598,0.153964135287914,1.4472183908046,0.408236842800622,5.75512643678161,2.4765441993171,0.185,0.0148471946572135,2019,1970-01-01,NA,NA,NA,NA
"Erik Harris","ATL","DB","12910","weighted",NA,NA,NA,NA,NA,NA,NA,NA,NA,NA,NA,NA,NA,NA,NA,NA,NA,NA,NA,NA,NA,NA,NA,NA,NA,NA,NA,NA,NA,NA,NA,NA,NA,NA,NA,NA,NA,NA,NA,NA,NA,NA,66.2044597701149,14.5066956310054,0.505977011494253,0.452635550350877,0.853103448275862,0.584072086905977,6.99457471264368,1.04510614142624,0.085,0.0841341030575432,2015,1990-04-02,NA,NA,NA,NA
"DeShon Elliott","DET","DB","13806","weighted",NA,NA,NA,NA,NA,NA,NA,NA,NA,NA,NA,NA,NA,NA,NA,NA,NA,NA,NA,NA,NA,NA,NA,NA,NA,NA,NA,NA,NA,NA,NA,NA,NA,NA,NA,NA,NA,NA,NA,NA,NA,NA,66.7624367816092,20.7460429771972,1.78836781609195,0.811719618303475,0.659402298850575,0.598982996946183,4.18822988505747,1.17959032436407,0.075,0.0742359732860675,2018,1997-04-21,NA,NA,NA,NA
"D.J. Reed","NYJ","DB","13774","weighted",NA,NA,NA,NA,NA,NA,NA,NA,NA,NA,NA,NA,NA,NA,NA,NA,NA,NA,NA,NA,NA,NA,NA,NA,NA,NA,NA,NA,NA,NA,NA,NA,NA,NA,NA,NA,NA,NA,NA,NA,NA,NA,64.9411494252874,15.6739483748562,0.068551724137931,0.120627581893668,2.00326436781609,0.193035554303411,9.52340229885058,2.24796173943908,0.085,0.0841341030575432,2018,1996-11-11,"Q","Knee",2022,0
"Justin Simmons","DEN","DB","12767","weighted",NA,NA,NA,NA,NA,NA,NA,NA,NA,NA,NA,NA,NA,NA,NA,NA,NA,NA,NA,NA,NA,NA,NA,NA,NA,NA,NA,NA,NA,NA,NA,NA,NA,NA,NA,NA,NA,NA,NA,NA,NA,NA,74.6419310344828,6.77252507901934,1.13710344827586,0.404987487294194,3.40804597701149,1.2188055831631,10.403724137931,1.8845881871473,0.085,0.0841341030575432,2016,1993-11-19,NA,NA,NA,NA
"Ronald Darby","DEN","DB","12276","weighted",NA,NA,NA,NA,NA,NA,NA,NA,NA,NA,NA,NA,NA,NA,NA,NA,NA,NA,NA,NA,NA,NA,NA,NA,NA,NA,NA,NA,NA,NA,NA,NA,NA,NA,NA,NA,NA,NA,NA,NA,NA,NA,61.7376551724138,17.3312323137598,0.261149425287356,0.30594706013231,0.682252873563218,0.69856940364699,8.75954022988506,2.2686216397064,0.085,0.0841341030575432,2015,1994-01-02,NA,NA,NA,NA
"Kendall Fuller","WAS","DB","12714","weighted",NA,NA,NA,NA,NA,NA,NA,NA,NA,NA,NA,NA,NA,NA,NA,NA,NA,NA,NA,NA,NA,NA,NA,NA,NA,NA,NA,NA,NA,NA,NA,NA,NA,NA,NA,NA,NA,NA,NA,NA,NA,NA,68.1620689655172,11.4817477804816,0.826988505747126,0.224846544266236,1.43852873563218,1.05698619660799,11.7551724137931,4.03941204411758,0.085,0.0841341030575432,2016,1995-02-13,NA,NA,NA,NA
"Marlon Humphrey","BAL","DB","13223","weighted",NA,NA,NA,NA,NA,NA,NA,NA,NA,NA,NA,NA,NA,NA,NA,NA,NA,NA,NA,NA,NA,NA,NA,NA,NA,NA,NA,NA,NA,NA,NA,NA,NA,NA,NA,NA,NA,NA,NA,NA,NA,NA,62.935724137931,15.639832030618,0.735586206896552,0.634532973607042,1.52013793103448,0.62894135635187,9.78675862068966,2.7217718295059,0.085,0.0841341030575432,2017,1996-07-08,NA,NA,NA,NA
"Rasul Douglas","GB","DB","13281","weighted",NA,NA,NA,NA,NA,NA,NA,NA,NA,NA,NA,NA,NA,NA,NA,NA,NA,NA,NA,NA,NA,NA,NA,NA,NA,NA,NA,NA,NA,NA,NA,NA,NA,NA,NA,NA,NA,NA,NA,NA,NA,NA,62.9269885057471,14.7344841740006,0.0620229885057471,0.109139240760937,3.11098850574713,0.631413757637045,11.2067586206897,2.30408853703292,0.235,0.0643378435145918,2017,1994-08-29,NA,NA,NA,NA
"Logan Ryan","FA","DB","11316","weighted",NA,NA,NA,NA,NA,NA,NA,NA,NA,NA,NA,NA,NA,NA,NA,NA,NA,NA,NA,NA,NA,NA,NA,NA,NA,NA,NA,NA,NA,NA,NA,NA,NA,NA,NA,NA,NA,NA,NA,NA,NA,NA,66.8559726962457,15.8391918985787,1.8037542662116,2.47487373415292,1.93378839590444,1.5556349186104,10.2907849829352,0.424264068711928,0,0,2013,1991-02-09,NA,NA,NA,NA
"Jalen Ramsey","LAR","DB","12711","weighted",NA,NA,NA,NA,NA,NA,NA,NA,NA,NA,NA,NA,NA,NA,NA,NA,NA,NA,NA,NA,NA,NA,NA,NA,NA,NA,NA,NA,NA,NA,NA,NA,NA,NA,NA,NA,NA,NA,NA,NA,NA,NA,62.2175172413793,13.2154822058233,0.0554942528735632,0.0976508996282072,3.0544367816092,1.75981443534449,12.3493333333333,4.74981260891625,0.085,0.0841341030575432,2016,1994-10-24,NA,NA,NA,NA
"Micah Hyde","BUF","DB","11382","weighted",NA,NA,NA,NA,NA,NA,NA,NA,NA,NA,NA,NA,NA,NA,NA,NA,NA,NA,NA,NA,NA,NA,NA,NA,NA,NA,NA,NA,NA,NA,NA,NA,NA,NA,NA,NA,NA,NA,NA,NA,NA,NA,61.5178390804598,13.7438136656671,0.702942528735632,0.269055948835189,3.5136091954023,0.942502001336083,9.13820689655172,0.926008580895389,0.185,0.0148471946572135,2013,1990-12-31,NA,NA,NA,NA
"Kenny Moore","IND","DB","13470","weighted",NA,NA,NA,NA,NA,NA,NA,NA,NA,NA,NA,NA,NA,NA,NA,NA,NA,NA,NA,NA,NA,NA,NA,NA,NA,NA,NA,NA,NA,NA,NA,NA,NA,NA,NA,NA,NA,NA,NA,NA,NA,NA,71.1141149425287,8.25163068787067,1.66703448275862,0.503140139523771,3.03701149425287,1.29277379172714,9.89990804597701,3.20778748720408,0.085,0.0841341030575432,2017,1995-08-23,NA,NA,NA,NA
"John Johnson","CLE","DB","13274","weighted",NA,NA,NA,NA,NA,NA,NA,NA,NA,NA,NA,NA,NA,NA,NA,NA,NA,NA,NA,NA,NA,NA,NA,NA,NA,NA,NA,NA,NA,NA,NA,NA,NA,NA,NA,NA,NA,NA,NA,NA,NA,NA,65.7877701149425,9.79434928557931,0.843310344827586,0.364480377998523,2.57126436781609,0.80192792749779,8.0424367816092,0.235674468186427,0.085,0.0841341030575432,2017,1994-01-01,NA,NA,NA,NA
"Chauncey Gardner-Johnson","PHI","DB","14224","weighted",NA,NA,NA,NA,NA,NA,NA,NA,NA,NA,NA,NA,NA,NA,NA,NA,NA,NA,NA,NA,NA,NA,NA,NA,NA,NA,NA,NA,NA,NA,NA,NA,NA,NA,NA,NA,NA,NA,NA,NA,NA,NA,59.536275862069,14.2678649987173,1.77475862068966,0.396347769079194,3.34165517241379,2.43802582685919,9.42110344827586,2.65473639705298,0.085,0.0841341030575432,2019,1997-12-20,NA,NA,NA,NA
"Devin McCourty","NE","DB","9846","weighted",NA,NA,NA,NA,NA,NA,NA,NA,NA,NA,NA,NA,NA,NA,NA,NA,NA,NA,NA,NA,NA,NA,NA,NA,NA,NA,NA,NA,NA,NA,NA,NA,NA,NA,NA,NA,NA,NA,NA,NA,NA,NA,56.5493333333333,15.9501994254527,0.075080459770115,0.132115923026398,2.82914942528736,0.907599794726391,9.84652873563218,3.50683553870088,0.085,0.0841341030575432,2010,1987-08-13,NA,NA,NA,NA
"Marshon Lattimore","NO","DB","13224","weighted",NA,NA,NA,NA,NA,NA,NA,NA,NA,NA,NA,NA,NA,NA,NA,NA,NA,NA,NA,NA,NA,NA,NA,NA,NA,NA,NA,NA,NA,NA,NA,NA,NA,NA,NA,NA,NA,NA,NA,NA,NA,NA,61.1413333333333,11.7856500965453,0.0620229885057471,0.109139240760937,2.65071264367816,0.31856183723752,14.9815172413793,6.06686458938602,0.085,0.0841341030575432,2017,1996-05-19,NA,NA,NA,NA
"Chidobe Awuzie","CIN","DB","13263","weighted",NA,NA,NA,NA,NA,NA,NA,NA,NA,NA,NA,NA,NA,NA,NA,NA,NA,NA,NA,NA,NA,NA,NA,NA,NA,NA,NA,NA,NA,NA,NA,NA,NA,NA,NA,NA,NA,NA,NA,NA,NA,NA,63.8627586206897,9.88174974589726,0.0587586206896552,0.103395070194572,2.25135632183908,0.933093819814801,10.983724137931,4.17339773429859,0.085,0.0841341030575432,2017,1995-05-24,NA,NA,NA,NA
"Mike Hughes","DET","DB","13731","weighted",NA,NA,NA,NA,NA,NA,NA,NA,NA,NA,NA,NA,NA,NA,NA,NA,NA,NA,NA,NA,NA,NA,NA,NA,NA,NA,NA,NA,NA,NA,NA,NA,NA,NA,NA,NA,NA,NA,NA,NA,NA,NA,43.6069885057471,26.1196482341144,0.071816091954023,0.126371752460033,1.10119540229885,0.459346505060953,5.57673563218391,2.04632520554453,0.175,0.0247453244286892,2018,1997-02-11,NA,NA,NA,NA
"Byron Murphy","ARI","DB","14180","weighted",NA,NA,NA,NA,NA,NA,NA,NA,NA,NA,NA,NA,NA,NA,NA,NA,NA,NA,NA,NA,NA,NA,NA,NA,NA,NA,NA,NA,NA,NA,NA,NA,NA,NA,NA,NA,NA,NA,NA,NA,NA,NA,55.8986206896552,15.6640487737522,1.20294252873563,0.432457491531806,2.02937931034483,0.352362202316908,9.03811494252874,2.30002920565084,0.185,0.0148471946572135,2019,1998-01-18,"Q","Illness",2022,0
"Bobby McCain","WAS","DB","12311","weighted",NA,NA,NA,NA,NA,NA,NA,NA,NA,NA,NA,NA,NA,NA,NA,NA,NA,NA,NA,NA,NA,NA,NA,NA,NA,NA,NA,NA,NA,NA,NA,NA,NA,NA,NA,NA,NA,NA,NA,NA,NA,NA,57.6613793103448,14.7801281286733,0.323172413793103,0.417695980866985,2.86179310344828,1.3988383211253,9.29595402298851,2.65594346667963,0.435,0.262300438944105,2015,1993-08-18,NA,NA,NA,NA
"Darnell Savage","GB","DB","14197","weighted",NA,NA,NA,NA,NA,NA,NA,NA,NA,NA,NA,NA,NA,NA,NA,NA,NA,NA,NA,NA,NA,NA,NA,NA,NA,NA,NA,NA,NA,NA,NA,NA,NA,NA,NA,NA,NA,NA,NA,NA,NA,NA,54.6604137931035,13.9820328240171,0.729057471264368,0.242471554939863,2.65397701149425,0.334796563212257,9.40698850574713,1.55758070662732,0.085,0.0841341030575432,2019,NA,NA,NA,NA,NA
"Amani Oruwariye","DET","DB","14245","weighted",NA,NA,NA,NA,NA,NA,NA,NA,NA,NA,NA,NA,NA,NA,NA,NA,NA,NA,NA,NA,NA,NA,NA,NA,NA,NA,NA,NA,NA,NA,NA,NA,NA,NA,NA,NA,NA,NA,NA,NA,NA,NA,56.0727816091954,11.8223415054367,0.0620229885057471,0.109139240760937,3.0424367816092,0.235674468186426,9.44510344827586,3.48670500965085,0.085,0.0841341030575432,2019,1996-02-09,NA,NA,NA,NA
"Lamarcus Joyner","NYJ","DB","11742","weighted",NA,NA,NA,NA,NA,NA,NA,NA,NA,NA,NA,NA,NA,NA,NA,NA,NA,NA,NA,NA,NA,NA,NA,NA,NA,NA,NA,NA,NA,NA,NA,NA,NA,NA,NA,NA,NA,NA,NA,NA,NA,NA,60.8801379310345,10.0885665650695,0.996735632183908,0.697824240888185,0.865057471264368,0.857231099329497,6.9216091954023,4.43675304587601,0.15,0.0494906488573783,2014,1990-11-27,NA,NA,NA,NA
"Rayshawn Jenkins","JAC","DB","13288","weighted",NA,NA,NA,NA,NA,NA,NA,NA,NA,NA,NA,NA,NA,NA,NA,NA,NA,NA,NA,NA,NA,NA,NA,NA,NA,NA,NA,NA,NA,NA,NA,NA,NA,NA,NA,NA,NA,NA,NA,NA,NA,NA,65.6702068965517,5.06613154698448,0.520137931034483,0.502520337090141,0.872689655172414,0.416691846086043,4.82914942528736,0.759503453247907,0.085,0.0841341030575432,2017,1994-01-25,NA,NA,NA,NA
"Marcus Peters","BAL","DB","12245","weighted",NA,NA,NA,NA,NA,NA,NA,NA,NA,NA,NA,NA,NA,NA,NA,NA,NA,NA,NA,NA,NA,NA,NA,NA,NA,NA,NA,NA,NA,NA,NA,NA,NA,NA,NA,NA,NA,NA,NA,NA,NA,NA,53.7549885057471,13.154144574315,0.590850574712644,0.53608240676863,3.96735632183908,0.545177465114314,11.0381149425287,3.02817834292774,0.14,0.138573816800659,2015,1993-01-09,"Q","Knee - ACL",2022,0
"Carlton Davis","TB","DB","13710","weighted",NA,NA,NA,NA,NA,NA,NA,NA,NA,NA,NA,NA,NA,NA,NA,NA,NA,NA,NA,NA,NA,NA,NA,NA,NA,NA,NA,NA,NA,NA,NA,NA,NA,NA,NA,NA,NA,NA,NA,NA,NA,NA,55.0619310344828,10.66692474174,0.0554942528735632,0.0976508996282072,1.86942528735632,0.152973530066155,12.236183908046,4.9460004886103,0.08,0.0791850381718054,2018,1996-12-31,NA,NA,NA,NA
"Anthony Brown","DAL","DB","12817","weighted",NA,NA,NA,NA,NA,NA,NA,NA,NA,NA,NA,NA,NA,NA,NA,NA,NA,NA,NA,NA,NA,NA,NA,NA,NA,NA,NA,NA,NA,NA,NA,NA,NA,NA,NA,NA,NA,NA,NA,NA,NA,NA,57.7974712643678,9.22149445711065,0.529931034482759,0.503103879445899,2.42763218390805,1.29015996109987,11.5789425287356,4.87696220616485,0.18,0.0197962595429513,2016,1993-12-15,NA,NA,NA,NA
"Adoree Jackson","NYG","DB","13226","weighted",NA,NA,NA,NA,NA,NA,NA,NA,NA,NA,NA,NA,NA,NA,NA,NA,NA,NA,NA,NA,NA,NA,NA,NA,NA,NA,NA,NA,NA,NA,NA,NA,NA,NA,NA,NA,NA,NA,NA,NA,NA,NA,61.4939770114943,4.99789964894264,0.163218390804598,0.153964135287914,1.11425287356322,0.24497770628483,8.31995402298851,3.10956662850583,0.05,0.0494906488573784,2017,1995-09-18,NA,NA,NA,NA
"Rock Ya-Sin","LVR","DB","14198","weighted",NA,NA,NA,NA,NA,NA,NA,NA,NA,NA,NA,NA,NA,NA,NA,NA,NA,NA,NA,NA,NA,NA,NA,NA,NA,NA,NA,NA,NA,NA,NA,NA,NA,NA,NA,NA,NA,NA,NA,NA,NA,NA,45.5188505747126,17.5573206190415,0.0816091954022989,0.143604264159128,0.794344827586207,0.702466455869333,6.73232183908046,0.836641990232274,0.085,0.0841341030575432,2019,1996-05-23,NA,NA,NA,NA
"Marcus Williams","BAL","DB","13253","weighted",NA,NA,NA,NA,NA,NA,NA,NA,NA,NA,NA,NA,NA,NA,NA,NA,NA,NA,NA,NA,NA,NA,NA,NA,NA,NA,NA,NA,NA,NA,NA,NA,NA,NA,NA,NA,NA,NA,NA,NA,NA,NA,50.9706484641638,17.4655374953077,0.193856655290102,0.282842712474619,1.93378839590444,1.5556349186104,8.18088737201365,3.18198051533946,0,0,2017,1996-09-08,NA,NA,NA,NA
"Stephon Gilmore","IND","DB","10789","weighted",NA,NA,NA,NA,NA,NA,NA,NA,NA,NA,NA,NA,NA,NA,NA,NA,NA,NA,NA,NA,NA,NA,NA,NA,NA,NA,NA,NA,NA,NA,NA,NA,NA,NA,NA,NA,NA,NA,NA,NA,NA,NA,40.7822068965517,19.1438198252073,0.075080459770115,0.132115923026398,2.07181609195402,0.508864218424515,7.31995402298851,3.43943435337428,0.085,0.0841341030575432,2012,1990-09-19,NA,NA,NA,NA
"Taron Johnson","BUF","DB","13764","weighted",NA,NA,NA,NA,NA,NA,NA,NA,NA,NA,NA,NA,NA,NA,NA,NA,NA,NA,NA,NA,NA,NA,NA,NA,NA,NA,NA,NA,NA,NA,NA,NA,NA,NA,NA,NA,NA,NA,NA,NA,NA,NA,50.2129692832765,17.819090885901,2.35699658703072,1.97989898732233,1.33924914675768,0.494974746830583,8.33924914675768,0.494974746830583,0.2,0,2018,1996-07-27,NA,NA,NA,NA
"Jalen Mills","NE","DB","12716","weighted",NA,NA,NA,NA,NA,NA,NA,NA,NA,NA,NA,NA,NA,NA,NA,NA,NA,NA,NA,NA,NA,NA,NA,NA,NA,NA,NA,NA,NA,NA,NA,NA,NA,NA,NA,NA,NA,NA,NA,NA,NA,NA,50.5156781609195,10.790610950483,0.408045977011494,0.427137576208192,1.00326436781609,0.103971258155908,9.00979310344828,3.84543336573009,0.07,0.0692869084003297,2016,1994-04-06,NA,NA,NA,NA
"Julian Love","NYG","DB","14179","weighted",NA,NA,NA,NA,NA,NA,NA,NA,NA,NA,NA,NA,NA,NA,NA,NA,NA,NA,NA,NA,NA,NA,NA,NA,NA,NA,NA,NA,NA,NA,NA,NA,NA,NA,NA,NA,NA,NA,NA,NA,NA,NA,54.1673563218391,12.7104615704282,0.848735632183908,1.16975780969111,0.98367816091954,0.0756540549873967,6.41783908045977,1.68494633271928,0.06,0.059388778628854,2019,1998-03-19,NA,NA,NA,NA
"Eli Apple","CIN","DB","12715","weighted",NA,NA,NA,NA,NA,NA,NA,NA,NA,NA,NA,NA,NA,NA,NA,NA,NA,NA,NA,NA,NA,NA,NA,NA,NA,NA,NA,NA,NA,NA,NA,NA,NA,NA,NA,NA,NA,NA,NA,NA,NA,NA,49.727816091954,11.7561092034569,0.13383908045977,0.119652744553893,1.06855172413793,0.120627581893668,7.84547126436782,2.97292839903112,0.075,0.0742359732860675,2016,1995-08-09,NA,NA,NA,NA
"Steven Nelson","HOU","DB","12291","weighted",NA,NA,NA,NA,NA,NA,NA,NA,NA,NA,NA,NA,NA,NA,NA,NA,NA,NA,NA,NA,NA,NA,NA,NA,NA,NA,NA,NA,NA,NA,NA,NA,NA,NA,NA,NA,NA,NA,NA,NA,NA,NA,46.2915862068966,15.2916569285876,0.0587586206896552,0.103395070194572,1.12841379310345,1.01949891639989,7.02289655172414,2.66985575073443,0.085,0.0841341030575432,2015,1993-01-22,NA,NA,NA,NA
"Patrick Peterson","MIN","DB","10260","weighted",NA,NA,NA,NA,NA,NA,NA,NA,NA,NA,NA,NA,NA,NA,NA,NA,NA,NA,NA,NA,NA,NA,NA,NA,NA,NA,NA,NA,NA,NA,NA,NA,NA,NA,NA,NA,NA,NA,NA,NA,NA,NA,47.3002298850575,13.0094633781485,0.0554942528735632,0.0976508996282072,1.25462068965517,1.10260808748829,6.54188505747127,1.40261612067664,0.235,0.0643378435145918,2011,1990-07-11,NA,NA,NA,NA
"Denzel Ward","CLE","DB","13707","weighted",NA,NA,NA,NA,NA,NA,NA,NA,NA,NA,NA,NA,NA,NA,NA,NA,NA,NA,NA,NA,NA,NA,NA,NA,NA,NA,NA,NA,NA,NA,NA,NA,NA,NA,NA,NA,NA,NA,NA,NA,NA,NA,50.0662528735632,10.6729884120683,0.441241379310345,0.0534106983918269,2.62675862068966,0.845413700104466,11.0142068965517,3.75474344140992,0.185,0.0148471946572135,2018,1997-04-28,NA,NA,NA,NA
"Jonathan Jones","NE","DB","12988","weighted",NA,NA,NA,NA,NA,NA,NA,NA,NA,NA,NA,NA,NA,NA,NA,NA,NA,NA,NA,NA,NA,NA,NA,NA,NA,NA,NA,NA,NA,NA,NA,NA,NA,NA,NA,NA,NA,NA,NA,NA,NA,NA,51.825,12.6218560441799,0.1,0.14142135623731,1.815,0.544472221513642,5.975,0.176776695296637,0.075,0.106066017177982,2016,1993-09-20,NA,NA,NA,NA
"Xavien Howard","MIA","DB","12742","weighted",NA,NA,NA,NA,NA,NA,NA,NA,NA,NA,NA,NA,NA,NA,NA,NA,NA,NA,NA,NA,NA,NA,NA,NA,NA,NA,NA,NA,NA,NA,NA,NA,NA,NA,NA,NA,NA,NA,NA,NA,NA,NA,47.7169655172414,10.8154571569358,0.719264367816092,0.252516166639711,4.75627586206897,1.11579431772144,14.1447816091954,3.53461443607527,0.4,0.197962595429513,2016,1993-07-04,NA,NA,NA,NA
"Levi Wallace","PIT","DB","13711","weighted",NA,NA,NA,NA,NA,NA,NA,NA,NA,NA,NA,NA,NA,NA,NA,NA,NA,NA,NA,NA,NA,NA,NA,NA,NA,NA,NA,NA,NA,NA,NA,NA,NA,NA,NA,NA,NA,NA,NA,NA,NA,NA,54.4221609195402,4.09284769472946,0.15016091954023,0.264231846052796,1.57563218390805,0.452682196658065,7.864,1.59251034194105,0.075,0.0742359732860675,2018,NA,NA,NA,NA,NA
"Jamel Dean","TB","DB","14219","weighted",NA,NA,NA,NA,NA,NA,NA,NA,NA,NA,NA,NA,NA,NA,NA,NA,NA,NA,NA,NA,NA,NA,NA,NA,NA,NA,NA,NA,NA,NA,NA,NA,NA,NA,NA,NA,NA,NA,NA,NA,NA,NA,54.6027586206897,4.13542294970816,0.0554942528735632,0.0976508996282072,1.15995402298851,0.281464357751891,9.1327816091954,2.79031691183429,0.07,0.0692869084003297,2019,1996-10-15,NA,NA,NA,NA
"Cameron Sutton","PIT","DB","13276","weighted",NA,NA,NA,NA,NA,NA,NA,NA,NA,NA,NA,NA,NA,NA,NA,NA,NA,NA,NA,NA,NA,NA,NA,NA,NA,NA,NA,NA,NA,NA,NA,NA,NA,NA,NA,NA,NA,NA,NA,NA,NA,NA,47.3611494252874,8.52069106579617,0.533195402298851,0.50342934320876,1.39825287356322,0.355872864230325,6.78128735632184,0.564437553899678,0.175,0.0247453244286892,2017,1995-02-27,NA,NA,NA,NA
"Mike Edwards","TB","DB","14222","weighted",NA,NA,NA,NA,NA,NA,NA,NA,NA,NA,NA,NA,NA,NA,NA,NA,NA,NA,NA,NA,NA,NA,NA,NA,NA,NA,NA,NA,NA,NA,NA,NA,NA,NA,NA,NA,NA,NA,NA,NA,NA,NA,44.437542662116,16.6877200360025,0.257679180887372,0.353553390593274,2.48464163822526,0.707106781186547,8.22935153583618,3.25269119345812,0.3,0,2019,NA,NA,NA,NA,NA
"Shaq Griffin","JAC","DB","13273","weighted",NA,NA,NA,NA,NA,NA,NA,NA,NA,NA,NA,NA,NA,NA,NA,NA,NA,NA,NA,NA,NA,NA,NA,NA,NA,NA,NA,NA,NA,NA,NA,NA,NA,NA,NA,NA,NA,NA,NA,NA,NA,NA,50.075,8.73276874765386,0.085,0.120208152801713,0.51,0.721248916810278,5.435,0.799030662740799,0.035,0.0494974746830583,2017,1994-01-01,NA,NA,NA,NA
"Nick Scott","LAR","DB","14302","weighted",NA,NA,NA,NA,NA,NA,NA,NA,NA,NA,NA,NA,NA,NA,NA,NA,NA,NA,NA,NA,NA,NA,NA,NA,NA,NA,NA,NA,NA,NA,NA,NA,NA,NA,NA,NA,NA,NA,NA,NA,NA,NA,45.48,13.8310086400089,0.185,0.261629509039023,1.235,0.37476659402887,5.095,0.572756492761103,0.025,0.0353553390593274,2019,1995-05-17,NA,NA,NA,NA
"Darius Slay","PHI","DB","11348","weighted",NA,NA,NA,NA,NA,NA,NA,NA,NA,NA,NA,NA,NA,NA,NA,NA,NA,NA,NA,NA,NA,NA,NA,NA,NA,NA,NA,NA,NA,NA,NA,NA,NA,NA,NA,NA,NA,NA,NA,NA,NA,NA,50.4821149425287,4.05690946588834,0.0881379310344828,0.0860134338973327,2.69098850574713,1.20516872019819,10.2655632183908,3.43307061883001,0.18,0.0197962595429513,2013,1991-01-01,NA,NA,NA,NA
"TreDavious White","BUF","DB","13249","weighted",NA,NA,NA,NA,NA,NA,NA,NA,NA,NA,NA,NA,NA,NA,NA,NA,NA,NA,NA,NA,NA,NA,NA,NA,NA,NA,NA,NA,NA,NA,NA,NA,NA,NA,NA,NA,NA,NA,NA,NA,NA,NA,44.5134712643678,9.61238029600135,1.31719540229885,0.410043944030437,2.12188505747126,0.797389674370563,8.19264367816092,2.81851184297831,0.065,0.0643378435145919,2017,1995-01-16,NA,"Knee - ACL",2022,0
"Mike Hilton","CIN","DB","13414","weighted",NA,NA,NA,NA,NA,NA,NA,NA,NA,NA,NA,NA,NA,NA,NA,NA,NA,NA,NA,NA,NA,NA,NA,NA,NA,NA,NA,NA,NA,NA,NA,NA,NA,NA,NA,NA,NA,NA,NA,NA,NA,NA,47.6822068965517,5.89296717809985,1.02395402298851,1.00497036171617,2.2448275862069,0.845371939572291,7.5952183908046,1.54735199557121,0.18,0.0197962595429513,2016,1994-03-09,NA,NA,NA,NA
"Casey Hayward","ATL","DB","10793","weighted",NA,NA,NA,NA,NA,NA,NA,NA,NA,NA,NA,NA,NA,NA,NA,NA,NA,NA,NA,NA,NA,NA,NA,NA,NA,NA,NA,NA,NA,NA,NA,NA,NA,NA,NA,NA,NA,NA,NA,NA,NA,NA,48.7028045977011,7.81697958420129,0.140367816091954,0.126258083319856,1.73448275862069,1.04749943559296,11.1882298850575,2.94928087127314,0.085,0.0841341030575432,2012,1989-09-09,NA,NA,NA,NA
"James Bradberry","PHI","DB","12750","weighted",NA,NA,NA,NA,NA,NA,NA,NA,NA,NA,NA,NA,NA,NA,NA,NA,NA,NA,NA,NA,NA,NA,NA,NA,NA,NA,NA,NA,NA,NA,NA,NA,NA,NA,NA,NA,NA,NA,NA,NA,NA,NA,44.9400459770115,7.65075563011339,0.0554942528735632,0.0976508996282072,2.66703448275862,0.427328280668925,12.6801379310345,4.62444514568023,0.185,0.0148471946572135,2016,1993-08-04,NA,NA,NA,NA
"Eric Rowe","MIA","DB","12275","weighted",NA,NA,NA,NA,NA,NA,NA,NA,NA,NA,NA,NA,NA,NA,NA,NA,NA,NA,NA,NA,NA,NA,NA,NA,NA,NA,NA,NA,NA,NA,NA,NA,NA,NA,NA,NA,NA,NA,NA,NA,NA,NA,45.1488054607509,11.4551298552221,0,0,0.515358361774744,0.707106781186547,6.43139931740614,3.7476659402887,0,0,2015,1992-10-03,"Q","Pectoral",2022,0
"Trayvon Mullen","ARI","DB","14181","weighted",NA,NA,NA,NA,NA,NA,NA,NA,NA,NA,NA,NA,NA,NA,NA,NA,NA,NA,NA,NA,NA,NA,NA,NA,NA,NA,NA,NA,NA,NA,NA,NA,NA,NA,NA,NA,NA,NA,NA,NA,NA,NA,41.5139931740614,16.7584307141212,0,0,1.22457337883959,1.13137084989848,8.00819112627986,7.28319984622144,0,0,2019,1970-01-01,"O","Toe",2022,0
"Chuck Clark","BAL","DB","13322","weighted",NA,NA,NA,NA,NA,NA,NA,NA,NA,NA,NA,NA,NA,NA,NA,NA,NA,NA,NA,NA,NA,NA,NA,NA,NA,NA,NA,NA,NA,NA,NA,NA,NA,NA,NA,NA,NA,NA,NA,NA,NA,NA,51.1276450511945,1.27279220613578,1.72457337883959,1.13137084989848,1.29078498293515,0.424264068711929,9.51535836177474,0.707106781186547,0.1,0,2017,1995-04-19,NA,NA,NA,NA
"Sean Bunting","TB","DB","14199","weighted",NA,NA,NA,NA,NA,NA,NA,NA,NA,NA,NA,NA,NA,NA,NA,NA,NA,NA,NA,NA,NA,NA,NA,NA,NA,NA,NA,NA,NA,NA,NA,NA,NA,NA,NA,NA,NA,NA,NA,NA,NA,NA,45.8867126436782,7.19542372084664,0.0554942528735632,0.0976508996282072,0.548413793103448,0.800790150329576,4.38409195402299,1.38025686341674,0.07,0.0692869084003297,2019,1997-06-19,NA,NA,NA,NA
"Duron Harmon","LVR","DB","11359","weighted",NA,NA,NA,NA,NA,NA,NA,NA,NA,NA,NA,NA,NA,NA,NA,NA,NA,NA,NA,NA,NA,NA,NA,NA,NA,NA,NA,NA,NA,NA,NA,NA,NA,NA,NA,NA,NA,NA,NA,NA,NA,NA,43.465,9.99141881816592,0.115,0.162634559672906,2.06,0.650538238691624,5.815,2.9910616844191,0.085,0.120208152801713,2013,1991-01-24,NA,NA,NA,NA
"Jimmie Ward","SF","DB","11768","weighted",NA,NA,NA,NA,NA,NA,NA,NA,NA,NA,NA,NA,NA,NA,NA,NA,NA,NA,NA,NA,NA,NA,NA,NA,NA,NA,NA,NA,NA,NA,NA,NA,NA,NA,NA,NA,NA,NA,NA,NA,NA,NA,42.4088737201365,9.61665222413705,0,0,1.82389078498294,1.20208152801713,4.85460750853242,0.212132034355964,0.1,0,2014,1991-07-18,"IR","Hamstring",2022,0
"Avonte Maddox","PHI","DB","13767","weighted",NA,NA,NA,NA,NA,NA,NA,NA,NA,NA,NA,NA,NA,NA,NA,NA,NA,NA,NA,NA,NA,NA,NA,NA,NA,NA,NA,NA,NA,NA,NA,NA,NA,NA,NA,NA,NA,NA,NA,NA,NA,NA,43.701023890785,6.85893577750951,0.660750853242321,0.494974746830583,0.290784982935154,0.424264068711928,6.98225255972696,1.48492424049175,0,0,2018,1996-03-31,NA,NA,NA,NA
"Jason Verrett","SF","DB","11765","weighted",NA,NA,NA,NA,NA,NA,NA,NA,NA,NA,NA,NA,NA,NA,NA,NA,NA,NA,NA,NA,NA,NA,NA,NA,NA,NA,NA,NA,NA,NA,NA,NA,NA,NA,NA,NA,NA,NA,NA,NA,NA,NA,46.71,2.13546247918337,0.13,0.0424264068711929,1.52,0.735391052434009,5.65,1.20208152801713,0.065,0.0919238815542512,2014,1991-05-13,NA,"Knee - ACL",2022,0
"J.C. Jackson","LAC","DB","13917","weighted",NA,NA,NA,NA,NA,NA,NA,NA,NA,NA,NA,NA,NA,NA,NA,NA,NA,NA,NA,NA,NA,NA,NA,NA,NA,NA,NA,NA,NA,NA,NA,NA,NA,NA,NA,NA,NA,NA,NA,NA,NA,NA,44.6737201365188,3.39411254969543,0,0,3.8061433447099,0.282842712474619,12.6607508532423,0.494974746830583,0.2,0,2018,1970-01-01,"D","Ankle",2022,0
"William Jackson","WAS","DB","12737","weighted",NA,NA,NA,NA,NA,NA,NA,NA,NA,NA,NA,NA,NA,NA,NA,NA,NA,NA,NA,NA,NA,NA,NA,NA,NA,NA,NA,NA,NA,NA,NA,NA,NA,NA,NA,NA,NA,NA,NA,NA,NA,NA,41.6040955631399,6.7175144212722,0,0,1.14539249146758,0.212132034355964,8.72696245733788,1.06066017177982,0,0,2016,1993-01-01,NA,NA,NA,NA
"Jourdan Lewis","DAL","DB","13227","weighted",NA,NA,NA,NA,NA,NA,NA,NA,NA,NA,NA,NA,NA,NA,NA,NA,NA,NA,NA,NA,NA,NA,NA,NA,NA,NA,NA,NA,NA,NA,NA,NA,NA,NA,NA,NA,NA,NA,NA,NA,NA,NA,45.3215017064846,0.989949493661165,2.32150170648464,0.989949493661166,2.04846416382253,0.0707106781186548,10.4491467576792,2.26274169979695,0,0,2017,1995-08-31,NA,NA,NA,NA
"Jaire Alexander","GB","DB","13730","weighted",NA,NA,NA,NA,NA,NA,NA,NA,NA,NA,NA,NA,NA,NA,NA,NA,NA,NA,NA,NA,NA,NA,NA,NA,NA,NA,NA,NA,NA,NA,NA,NA,NA,NA,NA,NA,NA,NA,NA,NA,NA,NA,44.1276450511945,1.27279220613578,0.515358361774744,0.707106781186547,2.53310580204778,0.777817459305202,13.6122866894198,0.565685424949238,0,0,2018,1997-02-09,NA,NA,NA,NA
"Ronnie Harrison","CLE","DB","13715","weighted",NA,NA,NA,NA,NA,NA,NA,NA,NA,NA,NA,NA,NA,NA,NA,NA,NA,NA,NA,NA,NA,NA,NA,NA,NA,NA,NA,NA,NA,NA,NA,NA,NA,NA,NA,NA,NA,NA,NA,NA,NA,NA,38.9078498293515,4.24264068711928,1.09692832764505,0.141421356237309,0.660750853242321,0.494974746830583,4.35221843003413,2.40416305603426,0,0,2018,1997-04-18,NA,NA,NA,NA
"Troy Hill","LAR","DB","12589","weighted",NA,NA,NA,NA,NA,NA,NA,NA,NA,NA,NA,NA,NA,NA,NA,NA,NA,NA,NA,NA,NA,NA,NA,NA,NA,NA,NA,NA,NA,NA,NA,NA,NA,NA,NA,NA,NA,NA,NA,NA,NA,NA,40.4054607508532,2.05060966544099,0.515358361774744,0.707106781186547,1.22457337883959,1.13137084989848,5.57679180887372,3.53553390593274,0,0,NA,NA,NA,NA,NA,NA
"KWaun Williams","DEN","DB","12015","weighted",NA,NA,NA,NA,NA,NA,NA,NA,NA,NA,NA,NA,NA,NA,NA,NA,NA,NA,NA,NA,NA,NA,NA,NA,NA,NA,NA,NA,NA,NA,NA,NA,NA,NA,NA,NA,NA,NA,NA,NA,NA,NA,37.5993174061433,2.3334523779156,0.903071672354949,0.141421356237309,0.515358361774744,0.707106781186547,4.24232081911263,0.353553390593274,0,0,NA,NA,NA,NA,NA,NA
"Marcus Epps","PHI","DB","14270","weighted",NA,NA,NA,NA,NA,NA,NA,NA,NA,NA,NA,NA,NA,NA,NA,NA,NA,NA,NA,NA,NA,NA,NA,NA,NA,NA,NA,NA,NA,NA,NA,NA,NA,NA,NA,NA,NA,NA,NA,NA,NA,NA,33.8320819112628,6.08111831820431,0,0,1,0,4.09692832764505,0.14142135623731,0,0,2019,1996-01-27,NA,NA,NA,NA
"Byron Jones","MIA","DB","12268","weighted",NA,NA,NA,NA,NA,NA,NA,NA,NA,NA,NA,NA,NA,NA,NA,NA,NA,NA,NA,NA,NA,NA,NA,NA,NA,NA,NA,NA,NA,NA,NA,NA,NA,NA,NA,NA,NA,NA,NA,NA,NA,NA,34.7221843003413,3.32340187157678,0,0,0.757679180887372,0.353553390593274,5.95153583617747,0.0707106781186545,0,0,2015,1992-08-26,NA,"Ankle",2022,0
