"player","team","position","id","avg_type","pass_yds","pass_yds_sd","pass_tds","pass_tds_sd","pass_int","pass_int_sd","rush_yds","rush_yds_sd","rush_tds","rush_tds_sd","fumbles_lost","fumbles_lost_sd","two_pts","two_pts_sd","return_tds","return_tds_sd","rec","rec_sd","rec_yds","rec_yds_sd","rec_tds","rec_tds_sd","fg_0019","fg_0019_sd","fg_2029","fg_2029_sd","fg_3039","fg_3039_sd","fg_4049","fg_4049_sd","fg_50","fg_50_sd","xp","xp_sd","dst_int","dst_int_sd","dst_sacks","dst_sacks_sd","dst_safety","dst_safety_sd","dst_td","dst_td_sd","dst_blk","dst_blk_sd","idp_solo","idp_solo_sd","idp_sack","idp_sack_sd","idp_int","idp_int_sd","idp_pd","idp_pd_sd","idp_td","idp_td_sd","draft_year","birthdate","injury_status","injury_details","season_year","week"
"Patrick Mahomes","KC","QB","13116","weighted",4751.46020059191,210.742701448766,38.0020979940809,5.0521507826684,12.2068135481749,2.50770133513086,263.89297533706,50.1109249918917,2.29364957486264,0.850305482061601,1.95021374547846,0.695888112910959,2.51315356790529,0.737012106908376,0,0,NA,NA,NA,NA,NA,NA,NA,NA,NA,NA,NA,NA,NA,NA,NA,NA,NA,NA,NA,NA,NA,NA,NA,NA,NA,NA,NA,NA,NA,NA,NA,NA,NA,NA,NA,NA,NA,NA,2017,1995-09-17,NA,NA,NA,NA
"Jared Goff","LAR","QB","12611","weighted",4446.81062808287,217.045755619164,28.4637158829332,2.84282516283485,12.4456757645511,2.14940211445958,97.068059848734,33.7672203525849,1.2635708765754,0.361597585057798,3.15531732982572,0.896195506401078,1.24416310424203,0.129755652624714,0,0,NA,NA,NA,NA,NA,NA,NA,NA,NA,NA,NA,NA,NA,NA,NA,NA,NA,NA,NA,NA,NA,NA,NA,NA,NA,NA,NA,NA,NA,NA,NA,NA,NA,NA,NA,NA,NA,NA,2016,1994-10-14,NA,NA,NA,NA
"Tom Brady","NE","QB","5848","weighted",4422.79038145347,182.988484754963,29.5423972377507,2.67164252162687,10.4688326208484,1.59122005255915,39.0219651430451,12.9540894147837,1.20899340238173,0.362810149189329,1.67358599145018,0.691232718309114,0.755836895757974,0.129755652624714,0,0,NA,NA,NA,NA,NA,NA,NA,NA,NA,NA,NA,NA,NA,NA,NA,NA,NA,NA,NA,NA,NA,NA,NA,NA,NA,NA,NA,NA,NA,NA,NA,NA,NA,NA,NA,NA,NA,NA,2000,1977-08-03,NA,NA,NA,NA
"Tom Brady","TB","QB","5848","weighted",4422.79038145347,182.988484754963,29.5423972377507,2.67164252162687,10.4688326208484,1.59122005255915,39.0219651430451,12.9540894147837,1.20899340238173,0.362810149189329,1.67358599145018,0.691232718309114,0.755836895757974,0.129755652624714,0,0,NA,NA,NA,NA,NA,NA,NA,NA,NA,NA,NA,NA,NA,NA,NA,NA,NA,NA,NA,NA,NA,NA,NA,NA,NA,NA,NA,NA,NA,NA,NA,NA,NA,NA,NA,NA,NA,NA,2000,1977-08-03,NA,NA,NA,NA
"Matt Ryan","ATL","QB","9099","weighted",4620.23751068727,153.58093217076,29.9975764551135,1.98924411277975,10.9006445248274,3.03397057059731,122.473505097008,14.0993548031573,1.20301388748442,0.375131540172863,3.69999177902006,1.13546712653314,1.24416310424203,0.129755652624714,0,0,NA,NA,NA,NA,NA,NA,NA,NA,NA,NA,NA,NA,NA,NA,NA,NA,NA,NA,NA,NA,NA,NA,NA,NA,NA,NA,NA,NA,NA,NA,NA,NA,NA,NA,NA,NA,NA,NA,2008,1985-05-17,NA,NA,NA,NA
"Ben Roethlisberger","PIT","QB","7401","weighted",4465.0868275608,329.86095885974,28.8251289609433,2.69374091223122,14.7212601326455,1.67673110076851,63.6942078113486,23.9252098151962,1.11023891875733,0.46440298322084,2.047534082535,0.640911048156861,2.48691967575534,0.276874984193575,0,0,NA,NA,NA,NA,NA,NA,NA,NA,NA,NA,NA,NA,NA,NA,NA,NA,NA,NA,NA,NA,NA,NA,NA,NA,NA,NA,NA,NA,NA,NA,NA,NA,NA,NA,NA,NA,NA,NA,2004,1982-03-02,"Q","Elbow",2019,0
"Dak Prescott","DAL","QB","12620","weighted",4096.42087142387,422.292258637795,25.9172607694837,4.04679330711389,10.6424071029267,1.89773687189969,303.053214403157,25.9992059596104,4.75233516860467,0.968433007210338,3.03322097994081,0.991009550182539,1.25881289049655,0.137540991782197,0,0,NA,NA,NA,NA,NA,NA,NA,NA,NA,NA,NA,NA,NA,NA,NA,NA,NA,NA,NA,NA,NA,NA,NA,NA,NA,NA,NA,NA,NA,NA,NA,NA,NA,NA,NA,NA,NA,NA,2016,1993-07-29,NA,NA,NA,NA
"Baker Mayfield","CLE","QB","13590","weighted",4278.2523380467,190.192118599413,29.7106280828675,2.6518007651369,15.5076192042091,1.99011222916873,172.132878329497,40.9637091224556,1.56475466407525,0.408750890701507,2.7778609010194,0.635956427487893,2.1562643867149,0.0830436176798171,0,0,NA,NA,NA,NA,NA,NA,NA,NA,NA,NA,NA,NA,NA,NA,NA,NA,NA,NA,NA,NA,NA,NA,NA,NA,NA,NA,NA,NA,NA,NA,NA,NA,NA,NA,NA,NA,NA,NA,2018,1995-04-14,NA,NA,NA,NA
"Drew Brees","NO","QB","4925","weighted",4282.0600394607,239.621935641616,30.9485728378823,2.04479442135459,8.7573331141072,1.8252335301197,34.9287957908583,21.6515636117049,1.83801132729335,1.07575062256358,1.51099145018086,0.845543389656886,1.31867806642552,0.415218088399085,0,0,NA,NA,NA,NA,NA,NA,NA,NA,NA,NA,NA,NA,NA,NA,NA,NA,NA,NA,NA,NA,NA,NA,NA,NA,NA,NA,NA,NA,NA,NA,NA,NA,NA,NA,NA,NA,NA,NA,2001,1979-01-15,NA,NA,NA,NA
"Kirk Cousins","MIN","QB","10700","weighted",4115.39842486024,268.918317390865,28.1206379480434,1.9635581181572,11.5229891483065,1.52428103937881,123.683022032226,21.3728273440887,1.53914506266536,0.630576025073119,3.66364090759619,1.07481824774105,1.29533048339362,0.103804522099771,0,0,NA,NA,NA,NA,NA,NA,NA,NA,NA,NA,NA,NA,NA,NA,NA,NA,NA,NA,NA,NA,NA,NA,NA,NA,NA,NA,NA,NA,NA,NA,NA,NA,NA,NA,NA,NA,NA,NA,2012,1988-08-19,NA,NA,NA,NA
"Philip Rivers","LAC","QB","7394","weighted",4227.16747122657,321.494099608254,28.3330483393621,2.58006835753796,13.2669944097336,1.43399982834996,21.7654072125397,13.1993409450336,0.0967377406415916,0.194246696721804,2.15204866820125,0.849818224034009,2.22081552121013,0.648778263123571,0,0,NA,NA,NA,NA,NA,NA,NA,NA,NA,NA,NA,NA,NA,NA,NA,NA,NA,NA,NA,NA,NA,NA,NA,NA,NA,NA,NA,NA,NA,NA,NA,NA,NA,NA,NA,NA,NA,NA,2004,1981-12-08,NA,NA,NA,NA
"Philip Rivers","IND","QB","7394","weighted",4227.16747122657,321.494099608254,28.3330483393621,2.58006835753796,13.2669944097336,1.43399982834996,21.7654072125397,13.1993409450336,0.0967377406415916,0.194246696721804,2.15204866820125,0.849818224034009,2.22081552121013,0.648778263123571,0,0,NA,NA,NA,NA,NA,NA,NA,NA,NA,NA,NA,NA,NA,NA,NA,NA,NA,NA,NA,NA,NA,NA,NA,NA,NA,NA,NA,NA,NA,NA,NA,NA,NA,NA,NA,NA,NA,NA,2004,1981-12-08,NA,NA,NA,NA
"Aaron Rodgers","GB","QB","7836","weighted",4254.41933903321,175.987617306893,29.1925780993094,2.56181155502787,7.24759618546531,2.18146311877649,242.244913186452,31.6048471763384,1.81614418622366,0.452324310962133,2.76926997698126,0.864310112667328,2.64819138441302,0.293247774931854,0,0,NA,NA,NA,NA,NA,NA,NA,NA,NA,NA,NA,NA,NA,NA,NA,NA,NA,NA,NA,NA,NA,NA,NA,NA,NA,NA,NA,NA,NA,NA,NA,NA,NA,NA,NA,NA,NA,NA,2005,1983-12-02,NA,NA,NA,NA
"Matthew Stafford","DET","QB","9431","weighted",4116.98230287399,257.18415909549,25.4459837877671,2.43557049836601,11.5962527634488,2.09824883864956,86.7944767870302,19.3978715345465,0.633417575369602,0.437346664606361,3.12462048636699,1.17558524544983,1,0,0,0,NA,NA,NA,NA,NA,NA,NA,NA,NA,NA,NA,NA,NA,NA,NA,NA,NA,NA,NA,NA,NA,NA,NA,NA,NA,NA,NA,NA,NA,NA,NA,NA,NA,NA,NA,NA,NA,NA,2009,1988-02-07,NA,NA,NA,NA
"Matthew Stafford","DET","QB","9431","weighted",4116.98230287399,257.18415909549,25.4459837877671,2.43557049836601,11.5962527634488,2.09824883864956,86.7944767870302,19.3978715345465,0.633417575369602,0.437346664606361,3.12462048636699,1.17558524544983,1,0,0,0,NA,NA,NA,NA,NA,NA,NA,NA,NA,NA,NA,NA,NA,NA,NA,NA,NA,NA,NA,NA,NA,NA,NA,NA,NA,NA,NA,NA,NA,NA,NA,NA,NA,NA,NA,NA,NA,NA,2009,2003-05-23,NA,NA,NA,NA
"Jameis Winston","TB","QB","12140","weighted",2819.24350773766,2141.79264918205,18.0426013264554,13.9297877106665,10.147888725129,8.03028749045234,173.067608695652,135.049360781982,0.89338015843773,0.896518149377986,1.39425847457627,0.893583961933727,1.24345983787767,0.138437492096787,0,0,NA,NA,NA,NA,NA,NA,NA,NA,NA,NA,NA,NA,NA,NA,NA,NA,NA,NA,NA,NA,NA,NA,NA,NA,NA,NA,NA,NA,NA,NA,NA,NA,NA,NA,NA,NA,NA,NA,2015,1994-01-06,NA,NA,NA,NA
"Jameis Winston","NO","QB","12140","weighted",2819.24350773766,2141.79264918205,18.0426013264554,13.9297877106665,10.147888725129,8.03028749045234,173.067608695652,135.049360781982,0.89338015843773,0.896518149377986,1.39425847457627,0.893583961933727,1.24345983787767,0.138437492096787,0,0,NA,NA,NA,NA,NA,NA,NA,NA,NA,NA,NA,NA,NA,NA,NA,NA,NA,NA,NA,NA,NA,NA,NA,NA,NA,NA,NA,NA,NA,NA,NA,NA,NA,NA,NA,NA,NA,NA,2015,1994-01-06,NA,NA,NA,NA
"Jimmy Garoppolo","SF","QB","11760","weighted",4134.02330812233,363.301476307755,26.5887635646169,3.61722148457474,15.1279052943111,3.83830914803734,94.5827195001644,32.5416821827818,1.10420244104875,0.536221432804996,2.61237224597172,0.900401064125624,1.21974679381782,0.116780087362243,0,0,NA,NA,NA,NA,NA,NA,NA,NA,NA,NA,NA,NA,NA,NA,NA,NA,NA,NA,NA,NA,NA,NA,NA,NA,NA,NA,NA,NA,NA,NA,NA,NA,NA,NA,NA,NA,NA,NA,2014,1991-11-02,NA,NA,NA,NA
"Kyler Murray","ARI","QB","14056","weighted",3683.81416639263,393.005273976953,21.6729727063466,4.25054316138153,13.4878296612956,3.13909077064713,499.119670503124,121.731258440511,3.56963853835976,0.89364565412949,2.85794146662282,0.945012237975104,1.18556395922394,0.0986142959947827,0,0,NA,NA,NA,NA,NA,NA,NA,NA,NA,NA,NA,NA,NA,NA,NA,NA,NA,NA,NA,NA,NA,NA,NA,NA,NA,NA,NA,NA,NA,NA,NA,NA,NA,NA,NA,NA,NA,NA,2019,1997-08-07,NA,NA,NA,NA
"Carson Wentz","PHI","QB","12610","weighted",4193.80299557848,165.400499909988,29.8926713338246,1.96892598138214,10.3919896831245,1.64045662773471,215.79145541636,22.3008821191192,1.60352220211176,0.577511975764252,3.95843625644805,1.68501672673058,2.67907148120855,0.44299997470972,0,0,NA,NA,NA,NA,NA,NA,NA,NA,NA,NA,NA,NA,NA,NA,NA,NA,NA,NA,NA,NA,NA,NA,NA,NA,NA,NA,NA,NA,NA,NA,NA,NA,NA,NA,NA,NA,NA,NA,2016,1992-12-30,NA,NA,NA,NA
"Andrew Luck","IND","QB","10695","weighted",1951.88614540466,3058.23682863182,15.3443072702332,24.0416305603426,6.31824417009602,9.89949493661166,99.2866941015089,155.56349186104,0.451303155006859,0.707106781186547,0,0,0,0,0,0,NA,NA,NA,NA,NA,NA,NA,NA,NA,NA,NA,NA,NA,NA,NA,NA,NA,NA,NA,NA,NA,NA,NA,NA,NA,NA,NA,NA,NA,NA,NA,NA,NA,NA,NA,NA,NA,NA,2012,1989-09-12,NA,NA,NA,NA
"Andrew Luck","FA","QB","10695","weighted",1951.88614540466,3058.23682863182,15.3443072702332,24.0416305603426,6.31824417009602,9.89949493661166,99.2866941015089,155.56349186104,0.451303155006859,0.707106781186547,0,0,0,0,0,0,NA,NA,NA,NA,NA,NA,NA,NA,NA,NA,NA,NA,NA,NA,NA,NA,NA,NA,NA,NA,NA,NA,NA,NA,NA,NA,NA,NA,NA,NA,NA,NA,NA,NA,NA,NA,NA,NA,2012,1989-09-12,NA,NA,NA,NA
"Deshaun Watson","HOU","QB","13113","weighted",4071.88922393949,125.745932393216,27.3243406774087,2.0364229755419,11.9692042091417,2.11915028308148,497.277358105886,57.6688300015333,4.53812172050761,0.693270192899513,2.64362051956593,0.6382688221247,2.40679052943111,0.262106418301923,0,0,NA,NA,NA,NA,NA,NA,NA,NA,NA,NA,NA,NA,NA,NA,NA,NA,NA,NA,NA,NA,NA,NA,NA,NA,NA,NA,NA,NA,NA,NA,NA,NA,NA,NA,NA,NA,NA,NA,2017,1995-09-14,NA,NA,NA,NA
"Derek Carr","OAK","QB","11644","weighted",4026.86628740546,257.503460353838,23.4265932259125,2.00812024272609,11.6158237421901,1.34525946779216,68.6636665570536,18.9865745147908,1.02372222353247,0.73430623908897,3.47416770799079,1.32418568928935,1.24416310424203,0.129755652624714,0,0,NA,NA,NA,NA,NA,NA,NA,NA,NA,NA,NA,NA,NA,NA,NA,NA,NA,NA,NA,NA,NA,NA,NA,NA,NA,NA,NA,NA,NA,NA,NA,NA,NA,NA,NA,NA,NA,NA,2014,1991-03-28,NA,NA,NA,NA
"Derek Carr","LVR","QB","11644","weighted",4026.86628740546,257.503460353838,23.4265932259125,2.00812024272609,11.6158237421901,1.34525946779216,68.6636665570536,18.9865745147908,1.02372222353247,0.73430623908897,3.47416770799079,1.32418568928935,1.24416310424203,0.129755652624714,0,0,NA,NA,NA,NA,NA,NA,NA,NA,NA,NA,NA,NA,NA,NA,NA,NA,NA,NA,NA,NA,NA,NA,NA,NA,NA,NA,NA,NA,NA,NA,NA,NA,NA,NA,NA,NA,NA,NA,2014,1991-03-28,NA,NA,NA,NA
"Russell Wilson","SEA","QB","10703","weighted",3805.24435711937,255.276322091319,29.6968760276225,3.07297259082871,8.5873890167708,1.22237175106051,365.996040118382,47.7422555359887,2.25718285570965,0.398769334403004,1.98038474186123,0.771090713343707,1.70466951660638,0.103804522099771,0,0,NA,NA,NA,NA,NA,NA,NA,NA,NA,NA,NA,NA,NA,NA,NA,NA,NA,NA,NA,NA,NA,NA,NA,NA,NA,NA,NA,NA,NA,NA,NA,NA,NA,NA,NA,NA,NA,NA,2012,1988-11-29,NA,NA,NA,NA
"Ryan Fitzpatrick","MIA","QB","8062","weighted",2493.13406445248,1132.93675379515,15.8361657349556,8.78216227293563,11.78888523512,7.08162062821987,139.163682999014,81.3245042383952,1.60106648280678,1.25619503022653,0.930413679710621,0.616551437709489,0,0,0,0,NA,NA,NA,NA,NA,NA,NA,NA,NA,NA,NA,NA,NA,NA,NA,NA,NA,NA,NA,NA,NA,NA,NA,NA,NA,NA,NA,NA,NA,NA,NA,NA,NA,NA,NA,NA,NA,NA,2005,1982-11-24,NA,NA,NA,NA
"Sam Darnold","NYJ","QB","13592","weighted",3734.76835251562,194.448815550774,23.5742781979612,2.72443337508362,15.7401282472871,2.78236967048208,158.084377945851,51.5938346890098,1.68413669489573,0.50052568136302,2.73881091746136,0.558334943851285,0.963268661624466,0.07266316546984,0,0,NA,NA,NA,NA,NA,NA,NA,NA,NA,NA,NA,NA,NA,NA,NA,NA,NA,NA,NA,NA,NA,NA,NA,NA,NA,NA,NA,NA,NA,NA,NA,NA,NA,NA,NA,NA,NA,NA,2018,1997-06-05,NA,NA,NA,NA
"Andy Dalton","CIN","QB","10313","weighted",2711.77188753699,1756.46734853109,17.7124893127261,12.1440274213915,9.42461032555081,6.59420076890483,82.3725528883043,52.7738253300388,0.601808615586978,0.496465120233259,1.56021834922723,0.926185712707644,1.1,0,0,0,NA,NA,NA,NA,NA,NA,NA,NA,NA,NA,NA,NA,NA,NA,NA,NA,NA,NA,NA,NA,NA,NA,NA,NA,NA,NA,NA,NA,NA,NA,NA,NA,NA,NA,NA,NA,NA,NA,2011,1987-10-29,NA,NA,NA,NA
"Andy Dalton","DAL","QB","10313","weighted",2711.77188753699,1756.46734853109,17.7124893127261,12.1440274213915,9.42461032555081,6.59420076890483,82.3725528883043,52.7738253300388,0.601808615586978,0.496465120233259,1.56021834922723,0.926185712707644,1.1,0,0,0,NA,NA,NA,NA,NA,NA,NA,NA,NA,NA,NA,NA,NA,NA,NA,NA,NA,NA,NA,NA,NA,NA,NA,NA,NA,NA,NA,NA,NA,NA,NA,NA,NA,NA,NA,NA,NA,NA,2011,1987-10-29,NA,NA,NA,NA
"Nick Foles","JAC","QB","10699","weighted",3029.67712265702,1087.78186738242,18.0274876685301,7.47251197875717,10.9837323248931,4.27792875960609,60.7903847418612,36.1829036862874,0.78989194182014,0.498207144627257,3.07546070371588,0.879156640411306,0.755836895757974,0.129755652624714,0,0,NA,NA,NA,NA,NA,NA,NA,NA,NA,NA,NA,NA,NA,NA,NA,NA,NA,NA,NA,NA,NA,NA,NA,NA,NA,NA,NA,NA,NA,NA,NA,NA,NA,NA,NA,NA,NA,NA,2012,1989-01-20,NA,NA,NA,NA
"Nick Foles","CHI","QB","10699","weighted",3029.67712265702,1087.78186738242,18.0274876685301,7.47251197875717,10.9837323248931,4.27792875960609,60.7903847418612,36.1829036862874,0.78989194182014,0.498207144627257,3.07546070371588,0.879156640411306,0.755836895757974,0.129755652624714,0,0,NA,NA,NA,NA,NA,NA,NA,NA,NA,NA,NA,NA,NA,NA,NA,NA,NA,NA,NA,NA,NA,NA,NA,NA,NA,NA,NA,NA,NA,NA,NA,NA,NA,NA,NA,NA,NA,NA,2012,1989-01-20,NA,NA,NA,NA
"Cam Newton","CAR","QB","10273","weighted",3607.32944362565,363.914354363286,24.1556742815033,3.01105166249498,13.0651547531319,1.02770625332713,467.822560795873,83.4217000907581,4.3875978808408,0.88393227889083,1.99183032424466,0.71615297275064,1.48691967575534,0.276874984193575,0,0,NA,NA,NA,NA,NA,NA,NA,NA,NA,NA,NA,NA,NA,NA,NA,NA,NA,NA,NA,NA,NA,NA,NA,NA,NA,NA,NA,NA,NA,NA,NA,NA,NA,NA,NA,NA,NA,NA,2011,1989-05-11,NA,NA,NA,NA
"Cam Newton","NE","QB","10273","weighted",3607.32944362565,363.914354363286,24.1556742815033,3.01105166249498,13.0651547531319,1.02770625332713,467.822560795873,83.4217000907581,4.3875978808408,0.88393227889083,1.99183032424466,0.71615297275064,1.48691967575534,0.276874984193575,0,0,NA,NA,NA,NA,NA,NA,NA,NA,NA,NA,NA,NA,NA,NA,NA,NA,NA,NA,NA,NA,NA,NA,NA,NA,NA,NA,NA,NA,NA,NA,NA,NA,NA,NA,NA,NA,NA,NA,2011,1989-05-11,NA,NA,NA,NA
"Teddy Bridgewater","NO","QB","11640","weighted",1478.56288043478,1979.30459112917,8.92259420289855,11.7640540441169,5.25366666666667,6.60644780692182,43.4261951992754,65.3437626642894,0.329355525362319,0.492435181389002,0.226,0.179618126168558,0.233826086956522,0.131752794200926,0,0,NA,NA,NA,NA,NA,NA,NA,NA,NA,NA,NA,NA,NA,NA,NA,NA,NA,NA,NA,NA,NA,NA,NA,NA,NA,NA,NA,NA,NA,NA,NA,NA,NA,NA,NA,NA,NA,NA,2014,1992-11-10,NA,NA,NA,NA
"Teddy Bridgewater","CAR","QB","11640","weighted",1478.56288043478,1979.30459112917,8.92259420289855,11.7640540441169,5.25366666666667,6.60644780692182,43.4261951992754,65.3437626642894,0.329355525362319,0.492435181389002,0.226,0.179618126168558,0.233826086956522,0.131752794200926,0,0,NA,NA,NA,NA,NA,NA,NA,NA,NA,NA,NA,NA,NA,NA,NA,NA,NA,NA,NA,NA,NA,NA,NA,NA,NA,NA,NA,NA,NA,NA,NA,NA,NA,NA,NA,NA,NA,NA,2014,1992-11-10,NA,NA,NA,NA
"Mitchell Trubisky","CHI","QB","13115","weighted",3166.74373249816,1155.44479331537,21.8322365512159,8.03281981745232,10.4731208548268,3.60581661599626,291.561525423729,146.223374929322,2.15326861797419,1.05307586859204,1.35159450994842,0.855298186945872,2.09070007369197,0.620199964593607,0,0,NA,NA,NA,NA,NA,NA,NA,NA,NA,NA,NA,NA,NA,NA,NA,NA,NA,NA,NA,NA,NA,NA,NA,NA,NA,NA,NA,NA,NA,NA,NA,NA,NA,NA,NA,NA,NA,NA,2017,1994-08-20,NA,NA,NA,NA
"Daniel Jones","NYG","QB","14059","weighted",1754.04437356133,1686.38296648193,10.7608911542256,10.7963980727836,6.95205853337718,6.03116113020223,138.583334429464,141.71957436113,1.29346084986664,1.26388093966179,4.45892798421572,4.39208174805894,0.37601118053272,0.19982370504206,0,0,NA,NA,NA,NA,NA,NA,NA,NA,NA,NA,NA,NA,NA,NA,NA,NA,NA,NA,NA,NA,NA,NA,NA,NA,NA,NA,NA,NA,NA,NA,NA,NA,NA,NA,NA,NA,NA,NA,2019,1997-05-27,NA,NA,NA,NA
"Eli Manning","NYG","QB","7391","weighted",3605.55782885086,358.766510675812,19.4901124694377,1.58225919957702,10.9902298288509,1.65084126984957,18.7051990220049,6.30499378521536,0.692151647709153,0.407563915678475,3.13835370823146,1.55752025767224,1.28552078239609,0.00980675986782375,0,0,NA,NA,NA,NA,NA,NA,NA,NA,NA,NA,NA,NA,NA,NA,NA,NA,NA,NA,NA,NA,NA,NA,NA,NA,NA,NA,NA,NA,NA,NA,NA,NA,NA,NA,NA,NA,NA,NA,2004,1981-01-03,NA,NA,NA,NA
"Eli Manning","FA","QB","7391","weighted",3605.55782885086,358.766510675812,19.4901124694377,1.58225919957702,10.9902298288509,1.65084126984957,18.7051990220049,6.30499378521536,0.692151647709153,0.407563915678475,3.13835370823146,1.55752025767224,1.28552078239609,0.00980675986782375,0,0,NA,NA,NA,NA,NA,NA,NA,NA,NA,NA,NA,NA,NA,NA,NA,NA,NA,NA,NA,NA,NA,NA,NA,NA,NA,NA,NA,NA,NA,NA,NA,NA,NA,NA,NA,NA,NA,NA,2004,1981-01-03,NA,NA,NA,NA
"Ryan Tannehill","TEN","QB","10697","weighted",1571.44813768116,1767.02239476389,10.0017826086957,11.7450890461356,5.27338405797101,5.15459489616326,112.485358695652,122.02504739624,1.23492874396135,1.40495460968137,1.57875362318841,1.31574900049265,0.272797101449275,0.153711593234414,0,0,NA,NA,NA,NA,NA,NA,NA,NA,NA,NA,NA,NA,NA,NA,NA,NA,NA,NA,NA,NA,NA,NA,NA,NA,NA,NA,NA,NA,NA,NA,NA,NA,NA,NA,NA,NA,NA,NA,2012,1988-07-27,NA,NA,NA,NA
"Drew Lock","DEN","QB","14057","weighted",1669.35128985507,1751.65714716356,10.3107826086957,11.6607933587554,6.10833695652174,5.92481441432483,84.9782644927536,83.4286511165947,0.500347826086956,0.721770636546618,1.35560507246377,1.32983321079709,0.326382246376812,0.18390494190546,0,0,NA,NA,NA,NA,NA,NA,NA,NA,NA,NA,NA,NA,NA,NA,NA,NA,NA,NA,NA,NA,NA,NA,NA,NA,NA,NA,NA,NA,NA,NA,NA,NA,NA,NA,NA,NA,NA,NA,2019,1996-11-10,NA,NA,NA,NA
"Joe Flacco","DEN","QB","9064","weighted",2297.36242078113,1692.87711148032,12.9230029476787,9.7672715551353,7.80996683861459,5.68748357056654,37.8502321296979,29.0217415196578,0.419577652910833,0.499614233641295,1.00902358142962,0.853036045412856,1.1808861459101,0.124593742887109,0,0,NA,NA,NA,NA,NA,NA,NA,NA,NA,NA,NA,NA,NA,NA,NA,NA,NA,NA,NA,NA,NA,NA,NA,NA,NA,NA,NA,NA,NA,NA,NA,NA,NA,NA,NA,NA,NA,NA,2008,1985-01-16,"D","Neck",2019,0
"Joe Flacco","NYJ","QB","9064","weighted",2297.36242078113,1692.87711148032,12.9230029476787,9.7672715551353,7.80996683861459,5.68748357056654,37.8502321296979,29.0217415196578,0.419577652910833,0.499614233641295,1.00902358142962,0.853036045412856,1.1808861459101,0.124593742887109,0,0,NA,NA,NA,NA,NA,NA,NA,NA,NA,NA,NA,NA,NA,NA,NA,NA,NA,NA,NA,NA,NA,NA,NA,NA,NA,NA,NA,NA,NA,NA,NA,NA,NA,NA,NA,NA,NA,NA,2008,1985-01-16,"D","Neck",2019,0
"Jacoby Brissett","IND","QB","12616","weighted",2136.47695823742,1785.44530354064,12.4147813219336,10.5101523140764,6.25608681354818,5.60119911189683,149.235733859476,138.832924885932,1.01683656691878,1.12366256933605,1.00955475172641,0.868080841657396,1.34075961854653,0.350340262086728,0,0,NA,NA,NA,NA,NA,NA,NA,NA,NA,NA,NA,NA,NA,NA,NA,NA,NA,NA,NA,NA,NA,NA,NA,NA,NA,NA,NA,NA,NA,NA,NA,NA,NA,NA,NA,NA,NA,NA,2016,1992-12-11,NA,NA,NA,NA
"Gardner Minshew","JAC","QB","14067","weighted",1160.30301066448,1690.98373649853,6.65540196882691,10.3095625229287,3.90277686628384,4.86377029647346,126.701330130083,172.88144094369,0.5334817766319,0.737951761265281,2.53218949958983,2.7912348063162,0.271845775225595,0.165227344498519,0,0,NA,NA,NA,NA,NA,NA,NA,NA,NA,NA,NA,NA,NA,NA,NA,NA,NA,NA,NA,NA,NA,NA,NA,NA,NA,NA,NA,NA,NA,NA,NA,NA,NA,NA,NA,NA,NA,NA,2019,1996-05-16,NA,NA,NA,NA
"Marcus Mariota","TEN","QB","12141","weighted",2445.77811246301,1473.14134520197,12.8899309437685,7.96348681987306,8.2621243012167,5.49870543105358,240.970803463773,160.290999128402,1.67961196974679,1.18879469542638,1.2127642222953,0.629873666838968,0.807004274909569,0.155706783149657,0,0,NA,NA,NA,NA,NA,NA,NA,NA,NA,NA,NA,NA,NA,NA,NA,NA,NA,NA,NA,NA,NA,NA,NA,NA,NA,NA,NA,NA,NA,NA,NA,NA,NA,NA,NA,NA,NA,NA,2015,1993-10-30,NA,NA,NA,NA
"Marcus Mariota","LVR","QB","12141","weighted",2445.77811246301,1473.14134520197,12.8899309437685,7.96348681987306,8.2621243012167,5.49870543105358,240.970803463773,160.290999128402,1.67961196974679,1.18879469542638,1.2127642222953,0.629873666838968,0.807004274909569,0.155706783149657,0,0,NA,NA,NA,NA,NA,NA,NA,NA,NA,NA,NA,NA,NA,NA,NA,NA,NA,NA,NA,NA,NA,NA,NA,NA,NA,NA,NA,NA,NA,NA,NA,NA,NA,NA,NA,NA,NA,NA,2015,1993-10-30,NA,NA,NA,NA
"Dwayne Haskins","WAS","QB","14058","weighted",2471.05170649895,1264.05010395754,13.9917064989518,7.54373418810776,10.3030272536688,5.7867966749096,73.0314046121593,60.4719174750335,0.421805929919137,0.464647449309115,1.80880503144654,0.953941741098088,0,0,0,0,NA,NA,NA,NA,NA,NA,NA,NA,NA,NA,NA,NA,NA,NA,NA,NA,NA,NA,NA,NA,NA,NA,NA,NA,NA,NA,NA,NA,NA,NA,NA,NA,NA,NA,NA,NA,NA,NA,2019,1970-01-01,NA,NA,NA,NA
"Lamar Jackson","BAL","QB","13593","weighted",3131.46804998356,288.143514060959,21.0225813877014,7.63874171375062,9.98360078921407,2.08235708925694,885.899073002302,88.4306476816991,6.36308525225098,1.24105705877226,3.70806478132193,1.14905256129023,0.507859256823413,0.269891757459406,0,0,NA,NA,NA,NA,NA,NA,NA,NA,NA,NA,NA,NA,NA,NA,NA,NA,NA,NA,NA,NA,NA,NA,NA,NA,NA,NA,NA,NA,NA,NA,NA,NA,NA,NA,NA,NA,NA,NA,2018,1997-01-07,NA,NA,NA,NA
"Josh Allen","BUF","QB","13589","weighted",3326.13953304834,213.615463973318,18.5341532390661,3.12647062617488,13.7280302532062,1.92512294971639,629.934218678066,85.2726295443038,6.86647875379412,1.47088330433573,3.14330812232818,0.643599766968711,1.70700427490957,0.155706783149657,0,0,NA,NA,NA,NA,NA,NA,NA,NA,NA,NA,NA,NA,NA,NA,NA,NA,NA,NA,NA,NA,NA,NA,NA,NA,NA,NA,NA,NA,NA,NA,NA,NA,NA,NA,NA,NA,NA,NA,2018,1996-05-21,NA,NA,NA,NA
"Tyrod Taylor","LAC","QB","10413","weighted",1078.51267753623,1477.28397521215,6.42799275362319,9.32004592140622,4.04689492753623,5.95502299416236,95.828919384058,115.644669503231,0.846310235507246,1.1053091923659,0.597384057971014,0.657449396672442,0.165626811594203,0.0933248958923229,0,0,NA,NA,NA,NA,NA,NA,NA,NA,NA,NA,NA,NA,NA,NA,NA,NA,NA,NA,NA,NA,NA,NA,NA,NA,NA,NA,NA,NA,NA,NA,NA,NA,NA,NA,NA,NA,NA,NA,2011,1989-08-03,NA,NA,NA,NA
"Josh Rosen","MIA","QB","13591","weighted",948.496629398224,1226.7154116759,4.34086813548175,5.74423387814549,4.61344952318316,5.31539462158486,44.9476093390332,57.7687181370177,0.158484051298915,0.320847740854508,0.757786254521539,0.553059360906745,0.268579414666228,0.142731217887186,0,0,NA,NA,NA,NA,NA,NA,NA,NA,NA,NA,NA,NA,NA,NA,NA,NA,NA,NA,NA,NA,NA,NA,NA,NA,NA,NA,NA,NA,NA,NA,NA,NA,NA,NA,NA,NA,NA,NA,2018,1997-02-10,NA,NA,NA,NA
"Case Keenum","WAS","QB","10948","weighted",1008.99463890936,847.084767634947,5.75377302873987,4.73489975866151,4.49485998526161,3.62573462092793,31.7467428150332,21.2366775493352,0.242301492262343,0.382156127768712,0.962718312453942,0.871143741334205,0.710101326455416,0.107981243835494,0,0,NA,NA,NA,NA,NA,NA,NA,NA,NA,NA,NA,NA,NA,NA,NA,NA,NA,NA,NA,NA,NA,NA,NA,NA,NA,NA,NA,NA,NA,NA,NA,NA,NA,NA,NA,NA,NA,NA,2012,1988-02-17,NA,NA,NA,NA
"Case Keenum","CLE","QB","10948","weighted",1008.99463890936,847.084767634947,5.75377302873987,4.73489975866151,4.49485998526161,3.62573462092793,31.7467428150332,21.2366775493352,0.242301492262343,0.382156127768712,0.962718312453942,0.871143741334205,0.710101326455416,0.107981243835494,0,0,NA,NA,NA,NA,NA,NA,NA,NA,NA,NA,NA,NA,NA,NA,NA,NA,NA,NA,NA,NA,NA,NA,NA,NA,NA,NA,NA,NA,NA,NA,NA,NA,NA,NA,NA,NA,NA,NA,2012,1988-02-17,NA,NA,NA,NA
"C.J. Beathard","SF","QB","13125","weighted",216.334545454545,381.934529124956,1.26363636363636,2.23092598787942,1.01090909090909,1.78474079030353,6.57090909090909,11.600815136973,0,0,0,0,0,0,0,0,NA,NA,NA,NA,NA,NA,NA,NA,NA,NA,NA,NA,NA,NA,NA,NA,NA,NA,NA,NA,NA,NA,NA,NA,NA,NA,NA,NA,NA,NA,NA,NA,NA,NA,NA,NA,NA,NA,2017,1993-11-16,NA,NA,NA,NA
"Blake Bortles","LAR","QB","11642","weighted",199.022621776504,269.206397398912,0.932569245463228,0.978611458476084,0.900477554918816,1.29780035433066,3.19644317096466,3.5458090320856,0.0433199617956065,0.0901649885537536,0.225071633237822,0.202488577599343,0.256014804202483,0.171119571055807,0,0,NA,NA,NA,NA,NA,NA,NA,NA,NA,NA,NA,NA,NA,NA,NA,NA,NA,NA,NA,NA,NA,NA,NA,NA,NA,NA,NA,NA,NA,NA,NA,NA,NA,NA,NA,NA,NA,NA,2014,1991-12-16,NA,NA,NA,NA
"Blake Bortles","FA","QB","11642","weighted",199.022621776504,269.206397398912,0.932569245463228,0.978611458476084,0.900477554918816,1.29780035433066,3.19644317096466,3.5458090320856,0.0433199617956065,0.0901649885537536,0.225071633237822,0.202488577599343,0.256014804202483,0.171119571055807,0,0,NA,NA,NA,NA,NA,NA,NA,NA,NA,NA,NA,NA,NA,NA,NA,NA,NA,NA,NA,NA,NA,NA,NA,NA,NA,NA,NA,NA,NA,NA,NA,NA,NA,NA,NA,NA,NA,NA,2014,1991-12-16,NA,NA,NA,NA
"Nick Mullens","SF","QB","13968","weighted",137.224376312474,192.526180104766,0.873792524149517,1.2633250715977,0.709865602687946,1.10564294408699,0.849529009419811,1.87337102336541,0.00946781064378712,0.0220903549432968,0.0148576228475431,0.0145835659074221,0.27165056698866,0.16717946013147,0,0,NA,NA,NA,NA,NA,NA,NA,NA,NA,NA,NA,NA,NA,NA,NA,NA,NA,NA,NA,NA,NA,NA,NA,NA,NA,NA,NA,NA,NA,NA,NA,NA,NA,NA,NA,NA,NA,NA,2017,1995-03-21,NA,NA,NA,NA
"Ryan Finley","CIN","QB","14068","weighted",204.301868183973,204.263507943413,1.02936936936937,0.888635255552424,1.37834992887624,1.51613851647496,8.07412991939308,9.16096667331603,0.054551920341394,0.117300561299821,0.0513968705547653,0.06674452842839,0.270573731626363,0.180151742474429,0,0,NA,NA,NA,NA,NA,NA,NA,NA,NA,NA,NA,NA,NA,NA,NA,NA,NA,NA,NA,NA,NA,NA,NA,NA,NA,NA,NA,NA,NA,NA,NA,NA,NA,NA,NA,NA,NA,NA,2019,1970-01-01,NA,NA,NA,NA
"Will Grier","CAR","QB","14062","weighted",174.047436332767,190.204462389255,0.777153367289191,0.853058797106609,0.66320882852292,0.643822690111973,1.90287492925863,4.33513054945456,0.0372382569326542,0.0871210458523753,0.0458404074702886,0.0436247103315407,0.268749292586304,0.200865021205698,0,0,NA,NA,NA,NA,NA,NA,NA,NA,NA,NA,NA,NA,NA,NA,NA,NA,NA,NA,NA,NA,NA,NA,NA,NA,NA,NA,NA,NA,NA,NA,NA,NA,NA,NA,NA,NA,NA,NA,2019,1995-04-03,NA,NA,NA,NA
"Jarrett Stidham","NE","QB","14063","weighted",82.93147751606,164.939548019603,0.491077801570307,0.995152471137839,0.245538900785153,0.497576235568919,4.22342969307637,5.18419152422082,0.00583511777301927,0.0122252835507918,0.0294432548179872,0.0613203512010247,0,0,0,0,NA,NA,NA,NA,NA,NA,NA,NA,NA,NA,NA,NA,NA,NA,NA,NA,NA,NA,NA,NA,NA,NA,NA,NA,NA,NA,NA,NA,NA,NA,NA,NA,NA,NA,NA,NA,NA,NA,2019,1996-08-08,NA,NA,NA,NA
"Phillip Walker","IND","QB","13416","weighted",50.6695246971109,64.3516668029281,0.354324324324324,0.547021978499019,0.0490587138863001,0.0905199048314849,1.28545200372787,2.28798642767283,0.00613233923578751,0.0113149881039356,0.00306616961789376,0.00565749405196781,0.0326840633737185,0.035283155926288,0,0,NA,NA,NA,NA,NA,NA,NA,NA,NA,NA,NA,NA,NA,NA,NA,NA,NA,NA,NA,NA,NA,NA,NA,NA,NA,NA,NA,NA,NA,NA,NA,NA,NA,NA,NA,NA,NA,NA,2017,1995-02-26,NA,NA,NA,NA
"Phillip Walker","CAR","QB","13416","weighted",50.6695246971109,64.3516668029281,0.354324324324324,0.547021978499019,0.0490587138863001,0.0905199048314849,1.28545200372787,2.28798642767283,0.00613233923578751,0.0113149881039356,0.00306616961789376,0.00565749405196781,0.0326840633737185,0.035283155926288,0,0,NA,NA,NA,NA,NA,NA,NA,NA,NA,NA,NA,NA,NA,NA,NA,NA,NA,NA,NA,NA,NA,NA,NA,NA,NA,NA,NA,NA,NA,NA,NA,NA,NA,NA,NA,NA,NA,NA,2017,1995-02-26,NA,NA,NA,NA
"Kyle Allen","CAR","QB","13879","weighted",111.365145754119,129.801605493202,0.645255069708492,0.805368231336081,0.642648922686945,0.804469314995376,3.02705956907478,3.37973689757857,0.00260614702154626,0.0066356770502334,0.064638783269962,0.052407722398519,0,0,0,0,NA,NA,NA,NA,NA,NA,NA,NA,NA,NA,NA,NA,NA,NA,NA,NA,NA,NA,NA,NA,NA,NA,NA,NA,NA,NA,NA,NA,NA,NA,NA,NA,NA,NA,NA,NA,NA,NA,2018,1996-03-08,NA,NA,NA,NA
"Kyle Allen","WAS","QB","13879","weighted",111.365145754119,129.801605493202,0.645255069708492,0.805368231336081,0.642648922686945,0.804469314995376,3.02705956907478,3.37973689757857,0.00260614702154626,0.0066356770502334,0.064638783269962,0.052407722398519,0,0,0,0,NA,NA,NA,NA,NA,NA,NA,NA,NA,NA,NA,NA,NA,NA,NA,NA,NA,NA,NA,NA,NA,NA,NA,NA,NA,NA,NA,NA,NA,NA,NA,NA,NA,NA,NA,NA,NA,NA,2018,1996-03-08,NA,NA,NA,NA
"Brett Hundley","ARI","QB","12142","weighted",121.472923913043,125.941571929979,0.474152173913043,0.553747139439426,0.565449275362319,0.954869495271483,3.79718387681159,5.84331969114695,0.0268025362318841,0.0686803199645924,0.28988768115942,0.379066854817443,0.214340579710145,0.120773394684183,0,0,NA,NA,NA,NA,NA,NA,NA,NA,NA,NA,NA,NA,NA,NA,NA,NA,NA,NA,NA,NA,NA,NA,NA,NA,NA,NA,NA,NA,NA,NA,NA,NA,NA,NA,NA,NA,NA,NA,2015,1993-06-15,NA,NA,NA,NA
"Mason Rudolph","PIT","QB","13595","weighted",129.106676674365,149.276543367543,0.658302540415704,0.689068975899278,0.792789838337182,0.93589874899207,4.01985912240185,5.95435312713309,0.056986143187067,0.106734662383861,0.0589347575057737,0.0612728561577206,0.268521939953811,0.202849544891073,0,0,NA,NA,NA,NA,NA,NA,NA,NA,NA,NA,NA,NA,NA,NA,NA,NA,NA,NA,NA,NA,NA,NA,NA,NA,NA,NA,NA,NA,NA,NA,NA,NA,NA,NA,NA,NA,NA,NA,2018,1995-07-17,"Q","Shoulder",2019,0
"Chase Daniel","CHI","QB","9706","weighted",102.138150431566,129.532909158879,0.650365803534731,0.768246935154953,0.376946157007809,0.485890510637394,4.13986025482943,6.78775184398214,0.0081134401972873,0.0221735206771254,0.0249732840115084,0.0180008499884391,0.121352240032881,0.0738396068877294,0,0,NA,NA,NA,NA,NA,NA,NA,NA,NA,NA,NA,NA,NA,NA,NA,NA,NA,NA,NA,NA,NA,NA,NA,NA,NA,NA,NA,NA,NA,NA,NA,NA,NA,NA,NA,NA,NA,NA,2009,1986-10-07,NA,NA,NA,NA
"Chase Daniel","DET","QB","9706","weighted",102.138150431566,129.532909158879,0.650365803534731,0.768246935154953,0.376946157007809,0.485890510637394,4.13986025482943,6.78775184398214,0.0081134401972873,0.0221735206771254,0.0249732840115084,0.0180008499884391,0.121352240032881,0.0738396068877294,0,0,NA,NA,NA,NA,NA,NA,NA,NA,NA,NA,NA,NA,NA,NA,NA,NA,NA,NA,NA,NA,NA,NA,NA,NA,NA,NA,NA,NA,NA,NA,NA,NA,NA,NA,NA,NA,NA,NA,2009,1986-10-07,NA,NA,NA,NA
"Nate Sudfeld","PHI","QB","12815","weighted",113.678409090909,161.765860344552,1.01988636363636,1.43566985062986,0.832954545454545,1.33886563159226,4.00625,7.14502754119682,0,0,0,0,0,0,0,0,NA,NA,NA,NA,NA,NA,NA,NA,NA,NA,NA,NA,NA,NA,NA,NA,NA,NA,NA,NA,NA,NA,NA,NA,NA,NA,NA,NA,NA,NA,NA,NA,NA,NA,NA,NA,NA,NA,2016,1993-10-07,NA,NA,NA,NA
"Brian Hoyer","NE","QB","9714","weighted",98.8966961217477,135.223976529267,0.596961217476681,0.798050740325674,0.299288168875798,0.47669458818525,1.37025527736868,2.75272773586445,0.056480117820324,0.118806493561435,0.0366482572410408,0.0477188209527439,0.0530829651448208,0.0360049127182636,0,0,NA,NA,NA,NA,NA,NA,NA,NA,NA,NA,NA,NA,NA,NA,NA,NA,NA,NA,NA,NA,NA,NA,NA,NA,NA,NA,NA,NA,NA,NA,NA,NA,NA,NA,NA,NA,NA,NA,2009,1985-10-31,NA,NA,NA,NA
"Colt McCoy","WAS","QB","9899","weighted",103.423296894804,134.883238113028,0.622797845373891,0.819487360933481,0.413997148288973,0.494989610243676,3.0141793409379,4.26643324042868,0,0,0.0430925221799747,0.0349384815990127,0,0,0,0,NA,NA,NA,NA,NA,NA,NA,NA,NA,NA,NA,NA,NA,NA,NA,NA,NA,NA,NA,NA,NA,NA,NA,NA,NA,NA,NA,NA,NA,NA,NA,NA,NA,NA,NA,NA,NA,NA,2010,1986-09-05,NA,NA,NA,NA
"Colt McCoy","NYG","QB","9899","weighted",103.423296894804,134.883238113028,0.622797845373891,0.819487360933481,0.413997148288973,0.494989610243676,3.0141793409379,4.26643324042868,0,0,0.0430925221799747,0.0349384815990127,0,0,0,0,NA,NA,NA,NA,NA,NA,NA,NA,NA,NA,NA,NA,NA,NA,NA,NA,NA,NA,NA,NA,NA,NA,NA,NA,NA,NA,NA,NA,NA,NA,NA,NA,NA,NA,NA,NA,NA,NA,2010,1986-09-05,NA,NA,NA,NA
"Robert Griffin","BAL","QB","10696","weighted",132.258815217391,107.684819779693,0.771420289855072,0.529092613660109,0.54956884057971,0.58912069145469,21.3379923007246,25.9808170421535,0.0256032608695652,0.0619187288182297,0.0359855072463768,0.0396661528208235,0.238697463768116,0.134497644080112,0,0,NA,NA,NA,NA,NA,NA,NA,NA,NA,NA,NA,NA,NA,NA,NA,NA,NA,NA,NA,NA,NA,NA,NA,NA,NA,NA,NA,NA,NA,NA,NA,NA,NA,NA,NA,NA,NA,NA,2012,1990-02-12,NA,NA,NA,NA
"Ryan Griffin","TB","QB","11441","weighted",92.2691218130311,168.705852703886,0.621340887629839,1.13606634817431,0.621340887629839,1.13606634817431,4.03871576959396,7.38443126313304,0,0,0,0,0,0,0,0,NA,NA,NA,NA,NA,NA,NA,NA,NA,NA,NA,NA,NA,NA,NA,NA,NA,NA,NA,NA,NA,NA,NA,NA,NA,NA,NA,NA,NA,NA,NA,NA,NA,NA,NA,NA,NA,NA,2013,1989-11-17,NA,NA,NA,NA
"Matt Barkley","BUF","QB","11151","weighted",114.940514403292,119.115356799932,0.492798353909465,0.752812333587169,0.949617283950617,1.30779627115114,0.644897119341564,0.775285091693233,0.00773074661963551,0.018263036320239,0.023559670781893,0.0232717081285254,0.232987654320988,0.141861056321573,0,0,NA,NA,NA,NA,NA,NA,NA,NA,NA,NA,NA,NA,NA,NA,NA,NA,NA,NA,NA,NA,NA,NA,NA,NA,NA,NA,NA,NA,NA,NA,NA,NA,NA,NA,NA,NA,NA,NA,2013,1990-09-08,NA,NA,NA,NA
"Joshua Dobbs","PIT","QB","13119","weighted",20.2055035128806,37.7631094634602,0.192622950819672,0.441314088942637,0.0765807962529274,0.176115839544449,0.598501170960187,0.932847892357627,0,0,0.0957259953161592,0.0922185244942693,0,0,0,0,NA,NA,NA,NA,NA,NA,NA,NA,NA,NA,NA,NA,NA,NA,NA,NA,NA,NA,NA,NA,NA,NA,NA,NA,NA,NA,NA,NA,NA,NA,NA,NA,NA,NA,NA,NA,NA,NA,2017,1995-01-26,NA,NA,NA,NA
"Joshua Dobbs","JAC","QB","13119","weighted",20.2055035128806,37.7631094634602,0.192622950819672,0.441314088942637,0.0765807962529274,0.176115839544449,0.598501170960187,0.932847892357627,0,0,0.0957259953161592,0.0922185244942693,0,0,0,0,NA,NA,NA,NA,NA,NA,NA,NA,NA,NA,NA,NA,NA,NA,NA,NA,NA,NA,NA,NA,NA,NA,NA,NA,NA,NA,NA,NA,NA,NA,NA,NA,NA,NA,NA,NA,NA,NA,2017,1995-01-26,NA,NA,NA,NA
"Tom Savage","FA","QB","11649","weighted",101.716351606805,129.073188859553,0.22078449905482,0.403422525744563,0.345170132325142,0.630702821938682,0,0,0.0093289224952741,0.017046022214559,0.0139933837429112,0.0152340029209519,0.23788752362949,0.258978049656182,0,0,NA,NA,NA,NA,NA,NA,NA,NA,NA,NA,NA,NA,NA,NA,NA,NA,NA,NA,NA,NA,NA,NA,NA,NA,NA,NA,NA,NA,NA,NA,NA,NA,NA,NA,NA,NA,NA,NA,2014,1990-04-26,NA,NA,NA,NA
"Trevor Siemian","NYJ","QB","12381","weighted",104.417192982456,115.78980433276,0.497498585172609,0.50484285496359,0.465846066779853,0.64944744973568,1.45562535370685,1.70828671715059,0.0204810413129598,0.0479165752188064,0.0287945670628183,0.0215212522720391,0.254352009054895,0.190104395069679,0,0,NA,NA,NA,NA,NA,NA,NA,NA,NA,NA,NA,NA,NA,NA,NA,NA,NA,NA,NA,NA,NA,NA,NA,NA,NA,NA,NA,NA,NA,NA,NA,NA,NA,NA,NA,NA,NA,NA,NA,NA,NA,NA,NA,NA
"Trevor Siemian","FA","QB","12381","weighted",104.417192982456,115.78980433276,0.497498585172609,0.50484285496359,0.465846066779853,0.64944744973568,1.45562535370685,1.70828671715059,0.0204810413129598,0.0479165752188064,0.0287945670628183,0.0215212522720391,0.254352009054895,0.190104395069679,0,0,NA,NA,NA,NA,NA,NA,NA,NA,NA,NA,NA,NA,NA,NA,NA,NA,NA,NA,NA,NA,NA,NA,NA,NA,NA,NA,NA,NA,NA,NA,NA,NA,NA,NA,NA,NA,NA,NA,NA,NA,NA,NA,NA,NA
"Blaine Gabbert","TB","QB","10262","weighted",99.7430826140567,102.440222647886,0.624866420057542,0.751588632594327,0.530135635018496,0.532247974112151,1.48508014796547,1.99411001589466,0.0200904233456638,0.0474560829215709,0.0444471845458282,0.031929989800426,0.20387176325524,0.124050539571385,0,0,NA,NA,NA,NA,NA,NA,NA,NA,NA,NA,NA,NA,NA,NA,NA,NA,NA,NA,NA,NA,NA,NA,NA,NA,NA,NA,NA,NA,NA,NA,NA,NA,NA,NA,NA,NA,NA,NA,2011,1989-10-15,NA,NA,NA,NA
"Drew Stanton","CLE","QB","8712","weighted",64.3158517260894,89.9536072440731,0.323972835314092,0.478965890583504,0.307215619694397,0.718748628282096,0.00744765138653084,0.0174242091704751,0.0111714770797963,0.0261363137557126,0.0143972835314092,0.0107606261360195,0.100780984719864,0.0753243829521368,0,0,NA,NA,NA,NA,NA,NA,NA,NA,NA,NA,NA,NA,NA,NA,NA,NA,NA,NA,NA,NA,NA,NA,NA,NA,NA,NA,NA,NA,NA,NA,NA,NA,NA,NA,NA,NA,NA,NA,2007,1984-05-07,"Q","Knee",2019,0
"Drew Stanton","FA","QB","8712","weighted",64.3158517260894,89.9536072440731,0.323972835314092,0.478965890583504,0.307215619694397,0.718748628282096,0.00744765138653084,0.0174242091704751,0.0111714770797963,0.0261363137557126,0.0143972835314092,0.0107606261360195,0.100780984719864,0.0753243829521368,0,0,NA,NA,NA,NA,NA,NA,NA,NA,NA,NA,NA,NA,NA,NA,NA,NA,NA,NA,NA,NA,NA,NA,NA,NA,NA,NA,NA,NA,NA,NA,NA,NA,NA,NA,NA,NA,NA,NA,2007,1984-05-07,"Q","Knee",2019,0
"Chad Kelly","IND","QB","13121","weighted",84.4182899374645,94.2822237378635,0.344893689596362,0.422958853403809,0.430183058555998,0.462943821841186,1.67882660602615,2.5941980244611,0.0336668561682774,0.0637356507566387,0.0305779799128293,0.0291504670780172,0.235110858442297,0.176171185390045,0,0,NA,NA,NA,NA,NA,NA,NA,NA,NA,NA,NA,NA,NA,NA,NA,NA,NA,NA,NA,NA,NA,NA,NA,NA,NA,NA,NA,NA,NA,NA,NA,NA,NA,NA,NA,NA,NA,NA,2017,1994-03-26,NA,NA,NA,NA
"DeShone Kizer","FA","QB","13114","weighted",52.1895218658892,83.2654956818787,0.299265306122449,0.450996385485982,0.326087463556851,0.732798051418017,1.44660641399417,2.56358938635693,0.0502959183673469,0.0899098957236373,0.031980563654033,0.034979124657225,0.244443148688047,0.185662900938008,0,0,NA,NA,NA,NA,NA,NA,NA,NA,NA,NA,NA,NA,NA,NA,NA,NA,NA,NA,NA,NA,NA,NA,NA,NA,NA,NA,NA,NA,NA,NA,NA,NA,NA,NA,NA,NA,NA,NA,2017,1996-01-03,NA,NA,NA,NA
"Taysom Hill","NO","QB","13424","weighted",79.6898400328138,56.1583076017646,0.289950779327317,0.475660200106968,0.021591468416735,0.0590767061315012,128.298792921598,95.1209019528529,2.60278455309649,2.58198593396029,0.849551271534044,1.26625176520229,1.86212879409352,1.05627480947268,0,0,NA,NA,NA,NA,NA,NA,NA,NA,NA,NA,NA,NA,NA,NA,NA,NA,NA,NA,NA,NA,NA,NA,NA,NA,NA,NA,NA,NA,NA,NA,NA,NA,NA,NA,NA,NA,NA,NA,2017,1990-08-23,NA,NA,NA,NA
"Matt Schaub","ATL","QB","7480","weighted",48.4600760869565,67.5689382804317,0.274833333333333,0.449149282260468,0.205695652173913,0.396506929492177,0.627679800724638,1.0349832717956,0.00402038043478261,0.0103020479946889,0.0207427536231884,0.0188677630328121,0.798905797101449,0.450155380186498,0,0,NA,NA,NA,NA,NA,NA,NA,NA,NA,NA,NA,NA,NA,NA,NA,NA,NA,NA,NA,NA,NA,NA,NA,NA,NA,NA,NA,NA,NA,NA,NA,NA,NA,NA,NA,NA,NA,NA,2004,1981-06-25,NA,NA,NA,NA
"Alex Smith","WAS","QB","7813","weighted",40.2459016393443,74.8975848027162,0.206978922716628,0.385187578985398,0.0689929742388759,0.128395859661799,0,0,0,0,0.030632318501171,0.0295099278381662,0,0,0,0,NA,NA,NA,NA,NA,NA,NA,NA,NA,NA,NA,NA,NA,NA,NA,NA,NA,NA,NA,NA,NA,NA,NA,NA,NA,NA,NA,NA,NA,NA,NA,NA,NA,NA,NA,NA,NA,NA,2005,1984-05-07,"Q","Lower Leg",2019,0
"Josh McCown","PHI","QB","6589","weighted",78.4142580340265,85.3662743680409,0.265874291115312,0.289446055498086,0.447788279773157,0.487488093470461,0.0746313799621928,0.0812480155784102,0.0139933837429112,0.0152340029209519,0.0233223062381853,0.0253900048682532,0.149262759924386,0.16249603115682,0,0,NA,NA,NA,NA,NA,NA,NA,NA,NA,NA,NA,NA,NA,NA,NA,NA,NA,NA,NA,NA,NA,NA,NA,NA,NA,NA,NA,NA,NA,NA,NA,NA,NA,NA,NA,NA,NA,NA,2002,1979-07-04,"Q","Hamstring",2019,0
"Josh McCown","FA","QB","6589","weighted",78.4142580340265,85.3662743680409,0.265874291115312,0.289446055498086,0.447788279773157,0.487488093470461,0.0746313799621928,0.0812480155784102,0.0139933837429112,0.0152340029209519,0.0233223062381853,0.0253900048682532,0.149262759924386,0.16249603115682,0,0,NA,NA,NA,NA,NA,NA,NA,NA,NA,NA,NA,NA,NA,NA,NA,NA,NA,NA,NA,NA,NA,NA,NA,NA,NA,NA,NA,NA,NA,NA,NA,NA,NA,NA,NA,NA,NA,NA,2002,1979-07-04,"Q","Hamstring",2019,0
"Chad Henne","KC","QB","9073","weighted",59.2767025089606,77.5851605215952,0.482437275985663,0.577737613607198,0,0,1.96200716845878,3.36479204642341,0,0,0.0155555555555556,0.0192269421519295,0,0,0,0,NA,NA,NA,NA,NA,NA,NA,NA,NA,NA,NA,NA,NA,NA,NA,NA,NA,NA,NA,NA,NA,NA,NA,NA,NA,NA,NA,NA,NA,NA,NA,NA,NA,NA,NA,NA,NA,NA,2008,1985-07-02,NA,NA,NA,NA
"AJ McCarron","HOU","QB","11643","weighted",60.3696479543292,76.9663281405056,0.34395813510942,0.520726339286529,0.34395813510942,0.520726339286529,1.65107040913416,2.32504958452603,0,0,0.0122621313035205,0.0137000559451266,0,0,0,0,NA,NA,NA,NA,NA,NA,NA,NA,NA,NA,NA,NA,NA,NA,NA,NA,NA,NA,NA,NA,NA,NA,NA,NA,NA,NA,NA,NA,NA,NA,NA,NA,NA,NA,NA,NA,NA,NA,2014,1990-09-13,NA,NA,NA,NA
"Geno Smith","SEA","QB","11150","weighted",53.5577853326858,62.9792337737243,0.325259834871297,0.409792439134733,0.159786304031083,0.316010416766473,1.51645556095192,1.91332621062051,0.031290917921321,0.0537242085609661,0.106818844099077,0.111514520681263,0.202758620689655,0.136730411961456,0,0,NA,NA,NA,NA,NA,NA,NA,NA,NA,NA,NA,NA,NA,NA,NA,NA,NA,NA,NA,NA,NA,NA,NA,NA,NA,NA,NA,NA,NA,NA,NA,NA,NA,NA,NA,NA,NA,NA,2013,1990-10-10,NA,NA,NA,NA
"David Blough","DET","QB","14070","weighted",65.0989729225023,81.9020190073557,0.321195144724556,0.572971187775582,1.38982259570495,1.79078581729908,8.05555555555556,8.67621268939742,0,0,0,0,0,0,0,0,NA,NA,NA,NA,NA,NA,NA,NA,NA,NA,NA,NA,NA,NA,NA,NA,NA,NA,NA,NA,NA,NA,NA,NA,NA,NA,NA,NA,NA,NA,NA,NA,NA,NA,NA,NA,NA,NA,2019,1970-01-01,NA,NA,NA,NA
"Cooper Rush","DAL","QB","13124","weighted",75.3849971574758,76.2778124255824,0.0897782831154065,0.209476178006782,0.190778851620239,0.445136878264411,0.203871517907902,0.429078185915951,0.0261853325753269,0.0610972185853113,0.0191112374455183,0.0182190419237607,0.254303581580443,0.190552506646375,0,0,NA,NA,NA,NA,NA,NA,NA,NA,NA,NA,NA,NA,NA,NA,NA,NA,NA,NA,NA,NA,NA,NA,NA,NA,NA,NA,NA,NA,NA,NA,NA,NA,NA,NA,NA,NA,NA,NA,2017,1993-11-21,NA,NA,NA,NA
"Cooper Rush","NYG","QB","13124","weighted",75.3849971574758,76.2778124255824,0.0897782831154065,0.209476178006782,0.190778851620239,0.445136878264411,0.203871517907902,0.429078185915951,0.0261853325753269,0.0610972185853113,0.0191112374455183,0.0182190419237607,0.254303581580443,0.190552506646375,0,0,NA,NA,NA,NA,NA,NA,NA,NA,NA,NA,NA,NA,NA,NA,NA,NA,NA,NA,NA,NA,NA,NA,NA,NA,NA,NA,NA,NA,NA,NA,NA,NA,NA,NA,NA,NA,NA,NA,2017,1993-11-21,NA,NA,NA,NA
"Mike Glennon","OAK","QB","11152","weighted",59.7023297101449,58.9993805234169,0.244452898550725,0.408607258181228,0.0405289855072464,0.117826875175148,0.575909873188406,1.0508890809137,0.00402038043478261,0.0103020479946889,0.328271739130435,0.33516099679743,0.482266304347826,0.271740138039411,0,0,NA,NA,NA,NA,NA,NA,NA,NA,NA,NA,NA,NA,NA,NA,NA,NA,NA,NA,NA,NA,NA,NA,NA,NA,NA,NA,NA,NA,NA,NA,NA,NA,NA,NA,NA,NA,NA,NA,2013,1989-12-12,NA,NA,NA,NA
"Mike Glennon","JAC","QB","11152","weighted",59.7023297101449,58.9993805234169,0.244452898550725,0.408607258181228,0.0405289855072464,0.117826875175148,0.575909873188406,1.0508890809137,0.00402038043478261,0.0103020479946889,0.328271739130435,0.33516099679743,0.482266304347826,0.271740138039411,0,0,NA,NA,NA,NA,NA,NA,NA,NA,NA,NA,NA,NA,NA,NA,NA,NA,NA,NA,NA,NA,NA,NA,NA,NA,NA,NA,NA,NA,NA,NA,NA,NA,NA,NA,NA,NA,NA,NA,2013,1989-12-12,NA,NA,NA,NA
"Garrett Gilbert","CLE","QB","11854","weighted",37.7624854819977,63.3236581431931,0.257084785133566,0.434645791932723,0,0,1.37049941927991,1.65036134107752,0,0,0,0,0,0,0,0,NA,NA,NA,NA,NA,NA,NA,NA,NA,NA,NA,NA,NA,NA,NA,NA,NA,NA,NA,NA,NA,NA,NA,NA,NA,NA,NA,NA,NA,NA,NA,NA,NA,NA,NA,NA,NA,NA,2014,1991-07-01,NA,NA,NA,NA
"Sean Mannion","MIN","QB","12145","weighted",66.6754119941492,63.9449280248083,0.238303266699171,0.413035894800937,0.299258898098488,0.472766329124265,1.0247879083374,1.55538963712509,0.0261774744027304,0.0553033718037807,0.0197815699658703,0.0247827384891258,0.197903461725987,0.133739749892713,0,0,NA,NA,NA,NA,NA,NA,NA,NA,NA,NA,NA,NA,NA,NA,NA,NA,NA,NA,NA,NA,NA,NA,NA,NA,NA,NA,NA,NA,NA,NA,NA,NA,NA,NA,NA,NA,NA,NA,2015,1992-04-25,NA,NA,NA,NA
"Jeff Driskel","CIN","QB","12623","weighted",38.250168115942,60.6563494615767,0.26808115942029,0.436648169959815,0.271895652173913,0.437740765555649,5.61169855072464,9.55333920632886,0,0,0.0189565217391304,0.0184728582137235,0,0,0,0,NA,NA,NA,NA,NA,NA,NA,NA,NA,NA,NA,NA,NA,NA,NA,NA,NA,NA,NA,NA,NA,NA,NA,NA,NA,NA,NA,NA,NA,NA,NA,NA,NA,NA,NA,NA,NA,NA,2016,1993-04-23,NA,NA,NA,NA
"Jeff Driskel","DEN","QB","12623","weighted",38.250168115942,60.6563494615767,0.26808115942029,0.436648169959815,0.271895652173913,0.437740765555649,5.61169855072464,9.55333920632886,0,0,0.0189565217391304,0.0184728582137235,0,0,0,0,NA,NA,NA,NA,NA,NA,NA,NA,NA,NA,NA,NA,NA,NA,NA,NA,NA,NA,NA,NA,NA,NA,NA,NA,NA,NA,NA,NA,NA,NA,NA,NA,NA,NA,NA,NA,NA,NA,2016,1993-04-23,NA,NA,NA,NA
"Logan Woodside","FA","QB","13846","weighted",58.8563218390805,56.7683505610547,0.525007766387077,0.5223522304219,0.0511028269648959,0.0942915675327968,1.99782541161851,2.05592239282022,0,0,0,0,0,0,0,0,NA,NA,NA,NA,NA,NA,NA,NA,NA,NA,NA,NA,NA,NA,NA,NA,NA,NA,NA,NA,NA,NA,NA,NA,NA,NA,NA,NA,NA,NA,NA,NA,NA,NA,NA,NA,NA,NA,2018,1995-01-27,NA,NA,NA,NA
"Logan Woodside","TEN","QB","13846","weighted",58.8563218390805,56.7683505610547,0.525007766387077,0.5223522304219,0.0511028269648959,0.0942915675327968,1.99782541161851,2.05592239282022,0,0,0,0,0,0,0,0,NA,NA,NA,NA,NA,NA,NA,NA,NA,NA,NA,NA,NA,NA,NA,NA,NA,NA,NA,NA,NA,NA,NA,NA,NA,NA,NA,NA,NA,NA,NA,NA,NA,NA,NA,NA,NA,NA,2018,1995-01-27,NA,NA,NA,NA
"Tim Boyle","GB","QB","13873","weighted",69.1909407665505,56.1693518572596,0,0,0.948850174216028,0.905563733832438,1.24947735191638,1.30448564360275,0,0,0.863135888501742,0.912767443420269,0,0,0,0,NA,NA,NA,NA,NA,NA,NA,NA,NA,NA,NA,NA,NA,NA,NA,NA,NA,NA,NA,NA,NA,NA,NA,NA,NA,NA,NA,NA,NA,NA,NA,NA,NA,NA,NA,NA,NA,NA,2018,1970-01-01,NA,NA,NA,NA
"Matt Moore","KC","QB","8944","weighted",26.2836363636364,46.4032605478919,0,0,0,0,0.758181818181818,1.33855559272765,0,0,0,0,0,0,0,0,NA,NA,NA,NA,NA,NA,NA,NA,NA,NA,NA,NA,NA,NA,NA,NA,NA,NA,NA,NA,NA,NA,NA,NA,NA,NA,NA,NA,NA,NA,NA,NA,NA,NA,NA,NA,NA,NA,2007,1984-08-09,NA,NA,NA,NA
"Joe Webb","HOU","QB","9992","weighted",25.9161284230406,47.3853273823506,0.0900944287063267,0.164729620485275,0.170868744098206,0.312418245747936,0,0,0.062134088762984,0.113606634817431,0.0279886685552408,0.0304526270727784,0,0,0,0,NA,NA,NA,NA,NA,NA,NA,NA,NA,NA,NA,NA,NA,NA,NA,NA,NA,NA,NA,NA,NA,NA,NA,NA,NA,NA,NA,NA,NA,NA,NA,NA,NA,NA,NA,NA,NA,NA,2010,1986-11-14,"Q","Foot",2019,0
"Joe Webb","FA","QB","9992","weighted",25.9161284230406,47.3853273823506,0.0900944287063267,0.164729620485275,0.170868744098206,0.312418245747936,0,0,0.062134088762984,0.113606634817431,0.0279886685552408,0.0304526270727784,0,0,0,0,NA,NA,NA,NA,NA,NA,NA,NA,NA,NA,NA,NA,NA,NA,NA,NA,NA,NA,NA,NA,NA,NA,NA,NA,NA,NA,NA,NA,NA,NA,NA,NA,NA,NA,NA,NA,NA,NA,2010,1986-11-14,"Q","Foot",2019,0
NA,NA,"QB","nfl_0","weighted",79,1.74046714305346e-14,1,NA,0,NA,1,0,0,0,NA,NA,NA,NA,NA,NA,NA,NA,NA,NA,NA,NA,NA,NA,NA,NA,NA,NA,NA,NA,NA,NA,NA,NA,NA,NA,NA,NA,NA,NA,NA,NA,NA,NA,NA,NA,NA,NA,NA,NA,NA,NA,NA,NA,NA,NA,NA,NA,NA,NA
"Paxton Lynch","FA","QB","12612","weighted",14.8190866510539,28.3683908159445,0.207939110070258,0.434292031793461,0.0382903981264637,0.0880579197722247,0.230913348946136,0.428997963736534,0,0,0.0191451990632318,0.0184437048988539,0,0,0,0,NA,NA,NA,NA,NA,NA,NA,NA,NA,NA,NA,NA,NA,NA,NA,NA,NA,NA,NA,NA,NA,NA,NA,NA,NA,NA,NA,NA,NA,NA,NA,NA,NA,NA,NA,NA,NA,NA,2016,1994-02-12,NA,NA,NA,NA
"Paxton Lynch","PIT","QB","12612","weighted",14.8190866510539,28.3683908159445,0.207939110070258,0.434292031793461,0.0382903981264637,0.0880579197722247,0.230913348946136,0.428997963736534,0,0,0.0191451990632318,0.0184437048988539,0,0,0,0,NA,NA,NA,NA,NA,NA,NA,NA,NA,NA,NA,NA,NA,NA,NA,NA,NA,NA,NA,NA,NA,NA,NA,NA,NA,NA,NA,NA,NA,NA,NA,NA,NA,NA,NA,NA,NA,NA,2016,1994-02-12,NA,NA,NA,NA
"Josh Johnson","DET","QB","9207","weighted",6.98153409090909,7.61275726840734,0.0186174242424242,0.0203006860490862,0.0465435606060606,0.0507517151227156,0,0,0,0,0,0,0,0,0,0,NA,NA,NA,NA,NA,NA,NA,NA,NA,NA,NA,NA,NA,NA,NA,NA,NA,NA,NA,NA,NA,NA,NA,NA,NA,NA,NA,NA,NA,NA,NA,NA,NA,NA,NA,NA,NA,NA,2008,1986-05-15,NA,NA,NA,NA
"David Fales","FA","QB","11835","weighted",1.53982608695652,2.60653721416238,0,0,0,0,0,0,0,0,0,0,0,0,0,0,NA,NA,NA,NA,NA,NA,NA,NA,NA,NA,NA,NA,NA,NA,NA,NA,NA,NA,NA,NA,NA,NA,NA,NA,NA,NA,NA,NA,NA,NA,NA,NA,NA,NA,NA,NA,NA,NA,2014,1990-10-04,NA,NA,NA,NA
"David Fales","NYJ","QB","11835","weighted",1.53982608695652,2.60653721416238,0,0,0,0,0,0,0,0,0,0,0,0,0,0,NA,NA,NA,NA,NA,NA,NA,NA,NA,NA,NA,NA,NA,NA,NA,NA,NA,NA,NA,NA,NA,NA,NA,NA,NA,NA,NA,NA,NA,NA,NA,NA,NA,NA,NA,NA,NA,NA,2014,1990-10-04,NA,NA,NA,NA
"Brandon Allen","FA","QB","12621","weighted",0.945165945165945,1.40062546164304,0,0,0.0220538720538721,0.032681260771671,0,0,0,0,0,0,0,0,0,0,NA,NA,NA,NA,NA,NA,NA,NA,NA,NA,NA,NA,NA,NA,NA,NA,NA,NA,NA,NA,NA,NA,NA,NA,NA,NA,NA,NA,NA,NA,NA,NA,NA,NA,NA,NA,NA,NA,2016,1992-09-05,NA,NA,NA,NA
"Mark Sanchez","FA","QB","9429","weighted",0,0,0,0,0,0,0,0,0,0,0,0,0,0,0,0,NA,NA,NA,NA,NA,NA,NA,NA,NA,NA,NA,NA,NA,NA,NA,NA,NA,NA,NA,NA,NA,NA,NA,NA,NA,NA,NA,NA,NA,NA,NA,NA,NA,NA,NA,NA,NA,NA,2009,1986-11-11,NA,NA,NA,NA
"Sam Bradford","FA","QB","9817","weighted",0,0,0,0,0,0,0,0,0,0,0,0,0,0,0,0,NA,NA,NA,NA,NA,NA,NA,NA,NA,NA,NA,NA,NA,NA,NA,NA,NA,NA,NA,NA,NA,NA,NA,NA,NA,NA,NA,NA,NA,NA,NA,NA,NA,NA,NA,NA,NA,NA,2010,1987-11-08,NA,NA,NA,NA
"Derek Anderson","FA","QB","8025","weighted",0,0,0,0,0,0,0,0,0,0,0,0,0,0,0,0,NA,NA,NA,NA,NA,NA,NA,NA,NA,NA,NA,NA,NA,NA,NA,NA,NA,NA,NA,NA,NA,NA,NA,NA,NA,NA,NA,NA,NA,NA,NA,NA,NA,NA,NA,NA,NA,NA,2005,1983-06-15,NA,NA,NA,NA
"Matt Cassel","FA","QB","8042","weighted",0,0,0,0,0,0,0,0,0,0,0,0,0,0,0,0,NA,NA,NA,NA,NA,NA,NA,NA,NA,NA,NA,NA,NA,NA,NA,NA,NA,NA,NA,NA,NA,NA,NA,NA,NA,NA,NA,NA,NA,NA,NA,NA,NA,NA,NA,NA,NA,NA,2005,1982-05-17,NA,NA,NA,NA
"Brandon Weeden","HOU","QB","10698","weighted",0,0,0,0,0,0,0,0,0,0,0,0,0,0,0,0,NA,NA,NA,NA,NA,NA,NA,NA,NA,NA,NA,NA,NA,NA,NA,NA,NA,NA,NA,NA,NA,NA,NA,NA,NA,NA,NA,NA,NA,NA,NA,NA,NA,NA,NA,NA,NA,NA,2012,1983-10-14,NA,NA,NA,NA
"Brock Osweiler","FA","QB","10702","weighted",0,0,0,0,0,0,0,0,0,0,0,0,0,0,0,0,NA,NA,NA,NA,NA,NA,NA,NA,NA,NA,NA,NA,NA,NA,NA,NA,NA,NA,NA,NA,NA,NA,NA,NA,NA,NA,NA,NA,NA,NA,NA,NA,NA,NA,NA,NA,NA,NA,2012,1990-11-22,NA,NA,NA,NA
"Alex Tanney","NYG","QB","10935","weighted",0,0,0,0,0,0,0,0,0,0,0,0,0,0,0,0,NA,NA,NA,NA,NA,NA,NA,NA,NA,NA,NA,NA,NA,NA,NA,NA,NA,NA,NA,NA,NA,NA,NA,NA,NA,NA,NA,NA,NA,NA,NA,NA,NA,NA,NA,NA,NA,NA,2012,1987-11-11,NA,NA,NA,NA
"Landry Jones","FA","QB","11156","weighted",0,0,0,0,0,0,0,0,0,0,0,0,0,0,0,0,NA,NA,NA,NA,NA,NA,NA,NA,NA,NA,NA,NA,NA,NA,NA,NA,NA,NA,NA,NA,NA,NA,NA,NA,NA,NA,NA,NA,NA,NA,NA,NA,NA,NA,NA,NA,NA,NA,2013,1989-04-04,NA,NA,NA,NA
"Tyler Bray","FA","QB","11170","weighted",0,0,0,0,0,0,0,0,0,0,0,0,0,0,0,0,NA,NA,NA,NA,NA,NA,NA,NA,NA,NA,NA,NA,NA,NA,NA,NA,NA,NA,NA,NA,NA,NA,NA,NA,NA,NA,NA,NA,NA,NA,NA,NA,NA,NA,NA,NA,NA,NA,2013,1991-12-27,NA,NA,NA,NA
"Garrett Grayson","FA","QB","12146","weighted",0,0,0,0,0,0,0,0,0,0,0,0,0,0,0,0,NA,NA,NA,NA,NA,NA,NA,NA,NA,NA,NA,NA,NA,NA,NA,NA,NA,NA,NA,NA,NA,NA,NA,NA,NA,NA,NA,NA,NA,NA,NA,NA,NA,NA,NA,NA,NA,NA,2015,1991-05-29,NA,NA,NA,NA
"Taylor Heinicke","FA","QB","12476","weighted",0,0,0,0,0,0,0,0,0,0,0,0,0,0,0,0,NA,NA,NA,NA,NA,NA,NA,NA,NA,NA,NA,NA,NA,NA,NA,NA,NA,NA,NA,NA,NA,NA,NA,NA,NA,NA,NA,NA,NA,NA,NA,NA,NA,NA,NA,NA,NA,NA,NA,NA,NA,NA,NA,NA
"Kevin Hogan","FA","QB","12618","weighted",0,0,0,0,0,0,0,0,0,0,0,0,0,0,0,0,NA,NA,NA,NA,NA,NA,NA,NA,NA,NA,NA,NA,NA,NA,NA,NA,NA,NA,NA,NA,NA,NA,NA,NA,NA,NA,NA,NA,NA,NA,NA,NA,NA,NA,NA,NA,NA,NA,2016,1992-10-20,NA,NA,NA,NA
"Connor Cook","FA","QB","12613","weighted",0,0,0,0,0,0,0,0,0,0,0,0,0,0,0,0,NA,NA,NA,NA,NA,NA,NA,NA,NA,NA,NA,NA,NA,NA,NA,NA,NA,NA,NA,NA,NA,NA,NA,NA,NA,NA,NA,NA,NA,NA,NA,NA,NA,NA,NA,NA,NA,NA,2016,1993-01-29,NA,NA,NA,NA
"Cody Kessler","FA","QB","12617","weighted",0,0,0,0,0,0,0,0,0,0,0,0,0,0,0,0,NA,NA,NA,NA,NA,NA,NA,NA,NA,NA,NA,NA,NA,NA,NA,NA,NA,NA,NA,NA,NA,NA,NA,NA,NA,NA,NA,NA,NA,NA,NA,NA,NA,NA,NA,NA,NA,NA,2016,1993-05-11,NA,NA,NA,NA
"Cardale Jones","FA","QB","12615","weighted",0,0,0,0,0,0,0,0,0,0,0,0,0,0,0,0,NA,NA,NA,NA,NA,NA,NA,NA,NA,NA,NA,NA,NA,NA,NA,NA,NA,NA,NA,NA,NA,NA,NA,NA,NA,NA,NA,NA,NA,NA,NA,NA,NA,NA,NA,NA,NA,NA,2016,1992-09-29,NA,NA,NA,NA
"Jake Rudock","MIA","QB","12819","weighted",0,0,0,0,0,0,0,0,0,0,0,0,0,0,0,0,NA,NA,NA,NA,NA,NA,NA,NA,NA,NA,NA,NA,NA,NA,NA,NA,NA,NA,NA,NA,NA,NA,NA,NA,NA,NA,NA,NA,NA,NA,NA,NA,NA,NA,NA,NA,NA,NA,2016,1993-01-21,NA,NA,NA,NA
"Trevone Boykin","FA","QB","12878","weighted",0,0,0,0,0,0,0,0,0,0,0,0,0,0,0,0,NA,NA,NA,NA,NA,NA,NA,NA,NA,NA,NA,NA,NA,NA,NA,NA,NA,NA,NA,NA,NA,NA,NA,NA,NA,NA,NA,NA,NA,NA,NA,NA,NA,NA,NA,NA,NA,NA,2016,1993-08-22,NA,NA,NA,NA
"Joe Callahan","FA","QB","12925","weighted",0,0,0,0,0,0,0,0,0,0,0,0,0,0,0,0,NA,NA,NA,NA,NA,NA,NA,NA,NA,NA,NA,NA,NA,NA,NA,NA,NA,NA,NA,NA,NA,NA,NA,NA,NA,NA,NA,NA,NA,NA,NA,NA,NA,NA,NA,NA,NA,NA,2016,1993-06-04,NA,NA,NA,NA
"Davis Webb","NYJ","QB","13120","weighted",0,0,0,0,0,0,0,0,0,0,0,0,0,0,0,0,NA,NA,NA,NA,NA,NA,NA,NA,NA,NA,NA,NA,NA,NA,NA,NA,NA,NA,NA,NA,NA,NA,NA,NA,NA,NA,NA,NA,NA,NA,NA,NA,NA,NA,NA,NA,NA,NA,2017,1995-01-22,NA,NA,NA,NA
"Davis Webb","BUF","QB","13120","weighted",0,0,0,0,0,0,0,0,0,0,0,0,0,0,0,0,NA,NA,NA,NA,NA,NA,NA,NA,NA,NA,NA,NA,NA,NA,NA,NA,NA,NA,NA,NA,NA,NA,NA,NA,NA,NA,NA,NA,NA,NA,NA,NA,NA,NA,NA,NA,NA,NA,2017,1995-01-22,NA,NA,NA,NA
"Nathan Peterman","OAK","QB","13127","weighted",0,0,0,0,0,0,0,0,0,0,0,0,0,0,0,0,NA,NA,NA,NA,NA,NA,NA,NA,NA,NA,NA,NA,NA,NA,NA,NA,NA,NA,NA,NA,NA,NA,NA,NA,NA,NA,NA,NA,NA,NA,NA,NA,NA,NA,NA,NA,NA,NA,2017,1994-05-04,NA,NA,NA,NA
"Nathan Peterman","LVR","QB","13127","weighted",0,0,0,0,0,0,0,0,0,0,0,0,0,0,0,0,NA,NA,NA,NA,NA,NA,NA,NA,NA,NA,NA,NA,NA,NA,NA,NA,NA,NA,NA,NA,NA,NA,NA,NA,NA,NA,NA,NA,NA,NA,NA,NA,NA,NA,NA,NA,NA,NA,2017,1994-05-04,NA,NA,NA,NA
"Kyle Sloter","FA","QB","13389","weighted",0,0,0,0,0,0,0,0,0,0,0,0,0,0,0,0,NA,NA,NA,NA,NA,NA,NA,NA,NA,NA,NA,NA,NA,NA,NA,NA,NA,NA,NA,NA,NA,NA,NA,NA,NA,NA,NA,NA,NA,NA,NA,NA,NA,NA,NA,NA,NA,NA,2017,1994-02-07,NA,NA,NA,NA
"Danny Etling","FA","QB","13824","weighted",0,0,0,0,0,0,0,0,0,0,0,0,0,0,0,0,NA,NA,NA,NA,NA,NA,NA,NA,NA,NA,NA,NA,NA,NA,NA,NA,NA,NA,NA,NA,NA,NA,NA,NA,NA,NA,NA,NA,NA,NA,NA,NA,NA,NA,NA,NA,NA,NA,2018,1994-07-22,NA,NA,NA,NA
"Danny Etling","ATL","QB","13824","weighted",0,0,0,0,0,0,0,0,0,0,0,0,0,0,0,0,NA,NA,NA,NA,NA,NA,NA,NA,NA,NA,NA,NA,NA,NA,NA,NA,NA,NA,NA,NA,NA,NA,NA,NA,NA,NA,NA,NA,NA,NA,NA,NA,NA,NA,NA,NA,NA,NA,2018,1994-07-22,NA,NA,NA,NA
"Luke Falk","NYJ","QB","13594","weighted",0,0,0,0,0,0,0,0,0,0,0,0,0,0,0,0,NA,NA,NA,NA,NA,NA,NA,NA,NA,NA,NA,NA,NA,NA,NA,NA,NA,NA,NA,NA,NA,NA,NA,NA,NA,NA,NA,NA,NA,NA,NA,NA,NA,NA,NA,NA,NA,NA,2018,1994-12-28,NA,NA,NA,NA
"Luke Falk","FA","QB","13594","weighted",0,0,0,0,0,0,0,0,0,0,0,0,0,0,0,0,NA,NA,NA,NA,NA,NA,NA,NA,NA,NA,NA,NA,NA,NA,NA,NA,NA,NA,NA,NA,NA,NA,NA,NA,NA,NA,NA,NA,NA,NA,NA,NA,NA,NA,NA,NA,NA,NA,2018,1994-12-28,NA,NA,NA,NA
"Kyle Lauletta","FA","QB","13601","weighted",0,0,0,0,0,0,0,0,0,0,0,0,0,0,0,0,NA,NA,NA,NA,NA,NA,NA,NA,NA,NA,NA,NA,NA,NA,NA,NA,NA,NA,NA,NA,NA,NA,NA,NA,NA,NA,NA,NA,NA,NA,NA,NA,NA,NA,NA,NA,NA,NA,2018,1995-03-17,NA,NA,NA,NA
"Kyle Lauletta","PHI","QB","13601","weighted",0,0,0,0,0,0,0,0,0,0,0,0,0,0,0,0,NA,NA,NA,NA,NA,NA,NA,NA,NA,NA,NA,NA,NA,NA,NA,NA,NA,NA,NA,NA,NA,NA,NA,NA,NA,NA,NA,NA,NA,NA,NA,NA,NA,NA,NA,NA,NA,NA,2018,1995-03-17,NA,NA,NA,NA
"Tanner Lee","FA","QB","13599","weighted",0,0,0,0,0,0,0,0,0,0,0,0,0,0,0,0,NA,NA,NA,NA,NA,NA,NA,NA,NA,NA,NA,NA,NA,NA,NA,NA,NA,NA,NA,NA,NA,NA,NA,NA,NA,NA,NA,NA,NA,NA,NA,NA,NA,NA,NA,NA,NA,NA,2018,1995-02-14,NA,NA,NA,NA
"Mike White","FA","QB","13598","weighted",0,0,0,0,0,0,0,0,0,0,0,0,0,0,0,0,NA,NA,NA,NA,NA,NA,NA,NA,NA,NA,NA,NA,NA,NA,NA,NA,NA,NA,NA,NA,NA,NA,NA,NA,NA,NA,NA,NA,NA,NA,NA,NA,NA,NA,NA,NA,NA,NA,2018,1995-03-25,NA,NA,NA,NA
"Mike White","NYJ","QB","13598","weighted",0,0,0,0,0,0,0,0,0,0,0,0,0,0,0,0,NA,NA,NA,NA,NA,NA,NA,NA,NA,NA,NA,NA,NA,NA,NA,NA,NA,NA,NA,NA,NA,NA,NA,NA,NA,NA,NA,NA,NA,NA,NA,NA,NA,NA,NA,NA,NA,NA,2018,1995-03-25,NA,NA,NA,NA
"Alex McGough","FA","QB","13825","weighted",0,0,0,0,0,0,0,0,0,0,0,0,0,0,0,0,NA,NA,NA,NA,NA,NA,NA,NA,NA,NA,NA,NA,NA,NA,NA,NA,NA,NA,NA,NA,NA,NA,NA,NA,NA,NA,NA,NA,NA,NA,NA,NA,NA,NA,NA,NA,NA,NA,2018,1995-11-19,NA,NA,NA,NA
"Alex McGough","HOU","QB","13825","weighted",0,0,0,0,0,0,0,0,0,0,0,0,0,0,0,0,NA,NA,NA,NA,NA,NA,NA,NA,NA,NA,NA,NA,NA,NA,NA,NA,NA,NA,NA,NA,NA,NA,NA,NA,NA,NA,NA,NA,NA,NA,NA,NA,NA,NA,NA,NA,NA,NA,2018,1995-11-19,NA,NA,NA,NA
"Trace McSorley","BAL","QB","14061","weighted",0,0,0,0,0,0,8.69877242681775,15.9049288744404,0,0,0,0,0,0,0,0,NA,NA,NA,NA,NA,NA,NA,NA,NA,NA,NA,NA,NA,NA,NA,NA,NA,NA,NA,NA,NA,NA,NA,NA,NA,NA,NA,NA,NA,NA,NA,NA,NA,NA,NA,NA,NA,NA,2019,1970-01-01,NA,NA,NA,NA
"Tyree Jackson","FA","QB","14060","weighted",0,0,0,0,0,0,0,0,0,0,0,0,0,0,0,0,NA,NA,NA,NA,NA,NA,NA,NA,NA,NA,NA,NA,NA,NA,NA,NA,NA,NA,NA,NA,NA,NA,NA,NA,NA,NA,NA,NA,NA,NA,NA,NA,NA,NA,NA,NA,NA,NA,2019,1970-01-01,NA,NA,NA,NA
"Brett Rypien","FA","QB","14065","weighted",0,NA,0,NA,0,NA,0,NA,0,NA,0,NA,0,NA,0,NA,NA,NA,NA,NA,NA,NA,NA,NA,NA,NA,NA,NA,NA,NA,NA,NA,NA,NA,NA,NA,NA,NA,NA,NA,NA,NA,NA,NA,NA,NA,NA,NA,NA,NA,NA,NA,NA,NA,2019,NA,NA,NA,NA,NA
"Brett Rypien","DEN","QB","14065","weighted",0,NA,0,NA,0,NA,0,NA,0,NA,0,NA,0,NA,0,NA,NA,NA,NA,NA,NA,NA,NA,NA,NA,NA,NA,NA,NA,NA,NA,NA,NA,NA,NA,NA,NA,NA,NA,NA,NA,NA,NA,NA,NA,NA,NA,NA,NA,NA,NA,NA,NA,NA,2019,NA,NA,NA,NA,NA
"Easton Stick","LAC","QB","14069","weighted",0,0,0,0,0,0,0,0,0,0,0,0,0,0,0,0,NA,NA,NA,NA,NA,NA,NA,NA,NA,NA,NA,NA,NA,NA,NA,NA,NA,NA,NA,NA,NA,NA,NA,NA,NA,NA,NA,NA,NA,NA,NA,NA,NA,NA,NA,NA,NA,NA,2019,1995-09-09,NA,NA,NA,NA
"Clayton Thorson","PHI","QB","14064","weighted",0,NA,0,NA,0,NA,0,NA,0,NA,0,NA,0,NA,0,NA,NA,NA,NA,NA,NA,NA,NA,NA,NA,NA,NA,NA,NA,NA,NA,NA,NA,NA,NA,NA,NA,NA,NA,NA,NA,NA,NA,NA,NA,NA,NA,NA,NA,NA,NA,NA,NA,NA,2019,1970-01-01,NA,NA,NA,NA
"Clayton Thorson","DAL","QB","14064","weighted",0,NA,0,NA,0,NA,0,NA,0,NA,0,NA,0,NA,0,NA,NA,NA,NA,NA,NA,NA,NA,NA,NA,NA,NA,NA,NA,NA,NA,NA,NA,NA,NA,NA,NA,NA,NA,NA,NA,NA,NA,NA,NA,NA,NA,NA,NA,NA,NA,NA,NA,NA,2019,1970-01-01,NA,NA,NA,NA
"Derrick Henry","TEN","RB","12626","weighted",NA,NA,NA,NA,NA,NA,1286.1175067412,181.410636808298,11.0327265804618,1.50912124399852,1.85254850378165,0.652276933187025,0.545856626109832,0.241345513881968,0,0,21.246800394607,3.85716705355782,170.459773100954,51.6728853810818,0.747272603433326,0.634823008599391,NA,NA,NA,NA,NA,NA,NA,NA,NA,NA,NA,NA,NA,NA,NA,NA,NA,NA,NA,NA,NA,NA,NA,NA,NA,NA,NA,NA,NA,NA,NA,NA,2016,1994-01-04,NA,NA,NA,NA
"Saquon Barkley","NYG","RB","13604","weighted",NA,NA,NA,NA,NA,NA,1294.30772048668,80.6577179295873,10.2989845665277,1.38260841655177,1.62400526142716,0.797548460339807,1.35774416310424,0.394457183979131,0,0,79.64977869122,5.92850183522762,656.290374876685,68.1338721733254,3.34746049338155,0.510071831889525,NA,NA,NA,NA,NA,NA,NA,NA,NA,NA,NA,NA,NA,NA,NA,NA,NA,NA,NA,NA,NA,NA,NA,NA,NA,NA,NA,NA,NA,NA,NA,NA,2018,1997-02-09,NA,NA,NA,NA
"Ezekiel Elliott","DAL","RB","12625","weighted",NA,NA,NA,NA,NA,NA,1287.8137550148,117.034740833905,9.87294260093593,1.5103991130357,2.00296777375863,0.947172696038481,1,0,0,0,64.8753900032884,6.94836438872655,509.558043406774,61.6128208679329,2.52884390026385,0.49357495049441,NA,NA,NA,NA,NA,NA,NA,NA,NA,NA,NA,NA,NA,NA,NA,NA,NA,NA,NA,NA,NA,NA,NA,NA,NA,NA,NA,NA,NA,NA,NA,NA,2016,1995-07-22,"Q","Illness",2019,0
"Josh Jacobs","OAK","RB","14073","weighted",NA,NA,NA,NA,NA,NA,1070.61505158438,174.379744133452,7.89473268172925,1.88767204674918,1.73926160648489,0.641000228356262,0.0779071481208548,0.044299997470972,0,0,33.7980991566364,7.19340051842683,252.363592483419,87.7630341684584,0.977376576187839,0.656644205568215,NA,NA,NA,NA,NA,NA,NA,NA,NA,NA,NA,NA,NA,NA,NA,NA,NA,NA,NA,NA,NA,NA,NA,NA,NA,NA,NA,NA,NA,NA,NA,NA,2019,1998-02-11,NA,NA,NA,NA
"Josh Jacobs","LVR","RB","14073","weighted",NA,NA,NA,NA,NA,NA,1070.61505158438,174.379744133452,7.89473268172925,1.88767204674918,1.73926160648489,0.641000228356262,0.0779071481208548,0.044299997470972,0,0,33.7980991566364,7.19340051842683,252.363592483419,87.7630341684584,0.977376576187839,0.656644205568215,NA,NA,NA,NA,NA,NA,NA,NA,NA,NA,NA,NA,NA,NA,NA,NA,NA,NA,NA,NA,NA,NA,NA,NA,NA,NA,NA,NA,NA,NA,NA,NA,2019,1998-02-11,NA,NA,NA,NA
"Nick Chubb","CLE","RB","13610","weighted",NA,NA,NA,NA,NA,NA,1235.73475797435,72.0990374270364,9.652678689119,1.20383056322804,1.64725419269977,0.654522956199318,0.570272936534035,0.228369948619497,0,0,33.6125212101283,8.24213120114508,268.050240052614,62.7984436358498,1.45178001501431,0.452876529390372,NA,NA,NA,NA,NA,NA,NA,NA,NA,NA,NA,NA,NA,NA,NA,NA,NA,NA,NA,NA,NA,NA,NA,NA,NA,NA,NA,NA,NA,NA,NA,NA,2018,1995-12-27,NA,NA,NA,NA
"Sony Michel","NE","RB","13607","weighted",NA,NA,NA,NA,NA,NA,1048.44851364683,146.943770387487,8.54382658316906,1.91204132693499,1.14761723117396,0.374323962872902,0.0537158829332456,0.0285462435774371,0.102548503781651,0.05449737410238,13.7123446234791,4.34201975530061,102.284574153239,36.6802330845908,0.554813020324117,0.505337636029015,NA,NA,NA,NA,NA,NA,NA,NA,NA,NA,NA,NA,NA,NA,NA,NA,NA,NA,NA,NA,NA,NA,NA,NA,NA,NA,NA,NA,NA,NA,NA,NA,2018,1995-02-17,"Q","Foot",2019,0
"Chris Carson","SEA","RB","13364","weighted",NA,NA,NA,NA,NA,NA,1079.07025423729,155.448861087264,7.78007586199878,1.54914170021097,1.9571245394252,0.622102461903705,0.262936624907885,0.14951249146453,0,0,29.8701166789487,9.75563119750755,241.102336035372,79.9209173418598,1.21142740666133,0.524750760742172,NA,NA,NA,NA,NA,NA,NA,NA,NA,NA,NA,NA,NA,NA,NA,NA,NA,NA,NA,NA,NA,NA,NA,NA,NA,NA,NA,NA,NA,NA,NA,NA,2017,1994-09-16,"Q","Hip",2019,0
"James Conner","PIT","RB","13146","weighted",NA,NA,NA,NA,NA,NA,1056.28143699337,127.61289666503,8.63918611843145,1.43120833092576,1.34654661016949,0.310139159746682,0.613080324244658,0.276874984193575,0,0,47.5598489314665,8.28704117226408,385.781816507001,70.6799596955169,1.64346504562499,0.426767392678262,NA,NA,NA,NA,NA,NA,NA,NA,NA,NA,NA,NA,NA,NA,NA,NA,NA,NA,NA,NA,NA,NA,NA,NA,NA,NA,NA,NA,NA,NA,NA,NA,2017,1995-05-05,NA,NA,NA,NA
"Christian McCaffrey","CAR","RB","13130","weighted",NA,NA,NA,NA,NA,NA,1091.41677902006,106.920847225712,8.05071784744268,1.39641112789414,1.74207497533706,1.0527019055146,0.0146497862545215,0.00778533915748285,0,0,97.663497533706,8.88165066267848,822.830466951661,81.731250349068,4.62598415723056,0.865425284056087,NA,NA,NA,NA,NA,NA,NA,NA,NA,NA,NA,NA,NA,NA,NA,NA,NA,NA,NA,NA,NA,NA,NA,NA,NA,NA,NA,NA,NA,NA,NA,NA,2017,1996-06-07,NA,NA,NA,NA
"Mark Ingram","BAL","RB","10276","weighted",NA,NA,NA,NA,NA,NA,941.366831245394,161.059705398581,7.13713218346676,1.27378046669398,1.36299742078114,0.314339531223769,0.486919675755343,0.276874984193575,0,0,26.3546683861459,5.66861578331683,203.536300663228,31.2580704445884,1.42278631372302,0.742801952966071,NA,NA,NA,NA,NA,NA,NA,NA,NA,NA,NA,NA,NA,NA,NA,NA,NA,NA,NA,NA,NA,NA,NA,NA,NA,NA,NA,NA,NA,NA,NA,NA,2011,1989-12-21,NA,NA,NA,NA
"Joe Mixon","CIN","RB","13131","weighted",NA,NA,NA,NA,NA,NA,1168.96743209471,66.4096501271127,8.53093693528817,1.126558030411,1.50963498849063,0.667193681091449,0.540973364024992,0.243940626934463,0,0,45.8010411048997,3.4346616294748,344.447507398882,39.6342596218279,1.41525885283402,0.542060048732329,NA,NA,NA,NA,NA,NA,NA,NA,NA,NA,NA,NA,NA,NA,NA,NA,NA,NA,NA,NA,NA,NA,NA,NA,NA,NA,NA,NA,NA,NA,NA,NA,2017,1996-07-24,NA,NA,NA,NA
"Dalvin Cook","MIN","RB","13128","weighted",NA,NA,NA,NA,NA,NA,1149.46853798093,51.2622173316956,8.38439142401087,2.16366468038915,2.28048339362052,0.685495253691801,0.606790529431108,0.262106418301923,0,0,58.7235027951332,2.94210449519962,473.526662282144,61.4669568607829,2.24331769552477,0.634866572710456,NA,NA,NA,NA,NA,NA,NA,NA,NA,NA,NA,NA,NA,NA,NA,NA,NA,NA,NA,NA,NA,NA,NA,NA,NA,NA,NA,NA,NA,NA,NA,NA,2017,1995-08-10,NA,NA,NA,NA
"Leonard Fournette","JAC","RB","13129","weighted",NA,NA,NA,NA,NA,NA,1001.93163596168,127.320362455868,7.67098681265528,1.41002652122236,1.95517071972488,0.55890147400529,0.532557111274871,0.265799984825832,0,0,50.0124866433309,7.59921588898154,384.240851142226,67.9638786377775,1.029891138367,0.541423652072499,NA,NA,NA,NA,NA,NA,NA,NA,NA,NA,NA,NA,NA,NA,NA,NA,NA,NA,NA,NA,NA,NA,NA,NA,NA,NA,NA,NA,NA,NA,NA,NA,2017,1996-07-06,NA,NA,NA,NA
"Kenyan Drake","MIA","RB","12630","weighted",NA,NA,NA,NA,NA,NA,804.669272607695,228.701885462021,5.88537933363766,2.1780820186124,1.72945577112792,0.235515260275327,0.0439493587635646,0.0233560174724486,0.292995725090431,0.155706783149657,53.8589276553765,11.0912414636027,429.16868464321,94.9907394378611,2.56049816487365,0.657078584851432,NA,NA,NA,NA,NA,NA,NA,NA,NA,NA,NA,NA,NA,NA,NA,NA,NA,NA,NA,NA,NA,NA,NA,NA,NA,NA,NA,NA,NA,NA,NA,NA,2016,NA,NA,NA,NA,NA
"Kenyan Drake","ARI","RB","12630","weighted",NA,NA,NA,NA,NA,NA,804.669272607695,228.701885462021,5.88537933363766,2.1780820186124,1.72945577112792,0.235515260275327,0.0439493587635646,0.0233560174724486,0.292995725090431,0.155706783149657,53.8589276553765,11.0912414636027,429.16868464321,94.9907394378611,2.56049816487365,0.657078584851432,NA,NA,NA,NA,NA,NA,NA,NA,NA,NA,NA,NA,NA,NA,NA,NA,NA,NA,NA,NA,NA,NA,NA,NA,NA,NA,NA,NA,NA,NA,NA,NA,2016,NA,NA,NA,NA,NA
"LeVeon Bell","NYJ","RB","11192","weighted",NA,NA,NA,NA,NA,NA,1064.8628280171,129.901789175304,6.88234725639343,1.13808974538317,1.98958500493259,0.705301025408121,1,0,0,0,60.9187679491395,9.97872233999557,501.623633673134,95.3203781340494,1.92243170524472,0.861997228343196,NA,NA,NA,NA,NA,NA,NA,NA,NA,NA,NA,NA,NA,NA,NA,NA,NA,NA,NA,NA,NA,NA,NA,NA,NA,NA,NA,NA,NA,NA,NA,NA,2013,1992-08-18,NA,NA,NA,NA
"David Johnson","ARI","RB","12171","weighted",NA,NA,NA,NA,NA,NA,1009.12732851036,113.776271655727,7.20086571502778,1.40060357938681,1.97019894771457,0.497131340067763,0.755836895757974,0.129755652624714,0,0,51.0843946070372,9.91396576592205,470.881009536337,86.6395499870472,2.77017097067046,0.655771596261721,NA,NA,NA,NA,NA,NA,NA,NA,NA,NA,NA,NA,NA,NA,NA,NA,NA,NA,NA,NA,NA,NA,NA,NA,NA,NA,NA,NA,NA,NA,NA,NA,2015,1991-12-16,NA,NA,NA,NA
"David Johnson","HOU","RB","12171","weighted",NA,NA,NA,NA,NA,NA,1009.12732851036,113.776271655727,7.20086571502778,1.40060357938681,1.97019894771457,0.497131340067763,0.755836895757974,0.129755652624714,0,0,51.0843946070372,9.91396576592205,470.881009536337,86.6395499870472,2.77017097067046,0.655771596261721,NA,NA,NA,NA,NA,NA,NA,NA,NA,NA,NA,NA,NA,NA,NA,NA,NA,NA,NA,NA,NA,NA,NA,NA,NA,NA,NA,NA,NA,NA,NA,NA,2015,1991-12-16,NA,NA,NA,NA
"Aaron Jones","GB","RB","13319","weighted",NA,NA,NA,NA,NA,NA,1011.03730220322,110.128866384784,9.1977019397041,1.46851355078632,1.30441466622821,0.34589513662134,0.560506412364354,0.233560174724486,0,0,43.569171325222,6.87739576405675,350.408612298586,73.2904950169216,1.60396875966892,0.437627358545475,NA,NA,NA,NA,NA,NA,NA,NA,NA,NA,NA,NA,NA,NA,NA,NA,NA,NA,NA,NA,NA,NA,NA,NA,NA,NA,NA,NA,NA,NA,NA,NA,2017,1994-12-02,NA,NA,NA,NA
"Todd Gurley","LAR","RB","12150","weighted",NA,NA,NA,NA,NA,NA,995.483175490519,117.98886599866,9.64339230469502,1.69321941627346,1.26436303847419,0.330939004395157,1.10233475830319,0.0519022610498857,0,0,47.9550674120355,5.25300544163803,415.823285103584,54.4446787467211,2.15477343349681,0.5533259728639,NA,NA,NA,NA,NA,NA,NA,NA,NA,NA,NA,NA,NA,NA,NA,NA,NA,NA,NA,NA,NA,NA,NA,NA,NA,NA,NA,NA,NA,NA,NA,NA,2015,1994-08-03,NA,NA,NA,NA
"Todd Gurley","ATL","RB","12150","weighted",NA,NA,NA,NA,NA,NA,995.483175490519,117.98886599866,9.64339230469502,1.69321941627346,1.26436303847419,0.330939004395157,1.10233475830319,0.0519022610498857,0,0,47.9550674120355,5.25300544163803,415.823285103584,54.4446787467211,2.15477343349681,0.5533259728639,NA,NA,NA,NA,NA,NA,NA,NA,NA,NA,NA,NA,NA,NA,NA,NA,NA,NA,NA,NA,NA,NA,NA,NA,NA,NA,NA,NA,NA,NA,NA,NA,2015,1994-08-03,NA,NA,NA,NA
"Miles Sanders","PHI","RB","14079","weighted",NA,NA,NA,NA,NA,NA,758.994985261607,265.327747327564,5.35056839217994,2.13473201526498,1.37929108327192,0.898656479106915,0.0389535740604274,0.022149998735486,0,0,38.7423822975518,16.7136505597345,315.060884303611,176.334469710178,1.48075462459876,1.13058999839373,NA,NA,NA,NA,NA,NA,NA,NA,NA,NA,NA,NA,NA,NA,NA,NA,NA,NA,NA,NA,NA,NA,NA,NA,NA,NA,NA,NA,NA,NA,NA,NA,2019,1970-01-01,NA,NA,NA,NA
"Marlon Mack","IND","RB","13234","weighted",NA,NA,NA,NA,NA,NA,919.272620848405,213.8954662093,6.75573484845149,1.31956472600114,1.50080631371259,0.514300111227635,0.753502137454785,0.0778533915748285,0,0,23.0367700683255,6.79994645105136,170.717767181848,49.1669436542142,0.843340120118524,0.395871239338167,NA,NA,NA,NA,NA,NA,NA,NA,NA,NA,NA,NA,NA,NA,NA,NA,NA,NA,NA,NA,NA,NA,NA,NA,NA,NA,NA,NA,NA,NA,NA,NA,2017,NA,NA,NA,NA,NA
"Melvin Gordon","LAC","RB","12151","weighted",NA,NA,NA,NA,NA,NA,860.574495231832,149.307197959697,7.76224964874615,2.26076705880214,1.16146004603749,0.50424828686765,0.828872081552121,0.197228591989566,0,0,40.2755022105302,9.88829680226286,337.947931601447,107.846286368059,2.12533645364304,0.629335568701332,NA,NA,NA,NA,NA,NA,NA,NA,NA,NA,NA,NA,NA,NA,NA,NA,NA,NA,NA,NA,NA,NA,NA,NA,NA,NA,NA,NA,NA,NA,NA,NA,2015,1993-04-13,NA,NA,NA,NA
"Melvin Gordon","DEN","RB","12151","weighted",NA,NA,NA,NA,NA,NA,860.574495231832,149.307197959697,7.76224964874615,2.26076705880214,1.16146004603749,0.50424828686765,0.828872081552121,0.197228591989566,0,0,40.2755022105302,9.88829680226286,337.947931601447,107.846286368059,2.12533645364304,0.629335568701332,NA,NA,NA,NA,NA,NA,NA,NA,NA,NA,NA,NA,NA,NA,NA,NA,NA,NA,NA,NA,NA,NA,NA,NA,NA,NA,NA,NA,NA,NA,NA,NA,2015,1993-04-13,NA,NA,NA,NA
"David Montgomery","CHI","RB","14071","weighted",NA,NA,NA,NA,NA,NA,917.828577222405,106.638852285318,6.75470051084685,1.23501423492213,1.32142716211772,0.804692760626731,0.0781321933574482,0.0415218088399085,0,0,28.8868427783258,13.3304410402267,232.068161788885,111.595958338109,1.26159685451911,0.799677491619744,NA,NA,NA,NA,NA,NA,NA,NA,NA,NA,NA,NA,NA,NA,NA,NA,NA,NA,NA,NA,NA,NA,NA,NA,NA,NA,NA,NA,NA,NA,NA,NA,2019,1997-06-07,NA,NA,NA,NA
"Phillip Lindsay","DEN","RB","13614","weighted",NA,NA,NA,NA,NA,NA,841.035014738394,196.491184003077,6.29457534144141,1.80682329335399,1.4560304593466,0.254431084690456,0.0584303610906411,0.033224998103229,0,0,36.1920071849668,8.01778345675831,262.099388356669,71.9398833534691,1.09065924848715,0.160080139121628,NA,NA,NA,NA,NA,NA,NA,NA,NA,NA,NA,NA,NA,NA,NA,NA,NA,NA,NA,NA,NA,NA,NA,NA,NA,NA,NA,NA,NA,NA,NA,NA,2018,1994-07-24,NA,NA,NA,NA
"Kerryon Johnson","DET","RB","13612","weighted",NA,NA,NA,NA,NA,NA,858.304763783843,217.214173270535,5.71485050963352,1.26059323540779,1.49117658664913,0.271060191787831,0.0634824071029267,0.0337364696824257,0,0,39.8122708173481,10.7982300888944,325.62479118711,100.940597375813,1.73024550244824,0.551298159073153,NA,NA,NA,NA,NA,NA,NA,NA,NA,NA,NA,NA,NA,NA,NA,NA,NA,NA,NA,NA,NA,NA,NA,NA,NA,NA,NA,NA,NA,NA,NA,NA,2018,1997-06-30,NA,NA,NA,NA
"Devin Singletary","BUF","RB","14080","weighted",NA,NA,NA,NA,NA,NA,700.06219554971,331.005023082604,4.62062740296683,2.49653919208726,0.913946728049984,0.511875339146062,0.00976652416968103,0.00519022610498857,0,0,28.3136435383098,20.2733781461583,222.357257481092,152.354638896417,0.977303601465396,0.80645105838576,NA,NA,NA,NA,NA,NA,NA,NA,NA,NA,NA,NA,NA,NA,NA,NA,NA,NA,NA,NA,NA,NA,NA,NA,NA,NA,NA,NA,NA,NA,NA,NA,2019,1997-09-03,NA,NA,NA,NA
"Jordan Howard","PHI","RB","12634","weighted",NA,NA,NA,NA,NA,NA,803.285073691968,164.744760636886,6.42687942375491,1.75235322101748,1.3718570375829,0.335946447999451,0.00486919675755343,0.00276874984193575,0,0,18.3052652910833,4.06776737174717,129.420725865881,35.7599829022168,0.765342700278464,0.456830498283963,NA,NA,NA,NA,NA,NA,NA,NA,NA,NA,NA,NA,NA,NA,NA,NA,NA,NA,NA,NA,NA,NA,NA,NA,NA,NA,NA,NA,NA,NA,NA,NA,2016,1994-11-02,NA,NA,NA,NA
"Jordan Howard","MIA","RB","12634","weighted",NA,NA,NA,NA,NA,NA,803.285073691968,164.744760636886,6.42687942375491,1.75235322101748,1.3718570375829,0.335946447999451,0.00486919675755343,0.00276874984193575,0,0,18.3052652910833,4.06776737174717,129.420725865881,35.7599829022168,0.765342700278464,0.456830498283963,NA,NA,NA,NA,NA,NA,NA,NA,NA,NA,NA,NA,NA,NA,NA,NA,NA,NA,NA,NA,NA,NA,NA,NA,NA,NA,NA,NA,NA,NA,NA,NA,2016,1994-11-02,NA,NA,NA,NA
"Alvin Kamara","NO","RB","13132","weighted",NA,NA,NA,NA,NA,NA,939.120986846432,74.1739005693506,9.30244363341678,1.57502409317672,1.31628576126274,0.812843312564236,1.27834593883591,0.147921443992174,0,0,82.7772962841171,3.53926416782049,707.869496876028,93.6649660392118,3.72859094359605,0.921689967945847,NA,NA,NA,NA,NA,NA,NA,NA,NA,NA,NA,NA,NA,NA,NA,NA,NA,NA,NA,NA,NA,NA,NA,NA,NA,NA,NA,NA,NA,NA,NA,NA,2017,1995-07-25,NA,NA,NA,NA
"Devonta Freeman","ATL","RB","11660","weighted",NA,NA,NA,NA,NA,NA,845.257298947368,142.624500224939,6.49526046968356,1.7530700918902,1.01925052631579,0.0971468223756874,0,0,0,0,41.2740385964912,8.13697669146664,341.802610526316,76.3969075785029,1.69739376637943,0.788289713909952,NA,NA,NA,NA,NA,NA,NA,NA,NA,NA,NA,NA,NA,NA,NA,NA,NA,NA,NA,NA,NA,NA,NA,NA,NA,NA,NA,NA,NA,NA,NA,NA,2014,1992-03-15,NA,NA,NA,NA
"Devonta Freeman","FA","RB","11660","weighted",NA,NA,NA,NA,NA,NA,845.257298947368,142.624500224939,6.49526046968356,1.7530700918902,1.01925052631579,0.0971468223756874,0,0,0,0,41.2740385964912,8.13697669146664,341.802610526316,76.3969075785029,1.69739376637943,0.788289713909952,NA,NA,NA,NA,NA,NA,NA,NA,NA,NA,NA,NA,NA,NA,NA,NA,NA,NA,NA,NA,NA,NA,NA,NA,NA,NA,NA,NA,NA,NA,NA,NA,2014,1992-03-15,NA,NA,NA,NA
"Raheem Mostert","SF","RB","12447","weighted",NA,NA,NA,NA,NA,NA,473.068281956432,408.031747018847,4.04941224825319,3.81583335926588,0.983386765310317,0.603250221998544,0.0097081792026305,0.00590716855101835,0,0,12.373966296753,9.91895167984617,113.41714755446,100.24614637123,0.709046444718455,0.731944395844186,NA,NA,NA,NA,NA,NA,NA,NA,NA,NA,NA,NA,NA,NA,NA,NA,NA,NA,NA,NA,NA,NA,NA,NA,NA,NA,NA,NA,NA,NA,NA,NA,NA,NA,NA,NA,NA,NA
"Damien Williams","KC","RB","11886","weighted",NA,NA,NA,NA,NA,NA,718.048648470898,195.35864731444,6.65004390277468,1.90750871145686,1.12750937191713,0.0960408601144362,0.0585991450180862,0.0311413566299314,0,0,42.7422598560415,13.9387142290353,328.877250904308,114.491164869666,2.78662129524066,1.22608925422489,NA,NA,NA,NA,NA,NA,NA,NA,NA,NA,NA,NA,NA,NA,NA,NA,NA,NA,NA,NA,NA,NA,NA,NA,NA,NA,NA,NA,NA,NA,NA,NA,2014,1992-04-03,NA,NA,NA,NA
"Duke Johnson","HOU","RB","12157","weighted",NA,NA,NA,NA,NA,NA,498.976359750082,264.39148164122,2.87831308748896,2.17081104600487,0.637157513975666,0.403632448310676,0.0537158829332456,0.0285462435774371,0,0,43.1277028755161,6.62217862662858,397.372423544887,70.7531494103284,2.21887004192005,0.578826250742501,NA,NA,NA,NA,NA,NA,NA,NA,NA,NA,NA,NA,NA,NA,NA,NA,NA,NA,NA,NA,NA,NA,NA,NA,NA,NA,NA,NA,NA,NA,NA,NA,2015,1993-09-23,NA,NA,NA,NA
"Mike Davis","CHI","RB","12164","weighted",NA,NA,NA,NA,NA,NA,338.077918283363,300.972418770191,2.55483025258269,2.09520789347402,0.446728395061728,0.532000239622908,0.281526748971193,0.171415443055234,0,0,15.3084197530864,11.13879047391,106.698411522634,72.8776029913452,0.191761316872428,0.346349206740369,NA,NA,NA,NA,NA,NA,NA,NA,NA,NA,NA,NA,NA,NA,NA,NA,NA,NA,NA,NA,NA,NA,NA,NA,NA,NA,NA,NA,NA,NA,NA,NA,2015,1993-02-19,NA,NA,NA,NA
"Mike Davis","CAR","RB","12164","weighted",NA,NA,NA,NA,NA,NA,338.077918283363,300.972418770191,2.55483025258269,2.09520789347402,0.446728395061728,0.532000239622908,0.281526748971193,0.171415443055234,0,0,15.3084197530864,11.13879047391,106.698411522634,72.8776029913452,0.191761316872428,0.346349206740369,NA,NA,NA,NA,NA,NA,NA,NA,NA,NA,NA,NA,NA,NA,NA,NA,NA,NA,NA,NA,NA,NA,NA,NA,NA,NA,NA,NA,NA,NA,NA,NA,2015,1993-02-19,NA,NA,NA,NA
"Lamar Miller","HOU","RB","10708","weighted",NA,NA,NA,NA,NA,NA,344.588805970149,439.954219324555,2.21019900497512,1.79421909929307,0,0,0,0,0,0,16.4139303482587,15.308747790127,97.3179104477612,130.104673104991,0.631592039800995,0.499444632881199,NA,NA,NA,NA,NA,NA,NA,NA,NA,NA,NA,NA,NA,NA,NA,NA,NA,NA,NA,NA,NA,NA,NA,NA,NA,NA,NA,NA,NA,NA,NA,NA,2012,1991-04-25,"Q","Knee - ACL",2019,0
"Lamar Miller","FA","RB","10708","weighted",NA,NA,NA,NA,NA,NA,344.588805970149,439.954219324555,2.21019900497512,1.79421909929307,0,0,0,0,0,0,16.4139303482587,15.308747790127,97.3179104477612,130.104673104991,0.631592039800995,0.499444632881199,NA,NA,NA,NA,NA,NA,NA,NA,NA,NA,NA,NA,NA,NA,NA,NA,NA,NA,NA,NA,NA,NA,NA,NA,NA,NA,NA,NA,NA,NA,NA,NA,2012,1991-04-25,"Q","Knee - ACL",2019,0
"Peyton Barber","TB","RB","12637","weighted",NA,NA,NA,NA,NA,NA,589.918283277716,268.42287527904,3.84688917296693,1.97001657378272,1.05456340378198,0.165689764082854,0.0243418613274008,0.0138874259705312,0,0,20.4099077678902,8.70361898053768,136.188442714127,60.0476168509822,0.34700991900193,0.40146113517431,NA,NA,NA,NA,NA,NA,NA,NA,NA,NA,NA,NA,NA,NA,NA,NA,NA,NA,NA,NA,NA,NA,NA,NA,NA,NA,NA,NA,NA,NA,NA,NA,2016,1994-06-27,NA,NA,NA,NA
"Peyton Barber","WAS","RB","12637","weighted",NA,NA,NA,NA,NA,NA,589.918283277716,268.42287527904,3.84688917296693,1.97001657378272,1.05456340378198,0.165689764082854,0.0243418613274008,0.0138874259705312,0,0,20.4099077678902,8.70361898053768,136.188442714127,60.0476168509822,0.34700991900193,0.40146113517431,NA,NA,NA,NA,NA,NA,NA,NA,NA,NA,NA,NA,NA,NA,NA,NA,NA,NA,NA,NA,NA,NA,NA,NA,NA,NA,NA,NA,NA,NA,NA,NA,2016,1994-06-27,NA,NA,NA,NA
"Derrius Guice","WAS","RB","13605","weighted",NA,NA,NA,NA,NA,NA,761.591503316139,104.048540225784,5.45289750490146,0.761846917395678,1.26493920412675,0.35521520652763,0.0584303610906411,0.033224998103229,0,0,26.6244459285188,4.58295440569401,207.88365880619,63.284196964824,0.751283140338521,0.679858569207099,NA,NA,NA,NA,NA,NA,NA,NA,NA,NA,NA,NA,NA,NA,NA,NA,NA,NA,NA,NA,NA,NA,NA,NA,NA,NA,NA,NA,NA,NA,NA,NA,2018,1997-06-21,NA,NA,NA,NA
"Rashaad Penny","SEA","RB","13608","weighted",NA,NA,NA,NA,NA,NA,559.962660280029,182.480513894282,4.06382179501939,1.57337572300911,0.783049926308032,0.196482014871944,0.0194767870302137,0.011074999367743,0,0,17.9824700626382,7.60984769359849,147.111168017686,62.143496047846,0.638448143821088,0.495390328525175,NA,NA,NA,NA,NA,NA,NA,NA,NA,NA,NA,NA,NA,NA,NA,NA,NA,NA,NA,NA,NA,NA,NA,NA,NA,NA,NA,NA,NA,NA,NA,NA,2018,1996-02-02,"Q","Knee - ACL",2019,0
"Latavius Murray","NO","RB","11390","weighted",NA,NA,NA,NA,NA,NA,639.012190069056,104.81212076934,5.58901225227995,0.972219717361939,1.11882604406445,0.426905567803256,0.00488326208484051,0.00259511305249428,0,0,23.8475903394351,10.1835421592448,169.162390660967,78.1246690700603,0.594763033794813,0.662731751120368,NA,NA,NA,NA,NA,NA,NA,NA,NA,NA,NA,NA,NA,NA,NA,NA,NA,NA,NA,NA,NA,NA,NA,NA,NA,NA,NA,NA,NA,NA,NA,NA,2013,1990-01-18,NA,NA,NA,NA
"Austin Ekeler","LAC","RB","13404","weighted",NA,NA,NA,NA,NA,NA,624.972983229201,143.720972334052,3.96353961685832,1.39439554746455,0.943604077606051,0.579530503272668,0.0146497862545215,0.00778533915748285,0,0,51.4254613613943,13.7406270644162,484.827037158829,155.235798728032,2.88576043635379,1.2811681720563,NA,NA,NA,NA,NA,NA,NA,NA,NA,NA,NA,NA,NA,NA,NA,NA,NA,NA,NA,NA,NA,NA,NA,NA,NA,NA,NA,NA,NA,NA,NA,NA,NA,NA,NA,NA,NA,NA
"LeSean McCoy","KC","RB","9448","weighted",NA,NA,NA,NA,NA,NA,598.642543945312,176.913834580753,3.46021496953994,0.900753726850136,0.72488037109375,0.186189656688601,0,0,0,0,29.285822265625,8.0304235735046,228.498071289063,68.7322329766024,1.12420001802033,0.14355478873367,NA,NA,NA,NA,NA,NA,NA,NA,NA,NA,NA,NA,NA,NA,NA,NA,NA,NA,NA,NA,NA,NA,NA,NA,NA,NA,NA,NA,NA,NA,NA,NA,2009,1988-07-12,NA,NA,NA,NA
"LeSean McCoy","FA","RB","9448","weighted",NA,NA,NA,NA,NA,NA,598.642543945312,176.913834580753,3.46021496953994,0.900753726850136,0.72488037109375,0.186189656688601,0,0,0,0,29.285822265625,8.0304235735046,228.498071289063,68.7322329766024,1.12420001802033,0.14355478873367,NA,NA,NA,NA,NA,NA,NA,NA,NA,NA,NA,NA,NA,NA,NA,NA,NA,NA,NA,NA,NA,NA,NA,NA,NA,NA,NA,NA,NA,NA,NA,NA,2009,1988-07-12,NA,NA,NA,NA
"Tevin Coleman","SF","RB","12152","weighted",NA,NA,NA,NA,NA,NA,675.161643330877,92.9227341482256,4.65109430953924,0.878256714830253,1.41709653647752,0.280852937853019,0.0292151805453206,0.0166124990516145,0,0,26.9207677781872,9.7277117189394,227.91945467944,85.4983454263556,1.29378886186828,0.428307713025919,NA,NA,NA,NA,NA,NA,NA,NA,NA,NA,NA,NA,NA,NA,NA,NA,NA,NA,NA,NA,NA,NA,NA,NA,NA,NA,NA,NA,NA,NA,NA,NA,2015,1993-04-16,NA,NA,NA,NA
"Ronald Jones","TB","RB","13606","weighted",NA,NA,NA,NA,NA,NA,542.265498191384,136.578070278389,3.96444521275732,1.51550515539024,0.729258796448537,0.616213097983761,0.0341828345938836,0.01816579136746,0,0,21.9011224377946,6.90285349333769,165.697816507728,55.7133305920626,0.413655247240445,0.44886972422829,NA,NA,NA,NA,NA,NA,NA,NA,NA,NA,NA,NA,NA,NA,NA,NA,NA,NA,NA,NA,NA,NA,NA,NA,NA,NA,NA,NA,NA,NA,NA,NA,2018,1997-08-03,NA,NA,NA,NA
"Kalen Ballage","MIA","RB","13621","weighted",NA,NA,NA,NA,NA,NA,502.634721679687,150.148961084977,2.90752085457106,1.18820372946684,0.759905598958333,0.240787492401999,0.01447998046875,0.00979945561518953,0,0,19.208154296875,7.79911369396637,127.799379882813,59.2269813469365,0.111942545572917,0.241960932252039,NA,NA,NA,NA,NA,NA,NA,NA,NA,NA,NA,NA,NA,NA,NA,NA,NA,NA,NA,NA,NA,NA,NA,NA,NA,NA,NA,NA,NA,NA,NA,NA,2018,NA,NA,NA,NA,NA
"Kareem Hunt","CLE","RB","13138","weighted",NA,NA,NA,NA,NA,NA,409.438617779239,145.572446454597,3.50235657462727,1.12445248518585,0.333319302860901,0.306020437941593,0.00976652416968103,0.00519022610498857,0,0,27.8009620373415,15.9113984224658,256.853396908912,142.410882302422,1.88694030290917,1.42517886426077,NA,NA,NA,NA,NA,NA,NA,NA,NA,NA,NA,NA,NA,NA,NA,NA,NA,NA,NA,NA,NA,NA,NA,NA,NA,NA,NA,NA,NA,NA,NA,NA,2017,1995-08-06,NA,NA,NA,NA
"Justin Jackson","LAC","RB","13620","weighted",NA,NA,NA,NA,NA,NA,391.380606160254,188.056400414421,2.34755830704525,1.4530822654783,0.367844787898717,0.287834573781041,0.0195330483393621,0.0103804522099771,0,0,18.1463900763638,11.2885170913458,144.06272936534,90.7906376101245,0.176777715775545,0.240502515683633,NA,NA,NA,NA,NA,NA,NA,NA,NA,NA,NA,NA,NA,NA,NA,NA,NA,NA,NA,NA,NA,NA,NA,NA,NA,NA,NA,NA,NA,NA,NA,NA,2018,1995-04-22,NA,NA,NA,NA
"Adrian Peterson","WAS","RB","8658","weighted",NA,NA,NA,NA,NA,NA,539.236566918777,92.3500005255582,3.40703079039114,0.937193678741118,1.09269187767182,0.12003155893063,0.00976652416968103,0.00519022610498857,0,0,13.8655950162593,5.17525353043882,116.860960210457,49.1848629937957,0.181224366309049,0.245011957956108,NA,NA,NA,NA,NA,NA,NA,NA,NA,NA,NA,NA,NA,NA,NA,NA,NA,NA,NA,NA,NA,NA,NA,NA,NA,NA,NA,NA,NA,NA,NA,NA,2007,1985-03-21,NA,NA,NA,NA
"Justice Hill","BAL","RB","14086","weighted",NA,NA,NA,NA,NA,NA,278.61836403832,185.088113292753,2.11472656258477,1.39458709816208,0.443377855563744,0.282890731577674,0.0243459837877671,0.0138437492096787,0,0,12.2115231208548,8.53518283579904,115.165884303611,89.4650487794316,0.348483028763954,0.398301216640917,NA,NA,NA,NA,NA,NA,NA,NA,NA,NA,NA,NA,NA,NA,NA,NA,NA,NA,NA,NA,NA,NA,NA,NA,NA,NA,NA,NA,NA,NA,NA,NA,2019,1997-11-14,NA,NA,NA,NA
"Matt Breida","SF","RB","13378","weighted",NA,NA,NA,NA,NA,NA,556.009200442152,105.280205654777,3.10158292136721,0.441366218458958,0.876400147383935,0.589864414115148,0.00973839351510685,0.0055374996838715,0.0973839351510686,0.055374996838715,29.827427229182,7.27507382243351,248.697593957259,63.3813796283686,1.25792129120035,0.344071413386528,NA,NA,NA,NA,NA,NA,NA,NA,NA,NA,NA,NA,NA,NA,NA,NA,NA,NA,NA,NA,NA,NA,NA,NA,NA,NA,NA,NA,NA,NA,NA,NA,2017,1995-02-28,NA,NA,NA,NA
"Matt Breida","MIA","RB","13378","weighted",NA,NA,NA,NA,NA,NA,556.009200442152,105.280205654777,3.10158292136721,0.441366218458958,0.876400147383935,0.589864414115148,0.00973839351510685,0.0055374996838715,0.0973839351510686,0.055374996838715,29.827427229182,7.27507382243351,248.697593957259,63.3813796283686,1.25792129120035,0.344071413386528,NA,NA,NA,NA,NA,NA,NA,NA,NA,NA,NA,NA,NA,NA,NA,NA,NA,NA,NA,NA,NA,NA,NA,NA,NA,NA,NA,NA,NA,NA,NA,NA,2017,1995-02-28,NA,NA,NA,NA
"Royce Freeman","DEN","RB","13617","weighted",NA,NA,NA,NA,NA,NA,454.99540899042,188.853144544959,3.11991294629538,1.5694826214751,0.845536109064112,0.0720353257326454,0.0194767870302137,0.011074999367743,0,0,17.9826165254237,4.56566064959956,117.759576271186,35.8974135444278,0.395180242334552,0.42542451518782,NA,NA,NA,NA,NA,NA,NA,NA,NA,NA,NA,NA,NA,NA,NA,NA,NA,NA,NA,NA,NA,NA,NA,NA,NA,NA,NA,NA,NA,NA,NA,NA,2018,1996-02-24,NA,NA,NA,NA
"Darrell Henderson","LAR","RB","14087","weighted",NA,NA,NA,NA,NA,NA,504.32635639413,110.001117953301,3.54417409336446,0.583711751180033,1.0453249475891,0.608496016138545,0,0,0,0,18.444117999401,5.2930213920604,167.525450733753,47.9147442117609,0.757196235094844,0.409263328975703,NA,NA,NA,NA,NA,NA,NA,NA,NA,NA,NA,NA,NA,NA,NA,NA,NA,NA,NA,NA,NA,NA,NA,NA,NA,NA,NA,NA,NA,NA,NA,NA,2019,1970-01-01,"Q","Ankle",2019,0
"Alexander Mattison","MIN","RB","14223","weighted",NA,NA,NA,NA,NA,NA,359.182031130111,175.854050274527,2.17429279611519,0.904337903311323,0.546810917461361,0.276294362168182,0.0244163104242026,0.0129755652624714,0,0,13.117063831342,9.9994569977974,90.7253403485695,55.3679810612899,0.148614800689863,0.279553008275473,NA,NA,NA,NA,NA,NA,NA,NA,NA,NA,NA,NA,NA,NA,NA,NA,NA,NA,NA,NA,NA,NA,NA,NA,NA,NA,NA,NA,NA,NA,NA,NA,2019,NA,NA,NA,NA,NA
"Dion Lewis","TEN","RB","10389","weighted",NA,NA,NA,NA,NA,NA,353.607914517318,162.406357863037,1.66396260364541,0.891668637822466,0.837203389830508,0.299945380692929,0,0,0.730379513633014,0.415312476290362,38.868568072955,11.8263029285659,296.084624170965,105.996312351802,1.0308810389338,0.269297782442858,NA,NA,NA,NA,NA,NA,NA,NA,NA,NA,NA,NA,NA,NA,NA,NA,NA,NA,NA,NA,NA,NA,NA,NA,NA,NA,NA,NA,NA,NA,NA,NA,2011,1990-09-27,NA,NA,NA,NA
"Dion Lewis","NYG","RB","10389","weighted",NA,NA,NA,NA,NA,NA,353.607914517318,162.406357863037,1.66396260364541,0.891668637822466,0.837203389830508,0.299945380692929,0,0,0.730379513633014,0.415312476290362,38.868568072955,11.8263029285659,296.084624170965,105.996312351802,1.0308810389338,0.269297782442858,NA,NA,NA,NA,NA,NA,NA,NA,NA,NA,NA,NA,NA,NA,NA,NA,NA,NA,NA,NA,NA,NA,NA,NA,NA,NA,NA,NA,NA,NA,NA,NA,2011,1990-09-27,NA,NA,NA,NA
"C.J. Anderson","DET","RB","11454","weighted",NA,NA,NA,NA,NA,NA,500.174804210526,102.104282857421,3.71313346011151,1.00228640003535,0.466821052631579,0.305660853362317,0,0,0,0,13.8418912280702,9.21008390535542,105.331237894737,61.3700695656868,0.165792683409693,0.278614340172804,NA,NA,NA,NA,NA,NA,NA,NA,NA,NA,NA,NA,NA,NA,NA,NA,NA,NA,NA,NA,NA,NA,NA,NA,NA,NA,NA,NA,NA,NA,NA,NA,2013,1991-02-10,NA,NA,NA,NA
"C.J. Anderson","FA","RB","11454","weighted",NA,NA,NA,NA,NA,NA,500.174804210526,102.104282857421,3.71313346011151,1.00228640003535,0.466821052631579,0.305660853362317,0,0,0,0,13.8418912280702,9.21008390535542,105.331237894737,61.3700695656868,0.165792683409693,0.278614340172804,NA,NA,NA,NA,NA,NA,NA,NA,NA,NA,NA,NA,NA,NA,NA,NA,NA,NA,NA,NA,NA,NA,NA,NA,NA,NA,NA,NA,NA,NA,NA,NA,2013,1991-02-10,NA,NA,NA,NA
"Buddy Howell","HOU","RB","13916","weighted",NA,NA,NA,NA,NA,NA,144.275210114389,237.283470553726,0.212206502107164,0.136664079895445,0.0418101545253863,0.0265256457691591,0.0239313666465984,0.0185093720112464,0,0,3.29859121011439,2.31102823241155,52.9638013245033,48.4673525933356,0.16842865743528,0.133280877952677,NA,NA,NA,NA,NA,NA,NA,NA,NA,NA,NA,NA,NA,NA,NA,NA,NA,NA,NA,NA,NA,NA,NA,NA,NA,NA,NA,NA,NA,NA,NA,NA,2018,1970-01-01,NA,NA,NA,NA
"Gus Edwards","BAL","RB","13850","weighted",NA,NA,NA,NA,NA,NA,435.736457048911,180.058223543192,2.45048499794492,1.28366068715485,0.702355117139334,0.307985680604427,0.262120838471023,0.159493550877495,0,0,3.5958857377723,1.8617533934055,27.090649404028,13.1875708727648,0.0454870530209618,0.0813309515777212,NA,NA,NA,NA,NA,NA,NA,NA,NA,NA,NA,NA,NA,NA,NA,NA,NA,NA,NA,NA,NA,NA,NA,NA,NA,NA,NA,NA,NA,NA,NA,NA,2018,1995-04-13,NA,NA,NA,NA
"Tony Pollard","DAL","RB","14085","weighted",NA,NA,NA,NA,NA,NA,334.186595418174,152.437129740178,2.05117825976787,0.853180488783954,0.834601775731667,0.5718871931055,0.0292995725090431,0.0155706783149657,0,0,21.8762015418905,8.05937120379597,159.515149621835,75.4895072370581,0.658887447610117,0.765565066517612,NA,NA,NA,NA,NA,NA,NA,NA,NA,NA,NA,NA,NA,NA,NA,NA,NA,NA,NA,NA,NA,NA,NA,NA,NA,NA,NA,NA,NA,NA,NA,NA,2019,1997-04-30,NA,NA,NA,NA
"Jay Ajayi","FA","RB","12154","weighted",NA,NA,NA,NA,NA,NA,255.831683168317,290.161784748036,0,0,0,0,0,0,0,0,0,0,39.6980198019802,45.0251045298677,0,0,NA,NA,NA,NA,NA,NA,NA,NA,NA,NA,NA,NA,NA,NA,NA,NA,NA,NA,NA,NA,NA,NA,NA,NA,NA,NA,NA,NA,NA,NA,NA,NA,2015,1993-06-15,NA,NA,NA,NA
"DOnta Foreman","FA","RB","13134","weighted",NA,NA,NA,NA,NA,NA,261.304526748971,409.414826307011,1.80521262002743,2.82842712474619,0,0,0,0,0,0,9.02606310013717,14.1421356237309,75.3676268861454,118.086832458153,0.451303155006859,0.707106781186547,NA,NA,NA,NA,NA,NA,NA,NA,NA,NA,NA,NA,NA,NA,NA,NA,NA,NA,NA,NA,NA,NA,NA,NA,NA,NA,NA,NA,NA,NA,NA,NA,2017,1996-04-24,"O","Biceps",2019,0
"Frank Gore","BUF","RB","7877","weighted",NA,NA,NA,NA,NA,NA,379.796350516415,124.871968104181,1.92740071823888,0.757750794588925,0.327433419402434,0.318082193753818,0.0146071560309849,0.00831088664660798,0,0,12.094520933235,1.7360460890931,105.931718922907,29.5588216790173,0.127231543603346,0.210976397601391,NA,NA,NA,NA,NA,NA,NA,NA,NA,NA,NA,NA,NA,NA,NA,NA,NA,NA,NA,NA,NA,NA,NA,NA,NA,NA,NA,NA,NA,NA,NA,NA,2005,1983-05-14,NA,NA,NA,NA
"Frank Gore","NYJ","RB","7877","weighted",NA,NA,NA,NA,NA,NA,379.796350516415,124.871968104181,1.92740071823888,0.757750794588925,0.327433419402434,0.318082193753818,0.0146071560309849,0.00831088664660798,0,0,12.094520933235,1.7360460890931,105.931718922907,29.5588216790173,0.127231543603346,0.210976397601391,NA,NA,NA,NA,NA,NA,NA,NA,NA,NA,NA,NA,NA,NA,NA,NA,NA,NA,NA,NA,NA,NA,NA,NA,NA,NA,NA,NA,NA,NA,NA,NA,2005,1983-05-14,NA,NA,NA,NA
"Carlos Hyde","HOU","RB","11657","weighted",NA,NA,NA,NA,NA,NA,385.94033322372,111.67601327443,2.9946848615969,1.58604430792067,0.783884248602433,0.144387357337953,0.00976652416968103,0.00519022610498857,0,0,12.6588191019036,5.50979269550268,90.2472870766195,53.03837320366,0.207014338674159,0.339298552098199,NA,NA,NA,NA,NA,NA,NA,NA,NA,NA,NA,NA,NA,NA,NA,NA,NA,NA,NA,NA,NA,NA,NA,NA,NA,NA,NA,NA,NA,NA,NA,NA,2014,1991-09-20,"Q","Shoulder - Labrum",2019,0
"Carlos Hyde","SEA","RB","11657","weighted",NA,NA,NA,NA,NA,NA,385.94033322372,111.67601327443,2.9946848615969,1.58604430792067,0.783884248602433,0.144387357337953,0.00976652416968103,0.00519022610498857,0,0,12.6588191019036,5.50979269550268,90.2472870766195,53.03837320366,0.207014338674159,0.339298552098199,NA,NA,NA,NA,NA,NA,NA,NA,NA,NA,NA,NA,NA,NA,NA,NA,NA,NA,NA,NA,NA,NA,NA,NA,NA,NA,NA,NA,NA,NA,NA,NA,2014,1991-09-20,"Q","Shoulder - Labrum",2019,0
"Dare Ogunbowale","TB","RB","13148","weighted",NA,NA,NA,NA,NA,NA,128.372914580808,163.99154566054,0.838892782491086,0.578403088572949,0.0336599040944301,0.0368814253150154,0.0243452600516415,0.0138514777443466,0,0,10.3997233493176,6.03524657151979,99.965888509775,77.4484949945023,0.206182747536491,0.277012143337092,NA,NA,NA,NA,NA,NA,NA,NA,NA,NA,NA,NA,NA,NA,NA,NA,NA,NA,NA,NA,NA,NA,NA,NA,NA,NA,NA,NA,NA,NA,NA,NA,2017,1994-05-04,NA,NA,NA,NA
"Ito Smith","ATL","RB","13768","weighted",NA,NA,NA,NA,NA,NA,366.682394988946,71.8162404146971,2.66686574464477,1.07190607482215,0.473609985261606,0.285811872103084,0.0146075902726603,0.00830624952580724,0,0,28.1815618091378,5.20512931563354,181.077457627119,58.3568476713217,0.676126663094324,0.503842129854605,NA,NA,NA,NA,NA,NA,NA,NA,NA,NA,NA,NA,NA,NA,NA,NA,NA,NA,NA,NA,NA,NA,NA,NA,NA,NA,NA,NA,NA,NA,NA,NA,2018,1995-09-11,NA,NA,NA,NA
"Darwin Thompson","KC","RB","14284","weighted",NA,NA,NA,NA,NA,NA,233.34211409396,152.08649091971,1.251985853002,0.911351182663163,0.42489408557047,0.308642640175856,0.0242554530201342,0.0149246080749363,0,0,12.8978643336529,5.95097947941564,99.3808263422819,52.8972565316061,0.342235542373848,0.401584488221821,NA,NA,NA,NA,NA,NA,NA,NA,NA,NA,NA,NA,NA,NA,NA,NA,NA,NA,NA,NA,NA,NA,NA,NA,NA,NA,NA,NA,NA,NA,NA,NA,2019,NA,NA,NA,NA,NA
"Damien Harris","NE","RB","14075","weighted",NA,NA,NA,NA,NA,NA,306.459257550336,126.467728523025,2.51740111238797,0.943883452454567,0.91376677852349,0.57215647693936,0.0194043624161074,0.011939686459949,0,0,8.7618618168744,5.2014742610546,94.2416862416107,84.0312462857462,0.273283796740173,0.360137757358542,NA,NA,NA,NA,NA,NA,NA,NA,NA,NA,NA,NA,NA,NA,NA,NA,NA,NA,NA,NA,NA,NA,NA,NA,NA,NA,NA,NA,NA,NA,NA,NA,2019,1970-01-01,NA,NA,NA,NA
"Boston Scott","FA","RB","13814","weighted",NA,NA,NA,NA,NA,NA,233.536873781676,180.812722315738,2.34108918128655,2.06700666359597,0.466435185185185,0.339955160551837,0,0,0,0,16.1466471734893,14.0817941324807,137.387514619883,125.632164774898,0.52817738791423,0.463296982861123,NA,NA,NA,NA,NA,NA,NA,NA,NA,NA,NA,NA,NA,NA,NA,NA,NA,NA,NA,NA,NA,NA,NA,NA,NA,NA,NA,NA,NA,NA,NA,NA,2018,1995-04-27,NA,NA,NA,NA
"Boston Scott","PHI","RB","13814","weighted",NA,NA,NA,NA,NA,NA,233.536873781676,180.812722315738,2.34108918128655,2.06700666359597,0.466435185185185,0.339955160551837,0,0,0,0,16.1466471734893,14.0817941324807,137.387514619883,125.632164774898,0.52817738791423,0.463296982861123,NA,NA,NA,NA,NA,NA,NA,NA,NA,NA,NA,NA,NA,NA,NA,NA,NA,NA,NA,NA,NA,NA,NA,NA,NA,NA,NA,NA,NA,NA,NA,NA,2018,1995-04-27,NA,NA,NA,NA
"Chase Edmonds","ARI","RB","13726","weighted",NA,NA,NA,NA,NA,NA,279.308488435822,110.188354083121,1.88817703506886,1.37663593963364,0.395886879316014,0.275093588510975,0.0146497862545215,0.00778533915748285,0,0,17.9863330775695,2.9584930122109,129.86276224926,10.4126956626234,0.521962437810723,0.455749420575235,NA,NA,NA,NA,NA,NA,NA,NA,NA,NA,NA,NA,NA,NA,NA,NA,NA,NA,NA,NA,NA,NA,NA,NA,NA,NA,NA,NA,NA,NA,NA,NA,2018,1996-04-13,NA,NA,NA,NA
"Malcolm Brown","LAR","RB","12386","weighted",NA,NA,NA,NA,NA,NA,275.217120464759,128.320802507684,2.04832473869957,0.949349235140933,0.0691561986188754,0.0978796683489296,0,0,0,0,7.72861777923929,3.62288094927408,55.3917033870437,27.5283104735336,0.139716185231267,0.234639802724497,NA,NA,NA,NA,NA,NA,NA,NA,NA,NA,NA,NA,NA,NA,NA,NA,NA,NA,NA,NA,NA,NA,NA,NA,NA,NA,NA,NA,NA,NA,NA,NA,2015,1993-05-15,NA,NA,NA,NA
"Jamaal Williams","GB","RB","13139","weighted",NA,NA,NA,NA,NA,NA,372.891039056743,86.0528020118623,2.35832943236651,0.792052072129948,0.513878653893392,0.281317576012403,0.0146075902726603,0.00830624952580724,0,0,25.4522683308769,2.52986083397809,191.580062638172,34.1234358395014,1.1295355339121,0.657511368298785,NA,NA,NA,NA,NA,NA,NA,NA,NA,NA,NA,NA,NA,NA,NA,NA,NA,NA,NA,NA,NA,NA,NA,NA,NA,NA,NA,NA,NA,NA,NA,NA,2017,NA,NA,NA,NA,NA
"Tarik Cohen","CHI","RB","13290","weighted",NA,NA,NA,NA,NA,NA,342.016723665461,69.4415446486107,2.20875250121427,0.861372740338595,1.70875896086814,0.495121250723944,0.00976652416968103,0.00519022610498857,0.645856626109832,0.241345513881968,65.5287339690891,9.18942616016425,552.512624136797,107.889420243717,3.17493774455237,0.519583368803191,NA,NA,NA,NA,NA,NA,NA,NA,NA,NA,NA,NA,NA,NA,NA,NA,NA,NA,NA,NA,NA,NA,NA,NA,NA,NA,NA,NA,NA,NA,NA,NA,2017,1995-07-26,NA,NA,NA,NA
"Ryquell Armstead","JAC","RB","14093","weighted",NA,NA,NA,NA,NA,NA,254.108306569343,162.632801565657,1.39861719383617,0.814316706971366,0.434021897810219,0.338306960859377,0.0241362530413625,0.0163047515763495,0,0,11.279502838605,6.62216121552667,89.1796301703163,61.3226719153674,0.591698296836983,0.750652604722487,NA,NA,NA,NA,NA,NA,NA,NA,NA,NA,NA,NA,NA,NA,NA,NA,NA,NA,NA,NA,NA,NA,NA,NA,NA,NA,NA,NA,NA,NA,NA,NA,2019,NA,NA,NA,NA,NA
"Jaylen Samuels","PIT","RB","13613","weighted",NA,NA,NA,NA,NA,NA,296.459528371408,93.839703364368,1.58243139962256,0.949936850401829,0.470886145910096,0.286320384545062,0.0194767870302137,0.011074999367743,0,0,33.4060952468681,10.5116872072066,278.744347826087,112.48943054661,1.63278157703125,0.664428962823752,NA,NA,NA,NA,NA,NA,NA,NA,NA,NA,NA,NA,NA,NA,NA,NA,NA,NA,NA,NA,NA,NA,NA,NA,NA,NA,NA,NA,NA,NA,NA,NA,2018,1996-07-20,NA,NA,NA,NA
"Jalen Richard","OAK","RB","12912","weighted",NA,NA,NA,NA,NA,NA,263.839959469418,66.827957071506,1.42565402647828,0.476418459447843,1.77378131908622,1.13932667311672,0,0,0.0486919675755343,0.0276874984193575,45.5921034450995,14.38048491553,411.69402358143,136.981892786921,1.30753274207364,0.906824657548758,NA,NA,NA,NA,NA,NA,NA,NA,NA,NA,NA,NA,NA,NA,NA,NA,NA,NA,NA,NA,NA,NA,NA,NA,NA,NA,NA,NA,NA,NA,NA,NA,2016,1993-10-15,NA,NA,NA,NA
"Jalen Richard","LVR","RB","12912","weighted",NA,NA,NA,NA,NA,NA,263.839959469418,66.827957071506,1.42565402647828,0.476418459447843,1.77378131908622,1.13932667311672,0,0,0.0486919675755343,0.0276874984193575,45.5921034450995,14.38048491553,411.69402358143,136.981892786921,1.30753274207364,0.906824657548758,NA,NA,NA,NA,NA,NA,NA,NA,NA,NA,NA,NA,NA,NA,NA,NA,NA,NA,NA,NA,NA,NA,NA,NA,NA,NA,NA,NA,NA,NA,NA,NA,2016,1993-10-15,NA,NA,NA,NA
"Benny Snell","PIT","RB","14072","weighted",NA,NA,NA,NA,NA,NA,180.364701240135,147.008992944411,1.04308906426156,1.25710270232657,0.522923712889891,0.365878469127849,0,0,0,0,4.12444193912063,4.47472480069376,32.8234160090192,35.26205955513,0.11435174746336,0.271731830535106,NA,NA,NA,NA,NA,NA,NA,NA,NA,NA,NA,NA,NA,NA,NA,NA,NA,NA,NA,NA,NA,NA,NA,NA,NA,NA,NA,NA,NA,NA,NA,NA,2019,1970-01-01,NA,NA,NA,NA
"Jerick McKinnon","SF","RB","11761","weighted",NA,NA,NA,NA,NA,NA,241.22088115942,165.158674404524,1.74067246376812,1.34366641631843,1.00544927536232,0.737003158964063,0,0,0,0,16.0092637681159,13.0460721733376,131.023779710145,108.558299214013,0.650515942028985,0.479772287986558,NA,NA,NA,NA,NA,NA,NA,NA,NA,NA,NA,NA,NA,NA,NA,NA,NA,NA,NA,NA,NA,NA,NA,NA,NA,NA,NA,NA,NA,NA,NA,NA,2014,1992-05-03,NA,NA,NA,NA
"Isaiah Crowell","OAK","RB","11668","weighted",NA,NA,NA,NA,NA,NA,183.044381491974,199.112746734989,0.933899905571294,1.0158813608928,0,0,0,0,0,0,9.80594900849858,10.6667542893744,71.443342776204,77.7149241082993,0.466949952785647,0.5079406804464,NA,NA,NA,NA,NA,NA,NA,NA,NA,NA,NA,NA,NA,NA,NA,NA,NA,NA,NA,NA,NA,NA,NA,NA,NA,NA,NA,NA,NA,NA,NA,NA,2014,1993-01-08,"Q","Achilles",2019,0
"Isaiah Crowell","FA","RB","11668","weighted",NA,NA,NA,NA,NA,NA,183.044381491974,199.112746734989,0.933899905571294,1.0158813608928,0,0,0,0,0,0,9.80594900849858,10.6667542893744,71.443342776204,77.7149241082993,0.466949952785647,0.5079406804464,NA,NA,NA,NA,NA,NA,NA,NA,NA,NA,NA,NA,NA,NA,NA,NA,NA,NA,NA,NA,NA,NA,NA,NA,NA,NA,NA,NA,NA,NA,NA,NA,2014,1993-01-08,"Q","Achilles",2019,0
"James White","NE","RB","11747","weighted",NA,NA,NA,NA,NA,NA,281.797511783405,72.4112307566435,2.08751978528184,0.687831134006779,0.300915488326208,0.31207578022542,0.258812890496547,0.137540991782197,0,0,68.7812466659359,11.3775608668915,613.582726076948,93.5768097355334,3.93289627770557,0.739985086767542,NA,NA,NA,NA,NA,NA,NA,NA,NA,NA,NA,NA,NA,NA,NA,NA,NA,NA,NA,NA,NA,NA,NA,NA,NA,NA,NA,NA,NA,NA,NA,NA,2014,1992-02-03,NA,NA,NA,NA
"Mike Weber","FA","RB","14077","weighted",NA,NA,NA,NA,NA,NA,126.89603960396,196.415716970886,0.464851485148515,0.521228348679118,0,0,0,0,0,0,0.92970297029703,1.04245669735824,21.5792079207921,30.3900700268729,0,0,NA,NA,NA,NA,NA,NA,NA,NA,NA,NA,NA,NA,NA,NA,NA,NA,NA,NA,NA,NA,NA,NA,NA,NA,NA,NA,NA,NA,NA,NA,NA,NA,2019,1970-01-01,NA,NA,NA,NA
"Jordan Wilkins","IND","RB","13789","weighted",NA,NA,NA,NA,NA,NA,195.145256103399,135.617751855651,1.23408808042125,1.17724589912112,0.0741311632359981,0.0459643506491232,0.0144901866921972,0.00969791411869572,0,0,9.46756342747726,9.10308668010304,62.5870512206798,59.2672147233184,0.0530780277644806,0.0884072002269982,NA,NA,NA,NA,NA,NA,NA,NA,NA,NA,NA,NA,NA,NA,NA,NA,NA,NA,NA,NA,NA,NA,NA,NA,NA,NA,NA,NA,NA,NA,NA,NA,2018,1994-07-18,NA,NA,NA,NA
"Bilal Powell","NYJ","RB","10369","weighted",NA,NA,NA,NA,NA,NA,164.871704459562,116.190727702704,0.695193250032588,0.806836385037446,0.424744897959184,0.407580585165362,0,0,0,0,10.2017361111111,5.00455394186898,87.5419075963719,44.3996788363284,0.325904608444694,0.41171117169635,NA,NA,NA,NA,NA,NA,NA,NA,NA,NA,NA,NA,NA,NA,NA,NA,NA,NA,NA,NA,NA,NA,NA,NA,NA,NA,NA,NA,NA,NA,NA,NA,2011,1988-10-27,NA,NA,NA,NA
"Bilal Powell","FA","RB","10369","weighted",NA,NA,NA,NA,NA,NA,164.871704459562,116.190727702704,0.695193250032588,0.806836385037446,0.424744897959184,0.407580585165362,0,0,0,0,10.2017361111111,5.00455394186898,87.5419075963719,44.3996788363284,0.325904608444694,0.41171117169635,NA,NA,NA,NA,NA,NA,NA,NA,NA,NA,NA,NA,NA,NA,NA,NA,NA,NA,NA,NA,NA,NA,NA,NA,NA,NA,NA,NA,NA,NA,NA,NA,2011,1988-10-27,NA,NA,NA,NA
"Jeffery Wilson","FA","RB","14017","weighted",NA,NA,NA,NA,NA,NA,177.925970798385,171.68131752815,1.29158434296365,2.28286212408509,0.958030444237341,1.02065888795352,0.0186766076421249,0.0201618033864503,0,0,5.71201304753029,5.79461714327209,56.1068406337372,59.6738351691528,0.150242311276794,0.277217208546423,NA,NA,NA,NA,NA,NA,NA,NA,NA,NA,NA,NA,NA,NA,NA,NA,NA,NA,NA,NA,NA,NA,NA,NA,NA,NA,NA,NA,NA,NA,NA,NA,2018,1970-01-01,NA,NA,NA,NA
"Jeffery Wilson","SF","RB","14017","weighted",NA,NA,NA,NA,NA,NA,177.925970798385,171.68131752815,1.29158434296365,2.28286212408509,0.958030444237341,1.02065888795352,0.0186766076421249,0.0201618033864503,0,0,5.71201304753029,5.79461714327209,56.1068406337372,59.6738351691528,0.150242311276794,0.277217208546423,NA,NA,NA,NA,NA,NA,NA,NA,NA,NA,NA,NA,NA,NA,NA,NA,NA,NA,NA,NA,NA,NA,NA,NA,NA,NA,NA,NA,NA,NA,NA,NA,2018,1970-01-01,NA,NA,NA,NA
"Ty Montgomery","NYJ","RB","12261","weighted",NA,NA,NA,NA,NA,NA,159.772889476778,111.819980265893,0.945757440496779,0.436749281070247,0.425555555555556,0.496612597764885,0,0,0.0388312757201646,0.0236435093869288,20.4109300411523,11.2989817112907,165.823563786008,88.9930225562502,0.5819670781893,0.454391850142876,NA,NA,NA,NA,NA,NA,NA,NA,NA,NA,NA,NA,NA,NA,NA,NA,NA,NA,NA,NA,NA,NA,NA,NA,NA,NA,NA,NA,NA,NA,NA,NA,2015,1993-01-22,NA,NA,NA,NA
"Ty Montgomery","NO","RB","12261","weighted",NA,NA,NA,NA,NA,NA,159.772889476778,111.819980265893,0.945757440496779,0.436749281070247,0.425555555555556,0.496612597764885,0,0,0.0388312757201646,0.0236435093869288,20.4109300411523,11.2989817112907,165.823563786008,88.9930225562502,0.5819670781893,0.454391850142876,NA,NA,NA,NA,NA,NA,NA,NA,NA,NA,NA,NA,NA,NA,NA,NA,NA,NA,NA,NA,NA,NA,NA,NA,NA,NA,NA,NA,NA,NA,NA,NA,2015,1993-01-22,NA,NA,NA,NA
"Nyheim Hines","IND","RB","13622","weighted",NA,NA,NA,NA,NA,NA,262.048706565823,62.3688930631319,1.91379158435751,0.658991840821391,0.38074580730023,0.282076924493053,0.0146497862545215,0.00778533915748285,0,0,46.6158376265117,13.3889511338063,372.875744820783,115.784812945331,1.81734413249006,1.29657278448529,NA,NA,NA,NA,NA,NA,NA,NA,NA,NA,NA,NA,NA,NA,NA,NA,NA,NA,NA,NA,NA,NA,NA,NA,NA,NA,NA,NA,NA,NA,NA,NA,2018,1996-11-12,NA,NA,NA,NA
"Giovani Bernard","CIN","RB","11193","weighted",NA,NA,NA,NA,NA,NA,268.550269648142,45.7485586055321,1.76993514967604,0.416709170424343,0.404636632686616,0.301243220975134,0,0,0,0,35.728901311703,8.3288842656146,270.487645511345,65.1146008596163,0.849653315285866,0.347389583729814,NA,NA,NA,NA,NA,NA,NA,NA,NA,NA,NA,NA,NA,NA,NA,NA,NA,NA,NA,NA,NA,NA,NA,NA,NA,NA,NA,NA,NA,NA,NA,NA,2013,1991-11-22,NA,NA,NA,NA
"Jordan Scarlett","CAR","RB","14094","weighted",NA,NA,NA,NA,NA,NA,108.714534342258,128.918345947169,0.503040745052386,0.496837784836949,0.00383391540551028,0.0036891863082573,0.0239668218859139,0.0182045644726455,0,0,6.04173923166473,5.11233616378309,47.9340570430733,35.7431185852854,0.07623282887078,0.146399370994726,NA,NA,NA,NA,NA,NA,NA,NA,NA,NA,NA,NA,NA,NA,NA,NA,NA,NA,NA,NA,NA,NA,NA,NA,NA,NA,NA,NA,NA,NA,NA,NA,2019,NA,NA,NA,NA,NA
"Brian Hill","ATL","RB","13240","weighted",NA,NA,NA,NA,NA,NA,249.018227229147,33.1962118677467,1.69306867650238,0.54397044298901,0.699652444870566,0.521639258788275,0.0193192713326941,0.0129400518151054,0,0,6.58089884947267,5.13246906103029,50.4740292425695,39.130467504526,0.191347874720358,0.274973476887806,NA,NA,NA,NA,NA,NA,NA,NA,NA,NA,NA,NA,NA,NA,NA,NA,NA,NA,NA,NA,NA,NA,NA,NA,NA,NA,NA,NA,NA,NA,NA,NA,2017,1995-11-09,NA,NA,NA,NA
"Rex Burkhead","NE","RB","11182","weighted",NA,NA,NA,NA,NA,NA,203.673552536232,88.0222652147681,1.80663009150028,0.843386614617308,0.601893115942029,0.297226995968207,0,0,0,0,17.6319311594203,7.89810451057633,161.927126811594,77.5104693938608,0.55181884057971,0.464545361085446,NA,NA,NA,NA,NA,NA,NA,NA,NA,NA,NA,NA,NA,NA,NA,NA,NA,NA,NA,NA,NA,NA,NA,NA,NA,NA,NA,NA,NA,NA,NA,NA,2013,1990-07-02,NA,NA,NA,NA
"Chris Thompson","WAS","RB","11186","weighted",NA,NA,NA,NA,NA,NA,174.675521210128,66.7145729593802,0.646971343043752,0.454284267577993,0.361427162117724,0.29747331617614,0,0,0,0,48.1634988490628,12.9108268848859,364.760394607037,62.4546194676191,1.27949225883116,0.581916351346543,NA,NA,NA,NA,NA,NA,NA,NA,NA,NA,NA,NA,NA,NA,NA,NA,NA,NA,NA,NA,NA,NA,NA,NA,NA,NA,NA,NA,NA,NA,NA,NA,2013,1990-10-20,NA,NA,NA,NA
"Chris Thompson","JAC","RB","11186","weighted",NA,NA,NA,NA,NA,NA,174.675521210128,66.7145729593802,0.646971343043752,0.454284267577993,0.361427162117724,0.29747331617614,0,0,0,0,48.1634988490628,12.9108268848859,364.760394607037,62.4546194676191,1.27949225883116,0.581916351346543,NA,NA,NA,NA,NA,NA,NA,NA,NA,NA,NA,NA,NA,NA,NA,NA,NA,NA,NA,NA,NA,NA,NA,NA,NA,NA,NA,NA,NA,NA,NA,NA,2013,1990-10-20,NA,NA,NA,NA
"Alfred Blue","JAC","RB","11834","weighted",NA,NA,NA,NA,NA,NA,264.874820415879,28.0110904140211,1.14926275992439,0.272736355432944,0,0,0,0,0,0,13.7232325141777,2.27017825297172,122.444584120983,35.5295923025458,0.227003780718336,0.414786540554269,NA,NA,NA,NA,NA,NA,NA,NA,NA,NA,NA,NA,NA,NA,NA,NA,NA,NA,NA,NA,NA,NA,NA,NA,NA,NA,NA,NA,NA,NA,NA,NA,2014,1991-04-27,NA,NA,NA,NA
"Alfred Blue","FA","RB","11834","weighted",NA,NA,NA,NA,NA,NA,264.874820415879,28.0110904140211,1.14926275992439,0.272736355432944,0,0,0,0,0,0,13.7232325141777,2.27017825297172,122.444584120983,35.5295923025458,0.227003780718336,0.414786540554269,NA,NA,NA,NA,NA,NA,NA,NA,NA,NA,NA,NA,NA,NA,NA,NA,NA,NA,NA,NA,NA,NA,NA,NA,NA,NA,NA,NA,NA,NA,NA,NA,2014,1991-04-27,NA,NA,NA,NA
"Damarea Crockett","FA","RB","14098","weighted",NA,NA,NA,NA,NA,NA,130.557489711934,204.558920729456,0.866502057613169,1.35764501987817,0.189547325102881,0.29698484809835,0.0225651577503429,0.0353553390593274,0,0,7.08997256515775,11.1086475324407,63.430658436214,99.3838580957693,0.261755829903978,0.410121933088197,NA,NA,NA,NA,NA,NA,NA,NA,NA,NA,NA,NA,NA,NA,NA,NA,NA,NA,NA,NA,NA,NA,NA,NA,NA,NA,NA,NA,NA,NA,NA,NA,2019,NA,NA,NA,NA,NA
"Damarea Crockett","GB","RB","14098","weighted",NA,NA,NA,NA,NA,NA,130.557489711934,204.558920729456,0.866502057613169,1.35764501987817,0.189547325102881,0.29698484809835,0.0225651577503429,0.0353553390593274,0,0,7.08997256515775,11.1086475324407,63.430658436214,99.3838580957693,0.261755829903978,0.410121933088197,NA,NA,NA,NA,NA,NA,NA,NA,NA,NA,NA,NA,NA,NA,NA,NA,NA,NA,NA,NA,NA,NA,NA,NA,NA,NA,NA,NA,NA,NA,NA,NA,2019,NA,NA,NA,NA,NA
"Alfred Morris","DAL","RB","10870","weighted",NA,NA,NA,NA,NA,NA,125.583476946334,96.4223361858102,1.00793771177673,0.705615579988159,0.341808390022676,0.288501494465882,0,0,0,0,3.96339994331066,2.9330903018396,29.7435515873016,24.4212109767791,0.0626752832990383,0.128085448324634,NA,NA,NA,NA,NA,NA,NA,NA,NA,NA,NA,NA,NA,NA,NA,NA,NA,NA,NA,NA,NA,NA,NA,NA,NA,NA,NA,NA,NA,NA,NA,NA,2012,1988-12-12,NA,NA,NA,NA
"Alfred Morris","FA","RB","10870","weighted",NA,NA,NA,NA,NA,NA,125.583476946334,96.4223361858102,1.00793771177673,0.705615579988159,0.341808390022676,0.288501494465882,0,0,0,0,3.96339994331066,2.9330903018396,29.7435515873016,24.4212109767791,0.0626752832990383,0.128085448324634,NA,NA,NA,NA,NA,NA,NA,NA,NA,NA,NA,NA,NA,NA,NA,NA,NA,NA,NA,NA,NA,NA,NA,NA,NA,NA,NA,NA,NA,NA,NA,NA,2012,1988-12-12,NA,NA,NA,NA
"Wayne Gallman","NYG","RB","13135","weighted",NA,NA,NA,NA,NA,NA,175.280345158197,76.1575146165136,0.965107373204916,0.528547316286208,0.410632790028763,0.323841198439176,0.00482981783317354,0.00323501295377634,0,0,11.1719990412272,5.85770834898053,83.0766059443912,35.7028640908548,0.0814765100671141,0.146070570468554,NA,NA,NA,NA,NA,NA,NA,NA,NA,NA,NA,NA,NA,NA,NA,NA,NA,NA,NA,NA,NA,NA,NA,NA,NA,NA,NA,NA,NA,NA,NA,NA,2017,1994-10-01,NA,NA,NA,NA
"DeAndre Washington","OAK","RB","12857","weighted",NA,NA,NA,NA,NA,NA,148.392642827785,73.7081190876892,0.852078236778736,0.301064725369196,0.0467447595561036,0.0564923382617765,0,0,0,0,9.05612823674476,7.06799416688333,69.4109905466502,53.6816696673245,0.211313205178654,0.351222861834777,NA,NA,NA,NA,NA,NA,NA,NA,NA,NA,NA,NA,NA,NA,NA,NA,NA,NA,NA,NA,NA,NA,NA,NA,NA,NA,NA,NA,NA,NA,NA,NA,2016,1993-02-22,NA,NA,NA,NA
"DeAndre Washington","KC","RB","12857","weighted",NA,NA,NA,NA,NA,NA,148.392642827785,73.7081190876892,0.852078236778736,0.301064725369196,0.0467447595561036,0.0564923382617765,0,0,0,0,9.05612823674476,7.06799416688333,69.4109905466502,53.6816696673245,0.211313205178654,0.351222861834777,NA,NA,NA,NA,NA,NA,NA,NA,NA,NA,NA,NA,NA,NA,NA,NA,NA,NA,NA,NA,NA,NA,NA,NA,NA,NA,NA,NA,NA,NA,NA,NA,2016,1993-02-22,NA,NA,NA,NA
"Darren Sproles","PHI","RB","7942","weighted",NA,NA,NA,NA,NA,NA,116.010811990687,76.1777162498473,0.151684919614166,0.187059897717764,0,0,0,0,0,0,17.7734303453628,8.12682523794491,189.21457363213,113.64377959857,0.227489375224798,0.284933377669688,NA,NA,NA,NA,NA,NA,NA,NA,NA,NA,NA,NA,NA,NA,NA,NA,NA,NA,NA,NA,NA,NA,NA,NA,NA,NA,NA,NA,NA,NA,NA,NA,2005,1983-06-20,NA,NA,NA,NA
"Darren Sproles","FA","RB","7942","weighted",NA,NA,NA,NA,NA,NA,116.010811990687,76.1777162498473,0.151684919614166,0.187059897717764,0,0,0,0,0,0,17.7734303453628,8.12682523794491,189.21457363213,113.64377959857,0.227489375224798,0.284933377669688,NA,NA,NA,NA,NA,NA,NA,NA,NA,NA,NA,NA,NA,NA,NA,NA,NA,NA,NA,NA,NA,NA,NA,NA,NA,NA,NA,NA,NA,NA,NA,NA,2005,1983-06-20,NA,NA,NA,NA
"Corey Clement","PHI","RB","13136","weighted",NA,NA,NA,NA,NA,NA,173.845889949467,56.4058646192422,1.13455923638405,0.383722347730424,0.357843907916901,0.404019798777028,0.484868051656373,0.360812632544409,0,0,17.2946883773161,7.42285406012924,131.919348680517,51.0512648284523,0.329595732734419,0.449297491276623,NA,NA,NA,NA,NA,NA,NA,NA,NA,NA,NA,NA,NA,NA,NA,NA,NA,NA,NA,NA,NA,NA,NA,NA,NA,NA,NA,NA,NA,NA,NA,NA,2017,NA,NA,NA,NA,NA
"Mark Walton","MIA","RB","13616","weighted",NA,NA,NA,NA,NA,NA,108.367841155235,98.5871135901057,0.572404332129964,0.450337242381856,0.302902527075812,0.34641339025072,0.0189747292418773,0.0167353179332906,0,0,4.48849819494585,3.36965335042861,34.7947220216607,32.8785556608487,0.269646209386282,0.376191834426633,NA,NA,NA,NA,NA,NA,NA,NA,NA,NA,NA,NA,NA,NA,NA,NA,NA,NA,NA,NA,NA,NA,NA,NA,NA,NA,NA,NA,NA,NA,NA,NA,2018,1997-03-29,NA,NA,NA,NA
"Mark Walton","FA","RB","13616","weighted",NA,NA,NA,NA,NA,NA,108.367841155235,98.5871135901057,0.572404332129964,0.450337242381856,0.302902527075812,0.34641339025072,0.0189747292418773,0.0167353179332906,0,0,4.48849819494585,3.36965335042861,34.7947220216607,32.8785556608487,0.269646209386282,0.376191834426633,NA,NA,NA,NA,NA,NA,NA,NA,NA,NA,NA,NA,NA,NA,NA,NA,NA,NA,NA,NA,NA,NA,NA,NA,NA,NA,NA,NA,NA,NA,NA,NA,2018,1997-03-29,NA,NA,NA,NA
"Doug Martin","OAK","RB","10709","weighted",NA,NA,NA,NA,NA,NA,98.835390946502,154.856385079854,0.902606310013717,1.41421356237309,0,0,0,0,0,0,1.80521262002743,2.82842712474619,14.8930041152263,23.3345237791561,0,0,NA,NA,NA,NA,NA,NA,NA,NA,NA,NA,NA,NA,NA,NA,NA,NA,NA,NA,NA,NA,NA,NA,NA,NA,NA,NA,NA,NA,NA,NA,NA,NA,2012,1989-01-13,"Q","Shoulder",2019,0
"Doug Martin","FA","RB","10709","weighted",NA,NA,NA,NA,NA,NA,98.835390946502,154.856385079854,0.902606310013717,1.41421356237309,0,0,0,0,0,0,1.80521262002743,2.82842712474619,14.8930041152263,23.3345237791561,0,0,NA,NA,NA,NA,NA,NA,NA,NA,NA,NA,NA,NA,NA,NA,NA,NA,NA,NA,NA,NA,NA,NA,NA,NA,NA,NA,NA,NA,NA,NA,NA,NA,2012,1989-01-13,"Q","Shoulder",2019,0
"T.J. Yeldon","BUF","RB","12153","weighted",NA,NA,NA,NA,NA,NA,139.539350756859,69.4790270929,0.425391869919713,0.457241014173956,0.246175496688742,0.177760428457183,0.00485306291390728,0.00296405944518183,0,0,23.2171895695364,11.0143708500029,190.880674668874,93.2278650194267,0.775091059602649,0.59148750977235,NA,NA,NA,NA,NA,NA,NA,NA,NA,NA,NA,NA,NA,NA,NA,NA,NA,NA,NA,NA,NA,NA,NA,NA,NA,NA,NA,NA,NA,NA,NA,NA,2015,1993-10-02,NA,NA,NA,NA
"Theo Riddick","DEN","RB","11188","weighted",NA,NA,NA,NA,NA,NA,99.7183507306889,87.295764825989,0.522004175365344,0.665736821986388,0.118823938761308,0.102686207360774,0,0,0,0,26.0689213639527,21.5796526862338,189.600480167015,153.854933339531,0.902512178148921,0.823954326786176,NA,NA,NA,NA,NA,NA,NA,NA,NA,NA,NA,NA,NA,NA,NA,NA,NA,NA,NA,NA,NA,NA,NA,NA,NA,NA,NA,NA,NA,NA,NA,NA,2013,1991-05-04,NA,NA,NA,NA
"Theo Riddick","FA","RB","11188","weighted",NA,NA,NA,NA,NA,NA,99.7183507306889,87.295764825989,0.522004175365344,0.665736821986388,0.118823938761308,0.102686207360774,0,0,0,0,26.0689213639527,21.5796526862338,189.600480167015,153.854933339531,0.902512178148921,0.823954326786176,NA,NA,NA,NA,NA,NA,NA,NA,NA,NA,NA,NA,NA,NA,NA,NA,NA,NA,NA,NA,NA,NA,NA,NA,NA,NA,NA,NA,NA,NA,NA,NA,2013,1991-05-04,NA,NA,NA,NA
"Dwayne Washington","NO","RB","12845","weighted",NA,NA,NA,NA,NA,NA,95.7394036433365,77.4544813581763,0.374810466903898,0.391456873376894,0,0,0.00965963566634707,0.00647002590755269,0,0,1.09957414509428,0.759558003873292,7.22578379674017,5.54268465188927,0.0653229827142013,0.0848535871585288,NA,NA,NA,NA,NA,NA,NA,NA,NA,NA,NA,NA,NA,NA,NA,NA,NA,NA,NA,NA,NA,NA,NA,NA,NA,NA,NA,NA,NA,NA,NA,NA,2016,NA,NA,NA,NA,NA
"Dontrell Hilliard","CLE","RB","13871","weighted",NA,NA,NA,NA,NA,NA,80.2103328578222,78.3816527106585,0.425211602472658,0.785129859020614,0.0401331431288635,0.037626869612318,0.0241559676652401,0.016108563662307,0.101455064194009,0.0676559673816894,13.8842938659058,14.7983832930158,97.6952163575844,87.5300842382939,0.104717070851165,0.252960566453177,NA,NA,NA,NA,NA,NA,NA,NA,NA,NA,NA,NA,NA,NA,NA,NA,NA,NA,NA,NA,NA,NA,NA,NA,NA,NA,NA,NA,NA,NA,NA,NA,2018,1970-01-01,NA,NA,NA,NA
"Elijah McGuire","FA","RB","13144","weighted",NA,NA,NA,NA,NA,NA,61.8878591817317,106.26038787337,0.316098953377735,0.566874138781481,0,0,0,0,0,0,1.64430066603235,2.05708725989021,13.519524262607,16.9834477048497,0.0153187440532826,0.028301256761018,NA,NA,NA,NA,NA,NA,NA,NA,NA,NA,NA,NA,NA,NA,NA,NA,NA,NA,NA,NA,NA,NA,NA,NA,NA,NA,NA,NA,NA,NA,NA,NA,2017,1994-06-01,NA,NA,NA,NA
"Elijah McGuire","KC","RB","13144","weighted",NA,NA,NA,NA,NA,NA,61.8878591817317,106.26038787337,0.316098953377735,0.566874138781481,0,0,0,0,0,0,1.64430066603235,2.05708725989021,13.519524262607,16.9834477048497,0.0153187440532826,0.028301256761018,NA,NA,NA,NA,NA,NA,NA,NA,NA,NA,NA,NA,NA,NA,NA,NA,NA,NA,NA,NA,NA,NA,NA,NA,NA,NA,NA,NA,NA,NA,NA,NA,2017,1994-06-01,NA,NA,NA,NA
"Kenneth Dixon","BAL","RB","12632","weighted",NA,NA,NA,NA,NA,NA,83.1501241217799,80.4500896654341,0.506360655737705,0.470685114957862,1.11042154566745,1.06973488413352,0,0,0,0,7.91156908665105,6.1567310007989,75.2281733021077,65.4380434907864,0.0301639344262295,0.0700321152681577,NA,NA,NA,NA,NA,NA,NA,NA,NA,NA,NA,NA,NA,NA,NA,NA,NA,NA,NA,NA,NA,NA,NA,NA,NA,NA,NA,NA,NA,NA,NA,NA,2016,1994-01-21,NA,NA,NA,NA
"Kenneth Dixon","NYJ","RB","12632","weighted",NA,NA,NA,NA,NA,NA,83.1501241217799,80.4500896654341,0.506360655737705,0.470685114957862,1.11042154566745,1.06973488413352,0,0,0,0,7.91156908665105,6.1567310007989,75.2281733021077,65.4380434907864,0.0301639344262295,0.0700321152681577,NA,NA,NA,NA,NA,NA,NA,NA,NA,NA,NA,NA,NA,NA,NA,NA,NA,NA,NA,NA,NA,NA,NA,NA,NA,NA,NA,NA,NA,NA,NA,NA,2016,1994-01-21,NA,NA,NA,NA
"Devontae Booker","DEN","RB","12629","weighted",NA,NA,NA,NA,NA,NA,105.167102342787,53.1674064045045,0.74262227702425,0.477690133018582,0.0231401561857789,0.0165974980361036,0,0,0,0,16.1131360460337,12.1583160885075,122.181224825319,84.322217211231,0.379165639128648,0.491417303827785,NA,NA,NA,NA,NA,NA,NA,NA,NA,NA,NA,NA,NA,NA,NA,NA,NA,NA,NA,NA,NA,NA,NA,NA,NA,NA,NA,NA,NA,NA,NA,NA,2016,1992-05-27,NA,NA,NA,NA
"Devontae Booker","LVR","RB","12629","weighted",NA,NA,NA,NA,NA,NA,105.167102342787,53.1674064045045,0.74262227702425,0.477690133018582,0.0231401561857789,0.0165974980361036,0,0,0,0,16.1131360460337,12.1583160885075,122.181224825319,84.322217211231,0.379165639128648,0.491417303827785,NA,NA,NA,NA,NA,NA,NA,NA,NA,NA,NA,NA,NA,NA,NA,NA,NA,NA,NA,NA,NA,NA,NA,NA,NA,NA,NA,NA,NA,NA,NA,NA,2016,1992-05-27,NA,NA,NA,NA
"Mike Boone","MIN","RB","13868","weighted",NA,NA,NA,NA,NA,NA,110.259568552253,36.7675015090283,0.624181254993711,0.404909934923315,0.0629530201342282,0.0654693979379953,0.0193192713326941,0.0129400518151054,0,0,3.4800527325024,1.00689764113699,20.2711217641419,12.1275658433807,0.0593959731543624,0.0984048797196709,NA,NA,NA,NA,NA,NA,NA,NA,NA,NA,NA,NA,NA,NA,NA,NA,NA,NA,NA,NA,NA,NA,NA,NA,NA,NA,NA,NA,NA,NA,NA,NA,2018,1970-01-01,NA,NA,NA,NA
"Ty Johnson","DET","RB","14095","weighted",NA,NA,NA,NA,NA,NA,63.4996235827664,56.1315479281059,0.120077117417048,0.123193030344691,0.205736961451247,0.277716429497434,0.0239937641723356,0.0179501498511892,0,0,6.4199433106576,6.04318612785446,42.7997505668934,41.1461052996724,0.076468253968254,0.178721034793684,NA,NA,NA,NA,NA,NA,NA,NA,NA,NA,NA,NA,NA,NA,NA,NA,NA,NA,NA,NA,NA,NA,NA,NA,NA,NA,NA,NA,NA,NA,NA,NA,2019,1997-09-17,NA,NA,NA,NA
"Dexter Williams","GB","RB","14074","weighted",NA,NA,NA,NA,NA,NA,59.2576179647527,72.2001164077394,0.441142694712905,0.516573892675615,0.00382224748910366,0.00364380838475214,0,0,0,0,2.95721432632177,3.86048788013703,20.3267026719727,24.4720727016049,0.0056111426947129,0.0130922611254238,NA,NA,NA,NA,NA,NA,NA,NA,NA,NA,NA,NA,NA,NA,NA,NA,NA,NA,NA,NA,NA,NA,NA,NA,NA,NA,NA,NA,NA,NA,NA,NA,2019,NA,NA,NA,NA,NA
"Bryce Love","WAS","RB","14082","weighted",NA,NA,NA,NA,NA,NA,15.3443072702332,24.0416305603426,0,0,0.0451303155006859,0.0707106781186548,0,0,0,0,2.25651577503429,3.53553390593274,18.9547325102881,29.698484809835,0,0,NA,NA,NA,NA,NA,NA,NA,NA,NA,NA,NA,NA,NA,NA,NA,NA,NA,NA,NA,NA,NA,NA,NA,NA,NA,NA,NA,NA,NA,NA,NA,NA,2019,1970-01-01,"Q","Knee - ACL",2019,0
"Cameron Artis-Payne","FA","RB","12161","weighted",NA,NA,NA,NA,NA,NA,68.1467764060357,106.773123959169,0.451303155006859,0.707106781186547,0,0,0,0,0,0,3.61042524005487,5.65685424949238,28.883401920439,45.254833995939,0,0,NA,NA,NA,NA,NA,NA,NA,NA,NA,NA,NA,NA,NA,NA,NA,NA,NA,NA,NA,NA,NA,NA,NA,NA,NA,NA,NA,NA,NA,NA,NA,NA,2015,1992-06-23,NA,NA,NA,NA
"Brandon Bolden","NE","RB","10932","weighted",NA,NA,NA,NA,NA,NA,56.1351001371742,49.5662241294829,1.17923319615912,1.77511313006215,0.245679012345679,0.380237492994673,0,0,0,0,2.63400823045267,2.56379847694281,23.0575514403292,22.1040939975496,0.436041152263374,0.517165868057584,NA,NA,NA,NA,NA,NA,NA,NA,NA,NA,NA,NA,NA,NA,NA,NA,NA,NA,NA,NA,NA,NA,NA,NA,NA,NA,NA,NA,NA,NA,NA,NA,2012,1990-01-26,NA,NA,NA,NA
"J.D. McKissic","FA","RB","13108","weighted",NA,NA,NA,NA,NA,NA,116.057697320782,36.2923189500069,0.252780593772629,0.322709359632514,0.0426864590876177,0.0377113572387431,0.00948587979724837,0.00838030160860957,0,0,20.7959304851557,14.4397949214486,174.551332367849,128.033926397956,0.756871832005793,0.421230549703378,NA,NA,NA,NA,NA,NA,NA,NA,NA,NA,NA,NA,NA,NA,NA,NA,NA,NA,NA,NA,NA,NA,NA,NA,NA,NA,NA,NA,NA,NA,NA,NA,2016,1993-10-15,NA,NA,NA,NA
"J.D. McKissic","WAS","RB","13108","weighted",NA,NA,NA,NA,NA,NA,116.057697320782,36.2923189500069,0.252780593772629,0.322709359632514,0.0426864590876177,0.0377113572387431,0.00948587979724837,0.00838030160860957,0,0,20.7959304851557,14.4397949214486,174.551332367849,128.033926397956,0.756871832005793,0.421230549703378,NA,NA,NA,NA,NA,NA,NA,NA,NA,NA,NA,NA,NA,NA,NA,NA,NA,NA,NA,NA,NA,NA,NA,NA,NA,NA,NA,NA,NA,NA,NA,NA,2016,1993-10-15,NA,NA,NA,NA
"Wendell Smallwood","FA","RB","12636","weighted",NA,NA,NA,NA,NA,NA,65.989898989899,58.1776882696075,0,0,0,0,0,0,0,0,11.6645021645022,9.05054450717546,92.3100048100048,71.5733489762016,0.632275132275132,0.490212962495554,NA,NA,NA,NA,NA,NA,NA,NA,NA,NA,NA,NA,NA,NA,NA,NA,NA,NA,NA,NA,NA,NA,NA,NA,NA,NA,NA,NA,NA,NA,NA,NA,2016,1994-01-26,NA,NA,NA,NA
"Ryan Nall","CHI","RB","13849","weighted",NA,NA,NA,NA,NA,NA,0,NA,0,NA,0,NA,0,NA,0,NA,0,NA,0,NA,0,NA,NA,NA,NA,NA,NA,NA,NA,NA,NA,NA,NA,NA,NA,NA,NA,NA,NA,NA,NA,NA,NA,NA,NA,NA,NA,NA,NA,NA,NA,NA,NA,NA,2018,1995-12-27,NA,NA,NA,NA
"Trayveon Williams","CIN","RB","14076","weighted",NA,NA,NA,NA,NA,NA,61.7542925170068,52.651968992325,0.243648526077097,0.441548377567492,0.073140589569161,0.0884448505700411,0.0239937641723356,0.0179501498511892,0,0,2.94297619047619,3.43525070080347,20.8603287981859,26.9837331588814,0.0652777777777778,0.152566737018998,NA,NA,NA,NA,NA,NA,NA,NA,NA,NA,NA,NA,NA,NA,NA,NA,NA,NA,NA,NA,NA,NA,NA,NA,NA,NA,NA,NA,NA,NA,NA,NA,2019,1970-01-01,NA,NA,NA,NA
"Trenton Cannon","NYJ","RB","13816","weighted",NA,NA,NA,NA,NA,NA,61.181384057971,56.5145582722931,0.436797101449275,0.579734151917726,0.00395652173913043,0.00423735714387798,0,0,0,0,7.40801449275362,4.87243483614363,56.3086811594203,35.8484515983685,0.0888188405797101,0.167207674715505,NA,NA,NA,NA,NA,NA,NA,NA,NA,NA,NA,NA,NA,NA,NA,NA,NA,NA,NA,NA,NA,NA,NA,NA,NA,NA,NA,NA,NA,NA,NA,NA,2018,NA,NA,NA,NA,NA
"John Kelly","FA","RB","13619","weighted",NA,NA,NA,NA,NA,NA,72.0784966698382,58.5525386485617,0.551190917247592,0.375895743905501,0,0,0,0,0,0,6.83634633682207,6.07203366325772,42.1039010466223,35.6305818251035,0,0,NA,NA,NA,NA,NA,NA,NA,NA,NA,NA,NA,NA,NA,NA,NA,NA,NA,NA,NA,NA,NA,NA,NA,NA,NA,NA,NA,NA,NA,NA,NA,NA,2018,1996-10-04,NA,NA,NA,NA
"John Kelly","LAR","RB","13619","weighted",NA,NA,NA,NA,NA,NA,72.0784966698382,58.5525386485617,0.551190917247592,0.375895743905501,0,0,0,0,0,0,6.83634633682207,6.07203366325772,42.1039010466223,35.6305818251035,0,0,NA,NA,NA,NA,NA,NA,NA,NA,NA,NA,NA,NA,NA,NA,NA,NA,NA,NA,NA,NA,NA,NA,NA,NA,NA,NA,NA,NA,NA,NA,NA,NA,2018,1996-10-04,NA,NA,NA,NA
"Spencer Ware","IND","RB","11199","weighted",NA,NA,NA,NA,NA,NA,90.9196750902527,35.3270185339775,0.397111913357401,0.648115264916831,0,0,0,0,0,0,3.4629963898917,3.29784947880446,30.3898916967509,28.7567605729579,0,0,NA,NA,NA,NA,NA,NA,NA,NA,NA,NA,NA,NA,NA,NA,NA,NA,NA,NA,NA,NA,NA,NA,NA,NA,NA,NA,NA,NA,NA,NA,NA,NA,2013,1991-11-23,"Q","Shoulder",2019,0
"Spencer Ware","FA","RB","11199","weighted",NA,NA,NA,NA,NA,NA,90.9196750902527,35.3270185339775,0.397111913357401,0.648115264916831,0,0,0,0,0,0,3.4629963898917,3.29784947880446,30.3898916967509,28.7567605729579,0,0,NA,NA,NA,NA,NA,NA,NA,NA,NA,NA,NA,NA,NA,NA,NA,NA,NA,NA,NA,NA,NA,NA,NA,NA,NA,NA,NA,NA,NA,NA,NA,NA,2013,1991-11-23,"Q","Shoulder",2019,0
"C.J. Prosise","SEA","RB","12627","weighted",NA,NA,NA,NA,NA,NA,55.4291516245487,58.1017244290892,0,0,0,0,0,0,0,0,13.7346570397112,14.3968874691548,96.6331227436823,101.292386836554,0.490523465703971,0.514174552469816,NA,NA,NA,NA,NA,NA,NA,NA,NA,NA,NA,NA,NA,NA,NA,NA,NA,NA,NA,NA,NA,NA,NA,NA,NA,NA,NA,NA,NA,NA,NA,NA,2016,1994-05-20,"Q","Arm",2019,0
"C.J. Prosise","FA","RB","12627","weighted",NA,NA,NA,NA,NA,NA,55.4291516245487,58.1017244290892,0,0,0,0,0,0,0,0,13.7346570397112,14.3968874691548,96.6331227436823,101.292386836554,0.490523465703971,0.514174552469816,NA,NA,NA,NA,NA,NA,NA,NA,NA,NA,NA,NA,NA,NA,NA,NA,NA,NA,NA,NA,NA,NA,NA,NA,NA,NA,NA,NA,NA,NA,NA,NA,2016,1994-05-20,"Q","Arm",2019,0
"Paul Perkins","NYG","RB","12631","weighted",NA,NA,NA,NA,NA,NA,75.3041114982578,27.1505514767949,0.281640665055299,0.46533813489165,0.142369337979094,0.123127095257861,0,0,0,0,3.76961672473868,4.36039361714728,23.8703832752613,22.5095445650073,0,0,NA,NA,NA,NA,NA,NA,NA,NA,NA,NA,NA,NA,NA,NA,NA,NA,NA,NA,NA,NA,NA,NA,NA,NA,NA,NA,NA,NA,NA,NA,NA,NA,2016,1994-11-16,NA,NA,NA,NA
"Paul Perkins","FA","RB","12631","weighted",NA,NA,NA,NA,NA,NA,75.3041114982578,27.1505514767949,0.281640665055299,0.46533813489165,0.142369337979094,0.123127095257861,0,0,0,0,3.76961672473868,4.36039361714728,23.8703832752613,22.5095445650073,0,0,NA,NA,NA,NA,NA,NA,NA,NA,NA,NA,NA,NA,NA,NA,NA,NA,NA,NA,NA,NA,NA,NA,NA,NA,NA,NA,NA,NA,NA,NA,NA,NA,2016,1994-11-16,NA,NA,NA,NA
"Andre Ellington","FA","RB","11175","weighted",NA,NA,NA,NA,NA,NA,48.2894375857339,75.6604255869606,0.451303155006859,0.707106781186547,0,0,0,0,0,0,5.4156378600823,8.48528137423857,47.838134430727,74.953318805774,0,0,NA,NA,NA,NA,NA,NA,NA,NA,NA,NA,NA,NA,NA,NA,NA,NA,NA,NA,NA,NA,NA,NA,NA,NA,NA,NA,NA,NA,NA,NA,NA,NA,2013,1989-02-03,NA,NA,NA,NA
"David Fluellen","TEN","RB","11894","weighted",NA,NA,NA,NA,NA,NA,47.3897463768116,43.2591794881004,0.275384057971014,0.349134256046892,0.0426847826086956,0.037725440743606,0.0189710144927536,0.0167668625527138,0,0,3.52505797101449,3.10641890463984,29.4930289855072,24.5501119610629,0.13868115942029,0.185714496677771,NA,NA,NA,NA,NA,NA,NA,NA,NA,NA,NA,NA,NA,NA,NA,NA,NA,NA,NA,NA,NA,NA,NA,NA,NA,NA,NA,NA,NA,NA,NA,NA,2014,1992-01-29,"Q","Knee",2019,0
"David Fluellen","FA","RB","11894","weighted",NA,NA,NA,NA,NA,NA,47.3897463768116,43.2591794881004,0.275384057971014,0.349134256046892,0.0426847826086956,0.037725440743606,0.0189710144927536,0.0167668625527138,0,0,3.52505797101449,3.10641890463984,29.4930289855072,24.5501119610629,0.13868115942029,0.185714496677771,NA,NA,NA,NA,NA,NA,NA,NA,NA,NA,NA,NA,NA,NA,NA,NA,NA,NA,NA,NA,NA,NA,NA,NA,NA,NA,NA,NA,NA,NA,NA,NA,2014,1992-01-29,"Q","Knee",2019,0
"Qadree Ollison","ATL","RB","14097","weighted",NA,NA,NA,NA,NA,NA,39.8723622782446,38.4807759446821,0.978244631185808,1.02464285822661,0,0,0,0,0,0,0.321195144724556,0.572971187775582,3.21195144724556,5.72971187775582,0,0,NA,NA,NA,NA,NA,NA,NA,NA,NA,NA,NA,NA,NA,NA,NA,NA,NA,NA,NA,NA,NA,NA,NA,NA,NA,NA,NA,NA,NA,NA,NA,NA,2019,1970-01-01,NA,NA,NA,NA
"Bo Scarbrough","SEA","RB","13615","weighted",NA,NA,NA,NA,NA,NA,20.9179012345679,32.7743993079965,0.0676954732510288,0.106066017177982,0.0225651577503429,0.0353553390593274,0,0,0,0,1.03799725651577,1.62634559672906,8.21371742112483,12.8693434175952,0.0225651577503429,0.0353553390593274,NA,NA,NA,NA,NA,NA,NA,NA,NA,NA,NA,NA,NA,NA,NA,NA,NA,NA,NA,NA,NA,NA,NA,NA,NA,NA,NA,NA,NA,NA,NA,NA,2018,1996-09-29,NA,NA,NA,NA
"Bo Scarbrough","DET","RB","13615","weighted",NA,NA,NA,NA,NA,NA,20.9179012345679,32.7743993079965,0.0676954732510288,0.106066017177982,0.0225651577503429,0.0353553390593274,0,0,0,0,1.03799725651577,1.62634559672906,8.21371742112483,12.8693434175952,0.0225651577503429,0.0353553390593274,NA,NA,NA,NA,NA,NA,NA,NA,NA,NA,NA,NA,NA,NA,NA,NA,NA,NA,NA,NA,NA,NA,NA,NA,NA,NA,NA,NA,NA,NA,NA,NA,2018,1996-09-29,NA,NA,NA,NA
"D'Ernest Johnson","CLE","RB","14331","weighted",NA,NA,NA,NA,NA,NA,55.0428238583411,52.0724464691481,0.498434296365331,0.513732896354096,0.0398602050326188,0.0735474226755815,0.00933830382106244,0.0100809016932251,0,0,3.96871388630009,3.76823070737113,39.3884715750233,37.9397736757557,0.0766542404473439,0.141437351299195,NA,NA,NA,NA,NA,NA,NA,NA,NA,NA,NA,NA,NA,NA,NA,NA,NA,NA,NA,NA,NA,NA,NA,NA,NA,NA,NA,NA,NA,NA,NA,NA,2019,NA,NA,NA,NA,NA
"Myles Gaskin","MIA","RB","14081","weighted",NA,NA,NA,NA,NA,NA,59.9742937062937,43.5072638174006,0.132853146853147,0.284969680695252,0,0,0,0,0,0,3.07825174825175,4.66841874903402,22.3283216783217,33.9489631834078,0.0900699300699301,0.193199783522205,NA,NA,NA,NA,NA,NA,NA,NA,NA,NA,NA,NA,NA,NA,NA,NA,NA,NA,NA,NA,NA,NA,NA,NA,NA,NA,NA,NA,NA,NA,NA,NA,2019,1970-01-01,NA,NA,NA,NA
"Darrel Williams","KC","RB","13623","weighted",NA,NA,NA,NA,NA,NA,47.1047134570766,34.1326120663348,0.511165018780075,0.851309205681087,0.00855713457076566,0.0122460687385678,0.00479408352668214,0.00363094052625159,0,0,2.11635614849188,1.56818111369951,19.9609106728538,13.1373537822195,0.0878700463279782,0.1256511288399,NA,NA,NA,NA,NA,NA,NA,NA,NA,NA,NA,NA,NA,NA,NA,NA,NA,NA,NA,NA,NA,NA,NA,NA,NA,NA,NA,NA,NA,NA,NA,NA,2018,NA,NA,NA,NA,NA
"Bruce Anderson","TB","RB","14314","weighted",NA,NA,NA,NA,NA,NA,34.2990397805213,53.7401153701776,0,0,0,0,0,0,0,0,4.06172839506173,6.36396103067893,30.2373113854595,47.3761543394987,0,0,NA,NA,NA,NA,NA,NA,NA,NA,NA,NA,NA,NA,NA,NA,NA,NA,NA,NA,NA,NA,NA,NA,NA,NA,NA,NA,NA,NA,NA,NA,NA,NA,2019,NA,NA,NA,NA,NA
"Bruce Anderson","IND","RB","14314","weighted",NA,NA,NA,NA,NA,NA,34.2990397805213,53.7401153701776,0,0,0,0,0,0,0,0,4.06172839506173,6.36396103067893,30.2373113854595,47.3761543394987,0,0,NA,NA,NA,NA,NA,NA,NA,NA,NA,NA,NA,NA,NA,NA,NA,NA,NA,NA,NA,NA,NA,NA,NA,NA,NA,NA,NA,NA,NA,NA,NA,NA,2019,NA,NA,NA,NA,NA
"Kenjon Barner","ATL","RB","11177","weighted",NA,NA,NA,NA,NA,NA,25.5052264808362,36.149201544812,0,0,0,0,0,0,0,0,0.423623693379791,0.512280357430377,4.95609756097561,5.87873442291615,0,0,NA,NA,NA,NA,NA,NA,NA,NA,NA,NA,NA,NA,NA,NA,NA,NA,NA,NA,NA,NA,NA,NA,NA,NA,NA,NA,NA,NA,NA,NA,NA,NA,2013,1989-04-28,NA,NA,NA,NA
"Kenjon Barner","FA","RB","11177","weighted",NA,NA,NA,NA,NA,NA,25.5052264808362,36.149201544812,0,0,0,0,0,0,0,0,0.423623693379791,0.512280357430377,4.95609756097561,5.87873442291615,0,0,NA,NA,NA,NA,NA,NA,NA,NA,NA,NA,NA,NA,NA,NA,NA,NA,NA,NA,NA,NA,NA,NA,NA,NA,NA,NA,NA,NA,NA,NA,NA,NA,2013,1989-04-28,NA,NA,NA,NA
"Javorius Allen","FA","RB","12159","weighted",NA,NA,NA,NA,NA,NA,31.2476325757576,34.0571292283323,0.466382575757576,0.5083153616169,0.186174242424242,0.203006860490863,0,0,0,0,3.44479166666667,3.62676757410396,22.0407196969697,22.0443303179952,0.0619318181818182,0.113517221752303,NA,NA,NA,NA,NA,NA,NA,NA,NA,NA,NA,NA,NA,NA,NA,NA,NA,NA,NA,NA,NA,NA,NA,NA,NA,NA,NA,NA,NA,NA,NA,NA,2015,1991-08-27,NA,NA,NA,NA
"Travis Homer","SEA","RB","14083","weighted",NA,NA,NA,NA,NA,NA,12.0094910591472,18.8797510576808,0.134938101788171,0.212132034355964,0,0,0,0,0,0,0,0,0,0,0,0,NA,NA,NA,NA,NA,NA,NA,NA,NA,NA,NA,NA,NA,NA,NA,NA,NA,NA,NA,NA,NA,NA,NA,NA,NA,NA,NA,NA,NA,NA,NA,NA,2019,1998-08-07,NA,NA,NA,NA
"T.J. Logan","ARI","RB","13142","weighted",NA,NA,NA,NA,NA,NA,18.4652173913043,25.4654906385729,0.0497542533081285,0.0909121184776479,0.0124385633270321,0.0153437147947422,0.0186578449905482,0.0203120038946025,0.0979536862003781,0.106638020446663,3.7381190926276,3.2876859183874,26.807741020794,23.3864081722924,0.087069943289225,0.159096207335884,NA,NA,NA,NA,NA,NA,NA,NA,NA,NA,NA,NA,NA,NA,NA,NA,NA,NA,NA,NA,NA,NA,NA,NA,NA,NA,NA,NA,NA,NA,NA,NA,2017,1994-09-03,NA,NA,NA,NA
"T.J. Logan","TB","RB","13142","weighted",NA,NA,NA,NA,NA,NA,18.4652173913043,25.4654906385729,0.0497542533081285,0.0909121184776479,0.0124385633270321,0.0153437147947422,0.0186578449905482,0.0203120038946025,0.0979536862003781,0.106638020446663,3.7381190926276,3.2876859183874,26.807741020794,23.3864081722924,0.087069943289225,0.159096207335884,NA,NA,NA,NA,NA,NA,NA,NA,NA,NA,NA,NA,NA,NA,NA,NA,NA,NA,NA,NA,NA,NA,NA,NA,NA,NA,NA,NA,NA,NA,NA,NA,2017,1994-09-03,NA,NA,NA,NA
"Zach Line","NO","RB","11474","weighted",NA,NA,NA,NA,NA,NA,26.5235090252708,21.1070729456417,0.15812274368231,0.233956795681191,0.0221708784596871,0.0327395249522057,0.00474368231046932,0.00418382948332265,0,0,2.9682238267148,2.61472469533058,18.2671263537906,22.9546956840682,0.321328519855596,0.569756719417253,NA,NA,NA,NA,NA,NA,NA,NA,NA,NA,NA,NA,NA,NA,NA,NA,NA,NA,NA,NA,NA,NA,NA,NA,NA,NA,NA,NA,NA,NA,NA,NA,2013,1990-04-26,NA,NA,NA,NA
"Zach Line","FA","RB","11474","weighted",NA,NA,NA,NA,NA,NA,26.5235090252708,21.1070729456417,0.15812274368231,0.233956795681191,0.0221708784596871,0.0327395249522057,0.00474368231046932,0.00418382948332265,0,0,2.9682238267148,2.61472469533058,18.2671263537906,22.9546956840682,0.321328519855596,0.569756719417253,NA,NA,NA,NA,NA,NA,NA,NA,NA,NA,NA,NA,NA,NA,NA,NA,NA,NA,NA,NA,NA,NA,NA,NA,NA,NA,NA,NA,NA,NA,NA,NA,2013,1990-04-26,NA,NA,NA,NA
"Kyle Juszczyk","SF","RB","11367","weighted",NA,NA,NA,NA,NA,NA,20.905055487053,15.6912354974619,0.2636087135224,0.40276880812687,0.38422934648582,0.327531043355222,0,0,0,0,25.6278010686395,5.86389843290802,238.146411837238,71.3448863317769,1.09557336621455,0.400341684726141,NA,NA,NA,NA,NA,NA,NA,NA,NA,NA,NA,NA,NA,NA,NA,NA,NA,NA,NA,NA,NA,NA,NA,NA,NA,NA,NA,NA,NA,NA,NA,NA,2013,1991-04-23,NA,NA,NA,NA
"Karan Higdon","HOU","RB","14078","weighted",NA,NA,NA,NA,NA,NA,10.3799725651577,16.2634559672906,0.0676954732510288,0.106066017177982,0.0225651577503429,0.0353553390593274,0,0,0,0,0,0,0,0,0,0,NA,NA,NA,NA,NA,NA,NA,NA,NA,NA,NA,NA,NA,NA,NA,NA,NA,NA,NA,NA,NA,NA,NA,NA,NA,NA,NA,NA,NA,NA,NA,NA,2019,NA,NA,NA,NA,NA
"Keith Ford","GB","RB","14029","weighted",NA,NA,NA,NA,NA,NA,18.8770746691871,20.5506699403641,0.102618147448015,0.111716021420314,0.0233223062381853,0.0253900048682532,0.00466446124763705,0.00507800097365064,0,0,0.923563327032136,1.00544419278283,6.9500472589792,7.56622145073945,0.0326512287334594,0.0355460068155545,NA,NA,NA,NA,NA,NA,NA,NA,NA,NA,NA,NA,NA,NA,NA,NA,NA,NA,NA,NA,NA,NA,NA,NA,NA,NA,NA,NA,NA,NA,NA,NA,2018,1970-01-01,NA,NA,NA,NA
"James Develin","NE","RB","11101","weighted",NA,NA,NA,NA,NA,NA,17.441478112564,18.0084344837436,0.240375213189312,0.231666337976403,0.0239909039226833,0.0179766515704128,0.00479818078453667,0.00359533031408255,0,0,8.15213757816941,3.43771317895616,52.2686014781126,15.628621326652,0.0907731665719159,0.133623275325856,NA,NA,NA,NA,NA,NA,NA,NA,NA,NA,NA,NA,NA,NA,NA,NA,NA,NA,NA,NA,NA,NA,NA,NA,NA,NA,NA,NA,NA,NA,NA,NA,2010,1988-07-23,NA,NA,NA,NA
"James Develin","FA","RB","11101","weighted",NA,NA,NA,NA,NA,NA,17.441478112564,18.0084344837436,0.240375213189312,0.231666337976403,0.0239909039226833,0.0179766515704128,0.00479818078453667,0.00359533031408255,0,0,8.15213757816941,3.43771317895616,52.2686014781126,15.628621326652,0.0907731665719159,0.133623275325856,NA,NA,NA,NA,NA,NA,NA,NA,NA,NA,NA,NA,NA,NA,NA,NA,NA,NA,NA,NA,NA,NA,NA,NA,NA,NA,NA,NA,NA,NA,NA,NA,2010,1988-07-23,NA,NA,NA,NA
NA,NA,"RB","nfl_0","weighted",NA,NA,NA,NA,NA,NA,14.0216136195411,10.3854274533467,0,0,0.12973106340982,0.0859397957715183,0,0,0,0,5.0453121144831,4.08549452685822,45.259067357513,36.1016026106062,0.22714038983469,0.235814371537496,NA,NA,NA,NA,NA,NA,NA,NA,NA,NA,NA,NA,NA,NA,NA,NA,NA,NA,NA,NA,NA,NA,NA,NA,NA,NA,NA,NA,NA,NA,NA,NA,NA,NA,NA,NA,NA,NA
"Ameer Abdullah","MIN","RB","12155","weighted",NA,NA,NA,NA,NA,NA,15.1128365553603,15.4899617734845,0.140553016988869,0.107275347152019,0.270748388986526,0.308391820510447,0.00958406561218512,0.00729833599970078,0.00479203280609256,0.00364916799985039,3.68487404803749,3.86567601842171,30.8456414762742,34.3298437905407,0.101493848857645,0.161835031266692,NA,NA,NA,NA,NA,NA,NA,NA,NA,NA,NA,NA,NA,NA,NA,NA,NA,NA,NA,NA,NA,NA,NA,NA,NA,NA,NA,NA,NA,NA,NA,NA,2015,1993-06-13,NA,NA,NA,NA
"Dalyn Dawkins","TEN","RB","13961","weighted",NA,NA,NA,NA,NA,NA,0,NA,0,NA,0,NA,0,NA,0,NA,0,NA,0,NA,0,NA,NA,NA,NA,NA,NA,NA,NA,NA,NA,NA,NA,NA,NA,NA,NA,NA,NA,NA,NA,NA,NA,NA,NA,NA,NA,NA,NA,NA,NA,NA,NA,NA,2018,1970-01-01,NA,NA,NA,NA
"Rod Smith","NYG","RB","12444","weighted",NA,NA,NA,NA,NA,NA,20.6100512236767,13.4532586845892,0.113750711439954,0.129341237278056,0.076304306583191,0.0727696250995491,0,0,0,0,2.12881047239613,1.4400263807993,16.6331291974957,11.3207560366689,0.0302310756972112,0.0511364757692836,NA,NA,NA,NA,NA,NA,NA,NA,NA,NA,NA,NA,NA,NA,NA,NA,NA,NA,NA,NA,NA,NA,NA,NA,NA,NA,NA,NA,NA,NA,NA,NA,NA,NA,NA,NA,NA,NA
"Rod Smith","LVR","RB","12444","weighted",NA,NA,NA,NA,NA,NA,20.6100512236767,13.4532586845892,0.113750711439954,0.129341237278056,0.076304306583191,0.0727696250995491,0,0,0,0,2.12881047239613,1.4400263807993,16.6331291974957,11.3207560366689,0.0302310756972112,0.0511364757692836,NA,NA,NA,NA,NA,NA,NA,NA,NA,NA,NA,NA,NA,NA,NA,NA,NA,NA,NA,NA,NA,NA,NA,NA,NA,NA,NA,NA,NA,NA,NA,NA,NA,NA,NA,NA,NA,NA
"C.J. Ham","MIN","RB","12923","weighted",NA,NA,NA,NA,NA,NA,14.5493473930873,14.0236104936502,0.0647275922671353,0.0711915813098517,0.0219493263034564,0.0271511565486088,0.00958406561218512,0.00729833599970078,0,0,4.4366373755126,2.94200286756358,33.8599707088459,22.370559195923,0.122038664323374,0.173939091388209,NA,NA,NA,NA,NA,NA,NA,NA,NA,NA,NA,NA,NA,NA,NA,NA,NA,NA,NA,NA,NA,NA,NA,NA,NA,NA,NA,NA,NA,NA,NA,NA,2016,1993-07-22,NA,NA,NA,NA
"Kerrith Whyte","CHI","RB","14289","weighted",NA,NA,NA,NA,NA,NA,10.405303030303,9.97449332707523,0.0621212121212121,0.0595492138929864,0.0413510101010101,0.0511021456878132,0,0,0,0,0.497727272727273,0.614353046454026,3.32982954545455,4.5491473051909,0.020770202020202,0.0379025136436268,NA,NA,NA,NA,NA,NA,NA,NA,NA,NA,NA,NA,NA,NA,NA,NA,NA,NA,NA,NA,NA,NA,NA,NA,NA,NA,NA,NA,NA,NA,NA,NA,2019,1970-01-01,NA,NA,NA,NA
"Kerrith Whyte","PIT","RB","14289","weighted",NA,NA,NA,NA,NA,NA,10.405303030303,9.97449332707523,0.0621212121212121,0.0595492138929864,0.0413510101010101,0.0511021456878132,0,0,0,0,0.497727272727273,0.614353046454026,3.32982954545455,4.5491473051909,0.020770202020202,0.0379025136436268,NA,NA,NA,NA,NA,NA,NA,NA,NA,NA,NA,NA,NA,NA,NA,NA,NA,NA,NA,NA,NA,NA,NA,NA,NA,NA,NA,NA,NA,NA,NA,NA,2019,1970-01-01,NA,NA,NA,NA
"Benny Cunningham","FA","RB","11432","weighted",NA,NA,NA,NA,NA,NA,14.8930041152263,23.3345237791561,0,0,0,0,0,0,0,0,4.06172839506173,6.36396103067893,33.8477366255144,53.0330085889911,0,0,NA,NA,NA,NA,NA,NA,NA,NA,NA,NA,NA,NA,NA,NA,NA,NA,NA,NA,NA,NA,NA,NA,NA,NA,NA,NA,NA,NA,NA,NA,NA,NA,2013,1990-07-07,NA,NA,NA,NA
"Josh Ferguson","FA","RB","12640","weighted",NA,NA,NA,NA,NA,NA,15.455813510942,16.8249748816009,0.0459562321598478,0.084903770283054,0,0,0,0,0,0,1.81893434823977,2.03565054744115,13.9136822074215,15.775705025654,0.00612749762131303,0.0113205027044072,NA,NA,NA,NA,NA,NA,NA,NA,NA,NA,NA,NA,NA,NA,NA,NA,NA,NA,NA,NA,NA,NA,NA,NA,NA,NA,NA,NA,NA,NA,NA,NA,2016,1993-05-23,NA,NA,NA,NA
"Josh Ferguson","WAS","RB","12640","weighted",NA,NA,NA,NA,NA,NA,15.455813510942,16.8249748816009,0.0459562321598478,0.084903770283054,0,0,0,0,0,0,1.81893434823977,2.03565054744115,13.9136822074215,15.775705025654,0.00612749762131303,0.0113205027044072,NA,NA,NA,NA,NA,NA,NA,NA,NA,NA,NA,NA,NA,NA,NA,NA,NA,NA,NA,NA,NA,NA,NA,NA,NA,NA,NA,NA,NA,NA,NA,NA,2016,1993-05-23,NA,NA,NA,NA
"Rodney Anderson","CIN","RB","14088","weighted",NA,NA,NA,NA,NA,NA,7.26598079561043,11.3844191771034,0.0451303155006859,0.0707106781186548,0,0,0,0,0,0,0.451303155006859,0.707106781186547,3.54272976680384,5.5507882323144,0.0225651577503429,0.0353553390593274,NA,NA,NA,NA,NA,NA,NA,NA,NA,NA,NA,NA,NA,NA,NA,NA,NA,NA,NA,NA,NA,NA,NA,NA,NA,NA,NA,NA,NA,NA,NA,NA,2019,NA,"Q","Knee - ACL",2019,0
"Elijhaa Penny","NYG","RB","13239","weighted",NA,NA,NA,NA,NA,NA,8.52352551984877,8.75902887072494,0.0373156899810964,0.0681840888582359,0.00414618777567738,0.00511457159824741,0.0139933837429112,0.0152340029209519,0,0,4.98786389413989,4.77376421712558,42.4963516068053,40.7539435098395,0.105727788279773,0.193188251765002,NA,NA,NA,NA,NA,NA,NA,NA,NA,NA,NA,NA,NA,NA,NA,NA,NA,NA,NA,NA,NA,NA,NA,NA,NA,NA,NA,NA,NA,NA,NA,NA,2016,1993-08-17,NA,NA,NA,NA
"Josh Adams","FA","RB","13611","weighted",NA,NA,NA,NA,NA,NA,11.4821757056771,11.3624635952018,0.0865842055185538,0.0855460900740732,0.0309705042816365,0.0298081148862809,0,0,0,0,0.797018712337456,0.767131940768168,5.97897240723121,5.75963712097848,0.0104345068189026,0.0189796985419593,NA,NA,NA,NA,NA,NA,NA,NA,NA,NA,NA,NA,NA,NA,NA,NA,NA,NA,NA,NA,NA,NA,NA,NA,NA,NA,NA,NA,NA,NA,NA,NA,2018,1996-10-29,NA,NA,NA,NA
"Josh Adams","NYJ","RB","13611","weighted",NA,NA,NA,NA,NA,NA,11.4821757056771,11.3624635952018,0.0865842055185538,0.0855460900740732,0.0309705042816365,0.0298081148862809,0,0,0,0,0.797018712337456,0.767131940768168,5.97897240723121,5.75963712097848,0.0104345068189026,0.0189796985419593,NA,NA,NA,NA,NA,NA,NA,NA,NA,NA,NA,NA,NA,NA,NA,NA,NA,NA,NA,NA,NA,NA,NA,NA,NA,NA,NA,NA,NA,NA,NA,NA,2018,1996-10-29,NA,NA,NA,NA
"Alexander Armah","CAR","RB","13326","weighted",NA,NA,NA,NA,NA,NA,15.6750737743931,10.0882406027108,0.677079961922894,0.747505340710407,0.00893288910042837,0.0151936624921819,0.0193241313660162,0.0128931364933607,0,0,1.61558781532604,1.68916852782012,7.60992384578772,7.35383006534055,0.0281199428843408,0.06277494220435,NA,NA,NA,NA,NA,NA,NA,NA,NA,NA,NA,NA,NA,NA,NA,NA,NA,NA,NA,NA,NA,NA,NA,NA,NA,NA,NA,NA,NA,NA,NA,NA,2017,1994-05-17,NA,NA,NA,NA
"Keith Smith","FA","RB","12040","weighted",NA,NA,NA,NA,NA,NA,7.32475737392959,12.8555056991125,0.0646717411988582,0.0818468626832844,0.00415160164922296,0.00513235479277378,0.0139866793529971,0.015288573960696,0,0,2.66159847764034,2.57595159900666,17.248039961941,17.4291917650748,0.105366317792578,0.101871020131413,NA,NA,NA,NA,NA,NA,NA,NA,NA,NA,NA,NA,NA,NA,NA,NA,NA,NA,NA,NA,NA,NA,NA,NA,NA,NA,NA,NA,NA,NA,NA,NA,2014,1992-04-08,NA,NA,NA,NA
"Keith Smith","ATL","RB","12040","weighted",NA,NA,NA,NA,NA,NA,7.32475737392959,12.8555056991125,0.0646717411988582,0.0818468626832844,0.00415160164922296,0.00513235479277378,0.0139866793529971,0.015288573960696,0,0,2.66159847764034,2.57595159900666,17.248039961941,17.4291917650748,0.105366317792578,0.101871020131413,NA,NA,NA,NA,NA,NA,NA,NA,NA,NA,NA,NA,NA,NA,NA,NA,NA,NA,NA,NA,NA,NA,NA,NA,NA,NA,NA,NA,NA,NA,NA,NA,2014,1992-04-08,NA,NA,NA,NA
"Devine Ozigbo","FA","RB","14096","weighted",NA,NA,NA,NA,NA,NA,5.51442974165091,5.3296121133726,0.0352425960932577,0.033883560318774,0.00414618777567738,0.00511457159824741,0.00466446124763705,0.00507800097365064,0,0,1.46982356647763,1.41911643897718,11.4953056080655,11.0563572271493,0.0539004410838059,0.051988506826443,NA,NA,NA,NA,NA,NA,NA,NA,NA,NA,NA,NA,NA,NA,NA,NA,NA,NA,NA,NA,NA,NA,NA,NA,NA,NA,NA,NA,NA,NA,NA,NA,2019,1970-01-01,NA,NA,NA,NA
"Devine Ozigbo","JAC","RB","14096","weighted",NA,NA,NA,NA,NA,NA,5.51442974165091,5.3296121133726,0.0352425960932577,0.033883560318774,0.00414618777567738,0.00511457159824741,0.00466446124763705,0.00507800097365064,0,0,1.46982356647763,1.41911643897718,11.4953056080655,11.0563572271493,0.0539004410838059,0.051988506826443,NA,NA,NA,NA,NA,NA,NA,NA,NA,NA,NA,NA,NA,NA,NA,NA,NA,NA,NA,NA,NA,NA,NA,NA,NA,NA,NA,NA,NA,NA,NA,NA,2019,1970-01-01,NA,NA,NA,NA
"Trey Edmunds","FA","RB","13452","weighted",NA,NA,NA,NA,NA,NA,7.1830018115942,9.66746437776278,0.06475,0.0733870483802215,0,0,0.0142282608695652,0.0125751469145353,0,0,1.55208514492754,1.55366767748545,11.4973097826087,11.2535085183747,0.0536413043478261,0.0844191582405736,NA,NA,NA,NA,NA,NA,NA,NA,NA,NA,NA,NA,NA,NA,NA,NA,NA,NA,NA,NA,NA,NA,NA,NA,NA,NA,NA,NA,NA,NA,NA,NA,NA,NA,NA,NA,NA,NA
"Trey Edmunds","PIT","RB","13452","weighted",NA,NA,NA,NA,NA,NA,7.1830018115942,9.66746437776278,0.06475,0.0733870483802215,0,0,0.0142282608695652,0.0125751469145353,0,0,1.55208514492754,1.55366767748545,11.4973097826087,11.2535085183747,0.0536413043478261,0.0844191582405736,NA,NA,NA,NA,NA,NA,NA,NA,NA,NA,NA,NA,NA,NA,NA,NA,NA,NA,NA,NA,NA,NA,NA,NA,NA,NA,NA,NA,NA,NA,NA,NA,NA,NA,NA,NA,NA,NA
"Senorise Perry","BUF","RB","11964","weighted",NA,NA,NA,NA,NA,NA,10.9500048379294,8.64436835452544,0.0945137880986938,0.0722556814545487,0,0,0,0,0,0,0.59483671988389,0.68437184433917,4.34530478955007,5.24983414829529,0.00880079825834543,0.0139860062859335,NA,NA,NA,NA,NA,NA,NA,NA,NA,NA,NA,NA,NA,NA,NA,NA,NA,NA,NA,NA,NA,NA,NA,NA,NA,NA,NA,NA,NA,NA,NA,NA,2014,1991-09-19,NA,NA,NA,NA
"Senorise Perry","TEN","RB","11964","weighted",NA,NA,NA,NA,NA,NA,10.9500048379294,8.64436835452544,0.0945137880986938,0.0722556814545487,0,0,0,0,0,0,0.59483671988389,0.68437184433917,4.34530478955007,5.24983414829529,0.00880079825834543,0.0139860062859335,NA,NA,NA,NA,NA,NA,NA,NA,NA,NA,NA,NA,NA,NA,NA,NA,NA,NA,NA,NA,NA,NA,NA,NA,NA,NA,NA,NA,NA,NA,NA,NA,2014,1991-09-19,NA,NA,NA,NA
"Samaje Perine","FA","RB","13133","weighted",NA,NA,NA,NA,NA,NA,10.7492065795839,8.48924320491034,0.0945137880986938,0.0722556814545487,0,0,0,0,0,0,1.01737300435414,0.820903515938781,3.55089622641509,4.18860827579529,0,0,NA,NA,NA,NA,NA,NA,NA,NA,NA,NA,NA,NA,NA,NA,NA,NA,NA,NA,NA,NA,NA,NA,NA,NA,NA,NA,NA,NA,NA,NA,NA,NA,2017,1995-09-16,NA,NA,NA,NA
"Samaje Perine","CIN","RB","13133","weighted",NA,NA,NA,NA,NA,NA,10.7492065795839,8.48924320491034,0.0945137880986938,0.0722556814545487,0,0,0,0,0,0,1.01737300435414,0.820903515938781,3.55089622641509,4.18860827579529,0,0,NA,NA,NA,NA,NA,NA,NA,NA,NA,NA,NA,NA,NA,NA,NA,NA,NA,NA,NA,NA,NA,NA,NA,NA,NA,NA,NA,NA,NA,NA,NA,NA,2017,1995-09-16,NA,NA,NA,NA
"Derek Watt","LAC","RB","12823","weighted",NA,NA,NA,NA,NA,NA,10.2409736379613,8.1997770222629,0.0693895723491506,0.0711197573478248,0.00576157000585823,0.0081801761580373,0.0143760984182777,0.0109475039995512,0,0,1.7206971294669,2.08134848562707,11.0261218512009,16.129795831041,0.0724604569420035,0.103276335511749,NA,NA,NA,NA,NA,NA,NA,NA,NA,NA,NA,NA,NA,NA,NA,NA,NA,NA,NA,NA,NA,NA,NA,NA,NA,NA,NA,NA,NA,NA,NA,NA,2016,1992-11-07,NA,NA,NA,NA
"Derek Watt","PIT","RB","12823","weighted",NA,NA,NA,NA,NA,NA,10.2409736379613,8.1997770222629,0.0693895723491506,0.0711197573478248,0.00576157000585823,0.0081801761580373,0.0143760984182777,0.0109475039995512,0,0,1.7206971294669,2.08134848562707,11.0261218512009,16.129795831041,0.0724604569420035,0.103276335511749,NA,NA,NA,NA,NA,NA,NA,NA,NA,NA,NA,NA,NA,NA,NA,NA,NA,NA,NA,NA,NA,NA,NA,NA,NA,NA,NA,NA,NA,NA,NA,NA,2016,1992-11-07,NA,NA,NA,NA
"Troymaine Pope","LAC","RB","12929","weighted",NA,NA,NA,NA,NA,NA,8.13502050380785,6.6508484383007,0.0698867408709237,0.0624670635364739,0.00319859402460457,0.00407809935759792,0,0,0,0,0.557631810193322,0.856461168765098,3.76917398945518,5.66571450736431,0.0355638547158758,0.0583933697757095,NA,NA,NA,NA,NA,NA,NA,NA,NA,NA,NA,NA,NA,NA,NA,NA,NA,NA,NA,NA,NA,NA,NA,NA,NA,NA,NA,NA,NA,NA,NA,NA,2016,1993-11-29,NA,NA,NA,NA
"Troymaine Pope","FA","RB","12929","weighted",NA,NA,NA,NA,NA,NA,8.13502050380785,6.6508484383007,0.0698867408709237,0.0624670635364739,0.00319859402460457,0.00407809935759792,0,0,0,0,0.557631810193322,0.856461168765098,3.76917398945518,5.66571450736431,0.0355638547158758,0.0583933697757095,NA,NA,NA,NA,NA,NA,NA,NA,NA,NA,NA,NA,NA,NA,NA,NA,NA,NA,NA,NA,NA,NA,NA,NA,NA,NA,NA,NA,NA,NA,NA,NA,2016,1993-11-29,NA,NA,NA,NA
"Tra Carson","FA","RB","13057","weighted",NA,NA,NA,NA,NA,NA,6.45829468599034,7.37287673785405,0.0691207729468599,0.0667885240189913,0.00474275362318841,0.00419171563817845,0.0189710144927536,0.0167668625527138,0,0,2.17055797101449,1.81177384569919,16.4970217391304,14.0452929230394,0.113623188405797,0.0898116651649067,NA,NA,NA,NA,NA,NA,NA,NA,NA,NA,NA,NA,NA,NA,NA,NA,NA,NA,NA,NA,NA,NA,NA,NA,NA,NA,NA,NA,NA,NA,NA,NA,2016,1992-10-24,NA,NA,NA,NA
"Wes Hills","ARI","RB","14333","weighted",NA,NA,NA,NA,NA,NA,0,NA,0,NA,0,NA,0,NA,0,NA,0,NA,0,NA,0,NA,NA,NA,NA,NA,NA,NA,NA,NA,NA,NA,NA,NA,NA,NA,NA,NA,NA,NA,NA,NA,NA,NA,NA,NA,NA,NA,NA,NA,NA,NA,NA,NA,2019,1970-01-01,NA,NA,NA,NA
"Wes Hills","DET","RB","14333","weighted",NA,NA,NA,NA,NA,NA,0,NA,0,NA,0,NA,0,NA,0,NA,0,NA,0,NA,0,NA,NA,NA,NA,NA,NA,NA,NA,NA,NA,NA,NA,NA,NA,NA,NA,NA,NA,NA,NA,NA,NA,NA,NA,NA,NA,NA,NA,NA,NA,NA,NA,NA,2019,1970-01-01,NA,NA,NA,NA
"Patrick DiMarco","BUF","RB","11100","weighted",NA,NA,NA,NA,NA,NA,6.04696788111218,5.70228102321581,0.0517138063279003,0.067417671430324,0.00562320230105465,0.00725624990494723,0,0,0,0,3.44956375838926,3.12698507696072,29.3471140939597,24.4284003853004,0.0546644295302013,0.0894464364256961,NA,NA,NA,NA,NA,NA,NA,NA,NA,NA,NA,NA,NA,NA,NA,NA,NA,NA,NA,NA,NA,NA,NA,NA,NA,NA,NA,NA,NA,NA,NA,NA,2011,1989-04-30,NA,NA,NA,NA
"Taiwan Jones","HOU","RB","10368","weighted",NA,NA,NA,NA,NA,NA,2.3558674278465,2.72101827041553,0.0104345068189026,0.0189796985419593,0,0,0,0,0,0,0.48698065334602,0.470569922747581,4.00673961306692,3.87937357802584,0,0,NA,NA,NA,NA,NA,NA,NA,NA,NA,NA,NA,NA,NA,NA,NA,NA,NA,NA,NA,NA,NA,NA,NA,NA,NA,NA,NA,NA,NA,NA,NA,NA,2011,1988-07-26,NA,NA,NA,NA
"Taiwan Jones","BUF","RB","10368","weighted",NA,NA,NA,NA,NA,NA,2.3558674278465,2.72101827041553,0.0104345068189026,0.0189796985419593,0,0,0,0,0,0,0.48698065334602,0.470569922747581,4.00673961306692,3.87937357802584,0,0,NA,NA,NA,NA,NA,NA,NA,NA,NA,NA,NA,NA,NA,NA,NA,NA,NA,NA,NA,NA,NA,NA,NA,NA,NA,NA,NA,NA,NA,NA,NA,NA,2011,1988-07-26,NA,NA,NA,NA
"Taquan Mizzell","FA","RB","13384","weighted",NA,NA,NA,NA,NA,NA,6.118891966759,9.70150503787943,0.0713573407202216,0.113137084989848,0,0,0,0,0,0,0.575318559556787,0.912167747730646,4.3795567867036,6.9437885912519,0,0,NA,NA,NA,NA,NA,NA,NA,NA,NA,NA,NA,NA,NA,NA,NA,NA,NA,NA,NA,NA,NA,NA,NA,NA,NA,NA,NA,NA,NA,NA,NA,NA,2017,1993-10-21,NA,NA,NA,NA
"Taquan Mizzell","NO","RB","13384","weighted",NA,NA,NA,NA,NA,NA,6.118891966759,9.70150503787943,0.0713573407202216,0.113137084989848,0,0,0,0,0,0,0.575318559556787,0.912167747730646,4.3795567867036,6.9437885912519,0,0,NA,NA,NA,NA,NA,NA,NA,NA,NA,NA,NA,NA,NA,NA,NA,NA,NA,NA,NA,NA,NA,NA,NA,NA,NA,NA,NA,NA,NA,NA,NA,NA,2017,1993-10-21,NA,NA,NA,NA
"Andy Janovich","DEN","RB","12806","weighted",NA,NA,NA,NA,NA,NA,4.05218259629101,3.38279030025768,0.266483594864479,0.48533221490767,0.00293330955777461,0.00467143977596077,0.00949358059914408,0.00831551904550709,0,0,6.94408701854494,5.15267896101863,69.9667118402282,68.7134569936666,0.575206847360913,0.953999890253914,NA,NA,NA,NA,NA,NA,NA,NA,NA,NA,NA,NA,NA,NA,NA,NA,NA,NA,NA,NA,NA,NA,NA,NA,NA,NA,NA,NA,NA,NA,NA,NA,2016,1993-05-23,NA,NA,NA,NA
"Andy Janovich","CLE","RB","12806","weighted",NA,NA,NA,NA,NA,NA,4.05218259629101,3.38279030025768,0.266483594864479,0.48533221490767,0.00293330955777461,0.00467143977596077,0.00949358059914408,0.00831551904550709,0,0,6.94408701854494,5.15267896101863,69.9667118402282,68.7134569936666,0.575206847360913,0.953999890253914,NA,NA,NA,NA,NA,NA,NA,NA,NA,NA,NA,NA,NA,NA,NA,NA,NA,NA,NA,NA,NA,NA,NA,NA,NA,NA,NA,NA,NA,NA,NA,NA,2016,1993-05-23,NA,NA,NA,NA
"Anthony Sherman","KC","RB","10378","weighted",NA,NA,NA,NA,NA,NA,2.83986956521739,3.49460909781868,0.0214565217391304,0.0443456619283271,0.00395652173913043,0.00423735714387798,0,0,0,0,3.38105072463768,2.55335403637738,26.5931014492754,19.7453430235574,0.136652173913043,0.168904941025216,NA,NA,NA,NA,NA,NA,NA,NA,NA,NA,NA,NA,NA,NA,NA,NA,NA,NA,NA,NA,NA,NA,NA,NA,NA,NA,NA,NA,NA,NA,NA,NA,2011,1988-12-11,NA,NA,NA,NA
"Tyler Ervin","BAL","RB","12639","weighted",NA,NA,NA,NA,NA,NA,4.63658442186744,3.66285027581175,0.00392356071601355,0.00421124520801306,0,0,0,0,0,0,1.12978955007257,1.51334429103873,8.64087264150943,11.6236282453269,0.0588751814223512,0.0771367287872287,NA,NA,NA,NA,NA,NA,NA,NA,NA,NA,NA,NA,NA,NA,NA,NA,NA,NA,NA,NA,NA,NA,NA,NA,NA,NA,NA,NA,NA,NA,NA,NA,2016,1993-10-07,NA,NA,NA,NA
"Tyler Ervin","GB","RB","12639","weighted",NA,NA,NA,NA,NA,NA,4.63658442186744,3.66285027581175,0.00392356071601355,0.00421124520801306,0,0,0,0,0,0,1.12978955007257,1.51334429103873,8.64087264150943,11.6236282453269,0.0588751814223512,0.0771367287872287,NA,NA,NA,NA,NA,NA,NA,NA,NA,NA,NA,NA,NA,NA,NA,NA,NA,NA,NA,NA,NA,NA,NA,NA,NA,NA,NA,NA,NA,NA,NA,NA,2016,1993-10-07,NA,NA,NA,NA
"Khalfani Muhammad","FA","RB","13359","weighted",NA,NA,NA,NA,NA,NA,1.87290809327846,2.93449314192417,0.0225651577503429,0.0353553390593274,0,0,0,0,0,0,0,0,0,0,0,0,NA,NA,NA,NA,NA,NA,NA,NA,NA,NA,NA,NA,NA,NA,NA,NA,NA,NA,NA,NA,NA,NA,NA,NA,NA,NA,NA,NA,NA,NA,NA,NA,2017,1994-09-26,NA,NA,NA,NA
"Jamize Olawale","DAL","RB","10985","weighted",NA,NA,NA,NA,NA,NA,2.6771021093001,3.17980345091565,0.00367689357622243,0.0078527036281582,0,0,0,0,0,0,2.50188398849473,1.98661172390576,19.1807957813998,16.6619457067858,0.0624832214765101,0.10243446839091,NA,NA,NA,NA,NA,NA,NA,NA,NA,NA,NA,NA,NA,NA,NA,NA,NA,NA,NA,NA,NA,NA,NA,NA,NA,NA,NA,NA,NA,NA,NA,NA,2012,1989-04-17,NA,NA,NA,NA
"Michael Burton","NO","RB","12325","weighted",NA,NA,NA,NA,NA,NA,3.96189343482398,4.00877546390301,0.00410719949254678,0.00509915358527194,0,0,0,0,0,0,0.892039327624484,0.905153313056825,6.27968601332065,6.35434471367181,0.082477006026007,0.080998684627711,NA,NA,NA,NA,NA,NA,NA,NA,NA,NA,NA,NA,NA,NA,NA,NA,NA,NA,NA,NA,NA,NA,NA,NA,NA,NA,NA,NA,NA,NA,NA,NA,2015,1992-02-01,NA,NA,NA,NA
"D.J. Foster","ARI","RB","12871","weighted",NA,NA,NA,NA,NA,NA,3.01930747922438,4.78711290863293,0,0,0,0,0,0,0,0,0.695734072022161,1.10308657865101,5.60601108033241,8.8883322395149,0,0,NA,NA,NA,NA,NA,NA,NA,NA,NA,NA,NA,NA,NA,NA,NA,NA,NA,NA,NA,NA,NA,NA,NA,NA,NA,NA,NA,NA,NA,NA,NA,NA,2016,NA,NA,NA,NA,NA
"Jeremy McNichols","FA","RB","13143","weighted",NA,NA,NA,NA,NA,NA,2.22651284490961,2.43770427100401,0,0,0,0,0,0,0,0,0.555470980019029,0.608159069689149,4.24472407231208,4.64734889087458,0,0,NA,NA,NA,NA,NA,NA,NA,NA,NA,NA,NA,NA,NA,NA,NA,NA,NA,NA,NA,NA,NA,NA,NA,NA,NA,NA,NA,NA,NA,NA,NA,NA,2017,1995-12-26,NA,NA,NA,NA
"Patrick Ricard","BAL","RB","13455","weighted",NA,NA,NA,NA,NA,NA,1.56244529019981,2.17767146588676,0.0156517602283539,0.0284695478129389,0.00415160164922296,0.00513235479277378,0.0233111322549952,0.02548095660116,0,0,2.88778306374881,3.7401353693057,16.4426736441484,28.1681229617545,0.153786869647954,0.214037183152306,NA,NA,NA,NA,NA,NA,NA,NA,NA,NA,NA,NA,NA,NA,NA,NA,NA,NA,NA,NA,NA,NA,NA,NA,NA,NA,NA,NA,NA,NA,NA,NA,2017,1994-05-27,NA,NA,NA,NA
"Ricky Ortiz","ATL","RB","13924","weighted",NA,NA,NA,NA,NA,NA,1.74228985507246,2.14614260498208,0.0190724637681159,0.039418366158513,0.00395652173913043,0.00423735714387798,0.023713768115942,0.0209585781908922,0,0,1.91505797101449,2.04109620978584,12.908152173913,11.6700242984554,0.0548333333333333,0.113327802705725,NA,NA,NA,NA,NA,NA,NA,NA,NA,NA,NA,NA,NA,NA,NA,NA,NA,NA,NA,NA,NA,NA,NA,NA,NA,NA,NA,NA,NA,NA,NA,NA,2017,1970-01-01,NA,NA,NA,NA
"Nick Bellore","SEA","RB","10514","weighted",NA,NA,NA,NA,NA,NA,1.63291151284491,1.99995715550088,0.0187821122740247,0.0341634573755267,0.00415160164922296,0.00513235479277378,0.0186489058039962,0.020384765280928,0,0,3.7030066603235,3.75851332417417,25.7433491912464,25.3777728649556,0.176431969552807,0.170427577851234,NA,NA,NA,NA,NA,NA,NA,NA,NA,NA,NA,NA,NA,NA,NA,NA,NA,NA,NA,NA,NA,NA,NA,NA,NA,NA,NA,NA,NA,NA,NA,NA,2011,1989-05-12,NA,NA,NA,NA
"Dan Vitale","GB","RB","12822","weighted",NA,NA,NA,NA,NA,NA,1.7000475737393,1.88329451357545,0.0219124643196955,0.0398573669381145,0.00415160164922296,0.00513235479277378,0.0233111322549952,0.02548095660116,0,0,3.10431018078021,3.07905022010985,22.5956803044719,24.1031829099418,0.157516650808754,0.164100579729361,NA,NA,NA,NA,NA,NA,NA,NA,NA,NA,NA,NA,NA,NA,NA,NA,NA,NA,NA,NA,NA,NA,NA,NA,NA,NA,NA,NA,NA,NA,NA,NA,2016,NA,NA,NA,NA,NA
"Dan Vitale","NE","RB","12822","weighted",NA,NA,NA,NA,NA,NA,1.7000475737393,1.88329451357545,0.0219124643196955,0.0398573669381145,0.00415160164922296,0.00513235479277378,0.0233111322549952,0.02548095660116,0,0,3.10431018078021,3.07905022010985,22.5956803044719,24.1031829099418,0.157516650808754,0.164100579729361,NA,NA,NA,NA,NA,NA,NA,NA,NA,NA,NA,NA,NA,NA,NA,NA,NA,NA,NA,NA,NA,NA,NA,NA,NA,NA,NA,NA,NA,NA,NA,NA,2016,NA,NA,NA,NA,NA
"Darius Jackson","FA","RB","12832","weighted",NA,NA,NA,NA,NA,NA,1.89752616555661,1.91907316190431,0,0,0,0,0,0,0,0,0.197811607992388,0.199019494331806,1.64410085632731,1.66320665473413,0,0,NA,NA,NA,NA,NA,NA,NA,NA,NA,NA,NA,NA,NA,NA,NA,NA,NA,NA,NA,NA,NA,NA,NA,NA,NA,NA,NA,NA,NA,NA,NA,NA,2016,1993-12-01,NA,NA,NA,NA
"Darius Jackson","IND","RB","12832","weighted",NA,NA,NA,NA,NA,NA,1.89752616555661,1.91907316190431,0,0,0,0,0,0,0,0,0.197811607992388,0.199019494331806,1.64410085632731,1.66320665473413,0,0,NA,NA,NA,NA,NA,NA,NA,NA,NA,NA,NA,NA,NA,NA,NA,NA,NA,NA,NA,NA,NA,NA,NA,NA,NA,NA,NA,NA,NA,NA,NA,NA,2016,1993-12-01,NA,NA,NA,NA
"Roosevelt Nix","PIT","RB","4397","weighted",NA,NA,NA,NA,NA,NA,1.06468772563177,1.68278214653239,0.0385541516245487,0.0609364008493623,0.00593862815884477,0.00937129335716181,0.0142310469314079,0.012551488449968,0,0,2.22881588447653,2.69293436199625,17.4938916967509,14.6816510062241,0.0617617328519856,0.127939736889646,NA,NA,NA,NA,NA,NA,NA,NA,NA,NA,NA,NA,NA,NA,NA,NA,NA,NA,NA,NA,NA,NA,NA,NA,NA,NA,NA,NA,NA,NA,NA,NA,NA,NA,NA,NA,NA,NA
"Roosevelt Nix","IND","RB","4397","weighted",NA,NA,NA,NA,NA,NA,1.06468772563177,1.68278214653239,0.0385541516245487,0.0609364008493623,0.00593862815884477,0.00937129335716181,0.0142310469314079,0.012551488449968,0,0,2.22881588447653,2.69293436199625,17.4938916967509,14.6816510062241,0.0617617328519856,0.127939736889646,NA,NA,NA,NA,NA,NA,NA,NA,NA,NA,NA,NA,NA,NA,NA,NA,NA,NA,NA,NA,NA,NA,NA,NA,NA,NA,NA,NA,NA,NA,NA,NA,NA,NA,NA,NA,NA,NA
"Nick Bawden","DET","RB","13838","weighted",NA,NA,NA,NA,NA,NA,0.26950220541903,0.332447153886082,0.00414618777567738,0.00511457159824741,0,0,0,0,0,0,1.00545053560176,1.59705358690093,8.20737870195337,13.5273958310055,0.0456080655324512,0.0752607905606067,NA,NA,NA,NA,NA,NA,NA,NA,NA,NA,NA,NA,NA,NA,NA,NA,NA,NA,NA,NA,NA,NA,NA,NA,NA,NA,NA,NA,NA,NA,NA,NA,2018,1996-06-22,NA,NA,NA,NA
"Jonathan Stewart","FA","RB","9101","weighted",NA,NA,NA,NA,NA,NA,0,0,0,0,0,0,0,0,0,0,0,0,0,0,0,0,NA,NA,NA,NA,NA,NA,NA,NA,NA,NA,NA,NA,NA,NA,NA,NA,NA,NA,NA,NA,NA,NA,NA,NA,NA,NA,NA,NA,NA,NA,NA,NA,2008,1987-03-21,NA,NA,NA,NA
"LeGarrette Blount","FA","RB","9898","weighted",NA,NA,NA,NA,NA,NA,0,0,0,0,0,0,0,0,0,0,0,0,0,0,0,0,NA,NA,NA,NA,NA,NA,NA,NA,NA,NA,NA,NA,NA,NA,NA,NA,NA,NA,NA,NA,NA,NA,NA,NA,NA,NA,NA,NA,NA,NA,NA,NA,2010,1986-12-05,NA,NA,NA,NA
"Stevan Ridley","FA","RB","10334","weighted",NA,NA,NA,NA,NA,NA,0,0,0,0,0,0,0,0,0,0,0,0,0,0,0,0,NA,NA,NA,NA,NA,NA,NA,NA,NA,NA,NA,NA,NA,NA,NA,NA,NA,NA,NA,NA,NA,NA,NA,NA,NA,NA,NA,NA,NA,NA,NA,NA,2011,1989-01-27,NA,NA,NA,NA
"Jacquizz Rodgers","FA","RB","10300","weighted",NA,NA,NA,NA,NA,NA,0,0,0,0,0,0,0,0,0,0,0,0,0,0,0,0,NA,NA,NA,NA,NA,NA,NA,NA,NA,NA,NA,NA,NA,NA,NA,NA,NA,NA,NA,NA,NA,NA,NA,NA,NA,NA,NA,NA,NA,NA,NA,NA,2011,1990-02-06,NA,NA,NA,NA
"Marshawn Lynch","FA","RB","8670","weighted",NA,NA,NA,NA,NA,NA,0,0,0,0,0,0,0,0,0,0,0,0,0,0,0,0,NA,NA,NA,NA,NA,NA,NA,NA,NA,NA,NA,NA,NA,NA,NA,NA,NA,NA,NA,NA,NA,NA,NA,NA,NA,NA,NA,NA,NA,NA,NA,NA,2007,1986-04-22,NA,NA,NA,NA
"Chris Ivory","FA","RB","10077","weighted",NA,NA,NA,NA,NA,NA,0,0,0,0,0,0,0,0,0,0,0,0,0,0,0,0,NA,NA,NA,NA,NA,NA,NA,NA,NA,NA,NA,NA,NA,NA,NA,NA,NA,NA,NA,NA,NA,NA,NA,NA,NA,NA,NA,NA,NA,NA,NA,NA,2010,1988-03-22,NA,NA,NA,NA
"Derrick Coleman","FA","RB","11524","weighted",NA,NA,NA,NA,NA,NA,0,0,0,0,0,0,0,0,0,0,0,0,0,0,0,0,NA,NA,NA,NA,NA,NA,NA,NA,NA,NA,NA,NA,NA,NA,NA,NA,NA,NA,NA,NA,NA,NA,NA,NA,NA,NA,NA,NA,NA,NA,NA,NA,2012,1990-10-18,NA,NA,NA,NA
"Travaris Cadet","FA","RB","10978","weighted",NA,NA,NA,NA,NA,NA,0,0,0,0,0,0,0,0,0,0,0,0,0,0,0,0,NA,NA,NA,NA,NA,NA,NA,NA,NA,NA,NA,NA,NA,NA,NA,NA,NA,NA,NA,NA,NA,NA,NA,NA,NA,NA,NA,NA,NA,NA,NA,NA,2012,1989-02-01,NA,NA,NA,NA
"Kerwynn Williams","FA","RB","11185","weighted",NA,NA,NA,NA,NA,NA,0,0,0,0,0,0,0,0,0,0,0,0,0,0,0,0,NA,NA,NA,NA,NA,NA,NA,NA,NA,NA,NA,NA,NA,NA,NA,NA,NA,NA,NA,NA,NA,NA,NA,NA,NA,NA,NA,NA,NA,NA,NA,NA,2013,1991-06-09,NA,NA,NA,NA
"Fozzy Whittaker","FA","RB","11342","weighted",NA,NA,NA,NA,NA,NA,0,0,0,0,0,0,0,0,0,0,0,0,0,0,0,0,NA,NA,NA,NA,NA,NA,NA,NA,NA,NA,NA,NA,NA,NA,NA,NA,NA,NA,NA,NA,NA,NA,NA,NA,NA,NA,NA,NA,NA,NA,NA,NA,2012,1989-02-22,NA,NA,NA,NA
"Tommy Bohanon","FA","RB","11408","weighted",NA,NA,NA,NA,NA,NA,0,0,0,0,0,0,0,0,0,0,0,0,0,0,0,0,NA,NA,NA,NA,NA,NA,NA,NA,NA,NA,NA,NA,NA,NA,NA,NA,NA,NA,NA,NA,NA,NA,NA,NA,NA,NA,NA,NA,NA,NA,NA,NA,2013,1990-09-10,NA,NA,NA,NA
"Jeremy Hill","FA","RB","11654","weighted",NA,NA,NA,NA,NA,NA,0,0,0,0,0,0,0,0,0,0,0,0,0,0,0,0,NA,NA,NA,NA,NA,NA,NA,NA,NA,NA,NA,NA,NA,NA,NA,NA,NA,NA,NA,NA,NA,NA,NA,NA,NA,NA,NA,NA,NA,NA,NA,NA,2014,1992-10-20,NA,NA,NA,NA
"Charcandrick West","IND","RB","12098","weighted",NA,NA,NA,NA,NA,NA,0,0,0,0,0,0,0,0,0,0,0,0,0,0,0,0,NA,NA,NA,NA,NA,NA,NA,NA,NA,NA,NA,NA,NA,NA,NA,NA,NA,NA,NA,NA,NA,NA,NA,NA,NA,NA,NA,NA,NA,NA,NA,NA,2014,1991-06-02,NA,NA,NA,NA
"Charcandrick West","FA","RB","12098","weighted",NA,NA,NA,NA,NA,NA,0,0,0,0,0,0,0,0,0,0,0,0,0,0,0,0,NA,NA,NA,NA,NA,NA,NA,NA,NA,NA,NA,NA,NA,NA,NA,NA,NA,NA,NA,NA,NA,NA,NA,NA,NA,NA,NA,NA,NA,NA,NA,NA,2014,1991-06-02,NA,NA,NA,NA
"Kapri Bibbs","FA","RB","11895","weighted",NA,NA,NA,NA,NA,NA,0,0,0,0,0,0,0,0,0,0,0,0,0,0,0,0,NA,NA,NA,NA,NA,NA,NA,NA,NA,NA,NA,NA,NA,NA,NA,NA,NA,NA,NA,NA,NA,NA,NA,NA,NA,NA,NA,NA,NA,NA,NA,NA,2014,1993-01-10,NA,NA,NA,NA
"Jeremy Langford","FA","RB","12156","weighted",NA,NA,NA,NA,NA,NA,0,0,0,0,0,0,0,0,0,0,0,0,0,0,0,0,NA,NA,NA,NA,NA,NA,NA,NA,NA,NA,NA,NA,NA,NA,NA,NA,NA,NA,NA,NA,NA,NA,NA,NA,NA,NA,NA,NA,NA,NA,NA,NA,2015,1991-12-06,NA,NA,NA,NA
"Aaron Ripkowski","FA","RB","12353","weighted",NA,NA,NA,NA,NA,NA,0,0,0,0,0,0,0,0,0,0,0,0,0,0,0,0,NA,NA,NA,NA,NA,NA,NA,NA,NA,NA,NA,NA,NA,NA,NA,NA,NA,NA,NA,NA,NA,NA,NA,NA,NA,NA,NA,NA,NA,NA,NA,NA,NA,NA,NA,NA,NA,NA
"Marcus Murphy","FA","RB","12367","weighted",NA,NA,NA,NA,NA,NA,0,0,0,0,0,0,0,0,0,0,0,0,0,0,0,0,NA,NA,NA,NA,NA,NA,NA,NA,NA,NA,NA,NA,NA,NA,NA,NA,NA,NA,NA,NA,NA,NA,NA,NA,NA,NA,NA,NA,NA,NA,NA,NA,2015,1991-10-03,NA,NA,NA,NA
"Zach Zenner","FA","RB","12264","weighted",NA,NA,NA,NA,NA,NA,0,0,0,0,0,0,0,0,0,0,0,0,0,0,0,0,NA,NA,NA,NA,NA,NA,NA,NA,NA,NA,NA,NA,NA,NA,NA,NA,NA,NA,NA,NA,NA,NA,NA,NA,NA,NA,NA,NA,NA,NA,NA,NA,NA,NA,NA,NA,NA,NA
"Corey Grant","FA","RB","12402","weighted",NA,NA,NA,NA,NA,NA,0,0,0,0,0,0,0,0,0,0,0,0,0,0,0,0,NA,NA,NA,NA,NA,NA,NA,NA,NA,NA,NA,NA,NA,NA,NA,NA,NA,NA,NA,NA,NA,NA,NA,NA,NA,NA,NA,NA,NA,NA,NA,NA,NA,NA,NA,NA,NA,NA
"Akeem Hunt","FA","RB","12170","weighted",NA,NA,NA,NA,NA,NA,0,0,0,0,0,0,0,0,0,0,0,0,0,0,0,0,NA,NA,NA,NA,NA,NA,NA,NA,NA,NA,NA,NA,NA,NA,NA,NA,NA,NA,NA,NA,NA,NA,NA,NA,NA,NA,NA,NA,NA,NA,NA,NA,2015,1993-02-22,NA,NA,NA,NA
"Thomas Rawls","FA","RB","12169","weighted",NA,NA,NA,NA,NA,NA,0,0,0,0,0,0,0,0,0,0,0,0,0,0,0,0,NA,NA,NA,NA,NA,NA,NA,NA,NA,NA,NA,NA,NA,NA,NA,NA,NA,NA,NA,NA,NA,NA,NA,NA,NA,NA,NA,NA,NA,NA,NA,NA,2015,1993-08-03,NA,NA,NA,NA
"Mack Brown","FA","RB","12908","weighted",NA,NA,NA,NA,NA,NA,0,0,0,0,0,0,0,0,0,0,0,0,0,0,0,0,NA,NA,NA,NA,NA,NA,NA,NA,NA,NA,NA,NA,NA,NA,NA,NA,NA,NA,NA,NA,NA,NA,NA,NA,NA,NA,NA,NA,NA,NA,NA,NA,NA,NA,NA,NA,NA,NA
"Daniel Lasco","FA","RB","12846","weighted",NA,NA,NA,NA,NA,NA,0,0,0,0,0,0,0,0,0,0,0,0,0,0,0,0,NA,NA,NA,NA,NA,NA,NA,NA,NA,NA,NA,NA,NA,NA,NA,NA,NA,NA,NA,NA,NA,NA,NA,NA,NA,NA,NA,NA,NA,NA,NA,NA,2016,1992-10-09,NA,NA,NA,NA
"Jonathan Williams","IND","RB","12635","weighted",NA,NA,NA,NA,NA,NA,0,0,0,0,0,0,0,0,0,0,0,0,0,0,0,0,NA,NA,NA,NA,NA,NA,NA,NA,NA,NA,NA,NA,NA,NA,NA,NA,NA,NA,NA,NA,NA,NA,NA,NA,NA,NA,NA,NA,NA,NA,NA,NA,2016,1994-02-02,NA,NA,NA,NA
"Jonathan Williams","FA","RB","12635","weighted",NA,NA,NA,NA,NA,NA,0,0,0,0,0,0,0,0,0,0,0,0,0,0,0,0,NA,NA,NA,NA,NA,NA,NA,NA,NA,NA,NA,NA,NA,NA,NA,NA,NA,NA,NA,NA,NA,NA,NA,NA,NA,NA,NA,NA,NA,NA,NA,NA,2016,1994-02-02,NA,NA,NA,NA
"Alex Collins","FA","RB","12628","weighted",NA,NA,NA,NA,NA,NA,0,0,0,0,0,0,0,0,0,0,0,0,0,0,0,0,NA,NA,NA,NA,NA,NA,NA,NA,NA,NA,NA,NA,NA,NA,NA,NA,NA,NA,NA,NA,NA,NA,NA,NA,NA,NA,NA,NA,NA,NA,NA,NA,2016,1994-08-26,NA,NA,NA,NA
"Rob Kelley","FA","RB","12887","weighted",NA,NA,NA,NA,NA,NA,0,0,0,0,0,0,0,0,0,0,0,0,0,0,0,0,NA,NA,NA,NA,NA,NA,NA,NA,NA,NA,NA,NA,NA,NA,NA,NA,NA,NA,NA,NA,NA,NA,NA,NA,NA,NA,NA,NA,NA,NA,NA,NA,2016,1992-10-03,"Q","Undisclosed",2019,0
"Brandon Wilds","FA","RB","12867","weighted",NA,NA,NA,NA,NA,NA,0,0,0,0,0,0,0,0,0,0,0,0,0,0,0,0,NA,NA,NA,NA,NA,NA,NA,NA,NA,NA,NA,NA,NA,NA,NA,NA,NA,NA,NA,NA,NA,NA,NA,NA,NA,NA,NA,NA,NA,NA,NA,NA,2016,1993-07-22,NA,NA,NA,NA
"Russell Hansbrough","FA","RB","13019","weighted",NA,NA,NA,NA,NA,NA,0,0,0,0,0,0,0,0,0,0,0,0,0,0,0,0,NA,NA,NA,NA,NA,NA,NA,NA,NA,NA,NA,NA,NA,NA,NA,NA,NA,NA,NA,NA,NA,NA,NA,NA,NA,NA,NA,NA,NA,NA,NA,NA,2016,1993-11-19,NA,NA,NA,NA
"Tre Madden","SEA","RB","12644","weighted",NA,NA,NA,NA,NA,NA,0,0,0,0,0,0,0,0,0,0,0.139630681818182,0.152255145368147,2.32717803030303,2.53758575613578,0,0,NA,NA,NA,NA,NA,NA,NA,NA,NA,NA,NA,NA,NA,NA,NA,NA,NA,NA,NA,NA,NA,NA,NA,NA,NA,NA,NA,NA,NA,NA,NA,NA,2016,1993-08-16,NA,NA,NA,NA
"Kenneth Farrow","MIA","RB","12642","weighted",NA,NA,NA,NA,NA,NA,0,0,0,0,0,0,0,0,0,0,0,0,0,0,0,0,NA,NA,NA,NA,NA,NA,NA,NA,NA,NA,NA,NA,NA,NA,NA,NA,NA,NA,NA,NA,NA,NA,NA,NA,NA,NA,NA,NA,NA,NA,NA,NA,2016,1993-03-07,NA,NA,NA,NA
"Byron Marshall","WAS","RB","12864","weighted",NA,NA,NA,NA,NA,NA,0,0,0,0,0,0,0,0,0,0,0,0,0,0,0,0,NA,NA,NA,NA,NA,NA,NA,NA,NA,NA,NA,NA,NA,NA,NA,NA,NA,NA,NA,NA,NA,NA,NA,NA,NA,NA,NA,NA,NA,NA,NA,NA,2016,1994-02-13,NA,NA,NA,NA
"DeAngelo Henderson","FA","RB","13334","weighted",NA,NA,NA,NA,NA,NA,0,0,0,0,0,0,0,0,0,0,0,0,0,0,0,0,NA,NA,NA,NA,NA,NA,NA,NA,NA,NA,NA,NA,NA,NA,NA,NA,NA,NA,NA,NA,NA,NA,NA,NA,NA,NA,NA,NA,NA,NA,NA,NA,2017,1992-11-24,NA,NA,NA,NA
"Elijah Hood","JAC","RB","13141","weighted",NA,NA,NA,NA,NA,NA,0,0,0,0,0,0,0,0,0,0,0,0,0,0,0,0,NA,NA,NA,NA,NA,NA,NA,NA,NA,NA,NA,NA,NA,NA,NA,NA,NA,NA,NA,NA,NA,NA,NA,NA,NA,NA,NA,NA,NA,NA,NA,NA,2017,NA,NA,NA,NA,NA
"Devante Mays","JAC","RB","13357","weighted",NA,NA,NA,NA,NA,NA,0,0,0,0,0,0,0,0,0,0,0,0,0,0,0,0,NA,NA,NA,NA,NA,NA,NA,NA,NA,NA,NA,NA,NA,NA,NA,NA,NA,NA,NA,NA,NA,NA,NA,NA,NA,NA,NA,NA,NA,NA,NA,NA,2017,NA,NA,NA,NA,NA
"Donnel Pumphrey","PHI","RB","13137","weighted",NA,NA,NA,NA,NA,NA,0,0,0,0,0,0,0,0,0,0,0,0,0,0,0,0,NA,NA,NA,NA,NA,NA,NA,NA,NA,NA,NA,NA,NA,NA,NA,NA,NA,NA,NA,NA,NA,NA,NA,NA,NA,NA,NA,NA,NA,NA,NA,NA,2017,1994-12-06,NA,NA,NA,NA
"Justin Davis","LAR","RB","13150","weighted",NA,NA,NA,NA,NA,NA,0,0,0,0,0,0,0,0,0,0,0,0,0,0,0,0,NA,NA,NA,NA,NA,NA,NA,NA,NA,NA,NA,NA,NA,NA,NA,NA,NA,NA,NA,NA,NA,NA,NA,NA,NA,NA,NA,NA,NA,NA,NA,NA,2017,NA,NA,NA,NA,NA
"Roc Thomas","FA","RB","13628","weighted",NA,NA,NA,NA,NA,NA,0,0,0,0,0,0,0,0,0,0,0,0,0,0,0,0,NA,NA,NA,NA,NA,NA,NA,NA,NA,NA,NA,NA,NA,NA,NA,NA,NA,NA,NA,NA,NA,NA,NA,NA,NA,NA,NA,NA,NA,NA,NA,NA,2018,1995-09-02,NA,NA,NA,NA
"Chris Warren","FA","RB","13725","weighted",NA,NA,NA,NA,NA,NA,0,0,0,0,0,0,0,0,0,0,0,0,0,0,0,0,NA,NA,NA,NA,NA,NA,NA,NA,NA,NA,NA,NA,NA,NA,NA,NA,NA,NA,NA,NA,NA,NA,NA,NA,NA,NA,NA,NA,NA,NA,NA,NA,2018,NA,NA,NA,NA,NA
"David Williams","DEN","RB","13830","weighted",NA,NA,NA,NA,NA,NA,0,0,0,0,0,0,0,0,0,0,0,0,0,0,0,0,NA,NA,NA,NA,NA,NA,NA,NA,NA,NA,NA,NA,NA,NA,NA,NA,NA,NA,NA,NA,NA,NA,NA,NA,NA,NA,NA,NA,NA,NA,NA,NA,2018,1994-06-17,NA,NA,NA,NA
"Shaun Wilson","WAS","RB","13874","weighted",NA,NA,NA,NA,NA,NA,0,0,0,0,0,0,0,0,0,0,0,0,0,0,0,0,NA,NA,NA,NA,NA,NA,NA,NA,NA,NA,NA,NA,NA,NA,NA,NA,NA,NA,NA,NA,NA,NA,NA,NA,NA,NA,NA,NA,NA,NA,NA,NA,2018,1970-01-01,NA,NA,NA,NA
"Shaun Wilson","TEN","RB","13874","weighted",NA,NA,NA,NA,NA,NA,0,0,0,0,0,0,0,0,0,0,0,0,0,0,0,0,NA,NA,NA,NA,NA,NA,NA,NA,NA,NA,NA,NA,NA,NA,NA,NA,NA,NA,NA,NA,NA,NA,NA,NA,NA,NA,NA,NA,NA,NA,NA,NA,2018,1970-01-01,NA,NA,NA,NA
"Detrez Newsome","FA","RB","13891","weighted",NA,NA,NA,NA,NA,NA,0,0,0,0,0,0,0,0,0,0,0,0,0,0,0,0,NA,NA,NA,NA,NA,NA,NA,NA,NA,NA,NA,NA,NA,NA,NA,NA,NA,NA,NA,NA,NA,NA,NA,NA,NA,NA,NA,NA,NA,NA,NA,NA,2018,1970-01-01,NA,NA,NA,NA
"Alex Barnes","TEN","RB","14191","weighted",NA,NA,NA,NA,NA,NA,0,0,0,0,0,0,0,0,0,0,0,0,0,0,0,0,NA,NA,NA,NA,NA,NA,NA,NA,NA,NA,NA,NA,NA,NA,NA,NA,NA,NA,NA,NA,NA,NA,NA,NA,NA,NA,NA,NA,NA,NA,NA,NA,2019,1970-01-01,NA,NA,NA,NA
"Alex Barnes","FA","RB","14191","weighted",NA,NA,NA,NA,NA,NA,0,0,0,0,0,0,0,0,0,0,0,0,0,0,0,0,NA,NA,NA,NA,NA,NA,NA,NA,NA,NA,NA,NA,NA,NA,NA,NA,NA,NA,NA,NA,NA,NA,NA,NA,NA,NA,NA,NA,NA,NA,NA,NA,2019,1970-01-01,NA,NA,NA,NA
"Elijah Holyfield","CAR","RB","14084","weighted",NA,NA,NA,NA,NA,NA,0,NA,0,NA,0,NA,0,NA,0,NA,0,NA,0,NA,0,NA,NA,NA,NA,NA,NA,NA,NA,NA,NA,NA,NA,NA,NA,NA,NA,NA,NA,NA,NA,NA,NA,NA,NA,NA,NA,NA,NA,NA,NA,NA,NA,NA,2019,NA,NA,NA,NA,NA
"Elijah Holyfield","PHI","RB","14084","weighted",NA,NA,NA,NA,NA,NA,0,NA,0,NA,0,NA,0,NA,0,NA,0,NA,0,NA,0,NA,NA,NA,NA,NA,NA,NA,NA,NA,NA,NA,NA,NA,NA,NA,NA,NA,NA,NA,NA,NA,NA,NA,NA,NA,NA,NA,NA,NA,NA,NA,NA,NA,2019,NA,NA,NA,NA,NA
"James Williams","DET","RB","14192","weighted",NA,NA,NA,NA,NA,NA,0,0,0,0,0,0,0,0,0,0,0,0,0,0,0,0,NA,NA,NA,NA,NA,NA,NA,NA,NA,NA,NA,NA,NA,NA,NA,NA,NA,NA,NA,NA,NA,NA,NA,NA,NA,NA,NA,NA,NA,NA,NA,NA,2019,NA,NA,NA,NA,NA
"James Williams","FA","RB","14192","weighted",NA,NA,NA,NA,NA,NA,0,0,0,0,0,0,0,0,0,0,0,0,0,0,0,0,NA,NA,NA,NA,NA,NA,NA,NA,NA,NA,NA,NA,NA,NA,NA,NA,NA,NA,NA,NA,NA,NA,NA,NA,NA,NA,NA,NA,NA,NA,NA,NA,2019,NA,NA,NA,NA,NA
"Christian Wade","BUF","RB","14194","weighted",NA,NA,NA,NA,NA,NA,0,NA,0,NA,0,NA,0,NA,0,NA,0,NA,0,NA,0,NA,NA,NA,NA,NA,NA,NA,NA,NA,NA,NA,NA,NA,NA,NA,NA,NA,NA,NA,NA,NA,NA,NA,NA,NA,NA,NA,NA,NA,NA,NA,NA,NA,2019,1970-01-01,NA,NA,NA,NA
"Cullen Gillaspia","HOU","RB","14287","weighted",NA,NA,NA,NA,NA,NA,0,0,0,0,0,0,0,0,0,0,0,0,0,0,0,0,NA,NA,NA,NA,NA,NA,NA,NA,NA,NA,NA,NA,NA,NA,NA,NA,NA,NA,NA,NA,NA,NA,NA,NA,NA,NA,NA,NA,NA,NA,NA,NA,2019,1970-01-01,NA,NA,NA,NA
"Chandler Cox","MIA","RB","14295","weighted",NA,NA,NA,NA,NA,NA,0,0,0,0,0,0,0,0,0,0,0,0,0,0,0,0,NA,NA,NA,NA,NA,NA,NA,NA,NA,NA,NA,NA,NA,NA,NA,NA,NA,NA,NA,NA,NA,NA,NA,NA,NA,NA,NA,NA,NA,NA,NA,NA,2019,NA,NA,NA,NA,NA
"Julio Jones","ATL","WR","10271","weighted",NA,NA,NA,NA,NA,NA,7.97144323870072,3.40669593584475,0.00406168222728463,0.00973841144798795,1.18080401183821,0.760346030846816,0,0,0,0,103.751315356791,7.44362317618954,1501.09580072345,116.494440920785,8.24587210697818,1.40500963580253,NA,NA,NA,NA,NA,NA,NA,NA,NA,NA,NA,NA,NA,NA,NA,NA,NA,NA,NA,NA,NA,NA,NA,NA,NA,NA,NA,NA,NA,NA,NA,NA,2011,1989-02-03,NA,NA,NA,NA
"Michael Thomas","NO","WR","12652","weighted",NA,NA,NA,NA,NA,NA,0.697627242500639,2.3020783168623,0,0,0.689279842157185,0.299901899514754,0,0,0,0,119.35599605393,10.2496858211929,1399.41967444919,100.413642456355,8.62925977091306,1.0681062527077,NA,NA,NA,NA,NA,NA,NA,NA,NA,NA,NA,NA,NA,NA,NA,NA,NA,NA,NA,NA,NA,NA,NA,NA,NA,NA,NA,NA,NA,NA,NA,NA,2016,1994-08-16,NA,NA,NA,NA
"DeAndre Hopkins","HOU","WR","11232","weighted",NA,NA,NA,NA,NA,NA,3.89427085892082,3.77552211561666,0,0,0.634856300663228,0.301418362799775,0,0,0,0,103.364069843609,5.37478393215313,1386.01712232867,114.538303649544,9.91017789461482,1.69632947103537,NA,NA,NA,NA,NA,NA,NA,NA,NA,NA,NA,NA,NA,NA,NA,NA,NA,NA,NA,NA,NA,NA,NA,NA,NA,NA,NA,NA,NA,NA,NA,NA,2013,1992-06-06,NA,NA,NA,NA
"DeAndre Hopkins","ARI","WR","11232","weighted",NA,NA,NA,NA,NA,NA,3.89427085892082,3.77552211561666,0,0,0.634856300663228,0.301418362799775,0,0,0,0,103.364069843609,5.37478393215313,1386.01712232867,114.538303649544,9.91017789461482,1.69632947103537,NA,NA,NA,NA,NA,NA,NA,NA,NA,NA,NA,NA,NA,NA,NA,NA,NA,NA,NA,NA,NA,NA,NA,NA,NA,NA,NA,NA,NA,NA,NA,NA,2013,1992-06-06,NA,NA,NA,NA
"JuJu Smith-Schuster","PIT","WR","13156","weighted",NA,NA,NA,NA,NA,NA,6.54002374518955,8.40599829182313,0.00132727421599935,0.00346469845604815,0.455678703021371,0.332747764801915,1.9,2.37546736882749e-16,0.219113854089904,0.124593742887109,96.7688696470974,9.17073471505157,1305.01878039794,144.059037675078,7.99704988804361,1.44455289829543,NA,NA,NA,NA,NA,NA,NA,NA,NA,NA,NA,NA,NA,NA,NA,NA,NA,NA,NA,NA,NA,NA,NA,NA,NA,NA,NA,NA,NA,NA,NA,NA,2017,1996-11-22,NA,NA,NA,NA
"Tyreek Hill","KC","WR","12801","weighted",NA,NA,NA,NA,NA,NA,85.7881055208448,25.1398724057474,0.774769069368297,0.348935921703809,0.363877014140085,0.324378643912038,0,0,1.05371588293325,0.0285462435774372,79.4069082538639,11.2542014209818,1235.11226899046,182.270704730851,8.49207460326939,1.66726152101592,NA,NA,NA,NA,NA,NA,NA,NA,NA,NA,NA,NA,NA,NA,NA,NA,NA,NA,NA,NA,NA,NA,NA,NA,NA,NA,NA,NA,NA,NA,NA,NA,2016,1994-03-01,NA,NA,NA,NA
"Odell Beckham","CLE","WR","11679","weighted",NA,NA,NA,NA,NA,NA,16.5966298206829,13.5685454540164,0,0,0.460521739130435,0.32979589899896,0,0,0,0,85.7566265454843,6.3715502186407,1249.03962785556,133.551705007149,8.84188775006695,1.29487189289088,NA,NA,NA,NA,NA,NA,NA,NA,NA,NA,NA,NA,NA,NA,NA,NA,NA,NA,NA,NA,NA,NA,NA,NA,NA,NA,NA,NA,NA,NA,NA,NA,2014,1992-11-05,NA,NA,NA,NA
"Mike Evans","TB","WR","11671","weighted",NA,NA,NA,NA,NA,NA,2.88093343158929,6.86688052867637,0.0277551584377303,0.0577549826300704,0.616709653647752,0.297135384358883,1,0,0,0,81.8715598133137,7.064081244404,1324.55619380987,85.5618626183435,8.16245599620297,1.13765238766951,NA,NA,NA,NA,NA,NA,NA,NA,NA,NA,NA,NA,NA,NA,NA,NA,NA,NA,NA,NA,NA,NA,NA,NA,NA,NA,NA,NA,NA,NA,NA,NA,2014,1993-08-21,NA,NA,NA,NA
"Davante Adams","GB","WR","11675","weighted",NA,NA,NA,NA,NA,NA,0.100410318243268,0.250076621749035,0,0,0.475896086813548,0.318022586413702,1,0,0,0,105.326678066426,3.01255216497299,1335.56553765209,73.0553297930279,10.7763652902384,0.953171771437173,NA,NA,NA,NA,NA,NA,NA,NA,NA,NA,NA,NA,NA,NA,NA,NA,NA,NA,NA,NA,NA,NA,NA,NA,NA,NA,NA,NA,NA,NA,NA,NA,2014,1992-12-24,NA,NA,NA,NA
"Adam Thielen","MIN","WR","11938","weighted",NA,NA,NA,NA,NA,NA,28.7154433800049,6.1826911471684,0.185584867151811,0.342659014389139,0.47261459100958,0.333527910482625,0,0,0,0,86.6676394006387,6.73233896393053,1170.55487103906,111.754397990192,7.58601722276779,1.07464787129554,NA,NA,NA,NA,NA,NA,NA,NA,NA,NA,NA,NA,NA,NA,NA,NA,NA,NA,NA,NA,NA,NA,NA,NA,NA,NA,NA,NA,NA,NA,NA,NA,2014,1990-08-22,NA,NA,NA,NA
"Antonio Brown","OAK","WR","9988","weighted",NA,NA,NA,NA,NA,NA,6.05823471882641,7.99560589347725,0.0047041564792176,0.00772925195349693,0,0,1,0,0,0,95.9797613691932,5.72461288923493,1208.12134474328,120.869912998703,9.29964535334825,2.18910886412844,NA,NA,NA,NA,NA,NA,NA,NA,NA,NA,NA,NA,NA,NA,NA,NA,NA,NA,NA,NA,NA,NA,NA,NA,NA,NA,NA,NA,NA,NA,NA,NA,2010,1988-07-10,NA,NA,NA,NA
"Antonio Brown","FA","WR","9988","weighted",NA,NA,NA,NA,NA,NA,6.05823471882641,7.99560589347725,0.0047041564792176,0.00772925195349693,0,0,1,0,0,0,95.9797613691932,5.72461288923493,1208.12134474328,120.869912998703,9.29964535334825,2.18910886412844,NA,NA,NA,NA,NA,NA,NA,NA,NA,NA,NA,NA,NA,NA,NA,NA,NA,NA,NA,NA,NA,NA,NA,NA,NA,NA,NA,NA,NA,NA,NA,NA,2010,1988-07-10,NA,NA,NA,NA
"Keenan Allen","LAC","WR","11222","weighted",NA,NA,NA,NA,NA,NA,33.8577540282802,14.0903367036082,0.0534497634158598,0.121381165058848,0.300915488326208,0.31207578022542,2,0,0,0,93.3430943768497,6.30251516528832,1176.4821736271,100.914761530303,6.48728180437824,0.621707219046602,NA,NA,NA,NA,NA,NA,NA,NA,NA,NA,NA,NA,NA,NA,NA,NA,NA,NA,NA,NA,NA,NA,NA,NA,NA,NA,NA,NA,NA,NA,NA,NA,2013,1992-04-27,NA,NA,NA,NA
"Kenny Golladay","DET","WR","13277","weighted",NA,NA,NA,NA,NA,NA,5.00554163596168,4.85079230867725,0.00132727421599935,0.00346469845604815,0.455678703021371,0.332747764801915,0,0,0,0,74.3057852288545,4.02733136984612,1141.31316875461,109.61378679037,7.47612363981253,1.60022742296913,NA,NA,NA,NA,NA,NA,NA,NA,NA,NA,NA,NA,NA,NA,NA,NA,NA,NA,NA,NA,NA,NA,NA,NA,NA,NA,NA,NA,NA,NA,NA,NA,2017,1993-01-01,NA,NA,NA,NA
"D.J. Moore","CAR","WR","13635","weighted",NA,NA,NA,NA,NA,NA,95.4298420228445,31.8065726909395,0.242605046205671,0.367862370707317,1.11106945467944,0.506889829919654,0,0,0,0,75.6120827192336,10.8093231689691,1022.62171702284,186.852972342816,5.16651444067339,1.65038572741426,NA,NA,NA,NA,NA,NA,NA,NA,NA,NA,NA,NA,NA,NA,NA,NA,NA,NA,NA,NA,NA,NA,NA,NA,NA,NA,NA,NA,NA,NA,NA,NA,2018,1997-04-14,NA,NA,NA,NA
"Chris Godwin","TB","WR","13163","weighted",NA,NA,NA,NA,NA,NA,5.95037623843446,8.4038885258932,0.0306899410464259,0.0645137510888481,0.634856300663228,0.301418362799775,0,0,0,0,77.004195529354,9.56706989943553,1086.39241341194,162.18210213976,7.21515531016536,1.51074621865594,NA,NA,NA,NA,NA,NA,NA,NA,NA,NA,NA,NA,NA,NA,NA,NA,NA,NA,NA,NA,NA,NA,NA,NA,NA,NA,NA,NA,NA,NA,NA,NA,2017,1996-02-27,NA,NA,NA,NA
"Tyler Lockett","SEA","WR","12187","weighted",NA,NA,NA,NA,NA,NA,49.5732982571523,15.3769536574371,0.0830395341954734,0.139745020431709,0.307398881946728,0.3094122349285,0,0,0.755836895757974,0.129755652624714,65.4566834740034,7.21117805752577,1032.09966129563,142.460086904563,7.19914155721517,1.47999801417503,NA,NA,NA,NA,NA,NA,NA,NA,NA,NA,NA,NA,NA,NA,NA,NA,NA,NA,NA,NA,NA,NA,NA,NA,NA,NA,NA,NA,NA,NA,NA,NA,2015,1992-09-28,NA,NA,NA,NA
"Courtland Sutton","DEN","WR","13630","weighted",NA,NA,NA,NA,NA,NA,4.88436698454456,4.72650977592853,0.00665899375205525,0.016232126553911,0.311707990792502,0.313927763066586,0,0,0,0,61.6189349263766,14.1132460377736,892.321581716541,209.421872356788,5.82734328049721,1.83275794093697,NA,NA,NA,NA,NA,NA,NA,NA,NA,NA,NA,NA,NA,NA,NA,NA,NA,NA,NA,NA,NA,NA,NA,NA,NA,NA,NA,NA,NA,NA,NA,NA,2018,1995-10-10,NA,NA,NA,NA
"T.Y. Hilton","IND","WR","10729","weighted",NA,NA,NA,NA,NA,NA,0.324958895100296,0.792127775830857,0.00133179875041105,0.0032464253107822,0.388441302203223,0.29875268662999,0,0,0.0927819796119698,0.0493071479973914,73.8937421900691,3.98837789968197,1129.70765537652,89.6636626368107,6.10825225504514,0.858092763864664,NA,NA,NA,NA,NA,NA,NA,NA,NA,NA,NA,NA,NA,NA,NA,NA,NA,NA,NA,NA,NA,NA,NA,NA,NA,NA,NA,NA,NA,NA,NA,NA,2012,1989-11-14,NA,NA,NA,NA
"DeVante Parker","MIA","WR","12176","weighted",NA,NA,NA,NA,NA,NA,0.105212101282473,0.256467599551794,0,0,0.480039460703716,0.263914475397764,0,0,0,0,62.228149731448,10.934148307117,838.978786583361,218.925899329995,4.97045863769255,2.16387038710128,NA,NA,NA,NA,NA,NA,NA,NA,NA,NA,NA,NA,NA,NA,NA,NA,NA,NA,NA,NA,NA,NA,NA,NA,NA,NA,NA,NA,NA,NA,NA,NA,2015,1993-01-20,NA,NA,NA,NA
"Amari Cooper","DAL","WR","12175","weighted",NA,NA,NA,NA,NA,NA,11.1529595527787,9.6166546771142,0.00932259125287734,0.0227249771754754,1.01461756001315,0.5171147101717,1.1,0,0,0,80.5566805509883,4.72866403126772,1101.44548503782,61.4197897117466,7.89766820643918,1.12930450235424,NA,NA,NA,NA,NA,NA,NA,NA,NA,NA,NA,NA,NA,NA,NA,NA,NA,NA,NA,NA,NA,NA,NA,NA,NA,NA,NA,NA,NA,NA,NA,NA,2015,1994-06-18,NA,NA,NA,NA
"Cooper Kupp","LAR","WR","13164","weighted",NA,NA,NA,NA,NA,NA,18.1050312397238,10.7350332612883,0.026635975008221,0.064928506215644,0.518571522525485,0.342698224311621,0,0,0,0,78.3334962914246,11.2982618847671,991.637201578428,128.307599722932,7.16828880627473,1.40443824799488,NA,NA,NA,NA,NA,NA,NA,NA,NA,NA,NA,NA,NA,NA,NA,NA,NA,NA,NA,NA,NA,NA,NA,NA,NA,NA,NA,NA,NA,NA,NA,NA,2017,1993-06-15,NA,NA,NA,NA
"A.J. Brown","TEN","WR","14104","weighted",NA,NA,NA,NA,NA,NA,17.7288556395922,21.2735775117667,0.160430779348898,0.325087348699473,0.438859585662611,0.306491656772969,0,0,0,0,43.5429949943367,19.3188041110994,667.254363696153,374.24569029009,3.75390184600509,2.74836018261797,NA,NA,NA,NA,NA,NA,NA,NA,NA,NA,NA,NA,NA,NA,NA,NA,NA,NA,NA,NA,NA,NA,NA,NA,NA,NA,NA,NA,NA,NA,NA,NA,2019,1997-06-30,NA,NA,NA,NA
"Julian Edelman","NE","WR","9662","weighted",NA,NA,NA,NA,NA,NA,56.3353237840825,18.0128988597896,0.105072771315337,0.173886773352688,0.409734708916728,0.315557429850096,0,0,1.1,0,87.4256199336772,10.5924599042513,1029.79141857038,135.641085494592,5.68056085060065,0.795224563660309,NA,NA,NA,NA,NA,NA,NA,NA,NA,NA,NA,NA,NA,NA,NA,NA,NA,NA,NA,NA,NA,NA,NA,NA,NA,NA,NA,NA,NA,NA,NA,NA,2009,1986-05-22,NA,NA,NA,NA
"Robert Woods","LAR","WR","11228","weighted",NA,NA,NA,NA,NA,NA,96.5415320252841,18.1323033676484,0.867109295112617,0.258222013453464,0.37378329496876,0.320080071620964,0,0,0,0,83.4665527786912,5.93944620280833,1110.71000986518,96.1182506610371,4.85135858450931,0.756693952511168,NA,NA,NA,NA,NA,NA,NA,NA,NA,NA,NA,NA,NA,NA,NA,NA,NA,NA,NA,NA,NA,NA,NA,NA,NA,NA,NA,NA,NA,NA,NA,NA,2013,1992-04-10,NA,NA,NA,NA
"Brandin Cooks","LAR","WR","11674","weighted",NA,NA,NA,NA,NA,NA,58.6747813219336,10.6510182480459,0.396562902387333,0.407292225280533,0.303076619533048,0.311160398616264,0,0,0,0,71.2603971646754,8.01934501300982,1053.42214731996,144.973591102137,5.44487848345927,1.04588155637531,NA,NA,NA,NA,NA,NA,NA,NA,NA,NA,NA,NA,NA,NA,NA,NA,NA,NA,NA,NA,NA,NA,NA,NA,NA,NA,NA,NA,NA,NA,NA,NA,2014,1993-09-25,NA,NA,NA,NA
"Brandin Cooks","HOU","WR","11674","weighted",NA,NA,NA,NA,NA,NA,58.6747813219336,10.6510182480459,0.396562902387333,0.407292225280533,0.303076619533048,0.311160398616264,0,0,0,0,71.2603971646754,8.01934501300982,1053.42214731996,144.973591102137,5.44487848345927,1.04588155637531,NA,NA,NA,NA,NA,NA,NA,NA,NA,NA,NA,NA,NA,NA,NA,NA,NA,NA,NA,NA,NA,NA,NA,NA,NA,NA,NA,NA,NA,NA,NA,NA,2014,1993-09-25,NA,NA,NA,NA
"Calvin Ridley","ATL","WR","13629","weighted",NA,NA,NA,NA,NA,NA,22.2324678621141,9.58045024982033,0.00294712834164737,0.00696959763040051,0.455678703021371,0.332747764801915,0.9,0,0.209375460574797,0.119056243203237,70.5179276181119,8.68755077590231,932.657313927782,147.425164616735,7.37280364707112,1.17362147207413,NA,NA,NA,NA,NA,NA,NA,NA,NA,NA,NA,NA,NA,NA,NA,NA,NA,NA,NA,NA,NA,NA,NA,NA,NA,NA,NA,NA,NA,NA,NA,NA,2018,1994-12-20,NA,NA,NA,NA
"A.J. Green","CIN","WR","10261","weighted",NA,NA,NA,NA,NA,NA,0.537991893883567,0.876066322690426,0.00134165438467207,0.00346396727428712,1.02775730778678,0.562635152024807,1.2,0,0,0,67.5118271002211,5.51330570526182,995.610685335299,86.6035659036188,6.63957084532043,0.882243062088659,NA,NA,NA,NA,NA,NA,NA,NA,NA,NA,NA,NA,NA,NA,NA,NA,NA,NA,NA,NA,NA,NA,NA,NA,NA,NA,NA,NA,NA,NA,NA,NA,2011,1988-07-31,NA,NA,NA,NA
"Terry McLaurin","WAS","WR","14109","weighted",NA,NA,NA,NA,NA,NA,2.69869979734709,4.55494144515327,0.0093915806927045,0.0242477709200099,0.386447126013265,0.317219907719602,0,0,0,0,49.2284464812086,21.7188457480045,676.030313190862,358.851390099401,3.89090102811356,2.58938271887647,NA,NA,NA,NA,NA,NA,NA,NA,NA,NA,NA,NA,NA,NA,NA,NA,NA,NA,NA,NA,NA,NA,NA,NA,NA,NA,NA,NA,NA,NA,NA,NA,2019,1995-09-15,NA,NA,NA,NA
"Stefon Diggs","MIN","WR","12186","weighted",NA,NA,NA,NA,NA,NA,53.082149963154,20.3312478387295,0.0759642660465432,0.13053706865648,0.42485077376566,0.318569785321827,0,0,0,0,83.7632134303611,8.60613565908933,1016.6684082535,78.7846385783622,7.06995546937532,1.03623468794199,NA,NA,NA,NA,NA,NA,NA,NA,NA,NA,NA,NA,NA,NA,NA,NA,NA,NA,NA,NA,NA,NA,NA,NA,NA,NA,NA,NA,NA,NA,NA,NA,2015,1993-11-29,NA,NA,NA,NA
"Stefon Diggs","BUF","WR","12186","weighted",NA,NA,NA,NA,NA,NA,53.082149963154,20.3312478387295,0.0759642660465432,0.13053706865648,0.42485077376566,0.318569785321827,0,0,0,0,83.7632134303611,8.60613565908933,1016.6684082535,78.7846385783622,7.06995546937532,1.03623468794199,NA,NA,NA,NA,NA,NA,NA,NA,NA,NA,NA,NA,NA,NA,NA,NA,NA,NA,NA,NA,NA,NA,NA,NA,NA,NA,NA,NA,NA,NA,NA,NA,2015,1993-11-29,NA,NA,NA,NA
"Allen Robinson","CHI","WR","11678","weighted",NA,NA,NA,NA,NA,NA,7.43700098651759,6.57843707012334,0.0253257334940992,0.0509639215846267,0.641622821440316,0.426658930647302,0,0,0,0,77.2440713581059,11.7128387386663,999.809362051957,105.429195686361,6.21728105223532,1.18802418084284,NA,NA,NA,NA,NA,NA,NA,NA,NA,NA,NA,NA,NA,NA,NA,NA,NA,NA,NA,NA,NA,NA,NA,NA,NA,NA,NA,NA,NA,NA,NA,NA,2014,1993-08-24,NA,NA,NA,NA
"DK Metcalf","SEA","WR","14102","weighted",NA,NA,NA,NA,NA,NA,6.58353336130927,5.60964643858907,0.00372303818715904,0.00719354732617662,0.983634074695762,1.01549163176865,0,0,0,0,55.3272226884879,13.4577237039611,795.01110365086,223.516083306124,5.95176373141922,1.71955324418104,NA,NA,NA,NA,NA,NA,NA,NA,NA,NA,NA,NA,NA,NA,NA,NA,NA,NA,NA,NA,NA,NA,NA,NA,NA,NA,NA,NA,NA,NA,NA,NA,2019,1997-12-14,NA,NA,NA,NA
"Robby Anderson","NYJ","WR","12930","weighted",NA,NA,NA,NA,NA,NA,9.21691877671818,8.64342702425384,0.00799079250246629,0.0194785518646932,0.887744820782637,0.376977027913026,1.2,0,0,0,60.6841685848953,6.52779895248044,907.129671160802,128.599683258266,6.60061572296394,1.39093656719553,NA,NA,NA,NA,NA,NA,NA,NA,NA,NA,NA,NA,NA,NA,NA,NA,NA,NA,NA,NA,NA,NA,NA,NA,NA,NA,NA,NA,NA,NA,NA,NA,2016,1993-05-09,NA,NA,NA,NA
"Robby Anderson","CAR","WR","12930","weighted",NA,NA,NA,NA,NA,NA,9.21691877671818,8.64342702425384,0.00799079250246629,0.0194785518646932,0.887744820782637,0.376977027913026,1.2,0,0,0,60.6841685848953,6.52779895248044,907.129671160802,128.599683258266,6.60061572296394,1.39093656719553,NA,NA,NA,NA,NA,NA,NA,NA,NA,NA,NA,NA,NA,NA,NA,NA,NA,NA,NA,NA,NA,NA,NA,NA,NA,NA,NA,NA,NA,NA,NA,NA,2016,1993-05-09,NA,NA,NA,NA
"D.J. Chark","JAC","WR","13668","weighted",NA,NA,NA,NA,NA,NA,7.27689575797435,8.77634630958229,0.00394935876356462,0.00674447601827339,0.717264057875699,0.323920989908448,0,0,0.0781321933574482,0.0415218088399085,49.0498629836677,22.2695761525322,646.735442288721,312.276840026435,3.62932345780301,2.68364888382439,NA,NA,NA,NA,NA,NA,NA,NA,NA,NA,NA,NA,NA,NA,NA,NA,NA,NA,NA,NA,NA,NA,NA,NA,NA,NA,NA,NA,NA,NA,NA,NA,2018,1996-09-23,NA,NA,NA,NA
"Dede Westbrook","JAC","WR","13158","weighted",NA,NA,NA,NA,NA,NA,41.1264353830977,25.1957607430121,0.163278526800395,0.336756958776253,0.630582045379809,0.457322144582565,0,0,0.633755343636962,0.194633478937071,62.8829562643867,8.83925730201458,748.474021703387,161.789427390258,4.51438313964181,0.985370914892548,NA,NA,NA,NA,NA,NA,NA,NA,NA,NA,NA,NA,NA,NA,NA,NA,NA,NA,NA,NA,NA,NA,NA,NA,NA,NA,NA,NA,NA,NA,NA,NA,2017,1993-11-21,NA,NA,NA,NA
"Dante Pettis","SF","WR","13634","weighted",NA,NA,NA,NA,NA,NA,5.88427612655801,9.63890978943712,0,0,0.00275482382550336,0.00335820716118243,0,0,0.0533619966442953,0.0328341377648598,46.4388290987536,20.5903632868766,718.689081375839,321.120356628837,5.40157263679824,2.55049188038148,NA,NA,NA,NA,NA,NA,NA,NA,NA,NA,NA,NA,NA,NA,NA,NA,NA,NA,NA,NA,NA,NA,NA,NA,NA,NA,NA,NA,NA,NA,NA,NA,2018,1995-10-23,NA,NA,NA,NA
"Tyler Boyd","CIN","WR","12650","weighted",NA,NA,NA,NA,NA,NA,11.4768206521739,6.67617537626968,0.0200474392041268,0.0412523781352496,0.404287030213707,0.318307033923978,0,0,0.0632995578481945,0.0359937479451647,79.2454172807664,3.98704331164483,1005.12481577008,71.0822866563352,5.80904824667144,1.06083214819555,NA,NA,NA,NA,NA,NA,NA,NA,NA,NA,NA,NA,NA,NA,NA,NA,NA,NA,NA,NA,NA,NA,NA,NA,NA,NA,NA,NA,NA,NA,NA,NA,2016,1994-11-15,NA,NA,NA,NA
"Curtis Samuel","CAR","WR","13157","weighted",NA,NA,NA,NA,NA,NA,89.815002302874,41.3445660550355,0.780971241539789,0.625254511879392,0.376778739867354,0.312455237748172,0,0,0,0,52.5818211127487,7.74270968464197,691.154218865144,168.441565002078,5.09308779082009,1.53925998641138,NA,NA,NA,NA,NA,NA,NA,NA,NA,NA,NA,NA,NA,NA,NA,NA,NA,NA,NA,NA,NA,NA,NA,NA,NA,NA,NA,NA,NA,NA,NA,NA,2017,1996-08-11,NA,NA,NA,NA
"Michael Gallup","DAL","WR","13646","weighted",NA,NA,NA,NA,NA,NA,0.111871095034528,0.272699726105705,0,0,0.453091088457744,0.26778830906115,0.9,1.17824413968404e-16,0,0,55.5847363805766,7.39638123062988,832.624087471227,145.376379657518,4.58516518865403,1.27011999308378,NA,NA,NA,NA,NA,NA,NA,NA,NA,NA,NA,NA,NA,NA,NA,NA,NA,NA,NA,NA,NA,NA,NA,NA,NA,NA,NA,NA,NA,NA,NA,NA,2018,1996-03-04,NA,NA,NA,NA
"John Brown","BUF","WR","11783","weighted",NA,NA,NA,NA,NA,NA,8.38959552778691,10.4853118535855,0.0286977967773759,0.0608811372922554,0.287961854653075,0.311514175321834,0,0,0,0,51.85598450802,12.1119700264442,763.394304505097,166.207868492819,5.43560823874279,1.61022628594208,NA,NA,NA,NA,NA,NA,NA,NA,NA,NA,NA,NA,NA,NA,NA,NA,NA,NA,NA,NA,NA,NA,NA,NA,NA,NA,NA,NA,NA,NA,NA,NA,2014,1990-04-03,NA,NA,NA,NA
"Corey Davis","TEN","WR","13153","weighted",NA,NA,NA,NA,NA,NA,26.8147780335416,15.5069625872679,0.0305853337717856,0.0674823330141688,0.412965471884249,0.296283570229795,1.1,0,0,0,62.0698341188936,12.0308092409881,837.756409075962,151.278358805592,4.60067881679785,1.15255987801372,NA,NA,NA,NA,NA,NA,NA,NA,NA,NA,NA,NA,NA,NA,NA,NA,NA,NA,NA,NA,NA,NA,NA,NA,NA,NA,NA,NA,NA,NA,NA,NA,2017,1995-01-11,NA,NA,NA,NA
"Mike Williams","LAC","WR","13154","weighted",NA,NA,NA,NA,NA,NA,23.6580941419646,13.4739853692011,0.196967632827547,0.327460987497983,0.00729283130549161,0.00916248709995683,1,0,0,0,59.231383590924,9.70120780513809,901.519595527787,108.381282312001,7.04736356430642,1.71030629809315,NA,NA,NA,NA,NA,NA,NA,NA,NA,NA,NA,NA,NA,NA,NA,NA,NA,NA,NA,NA,NA,NA,NA,NA,NA,NA,NA,NA,NA,NA,NA,NA,2017,1994-10-04,NA,NA,NA,NA
"Jarvis Landry","CLE","WR","11680","weighted",NA,NA,NA,NA,NA,NA,25.6337034819455,15.4371458456597,0.147599944731024,0.351471747005651,0.389170965364775,0.315809520911633,0,0,0,0,75.2345610722181,8.77758438329494,958.616050110538,103.399897128329,5.63009014903583,0.534687939258454,NA,NA,NA,NA,NA,NA,NA,NA,NA,NA,NA,NA,NA,NA,NA,NA,NA,NA,NA,NA,NA,NA,NA,NA,NA,NA,NA,NA,NA,NA,NA,NA,2014,1992-11-28,"Q","Hip - Labrum",2019,0
"Geronimo Allison","GB","WR","12665","weighted",NA,NA,NA,NA,NA,NA,0.488214869281046,1.0527151922627,0,0,0.0401960784313726,0.0217749511752369,0,0,0,0,41.1718488562092,12.8426757454207,614.604225490196,268.572332724871,3.4726059177901,1.55493782179122,NA,NA,NA,NA,NA,NA,NA,NA,NA,NA,NA,NA,NA,NA,NA,NA,NA,NA,NA,NA,NA,NA,NA,NA,NA,NA,NA,NA,NA,NA,NA,NA,2016,1994-01-18,NA,NA,NA,NA
"Geronimo Allison","DET","WR","12665","weighted",NA,NA,NA,NA,NA,NA,0.488214869281046,1.0527151922627,0,0,0.0401960784313726,0.0217749511752369,0,0,0,0,41.1718488562092,12.8426757454207,614.604225490196,268.572332724871,3.4726059177901,1.55493782179122,NA,NA,NA,NA,NA,NA,NA,NA,NA,NA,NA,NA,NA,NA,NA,NA,NA,NA,NA,NA,NA,NA,NA,NA,NA,NA,NA,NA,NA,NA,NA,NA,2016,1994-01-18,NA,NA,NA,NA
"Sterling Shepard","NYG","WR","12658","weighted",NA,NA,NA,NA,NA,NA,28.299723775074,17.340453865661,0.0133959693709776,0.0202119759845928,0.397850707004275,0.297861120894757,1,0,0,0,69.2399598085425,8.2333438849361,872.2028280171,102.295399506007,5.20526195485064,0.78046884076061,NA,NA,NA,NA,NA,NA,NA,NA,NA,NA,NA,NA,NA,NA,NA,NA,NA,NA,NA,NA,NA,NA,NA,NA,NA,NA,NA,NA,NA,NA,NA,NA,2016,NA,NA,NA,NA,NA
"Will Fuller","HOU","WR","12647","weighted",NA,NA,NA,NA,NA,NA,8.13168063743552,12.6095935595854,0.0318538793557217,0.0646698197288001,0.538074183247359,0.283672515390875,0,0,0,0,59.3282751473839,9.2405951275696,867.347715549005,124.115906168448,5.70966829713242,1.2323898838896,NA,NA,NA,NA,NA,NA,NA,NA,NA,NA,NA,NA,NA,NA,NA,NA,NA,NA,NA,NA,NA,NA,NA,NA,NA,NA,NA,NA,NA,NA,NA,NA,2016,1994-04-16,"Q","Sports Hernia",2019,0
"Sammy Watkins","KC","WR","11670","weighted",NA,NA,NA,NA,NA,NA,21.2630943768497,14.2449397911211,0.0133179875041105,0.032464253107822,0.581007563301546,0.416720968810459,0,0,0,0,61.9628181519237,8.02090026971657,863.090756330155,130.839676400824,5.43307583321927,1.22444668729467,NA,NA,NA,NA,NA,NA,NA,NA,NA,NA,NA,NA,NA,NA,NA,NA,NA,NA,NA,NA,NA,NA,NA,NA,NA,NA,NA,NA,NA,NA,NA,NA,2014,1993-06-14,NA,NA,NA,NA
"Alshon Jeffery","PHI","WR","10722","weighted",NA,NA,NA,NA,NA,NA,0.464230379513633,0.846241951562968,0.14491663596168,0.35245137381673,0.513878653893392,0.281317576012403,1,0,0,0,62.3803564848931,15.3865310298324,834.668459837878,233.402738218521,6.04398440025042,1.80840576896372,NA,NA,NA,NA,NA,NA,NA,NA,NA,NA,NA,NA,NA,NA,NA,NA,NA,NA,NA,NA,NA,NA,NA,NA,NA,NA,NA,NA,NA,NA,NA,NA,2012,1990-02-14,"Q","Foot",2019,0
"DeSean Jackson","PHI","WR","9075","weighted",NA,NA,NA,NA,NA,NA,34.2790350957996,12.2520677212188,0.22824524667101,0.34944846410383,0.376778739867354,0.312455237748172,0,0,0.102253131908622,0.0581437466806507,46.5874028187178,6.02536313903991,740.273710390567,129.104137162318,4.32570168399132,0.599267347744272,NA,NA,NA,NA,NA,NA,NA,NA,NA,NA,NA,NA,NA,NA,NA,NA,NA,NA,NA,NA,NA,NA,NA,NA,NA,NA,NA,NA,NA,NA,NA,NA,2008,1986-12-01,NA,NA,NA,NA
"Josh Gordon","NE","WR","10960","weighted",NA,NA,NA,NA,NA,NA,0.632107101280559,0.839398342540655,0,0,0,0,0,0,0,0,58.7588300349243,10.7488152881373,884.408825669383,122.413434796579,5.32816686658213,0.351372790204021,NA,NA,NA,NA,NA,NA,NA,NA,NA,NA,NA,NA,NA,NA,NA,NA,NA,NA,NA,NA,NA,NA,NA,NA,NA,NA,NA,NA,NA,NA,NA,NA,2012,1991-04-13,"S","Suspension",2019,0
"Josh Gordon","FA","WR","10960","weighted",NA,NA,NA,NA,NA,NA,0.632107101280559,0.839398342540655,0,0,0,0,0,0,0,0,58.7588300349243,10.7488152881373,884.408825669383,122.413434796579,5.32816686658213,0.351372790204021,NA,NA,NA,NA,NA,NA,NA,NA,NA,NA,NA,NA,NA,NA,NA,NA,NA,NA,NA,NA,NA,NA,NA,NA,NA,NA,NA,NA,NA,NA,NA,NA,2012,1991-04-13,"S","Suspension",2019,0
"Christian Kirk","ARI","WR","13633","weighted",NA,NA,NA,NA,NA,NA,36.8469352186781,26.7295255190569,0.0211443604077606,0.045688091801485,0.292284117066754,0.309659823498501,0,0,0.0439493587635646,0.0233560174724486,64.9295900471336,8.44473214156353,824.757313383755,96.370866594168,4.91398954946307,1.0679440643895,NA,NA,NA,NA,NA,NA,NA,NA,NA,NA,NA,NA,NA,NA,NA,NA,NA,NA,NA,NA,NA,NA,NA,NA,NA,NA,NA,NA,NA,NA,NA,NA,2018,1996-11-18,NA,NA,NA,NA
"James Washington","PIT","WR","13631","weighted",NA,NA,NA,NA,NA,NA,0.259700756330155,0.633052935602529,0,0,0.372245971719829,0.2967828547338,0,0,0,0,42.5548832620848,7.1298898122601,643.330664255179,154.346781971564,3.25722510724309,1.20866758044718,NA,NA,NA,NA,NA,NA,NA,NA,NA,NA,NA,NA,NA,NA,NA,NA,NA,NA,NA,NA,NA,NA,NA,NA,NA,NA,NA,NA,NA,NA,NA,NA,2018,1996-04-02,NA,NA,NA,NA
"Marvin Jones","DET","WR","10738","weighted",NA,NA,NA,NA,NA,NA,3.40943671702285,6.75552622567081,0,0,0.513878653893392,0.281317576012403,0,0,0,0,63.0348411016949,6.33929463854351,865.666260132646,70.1861415241208,6.53146572195523,1.19869167619678,NA,NA,NA,NA,NA,NA,NA,NA,NA,NA,NA,NA,NA,NA,NA,NA,NA,NA,NA,NA,NA,NA,NA,NA,NA,NA,NA,NA,NA,NA,NA,NA,2012,1990-03-12,NA,NA,NA,NA
"Emmanuel Sanders","DEN","WR","9918","weighted",NA,NA,NA,NA,NA,NA,14.4196587140752,15.1774337287103,0.0241497789240973,0.0623514109371682,0.374054900515844,0.313837428364297,0,0,0,0,64.9029918938836,9.97958177379895,813.239484156227,133.993204020843,4.78849100521525,1.23589539883568,NA,NA,NA,NA,NA,NA,NA,NA,NA,NA,NA,NA,NA,NA,NA,NA,NA,NA,NA,NA,NA,NA,NA,NA,NA,NA,NA,NA,NA,NA,NA,NA,2010,1987-03-17,NA,NA,NA,NA
"Emmanuel Sanders","NO","WR","9918","weighted",NA,NA,NA,NA,NA,NA,14.4196587140752,15.1774337287103,0.0241497789240973,0.0623514109371682,0.374054900515844,0.313837428364297,0,0,0,0,64.9029918938836,9.97958177379895,813.239484156227,133.993204020843,4.78849100521525,1.23589539883568,NA,NA,NA,NA,NA,NA,NA,NA,NA,NA,NA,NA,NA,NA,NA,NA,NA,NA,NA,NA,NA,NA,NA,NA,NA,NA,NA,NA,NA,NA,NA,NA,2010,1987-03-17,NA,NA,NA,NA
"Marquise Brown","BAL","WR","14105","weighted",NA,NA,NA,NA,NA,NA,39.6428477474515,54.308699141623,0.0426175600131536,0.10388560994503,0.303076619533048,0.311160398616264,0,0,0,0,50.0216924257372,15.5118755923333,684.720637948043,230.076813459761,4.72652594638976,2.33682647727814,NA,NA,NA,NA,NA,NA,NA,NA,NA,NA,NA,NA,NA,NA,NA,NA,NA,NA,NA,NA,NA,NA,NA,NA,NA,NA,NA,NA,NA,NA,NA,NA,2019,1997-06-04,"Q","Foot",2019,0
"Larry Fitzgerald","ARI","WR","7393","weighted",NA,NA,NA,NA,NA,NA,0.245050970075633,0.597342257183925,0,0,0.49623479118711,0.265592994763135,0,0,0,0,64.11212978187,10.0041798186855,720.300979940809,109.430775746697,4.87551767994953,0.966662755401609,NA,NA,NA,NA,NA,NA,NA,NA,NA,NA,NA,NA,NA,NA,NA,NA,NA,NA,NA,NA,NA,NA,NA,NA,NA,NA,NA,NA,NA,NA,NA,NA,2004,1983-08-31,NA,NA,NA,NA
"Deebo Samuel","SF","WR","14136","weighted",NA,NA,NA,NA,NA,NA,52.8090880619013,75.9976101071786,0.500315822718181,0.716092628734502,0.386447126013265,0.317219907719602,0,0,0,0,41.2517870302137,13.382629706385,564.507173913044,214.519525420256,3.19688007710748,1.39302117844532,NA,NA,NA,NA,NA,NA,NA,NA,NA,NA,NA,NA,NA,NA,NA,NA,NA,NA,NA,NA,NA,NA,NA,NA,NA,NA,NA,NA,NA,NA,NA,NA,2019,1996-01-15,"Q","Foot",2019,0
"Marquez Valdes-Scantling","GB","WR","13793","weighted",NA,NA,NA,NA,NA,NA,12.7616054076891,10.5944415821517,0.0309069145190818,0.0618058983928514,0.0221704689480355,0.0159847569400812,0,0,0,0,44.3965863962822,13.1992563525451,657.558081960287,203.964647028067,3.80876767683239,1.25525467803945,NA,NA,NA,NA,NA,NA,NA,NA,NA,NA,NA,NA,NA,NA,NA,NA,NA,NA,NA,NA,NA,NA,NA,NA,NA,NA,NA,NA,NA,NA,NA,NA,2018,1994-10-10,NA,NA,NA,NA
"Mohamed Sanu","ATL","WR","10723","weighted",NA,NA,NA,NA,NA,NA,26.4976441599116,14.8585760713232,0.0557346168017686,0.0922337714194044,0.407010869565217,0.316919898314792,0,0,0,0,56.9129536661754,11.102797863688,683.762380250553,157.761038114567,3.69282510570578,0.980003145107385,NA,NA,NA,NA,NA,NA,NA,NA,NA,NA,NA,NA,NA,NA,NA,NA,NA,NA,NA,NA,NA,NA,NA,NA,NA,NA,NA,NA,NA,NA,NA,NA,2012,1989-08-22,"Q","Ankle",2019,0
"Mohamed Sanu","NE","WR","10723","weighted",NA,NA,NA,NA,NA,NA,26.4976441599116,14.8585760713232,0.0557346168017686,0.0922337714194044,0.407010869565217,0.316919898314792,0,0,0,0,56.9129536661754,11.102797863688,683.762380250553,157.761038114567,3.69282510570578,0.980003145107385,NA,NA,NA,NA,NA,NA,NA,NA,NA,NA,NA,NA,NA,NA,NA,NA,NA,NA,NA,NA,NA,NA,NA,NA,NA,NA,NA,NA,NA,NA,NA,NA,2012,1989-08-22,"Q","Ankle",2019,0
"Donte Moncrief","PIT","WR","11677","weighted",NA,NA,NA,NA,NA,NA,0.898493887530562,1.47628712311791,0,0,0.530366748166259,0.359051027554431,0,0,0,0,56.9132968215159,10.5345326538487,726.310865525672,116.900764714384,4.03054402493182,1.02094343361377,NA,NA,NA,NA,NA,NA,NA,NA,NA,NA,NA,NA,NA,NA,NA,NA,NA,NA,NA,NA,NA,NA,NA,NA,NA,NA,NA,NA,NA,NA,NA,NA,2014,1993-08-06,NA,NA,NA,NA
"Donte Moncrief","FA","WR","11677","weighted",NA,NA,NA,NA,NA,NA,0.898493887530562,1.47628712311791,0,0,0.530366748166259,0.359051027554431,0,0,0,0,56.9132968215159,10.5345326538487,726.310865525672,116.900764714384,4.03054402493182,1.02094343361377,NA,NA,NA,NA,NA,NA,NA,NA,NA,NA,NA,NA,NA,NA,NA,NA,NA,NA,NA,NA,NA,NA,NA,NA,NA,NA,NA,NA,NA,NA,NA,NA,2014,1993-08-06,NA,NA,NA,NA
"Ted Ginn","NO","WR","8673","weighted",NA,NA,NA,NA,NA,NA,42.288598788903,15.7529285916977,0.165121841749559,0.229338577427955,0.20476130122518,0.194774669651101,0,0,0,0,40.848278109723,15.1295355802763,617.616197718631,231.097994036132,3.17162516080818,1.12083850282711,NA,NA,NA,NA,NA,NA,NA,NA,NA,NA,NA,NA,NA,NA,NA,NA,NA,NA,NA,NA,NA,NA,NA,NA,NA,NA,NA,NA,NA,NA,NA,NA,2007,1985-04-12,NA,NA,NA,NA
"Ted Ginn","CHI","WR","8673","weighted",NA,NA,NA,NA,NA,NA,42.288598788903,15.7529285916977,0.165121841749559,0.229338577427955,0.20476130122518,0.194774669651101,0,0,0,0,40.848278109723,15.1295355802763,617.616197718631,231.097994036132,3.17162516080818,1.12083850282711,NA,NA,NA,NA,NA,NA,NA,NA,NA,NA,NA,NA,NA,NA,NA,NA,NA,NA,NA,NA,NA,NA,NA,NA,NA,NA,NA,NA,NA,NA,NA,NA,2007,1985-04-12,NA,NA,NA,NA
"Diontae Johnson","PIT","WR","14208","weighted",NA,NA,NA,NA,NA,NA,13.5039610326352,15.0759770211166,0.010803701899659,0.0191560468889189,0.74169508037019,0.748537709565751,0,0,0,0,28.5353255398604,31.5820893334747,387.841432050658,411.246599083158,2.46642312063647,3.16102121152234,NA,NA,NA,NA,NA,NA,NA,NA,NA,NA,NA,NA,NA,NA,NA,NA,NA,NA,NA,NA,NA,NA,NA,NA,NA,NA,NA,NA,NA,NA,NA,NA,2019,NA,NA,NA,NA,NA
"Parris Campbell","IND","WR","14112","weighted",NA,NA,NA,NA,NA,NA,29.9769342977697,19.6124618010301,0.048084388185654,0.0691694181810006,0.0729367088607595,0.0493970308892468,0,0,0,0,39.3746425557565,11.1156998743643,485.80794092827,171.43146505079,2.89691731269463,1.20080675152125,NA,NA,NA,NA,NA,NA,NA,NA,NA,NA,NA,NA,NA,NA,NA,NA,NA,NA,NA,NA,NA,NA,NA,NA,NA,NA,NA,NA,NA,NA,NA,NA,2019,1997-07-16,NA,NA,NA,NA
"Tyrell Williams","OAK","WR","12391","weighted",NA,NA,NA,NA,NA,NA,4.53481346720707,4.25553203540739,0.00402496315401621,0.0103919018228614,0.0178399042004422,0.0131513824884277,0,0,0,0,49.6441774134119,4.37479950418262,711.606643330877,86.7298401295541,4.27415569623888,0.841727578144125,NA,NA,NA,NA,NA,NA,NA,NA,NA,NA,NA,NA,NA,NA,NA,NA,NA,NA,NA,NA,NA,NA,NA,NA,NA,NA,NA,NA,NA,NA,NA,NA,NA,NA,NA,NA,NA,NA
"Tyrell Williams","LVR","WR","12391","weighted",NA,NA,NA,NA,NA,NA,4.53481346720707,4.25553203540739,0.00402496315401621,0.0103919018228614,0.0178399042004422,0.0131513824884277,0,0,0,0,49.6441774134119,4.37479950418262,711.606643330877,86.7298401295541,4.27415569623888,0.841727578144125,NA,NA,NA,NA,NA,NA,NA,NA,NA,NA,NA,NA,NA,NA,NA,NA,NA,NA,NA,NA,NA,NA,NA,NA,NA,NA,NA,NA,NA,NA,NA,NA,NA,NA,NA,NA,NA,NA
"Anthony Miller","CHI","WR","13639","weighted",NA,NA,NA,NA,NA,NA,17.275306742815,11.3930919880221,0.0424065691125382,0.0883261416283018,0.394618644067797,0.313062720933245,0,0,0.0827763448784083,0.0470687473129077,53.3339333087693,9.49500017640145,678.619126750184,113.007701815567,4.7336143792,1.03799844198009,NA,NA,NA,NA,NA,NA,NA,NA,NA,NA,NA,NA,NA,NA,NA,NA,NA,NA,NA,NA,NA,NA,NA,NA,NA,NA,NA,NA,NA,NA,NA,NA,2018,1994-10-09,"Q","Shoulder",2019,0
"Breshad Perriman","TB","WR","12197","weighted",NA,NA,NA,NA,NA,NA,11.3371804356761,9.38360759397911,0.0187587340731607,0.034003264633257,0.0194739005343198,0.0144158672440137,0,0,0,0,37.0247061241266,10.9503229618327,566.554171804357,193.0325925684,3.44083847102343,1.76021392669898,NA,NA,NA,NA,NA,NA,NA,NA,NA,NA,NA,NA,NA,NA,NA,NA,NA,NA,NA,NA,NA,NA,NA,NA,NA,NA,NA,NA,NA,NA,NA,NA,2015,1993-09-10,NA,NA,NA,NA
"Breshad Perriman","NYJ","WR","12197","weighted",NA,NA,NA,NA,NA,NA,11.3371804356761,9.38360759397911,0.0187587340731607,0.034003264633257,0.0194739005343198,0.0144158672440137,0,0,0,0,37.0247061241266,10.9503229618327,566.554171804357,193.0325925684,3.44083847102343,1.76021392669898,NA,NA,NA,NA,NA,NA,NA,NA,NA,NA,NA,NA,NA,NA,NA,NA,NA,NA,NA,NA,NA,NA,NA,NA,NA,NA,NA,NA,NA,NA,NA,NA,2015,1993-09-10,NA,NA,NA,NA
"Marquise Goodwin","SF","WR","11239","weighted",NA,NA,NA,NA,NA,NA,23.4502402924257,11.0430232579543,0.0407725849495576,0.0904331995869441,0.00275482382550336,0.00335820716118243,0,0,0,0,34.2470535714286,14.2882436797475,555.715763422819,240.628828065272,3.78809565409741,1.47161081276043,NA,NA,NA,NA,NA,NA,NA,NA,NA,NA,NA,NA,NA,NA,NA,NA,NA,NA,NA,NA,NA,NA,NA,NA,NA,NA,NA,NA,NA,NA,NA,NA,2013,1990-11-19,NA,NA,NA,NA
"Marquise Goodwin","PHI","WR","11239","weighted",NA,NA,NA,NA,NA,NA,23.4502402924257,11.0430232579543,0.0407725849495576,0.0904331995869441,0.00275482382550336,0.00335820716118243,0,0,0,0,34.2470535714286,14.2882436797475,555.715763422819,240.628828065272,3.78809565409741,1.47161081276043,NA,NA,NA,NA,NA,NA,NA,NA,NA,NA,NA,NA,NA,NA,NA,NA,NA,NA,NA,NA,NA,NA,NA,NA,NA,NA,NA,NA,NA,NA,NA,NA,2013,1990-11-19,NA,NA,NA,NA
"Allen Lazard","FA","WR","13632","weighted",NA,NA,NA,NA,NA,NA,9.11242807424594,11.8882925694647,0,0,0.502706883217324,0.368610269136517,0,0,0,0,23.7244721577726,25.0978892511952,327.79090487239,348.485155605128,1.73082482598608,1.7772113576687,NA,NA,NA,NA,NA,NA,NA,NA,NA,NA,NA,NA,NA,NA,NA,NA,NA,NA,NA,NA,NA,NA,NA,NA,NA,NA,NA,NA,NA,NA,NA,NA,2018,1995-12-11,NA,NA,NA,NA
"Allen Lazard","GB","WR","13632","weighted",NA,NA,NA,NA,NA,NA,9.11242807424594,11.8882925694647,0,0,0.502706883217324,0.368610269136517,0,0,0,0,23.7244721577726,25.0978892511952,327.79090487239,348.485155605128,1.73082482598608,1.7772113576687,NA,NA,NA,NA,NA,NA,NA,NA,NA,NA,NA,NA,NA,NA,NA,NA,NA,NA,NA,NA,NA,NA,NA,NA,NA,NA,NA,NA,NA,NA,NA,NA,2018,1995-12-11,NA,NA,NA,NA
"Cole Beasley","BUF","WR","10973","weighted",NA,NA,NA,NA,NA,NA,0.141170667543571,0.344121082942913,0,0,0.372245971719829,0.2967828547338,0,0,0.0195330483393621,0.0103804522099771,48.7423241623735,10.7778406819475,545.225984873397,129.395687185271,2.75786252635619,1.30899834320539,NA,NA,NA,NA,NA,NA,NA,NA,NA,NA,NA,NA,NA,NA,NA,NA,NA,NA,NA,NA,NA,NA,NA,NA,NA,NA,NA,NA,NA,NA,NA,NA,2012,1989-04-26,NA,NA,NA,NA
"Tre'Quan Smith","NO","WR","13645","weighted",NA,NA,NA,NA,NA,NA,2.55572324062368,4.48914013173786,0.0199341550779604,0.0444990706617,0.0770553097345133,0.0967539235011894,0,0,0,0,35.4514878318584,11.594680584106,518.181935840708,187.71960239615,4.64123910404658,1.85880019371539,NA,NA,NA,NA,NA,NA,NA,NA,NA,NA,NA,NA,NA,NA,NA,NA,NA,NA,NA,NA,NA,NA,NA,NA,NA,NA,NA,NA,NA,NA,NA,NA,2018,NA,NA,NA,NA,NA
"Kenny Stills","HOU","WR","11227","weighted",NA,NA,NA,NA,NA,NA,0.433354366249079,1.11886142959474,0,0,0.0241955293539671,0.0159073313065765,0,0,0.0535611643330877,0.0304562482612932,42.1394422439204,9.41702051945084,626.209060427413,169.680457702973,4.27950471693625,1.26282750999139,NA,NA,NA,NA,NA,NA,NA,NA,NA,NA,NA,NA,NA,NA,NA,NA,NA,NA,NA,NA,NA,NA,NA,NA,NA,NA,NA,NA,NA,NA,NA,NA,2013,1992-04-22,NA,NA,NA,NA
"Darius Slayton","NYG","WR","14122","weighted",NA,NA,NA,NA,NA,NA,0,0,0,0,0.321195144724556,0.572971187775582,0,0,0,0,26.7472455648926,26.9842347440738,372.141923436041,410.487313295441,2.6452847805789,3.7334603573273,NA,NA,NA,NA,NA,NA,NA,NA,NA,NA,NA,NA,NA,NA,NA,NA,NA,NA,NA,NA,NA,NA,NA,NA,NA,NA,NA,NA,NA,NA,NA,NA,2019,1997-01-12,NA,NA,NA,NA
"Jaron Brown","FA","WR","11456","weighted",NA,NA,NA,NA,NA,NA,0.120844004656577,0.22386398425221,0,0,0,0,0,0,0,0,8.84472642607683,7.23766034583214,228.896245634459,292.729914021447,0.948269790454016,0.756878467870009,NA,NA,NA,NA,NA,NA,NA,NA,NA,NA,NA,NA,NA,NA,NA,NA,NA,NA,NA,NA,NA,NA,NA,NA,NA,NA,NA,NA,NA,NA,NA,NA,2013,1990-01-08,NA,NA,NA,NA
"Preston Williams","MIA","WR","14126","weighted",NA,NA,NA,NA,NA,NA,1.204769894535,1.83477581419526,0.00309683604985618,0.00737820707218024,0.731278313758389,0.680842271090798,0,0,0,0,30.9702319031639,20.3293375681928,430.840352348993,283.708847584149,2.549369292382,1.79533758146679,NA,NA,NA,NA,NA,NA,NA,NA,NA,NA,NA,NA,NA,NA,NA,NA,NA,NA,NA,NA,NA,NA,NA,NA,NA,NA,NA,NA,NA,NA,NA,NA,2019,1970-01-01,"Q","Knee - ACL",2019,0
"Jake Kumerow","GB","WR","12443","weighted",NA,NA,NA,NA,NA,NA,0.33290987535954,0.793157260259376,0,0,0.0229306487695749,0.016697980107017,0,0,0,0,13.7437398130393,5.78966454138937,261.273410234899,235.86263865894,1.88615968460969,1.72320192820127,NA,NA,NA,NA,NA,NA,NA,NA,NA,NA,NA,NA,NA,NA,NA,NA,NA,NA,NA,NA,NA,NA,NA,NA,NA,NA,NA,NA,NA,NA,NA,NA,NA,NA,NA,NA,NA,NA
"David Moore","SEA","WR","13348","weighted",NA,NA,NA,NA,NA,NA,2.24928038304464,2.84494530713649,0.00215209125475285,0.00351267202319318,0.0461906773693846,0.0332502196314107,0,0,0,0,26.5630164765526,6.10473077615918,419.071250528095,171.636351305891,3.17327288743624,1.41677660178748,NA,NA,NA,NA,NA,NA,NA,NA,NA,NA,NA,NA,NA,NA,NA,NA,NA,NA,NA,NA,NA,NA,NA,NA,NA,NA,NA,NA,NA,NA,NA,NA,2017,1995-01-15,NA,NA,NA,NA
"Golden Tate","NYG","WR","9831","weighted",NA,NA,NA,NA,NA,NA,12.974304505097,8.03372239319573,0.00528115751397567,0.00840598320861466,0.311707990792502,0.313927763066586,0,0,0,0,57.2897252365815,6.25596041868608,677.638609010194,78.6290088975359,3.53091671590819,0.876211834521153,NA,NA,NA,NA,NA,NA,NA,NA,NA,NA,NA,NA,NA,NA,NA,NA,NA,NA,NA,NA,NA,NA,NA,NA,NA,NA,NA,NA,NA,NA,NA,NA,2010,1988-08-02,NA,NA,NA,NA
"Jamison Crowder","NYJ","WR","12184","weighted",NA,NA,NA,NA,NA,NA,13.4516441959882,10.2924254967497,0.0146497862545215,0.0357106784186042,0.430188753699441,0.305733006406051,0,0,0,0,62.0368738353612,5.78882319532131,692.629611969747,49.682906900999,4.08191120360387,1.33500933167952,NA,NA,NA,NA,NA,NA,NA,NA,NA,NA,NA,NA,NA,NA,NA,NA,NA,NA,NA,NA,NA,NA,NA,NA,NA,NA,NA,NA,NA,NA,NA,NA,2015,1993-06-17,NA,NA,NA,NA
"Nelson Agholor","PHI","WR","12181","weighted",NA,NA,NA,NA,NA,NA,19.1935322483424,8.72459306918763,0.0151706123240113,0.0230970557083263,0.0267763713080169,0.0163183254764841,0,0,0,0,40.4394086799277,19.0593110779383,522.628337552743,235.522011110379,3.46996513009513,1.54863393555038,NA,NA,NA,NA,NA,NA,NA,NA,NA,NA,NA,NA,NA,NA,NA,NA,NA,NA,NA,NA,NA,NA,NA,NA,NA,NA,NA,NA,NA,NA,NA,NA,2015,1993-05-24,NA,NA,NA,NA
"Nelson Agholor","LVR","WR","12181","weighted",NA,NA,NA,NA,NA,NA,19.1935322483424,8.72459306918763,0.0151706123240113,0.0230970557083263,0.0267763713080169,0.0163183254764841,0,0,0,0,40.4394086799277,19.0593110779383,522.628337552743,235.522011110379,3.46996513009513,1.54863393555038,NA,NA,NA,NA,NA,NA,NA,NA,NA,NA,NA,NA,NA,NA,NA,NA,NA,NA,NA,NA,NA,NA,NA,NA,NA,NA,NA,NA,NA,NA,NA,NA,2015,1993-05-24,NA,NA,NA,NA
"Adam Humphries","TEN","WR","12505","weighted",NA,NA,NA,NA,NA,NA,6.47534404937362,8.04072856060145,0.00804992630803242,0.0207838036457227,0.371331061164333,0.315244354067961,0,0,0.00973839351510685,0.0055374996838715,52.8968551952837,11.8877870749052,598.61970523213,139.872034947835,3.4242119349881,0.901867630982469,NA,NA,NA,NA,NA,NA,NA,NA,NA,NA,NA,NA,NA,NA,NA,NA,NA,NA,NA,NA,NA,NA,NA,NA,NA,NA,NA,NA,NA,NA,NA,NA,NA,NA,NA,NA,NA,NA
"Keke Coutee","HOU","WR","13662","weighted",NA,NA,NA,NA,NA,NA,15.1083929738562,14.9878218606705,0.0371699346405229,0.0671592492340832,0.00750980392156863,0.00664276605903621,0,0,0.0627377450980392,0.0425490785998088,45.7382598039216,21.1371921337759,555.178514705882,251.192554435812,3.11373072110446,1.47025101331666,NA,NA,NA,NA,NA,NA,NA,NA,NA,NA,NA,NA,NA,NA,NA,NA,NA,NA,NA,NA,NA,NA,NA,NA,NA,NA,NA,NA,NA,NA,NA,NA,2018,1997-01-14,NA,NA,NA,NA
"Albert Wilson","MIA","WR","11890","weighted",NA,NA,NA,NA,NA,NA,31.2563433081223,20.3470420801573,0.0699605392962841,0.110801042051406,0.296606379480434,0.307915862301838,0,0,0,0,50.4682834593884,8.6336530674355,584.390095363367,109.509983240291,3.38414539020517,1.19693901072254,NA,NA,NA,NA,NA,NA,NA,NA,NA,NA,NA,NA,NA,NA,NA,NA,NA,NA,NA,NA,NA,NA,NA,NA,NA,NA,NA,NA,NA,NA,NA,NA,2014,1992-07-12,NA,NA,NA,NA
"Marqise Lee","JAC","WR","11672","weighted",NA,NA,NA,NA,NA,NA,17.5593504074505,11.5576547149359,0.0403585564610012,0.0775055493501488,0.00766783081102057,0.00737837261651459,0,0,0,0,44.8415902211874,9.80658425067098,618.617694994179,117.246861253899,3.39357778737529,0.84746730138078,NA,NA,NA,NA,NA,NA,NA,NA,NA,NA,NA,NA,NA,NA,NA,NA,NA,NA,NA,NA,NA,NA,NA,NA,NA,NA,NA,NA,NA,NA,NA,NA,2014,1991-11-25,NA,NA,NA,NA
"Marqise Lee","NE","WR","11672","weighted",NA,NA,NA,NA,NA,NA,17.5593504074505,11.5576547149359,0.0403585564610012,0.0775055493501488,0.00766783081102057,0.00737837261651459,0,0,0,0,44.8415902211874,9.80658425067098,618.617694994179,117.246861253899,3.39357778737529,0.84746730138078,NA,NA,NA,NA,NA,NA,NA,NA,NA,NA,NA,NA,NA,NA,NA,NA,NA,NA,NA,NA,NA,NA,NA,NA,NA,NA,NA,NA,NA,NA,NA,NA,2014,1991-11-25,NA,NA,NA,NA
"Zay Jones","BUF","WR","13176","weighted",NA,NA,NA,NA,NA,NA,1.65528511151296,2.4763376112096,0.00467269439421338,0.0110934048447859,0.00369620253164557,0.0030413814019991,0.9,1.2003320312466e-16,0,0,35.7555738396624,14.5611250581807,457.963139240506,200.264821768015,3.11001606703483,1.510641869453,NA,NA,NA,NA,NA,NA,NA,NA,NA,NA,NA,NA,NA,NA,NA,NA,NA,NA,NA,NA,NA,NA,NA,NA,NA,NA,NA,NA,NA,NA,NA,NA,2017,1995-03-30,NA,NA,NA,NA
"Zay Jones","LVR","WR","13176","weighted",NA,NA,NA,NA,NA,NA,1.65528511151296,2.4763376112096,0.00467269439421338,0.0110934048447859,0.00369620253164557,0.0030413814019991,0.9,1.2003320312466e-16,0,0,35.7555738396624,14.5611250581807,457.963139240506,200.264821768015,3.11001606703483,1.510641869453,NA,NA,NA,NA,NA,NA,NA,NA,NA,NA,NA,NA,NA,NA,NA,NA,NA,NA,NA,NA,NA,NA,NA,NA,NA,NA,NA,NA,NA,NA,NA,NA,2017,1995-03-30,NA,NA,NA,NA
"Quincy Enunwa","NYJ","WR","11850","weighted",NA,NA,NA,NA,NA,NA,0.611788235294118,1.2869493503847,0.00188823529411765,0.00397206589624907,0,0,0,0,0,0,39.7012549019608,13.2157208825315,535.917568627451,192.239648518536,2.89345310690419,0.943857777969254,NA,NA,NA,NA,NA,NA,NA,NA,NA,NA,NA,NA,NA,NA,NA,NA,NA,NA,NA,NA,NA,NA,NA,NA,NA,NA,NA,NA,NA,NA,NA,NA,2014,1992-05-31,NA,"Neck",2019,0
"Mecole Hardman","KC","WR","14113","weighted",NA,NA,NA,NA,NA,NA,33.9055038688283,31.0434428897451,0.231574244657332,0.381467306286343,0.739938282977155,0.631913979091116,0,0,0,0,32.5327901621223,10.0264451066546,513.65690862196,196.161885269318,3.92478687711013,1.9463759831841,NA,NA,NA,NA,NA,NA,NA,NA,NA,NA,NA,NA,NA,NA,NA,NA,NA,NA,NA,NA,NA,NA,NA,NA,NA,NA,NA,NA,NA,NA,NA,NA,2019,1970-01-01,NA,NA,NA,NA
"Randall Cobb","DAL","WR","10308","weighted",NA,NA,NA,NA,NA,NA,12.7428477474515,10.9619585060347,0.0366885892798422,0.0619859406006108,0.686574153239066,0.537042918866782,0,0,0,0,47.8143596770068,7.32295210841939,545.220674120355,113.71273813348,2.82509443228818,0.897180147952431,NA,NA,NA,NA,NA,NA,NA,NA,NA,NA,NA,NA,NA,NA,NA,NA,NA,NA,NA,NA,NA,NA,NA,NA,NA,NA,NA,NA,NA,NA,NA,NA,2011,1990-08-22,NA,NA,NA,NA
"Randall Cobb","HOU","WR","10308","weighted",NA,NA,NA,NA,NA,NA,12.7428477474515,10.9619585060347,0.0366885892798422,0.0619859406006108,0.686574153239066,0.537042918866782,0,0,0,0,47.8143596770068,7.32295210841939,545.220674120355,113.71273813348,2.82509443228818,0.897180147952431,NA,NA,NA,NA,NA,NA,NA,NA,NA,NA,NA,NA,NA,NA,NA,NA,NA,NA,NA,NA,NA,NA,NA,NA,NA,NA,NA,NA,NA,NA,NA,NA,2011,1990-08-22,NA,NA,NA,NA
"Willie Snead","BAL","WR","11951","weighted",NA,NA,NA,NA,NA,NA,4.33617283950617,4.80141575994531,0.00618459729570841,0.0146104290561912,0.365267489711934,0.337668456387937,0,0,0,0,48.345341563786,13.4188492640486,535.850407407407,143.997545413639,2.62685596707819,1.11230264532326,NA,NA,NA,NA,NA,NA,NA,NA,NA,NA,NA,NA,NA,NA,NA,NA,NA,NA,NA,NA,NA,NA,NA,NA,NA,NA,NA,NA,NA,NA,NA,NA,2014,1992-10-17,NA,NA,NA,NA
"John Ross","CIN","WR","13155","weighted",NA,NA,NA,NA,NA,NA,14.2997622444127,10.6248389941343,0.0281597717546362,0.0716796468162721,0.388464098906324,0.360338890250049,0,0,0,0,30.6815596766524,9.13955888043328,445.594693295292,158.24703767097,3.20003804089396,1.70726029868055,NA,NA,NA,NA,NA,NA,NA,NA,NA,NA,NA,NA,NA,NA,NA,NA,NA,NA,NA,NA,NA,NA,NA,NA,NA,NA,NA,NA,NA,NA,NA,NA,2017,NA,NA,NA,NA,NA
"Danny Amendola","DET","WR","9308","weighted",NA,NA,NA,NA,NA,NA,3.25754623921085,5.78210098368487,0.00135224003288122,0.0036955867795209,0.367731196054254,0.336121472758883,0,0,0,0,54.2945951500206,9.96705094724588,555.818532675709,96.5037044457345,2.44081792026305,0.581525549482409,NA,NA,NA,NA,NA,NA,NA,NA,NA,NA,NA,NA,NA,NA,NA,NA,NA,NA,NA,NA,NA,NA,NA,NA,NA,NA,NA,NA,NA,NA,NA,NA,2008,1985-11-02,NA,NA,NA,NA
"N'Keal Harry","NE","WR","14101","weighted",NA,NA,NA,NA,NA,NA,26.6518286912249,31.4062743425379,0.0626253369272237,0.118717591907349,0.383538784067086,0.340004798475756,0,0,0,0,31.5218682240192,15.0160684717779,439.241396226415,224.622491642993,3.34039094794252,1.75914256897363,NA,NA,NA,NA,NA,NA,NA,NA,NA,NA,NA,NA,NA,NA,NA,NA,NA,NA,NA,NA,NA,NA,NA,NA,NA,NA,NA,NA,NA,NA,NA,NA,2019,1970-01-01,NA,NA,NA,NA
"Hunter Renfrow","OAK","WR","14123","weighted",NA,NA,NA,NA,NA,NA,1.40441514860978,3.34601690723374,0.00929050814956855,0.0221346212165407,0.38076447147651,0.341593431341593,0,0,0,0,34.4797483221476,18.9018398388188,403.187508389262,226.958426912549,2.63642737296261,1.87598619651729,NA,NA,NA,NA,NA,NA,NA,NA,NA,NA,NA,NA,NA,NA,NA,NA,NA,NA,NA,NA,NA,NA,NA,NA,NA,NA,NA,NA,NA,NA,NA,NA,2019,1970-01-01,NA,NA,NA,NA
"Hunter Renfrow","LVR","WR","14123","weighted",NA,NA,NA,NA,NA,NA,1.40441514860978,3.34601690723374,0.00929050814956855,0.0221346212165407,0.38076447147651,0.341593431341593,0,0,0,0,34.4797483221476,18.9018398388188,403.187508389262,226.958426912549,2.63642737296261,1.87598619651729,NA,NA,NA,NA,NA,NA,NA,NA,NA,NA,NA,NA,NA,NA,NA,NA,NA,NA,NA,NA,NA,NA,NA,NA,NA,NA,NA,NA,NA,NA,NA,NA,2019,1970-01-01,NA,NA,NA,NA
"DaeSean Hamilton","DEN","WR","13649","weighted",NA,NA,NA,NA,NA,NA,0.501782847486269,1.00343693861335,0.00181805379524011,0.00363564108193244,0.133826221658921,0.0894275006782202,0,0,0.06305027460921,0.038943734477076,44.7335312933792,17.3917450098611,494.388238276299,198.367855783718,2.57059162890225,1.17412765162061,NA,NA,NA,NA,NA,NA,NA,NA,NA,NA,NA,NA,NA,NA,NA,NA,NA,NA,NA,NA,NA,NA,NA,NA,NA,NA,NA,NA,NA,NA,NA,NA,2018,1995-03-10,NA,NA,NA,NA
"Robert Foster","BUF","WR","13653","weighted",NA,NA,NA,NA,NA,NA,0.170975551294343,0.365150718709356,0,0,0,0,0,0,0,0,29.6402348993289,14.327675328753,464.761208053691,220.184801842654,3.16736337488015,1.63724999537433,NA,NA,NA,NA,NA,NA,NA,NA,NA,NA,NA,NA,NA,NA,NA,NA,NA,NA,NA,NA,NA,NA,NA,NA,NA,NA,NA,NA,NA,NA,NA,NA,2018,NA,NA,NA,NA,NA
"Keelan Cole","JAC","WR","13412","weighted",NA,NA,NA,NA,NA,NA,1.89919323391474,2.53590524894493,0,0,0.843083732939874,0.500246127687806,0,0,0,0,26.8394282552564,11.3461702461048,398.119505717447,187.873444785591,1.48266580301259,1.11045956295817,NA,NA,NA,NA,NA,NA,NA,NA,NA,NA,NA,NA,NA,NA,NA,NA,NA,NA,NA,NA,NA,NA,NA,NA,NA,NA,NA,NA,NA,NA,NA,NA,2017,1993-04-20,NA,NA,NA,NA
"Taylor Gabriel","CHI","WR","11975","weighted",NA,NA,NA,NA,NA,NA,40.7888624787776,29.1536957167172,0.057719298245614,0.135037621071182,0.0239954725523486,0.0179343768933659,0,0,0,0,50.2063837011885,7.13160914228157,578.938845500849,78.664256918019,2.65319185059423,0.516522896999404,NA,NA,NA,NA,NA,NA,NA,NA,NA,NA,NA,NA,NA,NA,NA,NA,NA,NA,NA,NA,NA,NA,NA,NA,NA,NA,NA,NA,NA,NA,NA,NA,2014,1991-02-17,"Q","Concussion",2019,0
"Taylor Gabriel","FA","WR","11975","weighted",NA,NA,NA,NA,NA,NA,40.7888624787776,29.1536957167172,0.057719298245614,0.135037621071182,0.0239954725523486,0.0179343768933659,0,0,0,0,50.2063837011885,7.13160914228157,578.938845500849,78.664256918019,2.65319185059423,0.516522896999404,NA,NA,NA,NA,NA,NA,NA,NA,NA,NA,NA,NA,NA,NA,NA,NA,NA,NA,NA,NA,NA,NA,NA,NA,NA,NA,NA,NA,NA,NA,NA,NA,2014,1991-02-17,"Q","Concussion",2019,0
NA,NA,"WR","nfl_0","weighted",NA,NA,NA,NA,NA,NA,13.6992044063647,20.4144132672909,0.127141982864137,0.219528451006217,0.564469094247246,0.149778893305002,NA,NA,NA,NA,20.1917738678091,13.4692066040625,274.27806039279,177.321078634813,2.12600856793146,1.53545284517427,NA,NA,NA,NA,NA,NA,NA,NA,NA,NA,NA,NA,NA,NA,NA,NA,NA,NA,NA,NA,NA,NA,NA,NA,NA,NA,NA,NA,NA,NA,NA,NA,NA,NA,NA,NA,NA,NA
"Demaryius Thomas","FA","WR","9884","weighted",NA,NA,NA,NA,NA,NA,0.905939756036844,1.36758439556697,0,0,0,0,0,0,0,0,21.2438137913866,23.1704846070455,322.186310679612,316.248750155044,1.35417475728155,1.41830478871065,NA,NA,NA,NA,NA,NA,NA,NA,NA,NA,NA,NA,NA,NA,NA,NA,NA,NA,NA,NA,NA,NA,NA,NA,NA,NA,NA,NA,NA,NA,NA,NA,2010,1987-12-25,"Q","Hamstring",2019,0
"Paul Richardson","WAS","WR","11681","weighted",NA,NA,NA,NA,NA,NA,18.0472395227008,12.7508484080251,0.0255631548311991,0.0473558428225829,0.00479336437718277,0.0036409128945291,0,0,0,0,44.7283905704307,3.43121527083658,615.516309662398,29.6776327622634,3.7314356637029,0.866066236646971,NA,NA,NA,NA,NA,NA,NA,NA,NA,NA,NA,NA,NA,NA,NA,NA,NA,NA,NA,NA,NA,NA,NA,NA,NA,NA,NA,NA,NA,NA,NA,NA,2014,1992-04-13,"Q","Hamstring",2019,0
"Paul Richardson","FA","WR","11681","weighted",NA,NA,NA,NA,NA,NA,18.0472395227008,12.7508484080251,0.0255631548311991,0.0473558428225829,0.00479336437718277,0.0036409128945291,0,0,0,0,44.7283905704307,3.43121527083658,615.516309662398,29.6776327622634,3.7314356637029,0.866066236646971,NA,NA,NA,NA,NA,NA,NA,NA,NA,NA,NA,NA,NA,NA,NA,NA,NA,NA,NA,NA,NA,NA,NA,NA,NA,NA,NA,NA,NA,NA,NA,NA,2014,1992-04-13,"Q","Hamstring",2019,0
"JJ Arcega-Whiteside","PHI","WR","14107","weighted",NA,NA,NA,NA,NA,NA,1.36985630841121,2.47428469624939,0,0,0,0,0,0,0,0,17.9734801401869,14.9902002334736,304.75988317757,273.463505650211,1.46891471962617,1.50003499042627,NA,NA,NA,NA,NA,NA,NA,NA,NA,NA,NA,NA,NA,NA,NA,NA,NA,NA,NA,NA,NA,NA,NA,NA,NA,NA,NA,NA,NA,NA,NA,NA,2019,NA,NA,NA,NA,NA
"Chris Conley","JAC","WR","12257","weighted",NA,NA,NA,NA,NA,NA,0.141170667543571,0.344121082942913,0,0,0.765718513646827,0.377680618324213,0,0,0,0,35.2776908180789,8.06685154555916,483.268724103913,93.6544689388689,2.85970289928483,0.781235995368324,NA,NA,NA,NA,NA,NA,NA,NA,NA,NA,NA,NA,NA,NA,NA,NA,NA,NA,NA,NA,NA,NA,NA,NA,NA,NA,NA,NA,NA,NA,NA,NA,2015,1992-10-25,NA,NA,NA,NA
"Trent Taylor","SF","WR","13316","weighted",NA,NA,NA,NA,NA,NA,0,0,0,0,0.0712023038156948,0.0524416719388646,0,0,0,0,25.6292476601872,12.7042508465186,341.882649388049,193.137816232135,1.40303001600475,0.926839951208327,NA,NA,NA,NA,NA,NA,NA,NA,NA,NA,NA,NA,NA,NA,NA,NA,NA,NA,NA,NA,NA,NA,NA,NA,NA,NA,NA,NA,NA,NA,NA,NA,2017,1994-04-30,"Q","Foot",2019,0
"Tajae Sharpe","TEN","WR","12657","weighted",NA,NA,NA,NA,NA,NA,2.2314508836827,3.2629961194698,0,0,0,0,0,0,0,0,21.4282367447596,15.8431980454233,261.88726674887,186.338829916621,1.78661734484176,1.86160306124923,NA,NA,NA,NA,NA,NA,NA,NA,NA,NA,NA,NA,NA,NA,NA,NA,NA,NA,NA,NA,NA,NA,NA,NA,NA,NA,NA,NA,NA,NA,NA,NA,2016,1994-12-23,NA,NA,NA,NA
"Tajae Sharpe","MIN","WR","12657","weighted",NA,NA,NA,NA,NA,NA,2.2314508836827,3.2629961194698,0,0,0,0,0,0,0,0,21.4282367447596,15.8431980454233,261.88726674887,186.338829916621,1.78661734484176,1.86160306124923,NA,NA,NA,NA,NA,NA,NA,NA,NA,NA,NA,NA,NA,NA,NA,NA,NA,NA,NA,NA,NA,NA,NA,NA,NA,NA,NA,NA,NA,NA,NA,NA,2016,1994-12-23,NA,NA,NA,NA
"Jakobi Meyers","NE","WR","14127","weighted",NA,NA,NA,NA,NA,NA,1.84638138138138,2.94379399450519,0.00599474474474474,0.00955777270943245,0.0190690690690691,0.0190157070012075,0,0,0,0,8.66995495495495,7.31199400435344,211.466914414414,258.113615760128,0.711891891891892,0.653746830077639,NA,NA,NA,NA,NA,NA,NA,NA,NA,NA,NA,NA,NA,NA,NA,NA,NA,NA,NA,NA,NA,NA,NA,NA,NA,NA,NA,NA,NA,NA,NA,NA,2019,1996-11-09,NA,NA,NA,NA
"Devin Funchess","IND","WR","12205","weighted",NA,NA,NA,NA,NA,NA,0.137928483353884,0.376949851511132,0,0,0.0231401561857789,0.0165974980361036,0,0,0,0,42.7889560213728,8.56381784633124,533.021323468968,60.3639101331397,3.95046444718455,1.14063892421218,NA,NA,NA,NA,NA,NA,NA,NA,NA,NA,NA,NA,NA,NA,NA,NA,NA,NA,NA,NA,NA,NA,NA,NA,NA,NA,NA,NA,NA,NA,NA,NA,2015,1994-05-21,NA,NA,NA,NA
"Devin Funchess","GB","WR","12205","weighted",NA,NA,NA,NA,NA,NA,0.137928483353884,0.376949851511132,0,0,0.0231401561857789,0.0165974980361036,0,0,0,0,42.7889560213728,8.56381784633124,533.021323468968,60.3639101331397,3.95046444718455,1.14063892421218,NA,NA,NA,NA,NA,NA,NA,NA,NA,NA,NA,NA,NA,NA,NA,NA,NA,NA,NA,NA,NA,NA,NA,NA,NA,NA,NA,NA,NA,NA,NA,NA,2015,1994-05-21,NA,NA,NA,NA
"Phillip Dorsett","NE","WR","12188","weighted",NA,NA,NA,NA,NA,NA,17.8891206313416,18.2499906505259,0,0,0.0387072529124389,0.0368131128395753,0,0,0,0,31.4459977452086,14.8690978240977,378.559098083427,138.039978300108,3.23514092446449,1.48823763734588,NA,NA,NA,NA,NA,NA,NA,NA,NA,NA,NA,NA,NA,NA,NA,NA,NA,NA,NA,NA,NA,NA,NA,NA,NA,NA,NA,NA,NA,NA,NA,NA,2015,1993-01-05,NA,NA,NA,NA
"Phillip Dorsett","SEA","WR","12188","weighted",NA,NA,NA,NA,NA,NA,17.8891206313416,18.2499906505259,0,0,0.0387072529124389,0.0368131128395753,0,0,0,0,31.4459977452086,14.8690978240977,378.559098083427,138.039978300108,3.23514092446449,1.48823763734588,NA,NA,NA,NA,NA,NA,NA,NA,NA,NA,NA,NA,NA,NA,NA,NA,NA,NA,NA,NA,NA,NA,NA,NA,NA,NA,NA,NA,NA,NA,NA,NA,2015,1993-01-05,NA,NA,NA,NA
"Josh Reynolds","LAR","WR","13168","weighted",NA,NA,NA,NA,NA,NA,18.9611081716637,18.5007352264012,0.0630499706055262,0.13724922722158,0.012880658436214,0.0124349175637342,0,0,0,0,28.4588888888889,11.9424132622586,379.723596707819,155.591110172736,2.40179835390946,0.989439316121159,NA,NA,NA,NA,NA,NA,NA,NA,NA,NA,NA,NA,NA,NA,NA,NA,NA,NA,NA,NA,NA,NA,NA,NA,NA,NA,NA,NA,NA,NA,NA,NA,2017,1995-02-16,NA,NA,NA,NA
"Jalen Hurd","SF","WR","14116","weighted",NA,NA,NA,NA,NA,NA,16.5104575163399,31.8229860725959,0.00598039215686275,0.0100438032758708,0.0251764705882353,0.0172137908102631,0,0,0,0,13.8965212418301,10.1198753205554,230.095,201.145192001424,1.07285702614379,0.86236975878068,NA,NA,NA,NA,NA,NA,NA,NA,NA,NA,NA,NA,NA,NA,NA,NA,NA,NA,NA,NA,NA,NA,NA,NA,NA,NA,NA,NA,NA,NA,NA,NA,2019,1970-01-01,NA,NA,NA,NA
"Josh Doctson","FA","WR","12648","weighted",NA,NA,NA,NA,NA,NA,0,0,0,0,0,0,0,0,0,0,19.137358490566,20.3501380543754,245.246444121916,267.790072986265,1.2021770682148,1.83015498958487,NA,NA,NA,NA,NA,NA,NA,NA,NA,NA,NA,NA,NA,NA,NA,NA,NA,NA,NA,NA,NA,NA,NA,NA,NA,NA,NA,NA,NA,NA,NA,NA,2016,NA,NA,NA,NA,NA
"Josh Doctson","NYJ","WR","12648","weighted",NA,NA,NA,NA,NA,NA,0,0,0,0,0,0,0,0,0,0,19.137358490566,20.3501380543754,245.246444121916,267.790072986265,1.2021770682148,1.83015498958487,NA,NA,NA,NA,NA,NA,NA,NA,NA,NA,NA,NA,NA,NA,NA,NA,NA,NA,NA,NA,NA,NA,NA,NA,NA,NA,NA,NA,NA,NA,NA,NA,2016,NA,NA,NA,NA,NA
"Equanimeous St. Brown","GB","WR","13637","weighted",NA,NA,NA,NA,NA,NA,4.94876086956522,5.10662364532555,0.00238405797101449,0.00492729576981412,0,0,0,0,0,0,20.8293043478261,13.125142143934,299.178202898551,203.514327041629,1.66242028985507,1.04790517886028,NA,NA,NA,NA,NA,NA,NA,NA,NA,NA,NA,NA,NA,NA,NA,NA,NA,NA,NA,NA,NA,NA,NA,NA,NA,NA,NA,NA,NA,NA,NA,NA,2018,1996-09-30,NA,NA,NA,NA
"Trey Quinn","WAS","WR","13664","weighted",NA,NA,NA,NA,NA,NA,5.02384309266629,7.91713825011925,0.00935190449118818,0.0218204352090397,0.0233409133977639,0.0180861154818267,0,0,0.0479818078453667,0.0359533031408255,38.5710972143263,15.7683155392557,435.635105173394,154.57787164522,2.10909607731666,0.801206279970416,NA,NA,NA,NA,NA,NA,NA,NA,NA,NA,NA,NA,NA,NA,NA,NA,NA,NA,NA,NA,NA,NA,NA,NA,NA,NA,NA,NA,NA,NA,NA,NA,2018,1995-12-07,NA,NA,NA,NA
"Rashard Higgins","CLE","WR","12656","weighted",NA,NA,NA,NA,NA,NA,0.0860375213189312,0.200748003923166,0,0,0.0386299033541785,0.0234550932916123,0,0,0,0,24.0482603752132,9.02661938012392,329.04020466174,136.32674744525,2.00391699829449,0.991426422997903,NA,NA,NA,NA,NA,NA,NA,NA,NA,NA,NA,NA,NA,NA,NA,NA,NA,NA,NA,NA,NA,NA,NA,NA,NA,NA,NA,NA,NA,NA,NA,NA,2016,1994-10-07,NA,NA,NA,NA
"Richie James","SF","WR","13724","weighted",NA,NA,NA,NA,NA,NA,11.4499710144928,23.9607126897035,0.173338768115942,0.232942633504107,0,0,0,0,0,0,16.616268115942,19.1586373822584,214.611898550725,245.797383406034,1.39834782608696,1.75849257543322,NA,NA,NA,NA,NA,NA,NA,NA,NA,NA,NA,NA,NA,NA,NA,NA,NA,NA,NA,NA,NA,NA,NA,NA,NA,NA,NA,NA,NA,NA,NA,NA,2018,1995-04-05,"Q","Wrist",2019,0
"Jakeem Grant","MIA","WR","12814","weighted",NA,NA,NA,NA,NA,NA,15.0613814667425,19.3096649922401,0.0566526435474702,0.101341506562533,0.0386299033541785,0.0234550932916123,0,0,0,0,26.4102615122229,9.16590337804743,344.898999431495,138.363083520692,1.83602046617396,1.08878397796241,NA,NA,NA,NA,NA,NA,NA,NA,NA,NA,NA,NA,NA,NA,NA,NA,NA,NA,NA,NA,NA,NA,NA,NA,NA,NA,NA,NA,NA,NA,NA,NA,2016,1992-10-30,NA,NA,NA,NA
"Andy Isabella","ARI","WR","14121","weighted",NA,NA,NA,NA,NA,NA,19.9214189837009,15.3052193919307,0.187651006711409,0.284622114166935,0.0151558005752637,0.0138446221428647,0,0,0,0,24.3201773729626,13.7602121630072,333.846390220518,197.958786983197,1.77129434324065,0.999036577331768,NA,NA,NA,NA,NA,NA,NA,NA,NA,NA,NA,NA,NA,NA,NA,NA,NA,NA,NA,NA,NA,NA,NA,NA,NA,NA,NA,NA,NA,NA,NA,NA,2019,NA,NA,NA,NA,NA
"Kendrick Bourne","SF","WR","13418","weighted",NA,NA,NA,NA,NA,NA,3.29908721825564,5.838591623933,0.0453296934061319,0.059775900404658,0.0137547249055019,0.013439508256484,0,0,0,0,31.0682780344393,11.3549368786031,385.292809743805,105.464243033168,2.90740464066871,1.42856337342879,NA,NA,NA,NA,NA,NA,NA,NA,NA,NA,NA,NA,NA,NA,NA,NA,NA,NA,NA,NA,NA,NA,NA,NA,NA,NA,NA,NA,NA,NA,NA,NA,2017,1995-08-04,NA,NA,NA,NA
"Miles Boykin","BAL","WR","14125","weighted",NA,NA,NA,NA,NA,NA,1.10395061728395,2.60796158653013,0.0123691945914168,0.0292208581123824,0.010679012345679,0.0110555373272446,0,0,0,0,24.9872222222222,13.9551139042793,327.765288065844,183.840686444002,2.32862551440329,2.06474073481528,NA,NA,NA,NA,NA,NA,NA,NA,NA,NA,NA,NA,NA,NA,NA,NA,NA,NA,NA,NA,NA,NA,NA,NA,NA,NA,NA,NA,NA,NA,NA,NA,2019,1970-01-01,NA,NA,NA,NA
"Demarcus Robinson","KC","WR","12785","weighted",NA,NA,NA,NA,NA,NA,0.331057418988061,0.772443406400007,0,0,0.0386299033541785,0.0234550932916123,0,0,0,0,26.2083399658897,9.22539208527882,353.227163160887,130.748407825462,2.87023308698124,0.917916862562808,NA,NA,NA,NA,NA,NA,NA,NA,NA,NA,NA,NA,NA,NA,NA,NA,NA,NA,NA,NA,NA,NA,NA,NA,NA,NA,NA,NA,NA,NA,NA,NA,2016,1994-09-21,NA,NA,NA,NA
"Cam Sims","WAS","WR","13895","weighted",NA,NA,NA,NA,NA,NA,4.06499157641396,4.34799535248127,0.0237256317689531,0.0253774047810191,0.0325180505415162,0.0448855415163251,0,0,0,0,14.6518682310469,16.7992627112169,180.173619133574,208.274606840271,1.04107400722022,1.12353421644319,NA,NA,NA,NA,NA,NA,NA,NA,NA,NA,NA,NA,NA,NA,NA,NA,NA,NA,NA,NA,NA,NA,NA,NA,NA,NA,NA,NA,NA,NA,NA,NA,2018,1970-01-01,NA,NA,NA,NA
"Taywan Taylor","CLE","WR","13167","weighted",NA,NA,NA,NA,NA,NA,2.2863115942029,4.72527664325174,0.014304347826087,0.0295637746188847,0.00395652173913043,0.00423735714387798,0,0,0,0,21.2037028985507,16.6054219488397,265.767456521739,201.240376389289,0.929731884057971,1.07806246624657,NA,NA,NA,NA,NA,NA,NA,NA,NA,NA,NA,NA,NA,NA,NA,NA,NA,NA,NA,NA,NA,NA,NA,NA,NA,NA,NA,NA,NA,NA,NA,NA,2017,NA,NA,NA,NA,NA
"Hakeem Butler","ARI","WR","14106","weighted",NA,NA,NA,NA,NA,NA,0,0,0,0,0.0309705042816365,0.0298081148862809,0,0,0,0,11.5275547098002,17.1508810101207,170.663996194101,257.844119084165,1.03714557564225,1.6349459102133,NA,NA,NA,NA,NA,NA,NA,NA,NA,NA,NA,NA,NA,NA,NA,NA,NA,NA,NA,NA,NA,NA,NA,NA,NA,NA,NA,NA,NA,NA,NA,NA,2019,1970-01-01,NA,NA,NA,NA
"Chris Hogan","CAR","WR","10983","weighted",NA,NA,NA,NA,NA,NA,1.69193458594294,3.58979518920178,0.00457898399443285,0.00971527791394256,0,0,0,0,0,0,25.9393945720251,4.79216376972246,369.098677800974,82.0218052011571,2.10989561586639,0.233166669934622,NA,NA,NA,NA,NA,NA,NA,NA,NA,NA,NA,NA,NA,NA,NA,NA,NA,NA,NA,NA,NA,NA,NA,NA,NA,NA,NA,NA,NA,NA,NA,NA,2011,1988-10-24,NA,NA,NA,NA
"Chris Hogan","FA","WR","10983","weighted",NA,NA,NA,NA,NA,NA,1.69193458594294,3.58979518920178,0.00457898399443285,0.00971527791394256,0,0,0,0,0,0,25.9393945720251,4.79216376972246,369.098677800974,82.0218052011571,2.10989561586639,0.233166669934622,NA,NA,NA,NA,NA,NA,NA,NA,NA,NA,NA,NA,NA,NA,NA,NA,NA,NA,NA,NA,NA,NA,NA,NA,NA,NA,NA,NA,NA,NA,NA,NA,2011,1988-10-24,NA,NA,NA,NA
"Seth Roberts","BAL","WR","12471","weighted",NA,NA,NA,NA,NA,NA,2.11166003411029,4.92705427020117,0.0280557134735645,0.0654613056271192,0.0233409133977639,0.0180861154818267,0,0,0,0,20.6959067652075,17.1748140938411,236.571256395679,199.972026916492,1.00581011938601,0.922941561133686,NA,NA,NA,NA,NA,NA,NA,NA,NA,NA,NA,NA,NA,NA,NA,NA,NA,NA,NA,NA,NA,NA,NA,NA,NA,NA,NA,NA,NA,NA,NA,NA,NA,NA,NA,NA,NA,NA
"Seth Roberts","CAR","WR","12471","weighted",NA,NA,NA,NA,NA,NA,2.11166003411029,4.92705427020117,0.0280557134735645,0.0654613056271192,0.0233409133977639,0.0180861154818267,0,0,0,0,20.6959067652075,17.1748140938411,236.571256395679,199.972026916492,1.00581011938601,0.922941561133686,NA,NA,NA,NA,NA,NA,NA,NA,NA,NA,NA,NA,NA,NA,NA,NA,NA,NA,NA,NA,NA,NA,NA,NA,NA,NA,NA,NA,NA,NA,NA,NA,NA,NA,NA,NA,NA,NA
"Zach Pascal","IND","WR","13488","weighted",NA,NA,NA,NA,NA,NA,7.98892003900536,10.2671514980516,0.0261774744027304,0.0553033718037807,0.0044778156996587,0.00768783472619939,0,0,0,0,20.2919112627986,11.9506938193941,240.233832276938,140.779730350295,1.08658703071672,1.17049517250848,NA,NA,NA,NA,NA,NA,NA,NA,NA,NA,NA,NA,NA,NA,NA,NA,NA,NA,NA,NA,NA,NA,NA,NA,NA,NA,NA,NA,NA,NA,NA,NA,2017,1994-12-18,NA,NA,NA,NA
"Travis Benjamin","LAC","WR","10737","weighted",NA,NA,NA,NA,NA,NA,43.4513639526792,7.92347960831313,0.339297146833681,0.48164980814618,0.0117954070981211,0.0124624151590314,0,0,0,0,22.6940431454419,5.12165701356251,337.561983298539,77.1714086025362,1.79499652052888,0.949130527649928,NA,NA,NA,NA,NA,NA,NA,NA,NA,NA,NA,NA,NA,NA,NA,NA,NA,NA,NA,NA,NA,NA,NA,NA,NA,NA,NA,NA,NA,NA,NA,NA,2012,1989-12-29,NA,NA,NA,NA
"Travis Benjamin","SF","WR","10737","weighted",NA,NA,NA,NA,NA,NA,43.4513639526792,7.92347960831313,0.339297146833681,0.48164980814618,0.0117954070981211,0.0124624151590314,0,0,0,0,22.6940431454419,5.12165701356251,337.561983298539,77.1714086025362,1.79499652052888,0.949130527649928,NA,NA,NA,NA,NA,NA,NA,NA,NA,NA,NA,NA,NA,NA,NA,NA,NA,NA,NA,NA,NA,NA,NA,NA,NA,NA,NA,NA,NA,NA,NA,NA,2012,1989-12-29,NA,NA,NA,NA
"Ryan Switzer","PIT","WR","13165","weighted",NA,NA,NA,NA,NA,NA,16.4227924256951,12.8315684794307,0.016546021093001,0.0353371663267119,0.00562320230105465,0.00725624990494723,0,0,0.0821069031639501,0.0549952202141978,25.6320038350911,11.6067007898523,244.518384467881,111.014334019229,1.02523489932886,0.171422273276712,NA,NA,NA,NA,NA,NA,NA,NA,NA,NA,NA,NA,NA,NA,NA,NA,NA,NA,NA,NA,NA,NA,NA,NA,NA,NA,NA,NA,NA,NA,NA,NA,2017,1994-11-04,NA,NA,NA,NA
"KeeSean Johnson","ARI","WR","14124","weighted",NA,NA,NA,NA,NA,NA,0,0,0,0,0.0163632119514472,0.0192699241633025,0,0,0,0,21.2199159663866,11.659160052465,274.014537815126,153.289541709449,1.17649859943978,1.35180236034165,NA,NA,NA,NA,NA,NA,NA,NA,NA,NA,NA,NA,NA,NA,NA,NA,NA,NA,NA,NA,NA,NA,NA,NA,NA,NA,NA,NA,NA,NA,NA,NA,2019,1970-01-01,NA,NA,NA,NA
"Russell Gage","ATL","WR","13809","weighted",NA,NA,NA,NA,NA,NA,10.5900362318841,21.7242119975616,0.0704057971014493,0.102531943518422,0.106521739130435,0.0786943618515031,0,0,0,0,15.1038188405797,6.73558187337782,166.717347826087,77.8397254050455,1.2569347826087,0.38451470201349,NA,NA,NA,NA,NA,NA,NA,NA,NA,NA,NA,NA,NA,NA,NA,NA,NA,NA,NA,NA,NA,NA,NA,NA,NA,NA,NA,NA,NA,NA,NA,NA,2018,1996-01-22,NA,NA,NA,NA
"Antonio Callaway","CLE","WR","13640","weighted",NA,NA,NA,NA,NA,NA,2.66065617913832,3.19578690178108,0.00232851473922903,0.00424480429418571,0.383446712018141,0.286774273262658,0,0,0,0,24.6647392290249,7.31717113246288,339.056519274376,106.623328981233,2.44761904761905,0.710200391398171,NA,NA,NA,NA,NA,NA,NA,NA,NA,NA,NA,NA,NA,NA,NA,NA,NA,NA,NA,NA,NA,NA,NA,NA,NA,NA,NA,NA,NA,NA,NA,NA,2018,1997-01-09,"S","Suspension",2019,0
"Antonio Callaway","FA","WR","13640","weighted",NA,NA,NA,NA,NA,NA,2.66065617913832,3.19578690178108,0.00232851473922903,0.00424480429418571,0.383446712018141,0.286774273262658,0,0,0,0,24.6647392290249,7.31717113246288,339.056519274376,106.623328981233,2.44761904761905,0.710200391398171,NA,NA,NA,NA,NA,NA,NA,NA,NA,NA,NA,NA,NA,NA,NA,NA,NA,NA,NA,NA,NA,NA,NA,NA,NA,NA,NA,NA,NA,NA,NA,NA,2018,1997-01-09,"S","Suspension",2019,0
"Dontrelle Inman","LAC","WR","11957","weighted",NA,NA,NA,NA,NA,NA,0.123335740072202,0.182486300631329,0,0,0.0142093862815884,0.0125323709967995,0,0,0,0,14.8411913357401,14.335138796794,186.498072202166,175.749218089872,1.36105415162455,1.29928095975508,NA,NA,NA,NA,NA,NA,NA,NA,NA,NA,NA,NA,NA,NA,NA,NA,NA,NA,NA,NA,NA,NA,NA,NA,NA,NA,NA,NA,NA,NA,NA,NA,2013,1989-01-31,NA,NA,NA,NA
"Dontrelle Inman","FA","WR","11957","weighted",NA,NA,NA,NA,NA,NA,0.123335740072202,0.182486300631329,0,0,0.0142093862815884,0.0125323709967995,0,0,0,0,14.8411913357401,14.335138796794,186.498072202166,175.749218089872,1.36105415162455,1.29928095975508,NA,NA,NA,NA,NA,NA,NA,NA,NA,NA,NA,NA,NA,NA,NA,NA,NA,NA,NA,NA,NA,NA,NA,NA,NA,NA,NA,NA,NA,NA,NA,NA,2013,1989-01-31,NA,NA,NA,NA
"Ryan Grant","OAK","WR","11812","weighted",NA,NA,NA,NA,NA,NA,0.0890319273579379,0.158647710393684,0,0,0,0,0,0,0,0,14.6862331575864,15.711262768441,156.167463386057,165.852437089496,0.509906268306971,0.457459997304151,NA,NA,NA,NA,NA,NA,NA,NA,NA,NA,NA,NA,NA,NA,NA,NA,NA,NA,NA,NA,NA,NA,NA,NA,NA,NA,NA,NA,NA,NA,NA,NA,2014,1990-12-19,NA,NA,NA,NA
"Ryan Grant","FA","WR","11812","weighted",NA,NA,NA,NA,NA,NA,0.0890319273579379,0.158647710393684,0,0,0,0,0,0,0,0,14.6862331575864,15.711262768441,156.167463386057,165.852437089496,0.509906268306971,0.457459997304151,NA,NA,NA,NA,NA,NA,NA,NA,NA,NA,NA,NA,NA,NA,NA,NA,NA,NA,NA,NA,NA,NA,NA,NA,NA,NA,NA,NA,NA,NA,NA,NA,2014,1990-12-19,NA,NA,NA,NA
"Tim Patrick","DEN","WR","13377","weighted",NA,NA,NA,NA,NA,NA,9.7482070949185,8.02261861052429,0.0110306807286673,0.0235581108844746,0.170932406519655,0.215703369164393,0,0,0,0,20.896021093001,8.51508551274608,274.512085330777,107.875568101093,0.966299137104506,0.763561562944051,NA,NA,NA,NA,NA,NA,NA,NA,NA,NA,NA,NA,NA,NA,NA,NA,NA,NA,NA,NA,NA,NA,NA,NA,NA,NA,NA,NA,NA,NA,NA,NA,2017,1993-11-23,NA,NA,NA,NA
"Deon Cain","IND","WR","13636","weighted",NA,NA,NA,NA,NA,NA,0,0,0,0,0,0,0,0,0,0,11.1797744009351,7.27297557502255,188.097194623027,144.143680498192,0.488458703977055,0.581679676834538,NA,NA,NA,NA,NA,NA,NA,NA,NA,NA,NA,NA,NA,NA,NA,NA,NA,NA,NA,NA,NA,NA,NA,NA,NA,NA,NA,NA,NA,NA,NA,NA,2018,1996-08-09,NA,NA,NA,NA
"Deon Cain","PIT","WR","13636","weighted",NA,NA,NA,NA,NA,NA,0,0,0,0,0,0,0,0,0,0,11.1797744009351,7.27297557502255,188.097194623027,144.143680498192,0.488458703977055,0.581679676834538,NA,NA,NA,NA,NA,NA,NA,NA,NA,NA,NA,NA,NA,NA,NA,NA,NA,NA,NA,NA,NA,NA,NA,NA,NA,NA,NA,NA,NA,NA,NA,NA,2018,1996-08-09,NA,NA,NA,NA
"Chester Rogers","IND","WR","12934","weighted",NA,NA,NA,NA,NA,NA,3.74331941544885,5.20184125849962,0.00915796798886569,0.0194305558278851,0,0,0,0,0,0,20.3376130828114,14.3796527144213,217.656249130132,158.005871790399,1.24497564370216,0.519767368395927,NA,NA,NA,NA,NA,NA,NA,NA,NA,NA,NA,NA,NA,NA,NA,NA,NA,NA,NA,NA,NA,NA,NA,NA,NA,NA,NA,NA,NA,NA,NA,NA,2016,1994-01-12,"Q","Knee",2019,0
"Chester Rogers","FA","WR","12934","weighted",NA,NA,NA,NA,NA,NA,3.74331941544885,5.20184125849962,0.00915796798886569,0.0194305558278851,0,0,0,0,0,0,20.3376130828114,14.3796527144213,217.656249130132,158.005871790399,1.24497564370216,0.519767368395927,NA,NA,NA,NA,NA,NA,NA,NA,NA,NA,NA,NA,NA,NA,NA,NA,NA,NA,NA,NA,NA,NA,NA,NA,NA,NA,NA,NA,NA,NA,NA,NA,2016,1994-01-12,"Q","Knee",2019,0
"Bennie Fowler","NYG","WR","11931","weighted",NA,NA,NA,NA,NA,NA,0.259321299638989,0.383689144917154,0,0,0,0,0,0,0,0,11.875963898917,14.3186958351436,150.966700361011,182.098846679,0.75870036101083,1.04074967209054,NA,NA,NA,NA,NA,NA,NA,NA,NA,NA,NA,NA,NA,NA,NA,NA,NA,NA,NA,NA,NA,NA,NA,NA,NA,NA,NA,NA,NA,NA,NA,NA,2014,1991-06-10,NA,NA,NA,NA
"Bennie Fowler","FA","WR","11931","weighted",NA,NA,NA,NA,NA,NA,0.259321299638989,0.383689144917154,0,0,0,0,0,0,0,0,11.875963898917,14.3186958351436,150.966700361011,182.098846679,0.75870036101083,1.04074967209054,NA,NA,NA,NA,NA,NA,NA,NA,NA,NA,NA,NA,NA,NA,NA,NA,NA,NA,NA,NA,NA,NA,NA,NA,NA,NA,NA,NA,NA,NA,NA,NA,2014,1991-06-10,NA,NA,NA,NA
"Chris Moore","BAL","WR","12773","weighted",NA,NA,NA,NA,NA,NA,13.8996247868107,14.651224831602,0.056111426947129,0.130922611254238,0.011466742467311,0.0109314251542564,0,0,0.04318362706083,0.032357972826743,18.1637976122797,11.1559988516619,228.935275724844,136.842692226741,1.12814667424673,0.915255137854359,NA,NA,NA,NA,NA,NA,NA,NA,NA,NA,NA,NA,NA,NA,NA,NA,NA,NA,NA,NA,NA,NA,NA,NA,NA,NA,NA,NA,NA,NA,NA,NA,2016,1993-06-16,NA,NA,NA,NA
"Eli Rogers","FA","WR","12731","weighted",NA,NA,NA,NA,NA,NA,4.99097353497164,5.57771499465138,0,0,0,0,0,0,0,0,13.8347920604915,18.4314250184517,141.305189035917,188.202771121925,0.600160680529301,1.09662742913663,NA,NA,NA,NA,NA,NA,NA,NA,NA,NA,NA,NA,NA,NA,NA,NA,NA,NA,NA,NA,NA,NA,NA,NA,NA,NA,NA,NA,NA,NA,NA,NA,NA,NA,NA,NA,NA,NA
"Jarius Wright","CAR","WR","10734","weighted",NA,NA,NA,NA,NA,NA,15.6488935281837,13.6927884404869,0.0114474599860821,0.0242881947848564,0.00475295755045233,0.00410744829443095,0,0,0,0,26.3236882393876,8.07930039041595,295.684599860821,76.3480478908595,1.25413361169102,0.472659775502114,NA,NA,NA,NA,NA,NA,NA,NA,NA,NA,NA,NA,NA,NA,NA,NA,NA,NA,NA,NA,NA,NA,NA,NA,NA,NA,NA,NA,NA,NA,NA,NA,2012,1989-11-25,NA,NA,NA,NA
"Jarius Wright","FA","WR","10734","weighted",NA,NA,NA,NA,NA,NA,15.6488935281837,13.6927884404869,0.0114474599860821,0.0242881947848564,0.00475295755045233,0.00410744829443095,0,0,0,0,26.3236882393876,8.07930039041595,295.684599860821,76.3480478908595,1.25413361169102,0.472659775502114,NA,NA,NA,NA,NA,NA,NA,NA,NA,NA,NA,NA,NA,NA,NA,NA,NA,NA,NA,NA,NA,NA,NA,NA,NA,NA,NA,NA,NA,NA,NA,NA,2012,1989-11-25,NA,NA,NA,NA
"Chad Beebe","MIN","WR","13999","weighted",NA,NA,NA,NA,NA,NA,0.602262649232519,1.40523602746216,0,0,0,0,0,0,0.0527799886299034,0.0395486334549081,23.9104889141558,7.77345344188044,281.800352472996,74.8543458926271,1.21557134735645,0.859055223962699,NA,NA,NA,NA,NA,NA,NA,NA,NA,NA,NA,NA,NA,NA,NA,NA,NA,NA,NA,NA,NA,NA,NA,NA,NA,NA,NA,NA,NA,NA,NA,NA,2018,1970-01-01,NA,NA,NA,NA
"Kelvin Harmon","WAS","WR","14114","weighted",NA,NA,NA,NA,NA,NA,1.57490252707581,2.33020968498466,0.00948736462093863,0.0140374077408715,0.426281588447653,0.375971129903986,0,0,0,0,14.2085848375451,14.0238603478407,166.871537906137,152.592523653738,0.502873646209386,0.42483491834319,NA,NA,NA,NA,NA,NA,NA,NA,NA,NA,NA,NA,NA,NA,NA,NA,NA,NA,NA,NA,NA,NA,NA,NA,NA,NA,NA,NA,NA,NA,NA,NA,2019,1970-01-01,"O","Knee - ACL",2019,0
"Torrey Smith","CAR","WR","10289","weighted",NA,NA,NA,NA,NA,NA,0.14304347826087,0.261372340623238,0,0,0,0,0,0,0,0,14.3508034026465,12.9924707790396,189.662911153119,139.126393303819,0.901965973534972,0.503437959002996,NA,NA,NA,NA,NA,NA,NA,NA,NA,NA,NA,NA,NA,NA,NA,NA,NA,NA,NA,NA,NA,NA,NA,NA,NA,NA,NA,NA,NA,NA,NA,NA,2011,1989-01-26,NA,NA,NA,NA
"Gary Jennings","SEA","WR","14120","weighted",NA,NA,NA,NA,NA,NA,0.0935190449118817,0.218204352090397,0,0,0,0,0,0,0,0,12.1366117111995,9.50630480239271,153.841807845367,117.788156004302,0.904110289937464,0.738347586628116,NA,NA,NA,NA,NA,NA,NA,NA,NA,NA,NA,NA,NA,NA,NA,NA,NA,NA,NA,NA,NA,NA,NA,NA,NA,NA,NA,NA,NA,NA,NA,NA,2019,NA,NA,NA,NA,NA
"Gary Jennings","MIA","WR","14120","weighted",NA,NA,NA,NA,NA,NA,0.0935190449118817,0.218204352090397,0,0,0,0,0,0,0,0,12.1366117111995,9.50630480239271,153.841807845367,117.788156004302,0.904110289937464,0.738347586628116,NA,NA,NA,NA,NA,NA,NA,NA,NA,NA,NA,NA,NA,NA,NA,NA,NA,NA,NA,NA,NA,NA,NA,NA,NA,NA,NA,NA,NA,NA,NA,NA,2019,NA,NA,NA,NA,NA
"Allen Hurns","MIA","WR","11925","weighted",NA,NA,NA,NA,NA,NA,0,0,0,0,0.0929115128449096,0.0894243446588426,0,0,0,0,15.0964795432921,12.4852661512635,189.202150333016,154.721817707567,0.795490009514748,0.662613551314605,NA,NA,NA,NA,NA,NA,NA,NA,NA,NA,NA,NA,NA,NA,NA,NA,NA,NA,NA,NA,NA,NA,NA,NA,NA,NA,NA,NA,NA,NA,NA,NA,2014,1991-11-21,NA,NA,NA,NA
"Michael Crabtree","ARI","WR","9427","weighted",NA,NA,NA,NA,NA,NA,3.31580498866213,4.33308513813243,0.00620937263794407,0.00811439164444276,0.00320294784580499,0.00401183509474785,0,0,0,0,16.4233347505669,11.9926939812658,188.683219954649,129.088872591069,0.889810090702948,0.620116883860392,NA,NA,NA,NA,NA,NA,NA,NA,NA,NA,NA,NA,NA,NA,NA,NA,NA,NA,NA,NA,NA,NA,NA,NA,NA,NA,NA,NA,NA,NA,NA,NA,2009,1987-09-14,NA,NA,NA,NA
"Michael Crabtree","FA","WR","9427","weighted",NA,NA,NA,NA,NA,NA,3.31580498866213,4.33308513813243,0.00620937263794407,0.00811439164444276,0.00320294784580499,0.00401183509474785,0,0,0,0,16.4233347505669,11.9926939812658,188.683219954649,129.088872591069,0.889810090702948,0.620116883860392,NA,NA,NA,NA,NA,NA,NA,NA,NA,NA,NA,NA,NA,NA,NA,NA,NA,NA,NA,NA,NA,NA,NA,NA,NA,NA,NA,NA,NA,NA,NA,NA,2009,1987-09-14,NA,NA,NA,NA
"Cody Latimer","NYG","WR","11758","weighted",NA,NA,NA,NA,NA,NA,0.698609779482263,1.49201368935006,0.00183844678811122,0.0039263518140791,0.0217162032598274,0.0174125271677628,0,0,0.0724472674976031,0.0485251943066451,18.3142138063279,4.55687410083946,248.699851390221,56.0024954682753,1.04691754554171,0.314780929635788,NA,NA,NA,NA,NA,NA,NA,NA,NA,NA,NA,NA,NA,NA,NA,NA,NA,NA,NA,NA,NA,NA,NA,NA,NA,NA,NA,NA,NA,NA,NA,NA,2014,1992-10-10,NA,NA,NA,NA
"Cody Latimer","WAS","WR","11758","weighted",NA,NA,NA,NA,NA,NA,0.698609779482263,1.49201368935006,0.00183844678811122,0.0039263518140791,0.0217162032598274,0.0174125271677628,0,0,0.0724472674976031,0.0485251943066451,18.3142138063279,4.55687410083946,248.699851390221,56.0024954682753,1.04691754554171,0.314780929635788,NA,NA,NA,NA,NA,NA,NA,NA,NA,NA,NA,NA,NA,NA,NA,NA,NA,NA,NA,NA,NA,NA,NA,NA,NA,NA,NA,NA,NA,NA,NA,NA,2014,1992-10-10,NA,NA,NA,NA
"Auden Tate","CIN","WR","13642","weighted",NA,NA,NA,NA,NA,NA,0.169268115942029,0.349837999656803,0.00238405797101449,0.00492729576981412,0.0355072463768116,0.026231453950501,0,0,0,0,7.67910144927536,11.2579213903508,93.1481884057971,138.55243086281,0.440239130434783,0.735207635684227,NA,NA,NA,NA,NA,NA,NA,NA,NA,NA,NA,NA,NA,NA,NA,NA,NA,NA,NA,NA,NA,NA,NA,NA,NA,NA,NA,NA,NA,NA,NA,NA,2018,1997-02-03,NA,NA,NA,NA
"Olabisi Johnson","MIN","WR","14305","weighted",NA,NA,NA,NA,NA,NA,0,NA,0,NA,0,NA,0,NA,0,NA,0,NA,0,NA,0,NA,NA,NA,NA,NA,NA,NA,NA,NA,NA,NA,NA,NA,NA,NA,NA,NA,NA,NA,NA,NA,NA,NA,NA,NA,NA,NA,NA,NA,NA,NA,NA,NA,2019,1970-01-01,NA,NA,NA,NA
"Keith Kirkwood","NO","WR","13882","weighted",NA,NA,NA,NA,NA,NA,0.346020466173962,0.807356102734471,0.00187038089823764,0.00436408704180795,0,0,0,0,0,0,14.8776009096077,9.93129289707817,197.659869243889,130.140233737746,1.00670267197271,0.925322504287517,NA,NA,NA,NA,NA,NA,NA,NA,NA,NA,NA,NA,NA,NA,NA,NA,NA,NA,NA,NA,NA,NA,NA,NA,NA,NA,NA,NA,NA,NA,NA,NA,2018,1970-01-01,NA,NA,NA,NA
"Keith Kirkwood","CAR","WR","13882","weighted",NA,NA,NA,NA,NA,NA,0.346020466173962,0.807356102734471,0.00187038089823764,0.00436408704180795,0,0,0,0,0,0,14.8776009096077,9.93129289707817,197.659869243889,130.140233737746,1.00670267197271,0.925322504287517,NA,NA,NA,NA,NA,NA,NA,NA,NA,NA,NA,NA,NA,NA,NA,NA,NA,NA,NA,NA,NA,NA,NA,NA,NA,NA,NA,NA,NA,NA,NA,NA,2018,1970-01-01,NA,NA,NA,NA
"Kalif Raymond","TEN","WR","13066","weighted",NA,NA,NA,NA,NA,NA,0,0,0,0,0.0157474600870827,0.0192436604483196,0,0,0,0,6.42885885341074,9.03202287029137,82.7744956458636,115.33071766667,0.535134252539913,0.742512095267659,NA,NA,NA,NA,NA,NA,NA,NA,NA,NA,NA,NA,NA,NA,NA,NA,NA,NA,NA,NA,NA,NA,NA,NA,NA,NA,NA,NA,NA,NA,NA,NA,2016,1994-08-08,NA,NA,NA,NA
"Cordarrelle Patterson","CHI","WR","11225","weighted",NA,NA,NA,NA,NA,NA,99.3966003411029,26.510953419734,1.04417282546902,0.688949411053085,0.0462743983323858,0.0286528600649891,0,0,1,0,14.8199431495168,4.94420281217021,163.10827174531,61.50007438988,0.973894258101194,0.61096767908433,NA,NA,NA,NA,NA,NA,NA,NA,NA,NA,NA,NA,NA,NA,NA,NA,NA,NA,NA,NA,NA,NA,NA,NA,NA,NA,NA,NA,NA,NA,NA,NA,2013,1991-03-17,NA,NA,NA,NA
"Greg Ward","FA","WR","13864","weighted",NA,NA,NA,NA,NA,NA,2.15900962861073,3.39411254969543,0,0,0,0,0,0,0,0,7.73645116918844,12.1622366364086,106.151306740027,166.877200360025,0.359834938101788,0.565685424949238,NA,NA,NA,NA,NA,NA,NA,NA,NA,NA,NA,NA,NA,NA,NA,NA,NA,NA,NA,NA,NA,NA,NA,NA,NA,NA,NA,NA,NA,NA,NA,NA,2017,1970-01-01,NA,NA,NA,NA
"Greg Ward","PHI","WR","13864","weighted",NA,NA,NA,NA,NA,NA,2.15900962861073,3.39411254969543,0,0,0,0,0,0,0,0,7.73645116918844,12.1622366364086,106.151306740027,166.877200360025,0.359834938101788,0.565685424949238,NA,NA,NA,NA,NA,NA,NA,NA,NA,NA,NA,NA,NA,NA,NA,NA,NA,NA,NA,NA,NA,NA,NA,NA,NA,NA,NA,NA,NA,NA,NA,NA,2017,1970-01-01,NA,NA,NA,NA
"DeAndre Carter","HOU","WR","12394","weighted",NA,NA,NA,NA,NA,NA,1.68147242751563,3.92331425058535,0.00187038089823764,0.00436408704180795,0.00382224748910366,0.00364380838475214,0,0,0,0,11.1102615122229,7.90027148174131,127.933678226265,87.740420961214,0.319715747583854,0.527236136989003,NA,NA,NA,NA,NA,NA,NA,NA,NA,NA,NA,NA,NA,NA,NA,NA,NA,NA,NA,NA,NA,NA,NA,NA,NA,NA,NA,NA,NA,NA,NA,NA,2015,1993-04-10,NA,NA,NA,NA
"Justin Watson","TB","WR","13776","weighted",NA,NA,NA,NA,NA,NA,1.93365548607163,3.41228993657586,0.00736213757816941,0.0127238250902659,0,0,0,0,0,0,9.40977828311541,7.252330974819,120.985497441728,92.4335199066279,0.611785105173394,0.429554918710202,NA,NA,NA,NA,NA,NA,NA,NA,NA,NA,NA,NA,NA,NA,NA,NA,NA,NA,NA,NA,NA,NA,NA,NA,NA,NA,NA,NA,NA,NA,NA,NA,2018,NA,NA,NA,NA,NA
"J.J. Nelson","OAK","WR","12319","weighted",NA,NA,NA,NA,NA,NA,12.1175907029478,13.3878116792468,0.0698554421768707,0.127344128825571,0.00960884353741497,0.0120355052842436,0.719812925170068,0.538504495535676,0,0,8.8555612244898,6.4157743244368,122.651848072562,100.569514418323,0.741173469387755,0.852499539098453,NA,NA,NA,NA,NA,NA,NA,NA,NA,NA,NA,NA,NA,NA,NA,NA,NA,NA,NA,NA,NA,NA,NA,NA,NA,NA,NA,NA,NA,NA,NA,NA,2015,1992-04-24,NA,NA,NA,NA
"J.J. Nelson","FA","WR","12319","weighted",NA,NA,NA,NA,NA,NA,12.1175907029478,13.3878116792468,0.0698554421768707,0.127344128825571,0.00960884353741497,0.0120355052842436,0.719812925170068,0.538504495535676,0,0,8.8555612244898,6.4157743244368,122.651848072562,100.569514418323,0.741173469387755,0.852499539098453,NA,NA,NA,NA,NA,NA,NA,NA,NA,NA,NA,NA,NA,NA,NA,NA,NA,NA,NA,NA,NA,NA,NA,NA,NA,NA,NA,NA,NA,NA,NA,NA,2015,1992-04-24,NA,NA,NA,NA
"Jordan Taylor","FA","WR","12398","weighted",NA,NA,NA,NA,NA,NA,0,0,0,0,0,0,0,0,0,0,7.6721536351166,12.0208152801713,96.1275720164609,150.613744392735,0.451303155006859,0.707106781186547,NA,NA,NA,NA,NA,NA,NA,NA,NA,NA,NA,NA,NA,NA,NA,NA,NA,NA,NA,NA,NA,NA,NA,NA,NA,NA,NA,NA,NA,NA,NA,NA,2015,1992-02-18,NA,NA,NA,NA
"Bobo Wilson","TB","WR","13544","weighted",NA,NA,NA,NA,NA,NA,4.30410108303249,6.36830397844203,0.0189747292418773,0.028074815481743,0.00316726835138388,0.00467707499317224,0,0,0.0521805054151625,0.0460221243165492,4.68350902527076,7.42680588455712,63.5160649819495,97.2085389741239,0.367906137184116,0.64066624963152,NA,NA,NA,NA,NA,NA,NA,NA,NA,NA,NA,NA,NA,NA,NA,NA,NA,NA,NA,NA,NA,NA,NA,NA,NA,NA,NA,NA,NA,NA,NA,NA,2017,1995-01-25,NA,NA,NA,NA
"Bobo Wilson","FA","WR","13544","weighted",NA,NA,NA,NA,NA,NA,4.30410108303249,6.36830397844203,0.0189747292418773,0.028074815481743,0.00316726835138388,0.00467707499317224,0,0,0.0521805054151625,0.0460221243165492,4.68350902527076,7.42680588455712,63.5160649819495,97.2085389741239,0.367906137184116,0.64066624963152,NA,NA,NA,NA,NA,NA,NA,NA,NA,NA,NA,NA,NA,NA,NA,NA,NA,NA,NA,NA,NA,NA,NA,NA,NA,NA,NA,NA,NA,NA,NA,NA,2017,1995-01-25,NA,NA,NA,NA
"John Ursua","SEA","WR","14297","weighted",NA,NA,NA,NA,NA,NA,0.146153119092628,0.267054348028091,0,0,0,0,0,0,0,0,9.66552930056711,12.1319023271044,88.5601039697543,102.342513785548,0.0248771266540643,0.045456059238824,NA,NA,NA,NA,NA,NA,NA,NA,NA,NA,NA,NA,NA,NA,NA,NA,NA,NA,NA,NA,NA,NA,NA,NA,NA,NA,NA,NA,NA,NA,NA,NA,2019,NA,NA,NA,NA,NA
"Tavon Austin","DAL","WR","11213","weighted",NA,NA,NA,NA,NA,NA,62.2279818594104,4.04151005277227,0.37429732302408,0.377257918269716,0.00640589569160998,0.00802367018949571,0,0,0,0,11.7331009070295,2.32485313344877,133.972040816327,40.3645773131903,0.689438775510204,0.420325225807317,NA,NA,NA,NA,NA,NA,NA,NA,NA,NA,NA,NA,NA,NA,NA,NA,NA,NA,NA,NA,NA,NA,NA,NA,NA,NA,NA,NA,NA,NA,NA,NA,2013,1991-03-15,NA,NA,NA,NA
"Tavon Austin","FA","WR","11213","weighted",NA,NA,NA,NA,NA,NA,62.2279818594104,4.04151005277227,0.37429732302408,0.377257918269716,0.00640589569160998,0.00802367018949571,0,0,0,0,11.7331009070295,2.32485313344877,133.972040816327,40.3645773131903,0.689438775510204,0.420325225807317,NA,NA,NA,NA,NA,NA,NA,NA,NA,NA,NA,NA,NA,NA,NA,NA,NA,NA,NA,NA,NA,NA,NA,NA,NA,NA,NA,NA,NA,NA,NA,NA,2013,1991-03-15,NA,NA,NA,NA
"Justin Hardy","ATL","WR","12185","weighted",NA,NA,NA,NA,NA,NA,0.352581767571329,0.748076399373577,0,0,0,0,0,0,0.042776617954071,0.0369670346498786,13.79959638135,2.55807923002913,158.911043841336,38.7725011245621,1.200751565762,0.521010981675707,NA,NA,NA,NA,NA,NA,NA,NA,NA,NA,NA,NA,NA,NA,NA,NA,NA,NA,NA,NA,NA,NA,NA,NA,NA,NA,NA,NA,NA,NA,NA,NA,2015,1991-12-18,NA,NA,NA,NA
"Justin Hardy","FA","WR","12185","weighted",NA,NA,NA,NA,NA,NA,0.352581767571329,0.748076399373577,0,0,0,0,0,0,0.042776617954071,0.0369670346498786,13.79959638135,2.55807923002913,158.911043841336,38.7725011245621,1.200751565762,0.521010981675707,NA,NA,NA,NA,NA,NA,NA,NA,NA,NA,NA,NA,NA,NA,NA,NA,NA,NA,NA,NA,NA,NA,NA,NA,NA,NA,NA,NA,NA,NA,NA,NA,2015,1991-12-18,NA,NA,NA,NA
"Alex Erickson","CIN","WR","12913","weighted",NA,NA,NA,NA,NA,NA,6.05486071631609,8.80126738682895,0.0317964752700398,0.0741894797107352,0.0271631608868675,0.0185211773818963,0,0,1,0,11.7084707220011,6.23385490095907,131.487350767482,54.5250980046588,0.378226264923252,0.424894309583801,NA,NA,NA,NA,NA,NA,NA,NA,NA,NA,NA,NA,NA,NA,NA,NA,NA,NA,NA,NA,NA,NA,NA,NA,NA,NA,NA,NA,NA,NA,NA,NA,2016,1992-11-06,NA,NA,NA,NA
"T.J. Jones","FA","WR","11686","weighted",NA,NA,NA,NA,NA,NA,0.447788279773157,0.487488093470461,0,0,0,0,0,0,0,0,6.97336956521739,7.5916114556077,85.0751086956522,92.617659758414,0.48976843100189,0.533190102233317,NA,NA,NA,NA,NA,NA,NA,NA,NA,NA,NA,NA,NA,NA,NA,NA,NA,NA,NA,NA,NA,NA,NA,NA,NA,NA,NA,NA,NA,NA,NA,NA,2014,1992-07-19,NA,NA,NA,NA
"Trent Sherfield","ARI","WR","13893","weighted",NA,NA,NA,NA,NA,NA,0,0,0,0,0,0,0,0,0,0,6.49236211901306,7.68443023956544,70.8422986211901,77.7120788319052,0.456694484760522,0.572307849257433,NA,NA,NA,NA,NA,NA,NA,NA,NA,NA,NA,NA,NA,NA,NA,NA,NA,NA,NA,NA,NA,NA,NA,NA,NA,NA,NA,NA,NA,NA,NA,NA,2018,1996-02-26,NA,NA,NA,NA
"Isaiah McKenzie","BUF","WR","13313","weighted",NA,NA,NA,NA,NA,NA,23.4913488901537,24.5461408054804,0.22819578827547,0.424975051549,0.439214570290268,0.397402997667102,0,0,0,0,8.69327262379055,7.46992052440371,89.7829823562891,74.2235492187003,0.375150825270347,0.517356378165152,NA,NA,NA,NA,NA,NA,NA,NA,NA,NA,NA,NA,NA,NA,NA,NA,NA,NA,NA,NA,NA,NA,NA,NA,NA,NA,NA,NA,NA,NA,NA,NA,2017,1995-04-09,NA,NA,NA,NA
"Laquon Treadwell","FA","WR","12645","weighted",NA,NA,NA,NA,NA,NA,0,0,0,0,0.0157474600870827,0.0192436604483196,0,0,0,0,6.46465892597968,6.55652078227088,72.6855007256894,77.8736055368471,0.456139332365747,0.547649774222042,NA,NA,NA,NA,NA,NA,NA,NA,NA,NA,NA,NA,NA,NA,NA,NA,NA,NA,NA,NA,NA,NA,NA,NA,NA,NA,NA,NA,NA,NA,NA,NA,2016,1995-06-14,NA,NA,NA,NA
"Laquon Treadwell","ATL","WR","12645","weighted",NA,NA,NA,NA,NA,NA,0,0,0,0,0.0157474600870827,0.0192436604483196,0,0,0,0,6.46465892597968,6.55652078227088,72.6855007256894,77.8736055368471,0.456139332365747,0.547649774222042,NA,NA,NA,NA,NA,NA,NA,NA,NA,NA,NA,NA,NA,NA,NA,NA,NA,NA,NA,NA,NA,NA,NA,NA,NA,NA,NA,NA,NA,NA,NA,NA,2016,1995-06-14,NA,NA,NA,NA
"Russell Shepard","NYG","WR","11237","weighted",NA,NA,NA,NA,NA,NA,0.0610531199257713,0.0928384575986184,0,0,0,0,0,0,0,0,5.28041753653445,5.18180764685392,73.9203618649965,71.4668598478713,0.456061238691719,0.428334407087746,NA,NA,NA,NA,NA,NA,NA,NA,NA,NA,NA,NA,NA,NA,NA,NA,NA,NA,NA,NA,NA,NA,NA,NA,NA,NA,NA,NA,NA,NA,NA,NA,2013,1990-11-17,"Q","Foot",2019,0
"Russell Shepard","FA","WR","11237","weighted",NA,NA,NA,NA,NA,NA,0.0610531199257713,0.0928384575986184,0,0,0,0,0,0,0,0,5.28041753653445,5.18180764685392,73.9203618649965,71.4668598478713,0.456061238691719,0.428334407087746,NA,NA,NA,NA,NA,NA,NA,NA,NA,NA,NA,NA,NA,NA,NA,NA,NA,NA,NA,NA,NA,NA,NA,NA,NA,NA,NA,NA,NA,NA,NA,NA,2013,1990-11-17,"Q","Foot",2019,0
"Riley Ridley","CHI","WR","14103","weighted",NA,NA,NA,NA,NA,NA,0,0,0,0,0,0,0,0,0,0,6.1686013986014,5.36959245544041,78.859034965035,67.999205427407,0.324643356643357,0.468848377543525,NA,NA,NA,NA,NA,NA,NA,NA,NA,NA,NA,NA,NA,NA,NA,NA,NA,NA,NA,NA,NA,NA,NA,NA,NA,NA,NA,NA,NA,NA,NA,NA,2019,1970-01-01,NA,NA,NA,NA
"Darvin Kidsy","WAS","WR","14046","weighted",NA,NA,NA,NA,NA,NA,0,0,0,0,0.289831585637115,0.358960551397296,0,0,0,0,5.80882745471878,8.31204237301347,63.0329837940896,85.71969995885,0.111458531935176,0.109170452722679,NA,NA,NA,NA,NA,NA,NA,NA,NA,NA,NA,NA,NA,NA,NA,NA,NA,NA,NA,NA,NA,NA,NA,NA,NA,NA,NA,NA,NA,NA,NA,NA,2018,1970-01-01,NA,NA,NA,NA
"Vyncint Smith","FA","WR","13884","weighted",NA,NA,NA,NA,NA,NA,0.421764499121265,0.608679332173894,0,0,0.0382835383714118,0.0237007756440582,0,0,0,0,4.30434094903339,5.06982363538296,56.0947393087288,67.3190050970909,0.296473345049795,0.444942447305194,NA,NA,NA,NA,NA,NA,NA,NA,NA,NA,NA,NA,NA,NA,NA,NA,NA,NA,NA,NA,NA,NA,NA,NA,NA,NA,NA,NA,NA,NA,NA,NA,2018,1970-01-01,NA,NA,NA,NA
"Vyncint Smith","NYJ","WR","13884","weighted",NA,NA,NA,NA,NA,NA,0.421764499121265,0.608679332173894,0,0,0.0382835383714118,0.0237007756440582,0,0,0,0,4.30434094903339,5.06982363538296,56.0947393087288,67.3190050970909,0.296473345049795,0.444942447305194,NA,NA,NA,NA,NA,NA,NA,NA,NA,NA,NA,NA,NA,NA,NA,NA,NA,NA,NA,NA,NA,NA,NA,NA,NA,NA,NA,NA,NA,NA,NA,NA,2018,1970-01-01,NA,NA,NA,NA
"Geremy Davis","LAC","WR","12338","weighted",NA,NA,NA,NA,NA,NA,0,0,0,0,0,0,0,0,0,0,5.78355244755245,6.11044369747252,70.7347272727273,75.8798048550465,0.370867132867133,0.486808284938699,NA,NA,NA,NA,NA,NA,NA,NA,NA,NA,NA,NA,NA,NA,NA,NA,NA,NA,NA,NA,NA,NA,NA,NA,NA,NA,NA,NA,NA,NA,NA,NA,2015,1992-01-10,NA,NA,NA,NA
"Geremy Davis","DET","WR","12338","weighted",NA,NA,NA,NA,NA,NA,0,0,0,0,0,0,0,0,0,0,5.78355244755245,6.11044369747252,70.7347272727273,75.8798048550465,0.370867132867133,0.486808284938699,NA,NA,NA,NA,NA,NA,NA,NA,NA,NA,NA,NA,NA,NA,NA,NA,NA,NA,NA,NA,NA,NA,NA,NA,NA,NA,NA,NA,NA,NA,NA,NA,2015,1992-01-10,NA,NA,NA,NA
"Scott Miller","TB","WR","14280","weighted",NA,NA,NA,NA,NA,NA,0,NA,0,NA,0,NA,0,NA,0,NA,0.9,NA,6.5,NA,0,NA,NA,NA,NA,NA,NA,NA,NA,NA,NA,NA,NA,NA,NA,NA,NA,NA,NA,NA,NA,NA,NA,NA,NA,NA,NA,NA,NA,NA,NA,NA,NA,NA,2019,1970-01-01,NA,NA,NA,NA
"Josh Bellamy","NYJ","WR","11104","weighted",NA,NA,NA,NA,NA,NA,0.231646051379638,0.421349307631496,0,0,0,0,0,0,0,0,3.51245480494767,4.36037268633023,54.7954804947669,74.0846823722852,0.293187440532826,0.411532522508957,NA,NA,NA,NA,NA,NA,NA,NA,NA,NA,NA,NA,NA,NA,NA,NA,NA,NA,NA,NA,NA,NA,NA,NA,NA,NA,NA,NA,NA,NA,NA,NA,2012,1989-05-18,NA,"Shoulder",2019,0
"Brandon Powell","FA","WR","13910","weighted",NA,NA,NA,NA,NA,NA,3.4866847826087,5.48724528563728,0.00298007246376812,0.00468995323558742,0.00395652173913043,0.00423735714387798,0,0,0.00474275362318841,0.00419171563817845,3.47816304347826,2.92561970742684,59.93925,58.5739687873467,0.254713768115942,0.20947102317197,NA,NA,NA,NA,NA,NA,NA,NA,NA,NA,NA,NA,NA,NA,NA,NA,NA,NA,NA,NA,NA,NA,NA,NA,NA,NA,NA,NA,NA,NA,NA,NA,2018,1970-01-01,NA,NA,NA,NA
"Brandon Powell","ATL","WR","13910","weighted",NA,NA,NA,NA,NA,NA,3.4866847826087,5.48724528563728,0.00298007246376812,0.00468995323558742,0.00395652173913043,0.00423735714387798,0,0,0.00474275362318841,0.00419171563817845,3.47816304347826,2.92561970742684,59.93925,58.5739687873467,0.254713768115942,0.20947102317197,NA,NA,NA,NA,NA,NA,NA,NA,NA,NA,NA,NA,NA,NA,NA,NA,NA,NA,NA,NA,NA,NA,NA,NA,NA,NA,NA,NA,NA,NA,NA,NA,2018,1970-01-01,NA,NA,NA,NA
"Javon Wims","CHI","WR","13644","weighted",NA,NA,NA,NA,NA,NA,0.539393115942029,0.848881535641324,0,0,0.0355072463768116,0.026231453950501,0,0,0,0,4.78655434782609,5.15094901654331,57.7061231884058,55.7691767141758,0.338498188405797,0.365683393130468,NA,NA,NA,NA,NA,NA,NA,NA,NA,NA,NA,NA,NA,NA,NA,NA,NA,NA,NA,NA,NA,NA,NA,NA,NA,NA,NA,NA,NA,NA,NA,NA,2018,1994-09-11,NA,NA,NA,NA
"Andre Roberts","BUF","WR","9921","weighted",NA,NA,NA,NA,NA,NA,2.79106736965436,5.18329452985057,0.0161734036321031,0.0300356471100612,0.0889528412419449,0.120725315157264,0,0,0.760398359695372,0.18245839999252,5.78545987111892,2.60760516392201,64.1329818394845,18.6051425292995,0.133444639718805,0.153034829289124,NA,NA,NA,NA,NA,NA,NA,NA,NA,NA,NA,NA,NA,NA,NA,NA,NA,NA,NA,NA,NA,NA,NA,NA,NA,NA,NA,NA,NA,NA,NA,NA,2010,1988-01-09,NA,NA,NA,NA
"DeAnthony Thomas","KC","WR","11659","weighted",NA,NA,NA,NA,NA,NA,4.3069244288225,3.82797161860052,0.0317691857059168,0.0449506397755206,0.00288078500292912,0.00409008807901865,0,0,0,0,5.13702636203866,5.03531590368521,56.8138793204452,56.7310505074425,0.261884007029877,0.247507471517425,NA,NA,NA,NA,NA,NA,NA,NA,NA,NA,NA,NA,NA,NA,NA,NA,NA,NA,NA,NA,NA,NA,NA,NA,NA,NA,NA,NA,NA,NA,NA,NA,2014,1993-01-05,NA,NA,NA,NA
"DeAnthony Thomas","BAL","WR","11659","weighted",NA,NA,NA,NA,NA,NA,4.3069244288225,3.82797161860052,0.0317691857059168,0.0449506397755206,0.00288078500292912,0.00409008807901865,0,0,0,0,5.13702636203866,5.03531590368521,56.8138793204452,56.7310505074425,0.261884007029877,0.247507471517425,NA,NA,NA,NA,NA,NA,NA,NA,NA,NA,NA,NA,NA,NA,NA,NA,NA,NA,NA,NA,NA,NA,NA,NA,NA,NA,NA,NA,NA,NA,NA,NA,2014,1993-01-05,NA,NA,NA,NA
"Damiere Byrd","ARI","WR","12464","weighted",NA,NA,NA,NA,NA,NA,0.593034420289855,0.933300693881897,0,0,0,0,0,0,0,0,3.95716847826087,4.36188047923612,53.3009673913043,53.8804187321589,0.300061594202899,0.334573541489391,NA,NA,NA,NA,NA,NA,NA,NA,NA,NA,NA,NA,NA,NA,NA,NA,NA,NA,NA,NA,NA,NA,NA,NA,NA,NA,NA,NA,NA,NA,NA,NA,NA,NA,NA,NA,NA,NA
"Damiere Byrd","NE","WR","12464","weighted",NA,NA,NA,NA,NA,NA,0.593034420289855,0.933300693881897,0,0,0,0,0,0,0,0,3.95716847826087,4.36188047923612,53.3009673913043,53.8804187321589,0.300061594202899,0.334573541489391,NA,NA,NA,NA,NA,NA,NA,NA,NA,NA,NA,NA,NA,NA,NA,NA,NA,NA,NA,NA,NA,NA,NA,NA,NA,NA,NA,NA,NA,NA,NA,NA,NA,NA,NA,NA,NA,NA
"Chris Lacy","DET","WR","14045","weighted",NA,NA,NA,NA,NA,NA,1.36796384395813,2.48823847885086,0,0,0,0,0,0,0,0,4.36191246431969,4.85087033297639,56.2572882968601,64.2064482098364,0.317164605137964,0.356218735281801,NA,NA,NA,NA,NA,NA,NA,NA,NA,NA,NA,NA,NA,NA,NA,NA,NA,NA,NA,NA,NA,NA,NA,NA,NA,NA,NA,NA,NA,NA,NA,NA,2018,1970-01-01,NA,NA,NA,NA
"Braxton Miller","FA","WR","12651","weighted",NA,NA,NA,NA,NA,NA,2.78934782608696,3.03664458224308,0,0,0.00466446124763705,0.00507800097365064,0,0,0,0,4.84171077504726,5.27096501064936,58.8188563327032,64.0335922777345,0.275203213610586,0.299602057445388,NA,NA,NA,NA,NA,NA,NA,NA,NA,NA,NA,NA,NA,NA,NA,NA,NA,NA,NA,NA,NA,NA,NA,NA,NA,NA,NA,NA,NA,NA,NA,NA,2016,1992-11-30,"Q","Ankle",2019,0
"Artavis Scott","FA","WR","13161","weighted",NA,NA,NA,NA,NA,NA,1.98187775677379,2.44476522396226,0.00829237555135476,0.0102291431964948,0,0,0,0,0,0,3.80205419029616,4.69006215559287,51.2095652173913,63.1700738099538,0.273648393194707,0.337561725484329,NA,NA,NA,NA,NA,NA,NA,NA,NA,NA,NA,NA,NA,NA,NA,NA,NA,NA,NA,NA,NA,NA,NA,NA,NA,NA,NA,NA,NA,NA,NA,NA,2017,NA,NA,NA,NA,NA
"Artavis Scott","IND","WR","13161","weighted",NA,NA,NA,NA,NA,NA,1.98187775677379,2.44476522396226,0.00829237555135476,0.0102291431964948,0,0,0,0,0,0,3.80205419029616,4.69006215559287,51.2095652173913,63.1700738099538,0.273648393194707,0.337561725484329,NA,NA,NA,NA,NA,NA,NA,NA,NA,NA,NA,NA,NA,NA,NA,NA,NA,NA,NA,NA,NA,NA,NA,NA,NA,NA,NA,NA,NA,NA,NA,NA,2017,NA,NA,NA,NA,NA
"Mack Hollins","PHI","WR","13289","weighted",NA,NA,NA,NA,NA,NA,0.117834797891037,0.218831143230446,0,0,0.191466510447178,0.184490993790112,0,0,0,0,3.78055067369654,3.66115364965478,47.7460105448155,48.0535320556016,0.173134153485647,0.255347814242269,NA,NA,NA,NA,NA,NA,NA,NA,NA,NA,NA,NA,NA,NA,NA,NA,NA,NA,NA,NA,NA,NA,NA,NA,NA,NA,NA,NA,NA,NA,NA,NA,2017,1993-09-16,NA,NA,NA,NA
"Mack Hollins","MIA","WR","13289","weighted",NA,NA,NA,NA,NA,NA,0.117834797891037,0.218831143230446,0,0,0.191466510447178,0.184490993790112,0,0,0,0,3.78055067369654,3.66115364965478,47.7460105448155,48.0535320556016,0.173134153485647,0.255347814242269,NA,NA,NA,NA,NA,NA,NA,NA,NA,NA,NA,NA,NA,NA,NA,NA,NA,NA,NA,NA,NA,NA,NA,NA,NA,NA,NA,NA,NA,NA,NA,NA,2017,1993-09-16,NA,NA,NA,NA
"Corey Coleman","NYG","WR","12646","weighted",NA,NA,NA,NA,NA,NA,0,0,0,0,0,0,0,0,0,0,4.33946717411989,4.28801343398942,58.7605708848715,58.7100803873681,0.453967649857279,0.508896981601968,NA,NA,NA,NA,NA,NA,NA,NA,NA,NA,NA,NA,NA,NA,NA,NA,NA,NA,NA,NA,NA,NA,NA,NA,NA,NA,NA,NA,NA,NA,NA,NA,2016,1994-07-06,NA,NA,NA,NA
"Marvin Hall","CHI","WR","13505","weighted",NA,NA,NA,NA,NA,NA,3.72078972407231,3.76717959775698,0,0,0,0,0,0,0,0,3.86298763082778,3.90928234330007,55.8453694893752,56.5164255672096,0.245210910244212,0.246416296620225,NA,NA,NA,NA,NA,NA,NA,NA,NA,NA,NA,NA,NA,NA,NA,NA,NA,NA,NA,NA,NA,NA,NA,NA,NA,NA,NA,NA,NA,NA,NA,NA,2016,1993-04-10,NA,NA,NA,NA
"Marvin Hall","DET","WR","13505","weighted",NA,NA,NA,NA,NA,NA,3.72078972407231,3.76717959775698,0,0,0,0,0,0,0,0,3.86298763082778,3.90928234330007,55.8453694893752,56.5164255672096,0.245210910244212,0.246416296620225,NA,NA,NA,NA,NA,NA,NA,NA,NA,NA,NA,NA,NA,NA,NA,NA,NA,NA,NA,NA,NA,NA,NA,NA,NA,NA,NA,NA,NA,NA,NA,NA,2016,1993-04-10,NA,NA,NA,NA
"Terry Godwin","FA","WR","14298","weighted",NA,NA,NA,NA,NA,NA,2.85257718966604,3.51882525959422,0.0207309388783869,0.025572857991237,0.00414618777567738,0.00511457159824741,0,0,0.0513090737240076,0.055858010710157,3.18427221172023,3.92799098745401,44.8824826717076,55.3652375510282,0.228040327662256,0.281301437903608,NA,NA,NA,NA,NA,NA,NA,NA,NA,NA,NA,NA,NA,NA,NA,NA,NA,NA,NA,NA,NA,NA,NA,NA,NA,NA,NA,NA,NA,NA,NA,NA,2019,1970-01-01,NA,NA,NA,NA
"Terry Godwin","JAC","WR","14298","weighted",NA,NA,NA,NA,NA,NA,2.85257718966604,3.51882525959422,0.0207309388783869,0.025572857991237,0.00414618777567738,0.00511457159824741,0,0,0.0513090737240076,0.055858010710157,3.18427221172023,3.92799098745401,44.8824826717076,55.3652375510282,0.228040327662256,0.281301437903608,NA,NA,NA,NA,NA,NA,NA,NA,NA,NA,NA,NA,NA,NA,NA,NA,NA,NA,NA,NA,NA,NA,NA,NA,NA,NA,NA,NA,NA,NA,NA,NA,2019,1970-01-01,NA,NA,NA,NA
"Byron Pringle","KC","WR","13863","weighted",NA,NA,NA,NA,NA,NA,0,0,0,0,0,0,0,0,0,0,4.06172839506173,6.36396103067893,48.7407407407407,76.3675323681471,0.451303155006859,0.707106781186547,NA,NA,NA,NA,NA,NA,NA,NA,NA,NA,NA,NA,NA,NA,NA,NA,NA,NA,NA,NA,NA,NA,NA,NA,NA,NA,NA,NA,NA,NA,NA,NA,2018,1970-01-01,NA,NA,NA,NA
"Jason Moore","LAC","WR","14545","weighted",NA,NA,NA,NA,NA,NA,0,0,0,0,0.0449793672627235,0.0707106781186548,0,0,0,0,3.41843191196699,5.37401153701776,47.2283356258597,74.2462120245875,0.089958734525447,0.14142135623731,NA,NA,NA,NA,NA,NA,NA,NA,NA,NA,NA,NA,NA,NA,NA,NA,NA,NA,NA,NA,NA,NA,NA,NA,NA,NA,NA,NA,NA,NA,NA,NA,2019,NA,NA,NA,NA,NA
"Devin Smith","DAL","WR","12182","weighted",NA,NA,NA,NA,NA,NA,0.205055653192736,0.290135947641997,0,0,0,0,0,0,0,0,3.17447217340363,3.00644660229976,41.0956602226128,39.4465943567378,0.17473345049795,0.261514336030148,NA,NA,NA,NA,NA,NA,NA,NA,NA,NA,NA,NA,NA,NA,NA,NA,NA,NA,NA,NA,NA,NA,NA,NA,NA,NA,NA,NA,NA,NA,NA,NA,NA,NA,NA,NA,NA,NA
"Jermaine Kearse","DET","WR","11076","weighted",NA,NA,NA,NA,NA,NA,0,0,0,0,0,0,0,0,0,0,4.06172839506173,6.36396103067893,45.1303155006859,70.7106781186547,0.451303155006859,0.707106781186547,NA,NA,NA,NA,NA,NA,NA,NA,NA,NA,NA,NA,NA,NA,NA,NA,NA,NA,NA,NA,NA,NA,NA,NA,NA,NA,NA,NA,NA,NA,NA,NA,2012,1990-02-06,"Q","Leg",2019,0
"Jermaine Kearse","FA","WR","11076","weighted",NA,NA,NA,NA,NA,NA,0,0,0,0,0,0,0,0,0,0,4.06172839506173,6.36396103067893,45.1303155006859,70.7106781186547,0.451303155006859,0.707106781186547,NA,NA,NA,NA,NA,NA,NA,NA,NA,NA,NA,NA,NA,NA,NA,NA,NA,NA,NA,NA,NA,NA,NA,NA,NA,NA,NA,NA,NA,NA,NA,NA,2012,1990-02-06,"Q","Leg",2019,0
"Darrius Shepherd","GB","WR","14330","weighted",NA,NA,NA,NA,NA,NA,0,NA,0,NA,0,NA,0,NA,0,NA,0,NA,0,NA,0,NA,NA,NA,NA,NA,NA,NA,NA,NA,NA,NA,NA,NA,NA,NA,NA,NA,NA,NA,NA,NA,NA,NA,NA,NA,NA,NA,NA,NA,NA,NA,NA,NA,2019,1970-01-01,NA,NA,NA,NA
"Rishard Matthews","FA","WR","10903","weighted",NA,NA,NA,NA,NA,NA,0,0,0,0,0,0,0,0,0,0,3.15912208504801,4.94974746830583,42.8737997256516,67.175144212722,0.451303155006859,0.707106781186547,NA,NA,NA,NA,NA,NA,NA,NA,NA,NA,NA,NA,NA,NA,NA,NA,NA,NA,NA,NA,NA,NA,NA,NA,NA,NA,NA,NA,NA,NA,NA,NA,2012,1989-10-12,NA,NA,NA,NA
"Cameron Meredith","NE","WR","12465","weighted",NA,NA,NA,NA,NA,NA,0,0,0,0,0,0,0,0,0,0,3.61042524005487,5.65685424949238,42.8737997256516,67.175144212722,0.451303155006859,0.707106781186547,NA,NA,NA,NA,NA,NA,NA,NA,NA,NA,NA,NA,NA,NA,NA,NA,NA,NA,NA,NA,NA,NA,NA,NA,NA,NA,NA,NA,NA,NA,NA,NA,NA,NA,"Q","Knee",2019,0
"Cameron Meredith","FA","WR","12465","weighted",NA,NA,NA,NA,NA,NA,0,0,0,0,0,0,0,0,0,0,3.61042524005487,5.65685424949238,42.8737997256516,67.175144212722,0.451303155006859,0.707106781186547,NA,NA,NA,NA,NA,NA,NA,NA,NA,NA,NA,NA,NA,NA,NA,NA,NA,NA,NA,NA,NA,NA,NA,NA,NA,NA,NA,NA,NA,NA,NA,NA,NA,NA,"Q","Knee",2019,0
"Deontay Burnett","NYJ","WR","13648","weighted",NA,NA,NA,NA,NA,NA,0,0,0,0,0,0,0,0,0,0,3.41403483309144,3.81483587286714,36.2285395500726,39.1714195316112,0.0676759796806967,0.0905021713495622,NA,NA,NA,NA,NA,NA,NA,NA,NA,NA,NA,NA,NA,NA,NA,NA,NA,NA,NA,NA,NA,NA,NA,NA,NA,NA,NA,NA,NA,NA,NA,NA,2018,1997-10-04,NA,NA,NA,NA
"Deontay Burnett","PHI","WR","13648","weighted",NA,NA,NA,NA,NA,NA,0,0,0,0,0,0,0,0,0,0,3.41403483309144,3.81483587286714,36.2285395500726,39.1714195316112,0.0676759796806967,0.0905021713495622,NA,NA,NA,NA,NA,NA,NA,NA,NA,NA,NA,NA,NA,NA,NA,NA,NA,NA,NA,NA,NA,NA,NA,NA,NA,NA,NA,NA,NA,NA,NA,NA,2018,1997-10-04,NA,NA,NA,NA
"Josh Malone","CIN","WR","13235","weighted",NA,NA,NA,NA,NA,NA,0,0,0,0,0,0,0,0,0,0,3.67450047573739,3.87937366975047,44.3263399936568,46.6920686612919,0.24709800190295,0.256705092451219,NA,NA,NA,NA,NA,NA,NA,NA,NA,NA,NA,NA,NA,NA,NA,NA,NA,NA,NA,NA,NA,NA,NA,NA,NA,NA,NA,NA,NA,NA,NA,NA,2017,1996-03-21,NA,NA,NA,NA
"Josh Malone","NYJ","WR","13235","weighted",NA,NA,NA,NA,NA,NA,0,0,0,0,0,0,0,0,0,0,3.67450047573739,3.87937366975047,44.3263399936568,46.6920686612919,0.24709800190295,0.256705092451219,NA,NA,NA,NA,NA,NA,NA,NA,NA,NA,NA,NA,NA,NA,NA,NA,NA,NA,NA,NA,NA,NA,NA,NA,NA,NA,NA,NA,NA,NA,NA,NA,2017,1996-03-21,NA,NA,NA,NA
"Darius Jennings","TEN","WR","12586","weighted",NA,NA,NA,NA,NA,NA,0,0,0,0,0,0,0,0,0,0,4.21197387518142,4.22340633541953,40.4764296081277,38.4044717712026,0.0373875181422351,0.0782944752752692,NA,NA,NA,NA,NA,NA,NA,NA,NA,NA,NA,NA,NA,NA,NA,NA,NA,NA,NA,NA,NA,NA,NA,NA,NA,NA,NA,NA,NA,NA,NA,NA,NA,NA,NA,NA,NA,NA
"Darius Jennings","LAC","WR","12586","weighted",NA,NA,NA,NA,NA,NA,0,0,0,0,0,0,0,0,0,0,4.21197387518142,4.22340633541953,40.4764296081277,38.4044717712026,0.0373875181422351,0.0782944752752692,NA,NA,NA,NA,NA,NA,NA,NA,NA,NA,NA,NA,NA,NA,NA,NA,NA,NA,NA,NA,NA,NA,NA,NA,NA,NA,NA,NA,NA,NA,NA,NA,NA,NA,NA,NA,NA,NA
"Pharoh Cooper","FA","WR","12660","weighted",NA,NA,NA,NA,NA,NA,0.094976213130352,0.175467791918312,0,0,0,0,0,0,0,0,1.16728829686013,2.15655576518957,12.2703139866793,22.6693066655754,0.0765937202664129,0.14150628380509,NA,NA,NA,NA,NA,NA,NA,NA,NA,NA,NA,NA,NA,NA,NA,NA,NA,NA,NA,NA,NA,NA,NA,NA,NA,NA,NA,NA,NA,NA,NA,NA,2016,1995-03-07,NA,NA,NA,NA
"Pharoh Cooper","CAR","WR","12660","weighted",NA,NA,NA,NA,NA,NA,0.094976213130352,0.175467791918312,0,0,0,0,0,0,0,0,1.16728829686013,2.15655576518957,12.2703139866793,22.6693066655754,0.0765937202664129,0.14150628380509,NA,NA,NA,NA,NA,NA,NA,NA,NA,NA,NA,NA,NA,NA,NA,NA,NA,NA,NA,NA,NA,NA,NA,NA,NA,NA,NA,NA,NA,NA,NA,NA,2016,1995-03-07,NA,NA,NA,NA
"Marcus Johnson","IND","WR","13387","weighted",NA,NA,NA,NA,NA,NA,0,0,0,0,0,0,0,0,0,0,2.34865207738662,2.26494049971163,32.3766095781795,31.4415187624917,0.204471931493815,0.197034749992359,NA,NA,NA,NA,NA,NA,NA,NA,NA,NA,NA,NA,NA,NA,NA,NA,NA,NA,NA,NA,NA,NA,NA,NA,NA,NA,NA,NA,NA,NA,NA,NA,2016,1994-08-05,NA,NA,NA,NA
"Isaiah Ford","MIA","WR","13162","weighted",NA,NA,NA,NA,NA,NA,0,0,0,0,0.039477503628447,0.0423217022170491,0,0,0,0,3.14826560232221,2.90934291354623,36.4133436139332,34.618260998116,0.129383164005806,0.178780038805522,NA,NA,NA,NA,NA,NA,NA,NA,NA,NA,NA,NA,NA,NA,NA,NA,NA,NA,NA,NA,NA,NA,NA,NA,NA,NA,NA,NA,NA,NA,NA,NA,2017,1996-02-09,NA,NA,NA,NA
"Marcell Ateman","FA","WR","13647","weighted",NA,NA,NA,NA,NA,NA,0,0,0,0,0,0,0,0,0,0,3.085587808418,3.01883300349176,35.3060812772134,35.2462494412697,0.084267053701016,0.151687557230963,NA,NA,NA,NA,NA,NA,NA,NA,NA,NA,NA,NA,NA,NA,NA,NA,NA,NA,NA,NA,NA,NA,NA,NA,NA,NA,NA,NA,NA,NA,NA,NA,2018,1994-09-16,NA,NA,NA,NA
"Marcell Ateman","LVR","WR","13647","weighted",NA,NA,NA,NA,NA,NA,0,0,0,0,0,0,0,0,0,0,3.085587808418,3.01883300349176,35.3060812772134,35.2462494412697,0.084267053701016,0.151687557230963,NA,NA,NA,NA,NA,NA,NA,NA,NA,NA,NA,NA,NA,NA,NA,NA,NA,NA,NA,NA,NA,NA,NA,NA,NA,NA,NA,NA,NA,NA,NA,NA,2018,1994-09-16,NA,NA,NA,NA
"Cody Core","FA","WR","12824","weighted",NA,NA,NA,NA,NA,NA,0,0,0,0,0,0,0,0,0,0,2.88618458610847,3.07097021162073,37.6679923882017,40.372984830473,0.0490199809705043,0.0905640216352576,NA,NA,NA,NA,NA,NA,NA,NA,NA,NA,NA,NA,NA,NA,NA,NA,NA,NA,NA,NA,NA,NA,NA,NA,NA,NA,NA,NA,NA,NA,NA,NA,2016,1994-04-17,NA,NA,NA,NA
"Cody Core","NYG","WR","12824","weighted",NA,NA,NA,NA,NA,NA,0,0,0,0,0,0,0,0,0,0,2.88618458610847,3.07097021162073,37.6679923882017,40.372984830473,0.0490199809705043,0.0905640216352576,NA,NA,NA,NA,NA,NA,NA,NA,NA,NA,NA,NA,NA,NA,NA,NA,NA,NA,NA,NA,NA,NA,NA,NA,NA,NA,NA,NA,NA,NA,NA,NA,2016,1994-04-17,NA,NA,NA,NA
"Deonte Thompson","NYJ","WR","10956","weighted",NA,NA,NA,NA,NA,NA,0,0,0,0,0,0,0,0,0,0,2.70781893004115,4.24264068711928,35.201646090535,55.1543289325507,0,0,NA,NA,NA,NA,NA,NA,NA,NA,NA,NA,NA,NA,NA,NA,NA,NA,NA,NA,NA,NA,NA,NA,NA,NA,NA,NA,NA,NA,NA,NA,NA,NA,2012,1989-02-14,NA,NA,NA,NA
"Deonte Thompson","FA","WR","10956","weighted",NA,NA,NA,NA,NA,NA,0,0,0,0,0,0,0,0,0,0,2.70781893004115,4.24264068711928,35.201646090535,55.1543289325507,0,0,NA,NA,NA,NA,NA,NA,NA,NA,NA,NA,NA,NA,NA,NA,NA,NA,NA,NA,NA,NA,NA,NA,NA,NA,NA,NA,NA,NA,NA,NA,NA,NA,2012,1989-02-14,NA,NA,NA,NA
"Braxton Berrios","FA","WR","13638","weighted",NA,NA,NA,NA,NA,NA,0,0,0,0,0,0,0,0,0,0,2.70781893004115,4.24264068711928,32.042524005487,50.2045814642449,0,0,NA,NA,NA,NA,NA,NA,NA,NA,NA,NA,NA,NA,NA,NA,NA,NA,NA,NA,NA,NA,NA,NA,NA,NA,NA,NA,NA,NA,NA,NA,NA,NA,2018,1995-10-06,NA,NA,NA,NA
"Braxton Berrios","NYJ","WR","13638","weighted",NA,NA,NA,NA,NA,NA,0,0,0,0,0,0,0,0,0,0,2.70781893004115,4.24264068711928,32.042524005487,50.2045814642449,0,0,NA,NA,NA,NA,NA,NA,NA,NA,NA,NA,NA,NA,NA,NA,NA,NA,NA,NA,NA,NA,NA,NA,NA,NA,NA,NA,NA,NA,NA,NA,NA,NA,2018,1995-10-06,NA,NA,NA,NA
"Cedrick Wilson","FA","WR","13652","weighted",NA,NA,NA,NA,NA,NA,0,0,0,0,0,0,0,0,0,0,2.14162702188392,2.07319421130303,27.9885664446559,27.1479687750392,0.152299397399302,0.162812933385153,NA,NA,NA,NA,NA,NA,NA,NA,NA,NA,NA,NA,NA,NA,NA,NA,NA,NA,NA,NA,NA,NA,NA,NA,NA,NA,NA,NA,NA,NA,NA,NA,2018,NA,NA,NA,NA,NA
"Cedrick Wilson","DAL","WR","13652","weighted",NA,NA,NA,NA,NA,NA,0,0,0,0,0,0,0,0,0,0,2.14162702188392,2.07319421130303,27.9885664446559,27.1479687750392,0.152299397399302,0.162812933385153,NA,NA,NA,NA,NA,NA,NA,NA,NA,NA,NA,NA,NA,NA,NA,NA,NA,NA,NA,NA,NA,NA,NA,NA,NA,NA,NA,NA,NA,NA,NA,NA,2018,NA,NA,NA,NA,NA
"Noah Brown","DAL","WR","13172","weighted",NA,NA,NA,NA,NA,NA,0.0619855072463768,0.128109690015167,0,0,0,0,0,0,0,0,2.56174637681159,2.3091895439916,34.6823115942029,32.7118103118291,0.162927536231884,0.201296668534067,NA,NA,NA,NA,NA,NA,NA,NA,NA,NA,NA,NA,NA,NA,NA,NA,NA,NA,NA,NA,NA,NA,NA,NA,NA,NA,NA,NA,NA,NA,NA,NA,2017,NA,"Q","Knee",2019,0
"River Cracraft","DEN","WR","13862","weighted",NA,NA,NA,NA,NA,NA,0.609489603024575,1.11367345135119,0,0,0,0,0,0,0,0,0.917835538752363,1.57764611745539,22.6701039697543,40.6232885561694,0.108837429111531,0.198870259169855,NA,NA,NA,NA,NA,NA,NA,NA,NA,NA,NA,NA,NA,NA,NA,NA,NA,NA,NA,NA,NA,NA,NA,NA,NA,NA,NA,NA,NA,NA,NA,NA,2017,NA,NA,NA,NA,NA
"River Cracraft","FA","WR","13862","weighted",NA,NA,NA,NA,NA,NA,0.609489603024575,1.11367345135119,0,0,0,0,0,0,0,0,0.917835538752363,1.57764611745539,22.6701039697543,40.6232885561694,0.108837429111531,0.198870259169855,NA,NA,NA,NA,NA,NA,NA,NA,NA,NA,NA,NA,NA,NA,NA,NA,NA,NA,NA,NA,NA,NA,NA,NA,NA,NA,NA,NA,NA,NA,NA,NA,2017,NA,NA,NA,NA,NA
"Brandon Zylstra","MIN","WR","13585","weighted",NA,NA,NA,NA,NA,NA,0.584094202898551,1.20718746360446,0,0,0,0,0,0,0,0,1.42049275362319,1.79718682742553,23.6886594202898,32.7232743255763,0.113623188405797,0.152864860928267,NA,NA,NA,NA,NA,NA,NA,NA,NA,NA,NA,NA,NA,NA,NA,NA,NA,NA,NA,NA,NA,NA,NA,NA,NA,NA,NA,NA,NA,NA,NA,NA,2017,1993-03-25,NA,NA,NA,NA
"Brandon Zylstra","CAR","WR","13585","weighted",NA,NA,NA,NA,NA,NA,0.584094202898551,1.20718746360446,0,0,0,0,0,0,0,0,1.42049275362319,1.79718682742553,23.6886594202898,32.7232743255763,0.113623188405797,0.152864860928267,NA,NA,NA,NA,NA,NA,NA,NA,NA,NA,NA,NA,NA,NA,NA,NA,NA,NA,NA,NA,NA,NA,NA,NA,NA,NA,NA,NA,NA,NA,NA,NA,2017,1993-03-25,NA,NA,NA,NA
"Austin Carr","NO","WR","13367","weighted",NA,NA,NA,NA,NA,NA,0.309927536231884,0.487755136501092,0,0,0,0,0,0,0,0,2.82503260869565,2.28624026836854,35.5660108695652,28.8358243344397,0.206981884057971,0.157834235931825,NA,NA,NA,NA,NA,NA,NA,NA,NA,NA,NA,NA,NA,NA,NA,NA,NA,NA,NA,NA,NA,NA,NA,NA,NA,NA,NA,NA,NA,NA,NA,NA,2017,1993-12-25,NA,NA,NA,NA
"Damion Ratley","CLE","WR","13794","weighted",NA,NA,NA,NA,NA,NA,0,0,0,0,0,0,0,0,0,0,2.26011417697431,2.2021689294094,27.2545765937203,26.2498031652999,0.0704662226450999,0.130185781100683,NA,NA,NA,NA,NA,NA,NA,NA,NA,NA,NA,NA,NA,NA,NA,NA,NA,NA,NA,NA,NA,NA,NA,NA,NA,NA,NA,NA,NA,NA,NA,NA,2018,1995-04-16,NA,NA,NA,NA
"Quadree Henderson","JAC","WR","13991","weighted",NA,NA,NA,NA,NA,NA,0,0,0,0,0,0,0,0,0,0,2.38572787821123,2.41672372909212,31.0192356485886,31.3927712571403,0.162733904218205,0.165921860331659,NA,NA,NA,NA,NA,NA,NA,NA,NA,NA,NA,NA,NA,NA,NA,NA,NA,NA,NA,NA,NA,NA,NA,NA,NA,NA,NA,NA,NA,NA,NA,NA,2018,1970-01-01,NA,NA,NA,NA
"Victor Bolden","FA","WR","13375","weighted",NA,NA,NA,NA,NA,NA,0,0,0,0,0,0,0,0,0,0,2.43312718046305,2.46408762667183,30.8956866476372,31.2647492999642,0.158626704725658,0.16113665396918,NA,NA,NA,NA,NA,NA,NA,NA,NA,NA,NA,NA,NA,NA,NA,NA,NA,NA,NA,NA,NA,NA,NA,NA,NA,NA,NA,NA,NA,NA,NA,NA,2017,1995-04-04,NA,NA,NA,NA
"Victor Bolden","DET","WR","13375","weighted",NA,NA,NA,NA,NA,NA,0,0,0,0,0,0,0,0,0,0,2.43312718046305,2.46408762667183,30.8956866476372,31.2647492999642,0.158626704725658,0.16113665396918,NA,NA,NA,NA,NA,NA,NA,NA,NA,NA,NA,NA,NA,NA,NA,NA,NA,NA,NA,NA,NA,NA,NA,NA,NA,NA,NA,NA,NA,NA,NA,NA,2017,1995-04-04,NA,NA,NA,NA
"Dylan Cantrell","LAC","WR","13807","weighted",NA,NA,NA,NA,NA,NA,0,0,0,0,0,0,0,0,0,0,2.25651577503429,3.53553390593274,27.0781893004115,42.4264068711928,0,0,NA,NA,NA,NA,NA,NA,NA,NA,NA,NA,NA,NA,NA,NA,NA,NA,NA,NA,NA,NA,NA,NA,NA,NA,NA,NA,NA,NA,NA,NA,NA,NA,2018,1994-06-29,NA,NA,NA,NA
"Dylan Cantrell","ARI","WR","13807","weighted",NA,NA,NA,NA,NA,NA,0,0,0,0,0,0,0,0,0,0,2.25651577503429,3.53553390593274,27.0781893004115,42.4264068711928,0,0,NA,NA,NA,NA,NA,NA,NA,NA,NA,NA,NA,NA,NA,NA,NA,NA,NA,NA,NA,NA,NA,NA,NA,NA,NA,NA,NA,NA,NA,NA,NA,NA,2018,1994-06-29,NA,NA,NA,NA
"Cody Hollister","TEN","WR","13851","weighted",NA,NA,NA,NA,NA,NA,0,NA,0,NA,0,NA,0,NA,0,NA,0,NA,0,NA,0,NA,NA,NA,NA,NA,NA,NA,NA,NA,NA,NA,NA,NA,NA,NA,NA,NA,NA,NA,NA,NA,NA,NA,NA,NA,NA,NA,NA,NA,NA,NA,NA,NA,2017,1993-11-18,NA,NA,NA,NA
"Travis Fulgham","DET","WR","14265","weighted",NA,NA,NA,NA,NA,NA,0,0,0,0,0,0,0,0,0,0,2.06905089408528,3.25269119345812,20.2407152682256,31.8198051533946,0,0,NA,NA,NA,NA,NA,NA,NA,NA,NA,NA,NA,NA,NA,NA,NA,NA,NA,NA,NA,NA,NA,NA,NA,NA,NA,NA,NA,NA,NA,NA,NA,NA,2019,NA,NA,NA,NA,NA
"Charone Peake","NYJ","WR","12673","weighted",NA,NA,NA,NA,NA,NA,0.273371980676329,0.402542439400476,0,0,0,0,0,0,0,0,1.36078985507246,2.0109606127754,24.5467850241546,22.3844263390081,0.0940434782608696,0.113855708473864,NA,NA,NA,NA,NA,NA,NA,NA,NA,NA,NA,NA,NA,NA,NA,NA,NA,NA,NA,NA,NA,NA,NA,NA,NA,NA,NA,NA,NA,NA,NA,NA,2016,1992-10-16,NA,NA,NA,NA
"Charone Peake","FA","WR","12673","weighted",NA,NA,NA,NA,NA,NA,0.273371980676329,0.402542439400476,0,0,0,0,0,0,0,0,1.36078985507246,2.0109606127754,24.5467850241546,22.3844263390081,0.0940434782608696,0.113855708473864,NA,NA,NA,NA,NA,NA,NA,NA,NA,NA,NA,NA,NA,NA,NA,NA,NA,NA,NA,NA,NA,NA,NA,NA,NA,NA,NA,NA,NA,NA,NA,NA,2016,1992-10-16,NA,NA,NA,NA
"Robert Davis","WAS","WR","13238","weighted",NA,NA,NA,NA,NA,NA,0,0,0,0,0,0,0,0,0,0,2.31660353535354,2.58457113624748,23.8703282828283,26.3637377326748,0.144823232323232,0.153080701945733,NA,NA,NA,NA,NA,NA,NA,NA,NA,NA,NA,NA,NA,NA,NA,NA,NA,NA,NA,NA,NA,NA,NA,NA,NA,NA,NA,NA,NA,NA,NA,NA,2017,1995-04-02,NA,NA,NA,NA
"Robert Davis","PHI","WR","13238","weighted",NA,NA,NA,NA,NA,NA,0,0,0,0,0,0,0,0,0,0,2.31660353535354,2.58457113624748,23.8703282828283,26.3637377326748,0.144823232323232,0.153080701945733,NA,NA,NA,NA,NA,NA,NA,NA,NA,NA,NA,NA,NA,NA,NA,NA,NA,NA,NA,NA,NA,NA,NA,NA,NA,NA,NA,NA,NA,NA,NA,NA,2017,1995-04-02,NA,NA,NA,NA
"Amara Darboh","FA","WR","13166","weighted",NA,NA,NA,NA,NA,NA,0,0,0,0,0,0,0,0,0,0,2.06026006977482,2.08495058309337,26.1735172851253,26.4883823249515,0.158626704725658,0.16113665396918,NA,NA,NA,NA,NA,NA,NA,NA,NA,NA,NA,NA,NA,NA,NA,NA,NA,NA,NA,NA,NA,NA,NA,NA,NA,NA,NA,NA,NA,NA,NA,NA,2017,1994-02-01,NA,NA,NA,NA
"Amara Darboh","PIT","WR","13166","weighted",NA,NA,NA,NA,NA,NA,0,0,0,0,0,0,0,0,0,0,2.06026006977482,2.08495058309337,26.1735172851253,26.4883823249515,0.158626704725658,0.16113665396918,NA,NA,NA,NA,NA,NA,NA,NA,NA,NA,NA,NA,NA,NA,NA,NA,NA,NA,NA,NA,NA,NA,NA,NA,NA,NA,NA,NA,NA,NA,NA,NA,2017,1994-02-01,NA,NA,NA,NA
"Daurice Fountain","IND","WR","13666","weighted",NA,NA,NA,NA,NA,NA,0,0,0,0,0,0,0,0,0,0,1.87066286076752,1.89548917187347,26.0973675864256,26.4077303416074,0.150412305740565,0.151627650806276,NA,NA,NA,NA,NA,NA,NA,NA,NA,NA,NA,NA,NA,NA,NA,NA,NA,NA,NA,NA,NA,NA,NA,NA,NA,NA,NA,NA,NA,NA,NA,NA,2018,1995-12-22,NA,NA,NA,NA
"Gehrig Dieter","KC","WR","13179","weighted",NA,NA,NA,NA,NA,NA,0,0,0,0,0,0,0,0,0,0,1.68240928882438,1.92367277591509,21.405297532656,23.7319937639039,0.0747750362844702,0.156588950550538,NA,NA,NA,NA,NA,NA,NA,NA,NA,NA,NA,NA,NA,NA,NA,NA,NA,NA,NA,NA,NA,NA,NA,NA,NA,NA,NA,NA,NA,NA,NA,NA,2017,NA,NA,NA,NA,NA
"Trevor Davis","GB","WR","12800","weighted",NA,NA,NA,NA,NA,NA,1.92155072463768,3.97140039047018,0.00715217391304348,0.0147818873094424,0.00395652173913043,0.00423735714387798,0,0,0.0758840579710145,0.0670674502108551,2.03294202898551,1.73410584040657,31.0518985507246,23.1052438501667,0.0846594202898551,0.110944150612596,NA,NA,NA,NA,NA,NA,NA,NA,NA,NA,NA,NA,NA,NA,NA,NA,NA,NA,NA,NA,NA,NA,NA,NA,NA,NA,NA,NA,NA,NA,NA,NA,2016,1993-07-04,NA,NA,NA,NA
"Trevor Davis","CHI","WR","12800","weighted",NA,NA,NA,NA,NA,NA,1.92155072463768,3.97140039047018,0.00715217391304348,0.0147818873094424,0.00395652173913043,0.00423735714387798,0,0,0.0758840579710145,0.0670674502108551,2.03294202898551,1.73410584040657,31.0518985507246,23.1052438501667,0.0846594202898551,0.110944150612596,NA,NA,NA,NA,NA,NA,NA,NA,NA,NA,NA,NA,NA,NA,NA,NA,NA,NA,NA,NA,NA,NA,NA,NA,NA,NA,NA,NA,NA,NA,NA,NA,2016,1993-07-04,NA,NA,NA,NA
"Ricardo Louis","MIA","WR","12777","weighted",NA,NA,NA,NA,NA,NA,0,0,0,0,0,0,0,0,0,0,2.00053916904535,2.02332050887238,24.0184586108468,24.3086947366209,0.111227402473834,0.113816829362945,NA,NA,NA,NA,NA,NA,NA,NA,NA,NA,NA,NA,NA,NA,NA,NA,NA,NA,NA,NA,NA,NA,NA,NA,NA,NA,NA,NA,NA,NA,NA,NA,2016,NA,NA,NA,NA,NA
"Keelan Doss","FA","WR","14317","weighted",NA,NA,NA,NA,NA,NA,0,NA,0,NA,0,NA,0,NA,0,NA,0,NA,0,NA,0,NA,NA,NA,NA,NA,NA,NA,NA,NA,NA,NA,NA,NA,NA,NA,NA,NA,NA,NA,NA,NA,NA,NA,NA,NA,NA,NA,NA,NA,NA,NA,NA,NA,2019,1970-01-01,NA,NA,NA,NA
"Keelan Doss","LVR","WR","14317","weighted",NA,NA,NA,NA,NA,NA,0,NA,0,NA,0,NA,0,NA,0,NA,0,NA,0,NA,0,NA,NA,NA,NA,NA,NA,NA,NA,NA,NA,NA,NA,NA,NA,NA,NA,NA,NA,NA,NA,NA,NA,NA,NA,NA,NA,NA,NA,NA,NA,NA,NA,NA,2019,1970-01-01,NA,NA,NA,NA
"Isaac Whitney","HOU","WR","13545","weighted",NA,NA,NA,NA,NA,NA,0,0,0,0,0,0,0,0,0,0,1.9139549635268,1.9380924541683,23.7836822074215,24.066915373913,0.142197906755471,0.142214199937862,NA,NA,NA,NA,NA,NA,NA,NA,NA,NA,NA,NA,NA,NA,NA,NA,NA,NA,NA,NA,NA,NA,NA,NA,NA,NA,NA,NA,NA,NA,NA,NA,2017,1994-06-22,NA,NA,NA,NA
"J'Mon Moore","FA","WR","13657","weighted",NA,NA,NA,NA,NA,NA,0,0,0,0,0,0,0,0,0,0,1.55648199445983,2.46780266634105,20.0915512465374,31.855160492454,0.11595567867036,0.183847763108502,NA,NA,NA,NA,NA,NA,NA,NA,NA,NA,NA,NA,NA,NA,NA,NA,NA,NA,NA,NA,NA,NA,NA,NA,NA,NA,NA,NA,NA,NA,NA,NA,2018,1995-05-23,NA,NA,NA,NA
"J'Mon Moore","CLE","WR","13657","weighted",NA,NA,NA,NA,NA,NA,0,0,0,0,0,0,0,0,0,0,1.55648199445983,2.46780266634105,20.0915512465374,31.855160492454,0.11595567867036,0.183847763108502,NA,NA,NA,NA,NA,NA,NA,NA,NA,NA,NA,NA,NA,NA,NA,NA,NA,NA,NA,NA,NA,NA,NA,NA,NA,NA,NA,NA,NA,NA,NA,NA,2018,1995-05-23,NA,NA,NA,NA
"KhaDarel Hodge","LAR","WR","13963","weighted",NA,NA,NA,NA,NA,NA,0,0,0,0,0,0,0,0,0,0,1.86244846178243,1.88596878635939,23.1861401839518,23.4652040124719,0.158626704725658,0.16113665396918,NA,NA,NA,NA,NA,NA,NA,NA,NA,NA,NA,NA,NA,NA,NA,NA,NA,NA,NA,NA,NA,NA,NA,NA,NA,NA,NA,NA,NA,NA,NA,NA,2018,1994-01-03,NA,NA,NA,NA
"KhaDarel Hodge","CLE","WR","13963","weighted",NA,NA,NA,NA,NA,NA,0,0,0,0,0,0,0,0,0,0,1.86244846178243,1.88596878635939,23.1861401839518,23.4652040124719,0.158626704725658,0.16113665396918,NA,NA,NA,NA,NA,NA,NA,NA,NA,NA,NA,NA,NA,NA,NA,NA,NA,NA,NA,NA,NA,NA,NA,NA,NA,NA,NA,NA,NA,NA,NA,NA,2018,1994-01-03,NA,NA,NA,NA
"Chad Hansen","HOU","WR","13183","weighted",NA,NA,NA,NA,NA,NA,0,0,0,0,0,0,0,0,0,0,1.86655566127498,1.89072809534805,22.7740881699968,23.0482139010853,0.133983507770377,0.132916604595482,NA,NA,NA,NA,NA,NA,NA,NA,NA,NA,NA,NA,NA,NA,NA,NA,NA,NA,NA,NA,NA,NA,NA,NA,NA,NA,NA,NA,NA,NA,NA,NA,2017,1995-01-18,NA,NA,NA,NA
"Ashton Dulin","IND","WR","14315","weighted",NA,NA,NA,NA,NA,NA,0,0,0,0,0,0,0,0,0,0,0.699519890260631,1.09601551083915,9.68045267489712,15.1674404564514,0.0451303155006859,0.0707106781186548,NA,NA,NA,NA,NA,NA,NA,NA,NA,NA,NA,NA,NA,NA,NA,NA,NA,NA,NA,NA,NA,NA,NA,NA,NA,NA,NA,NA,NA,NA,NA,NA,2019,1997-05-15,NA,NA,NA,NA
"Steven Mitchell","HOU","WR","13659","weighted",NA,NA,NA,NA,NA,NA,0,0,0,0,0,0,0,0,0,0,0.404814305364512,0.636396103067893,4.49793672627235,7.07106781186547,0,0,NA,NA,NA,NA,NA,NA,NA,NA,NA,NA,NA,NA,NA,NA,NA,NA,NA,NA,NA,NA,NA,NA,NA,NA,NA,NA,NA,NA,NA,NA,NA,NA,2018,NA,NA,NA,NA,NA
"JoJo Natson","LAR","WR","13529","weighted",NA,NA,NA,NA,NA,NA,1.89294202898551,3.91227284123241,0.00715217391304348,0.0147818873094424,0.00395652173913043,0.00423735714387798,0,0,0.0569130434782609,0.0503005876581413,0.364659420289855,0.469785438178249,12.0041884057971,18.0346248151062,0.0214565217391304,0.0443456619283271,NA,NA,NA,NA,NA,NA,NA,NA,NA,NA,NA,NA,NA,NA,NA,NA,NA,NA,NA,NA,NA,NA,NA,NA,NA,NA,NA,NA,NA,NA,NA,NA,2016,1994-02-01,NA,NA,NA,NA
"JoJo Natson","CLE","WR","13529","weighted",NA,NA,NA,NA,NA,NA,1.89294202898551,3.91227284123241,0.00715217391304348,0.0147818873094424,0.00395652173913043,0.00423735714387798,0,0,0.0569130434782609,0.0503005876581413,0.364659420289855,0.469785438178249,12.0041884057971,18.0346248151062,0.0214565217391304,0.0443456619283271,NA,NA,NA,NA,NA,NA,NA,NA,NA,NA,NA,NA,NA,NA,NA,NA,NA,NA,NA,NA,NA,NA,NA,NA,NA,NA,NA,NA,NA,NA,NA,NA,2016,1994-02-01,NA,NA,NA,NA
"Ray-Ray McCloud","FA","WR","13641","weighted",NA,NA,NA,NA,NA,NA,0,0,0,0,0.0039477503628447,0.00423217022170491,0,0,0,0,1.35426886792453,1.49685575962907,15.0396008708273,16.1600923791837,0,0,NA,NA,NA,NA,NA,NA,NA,NA,NA,NA,NA,NA,NA,NA,NA,NA,NA,NA,NA,NA,NA,NA,NA,NA,NA,NA,NA,NA,NA,NA,NA,NA,2018,1996-10-15,NA,NA,NA,NA
"Ray-Ray McCloud","BUF","WR","13641","weighted",NA,NA,NA,NA,NA,NA,0,0,0,0,0.0039477503628447,0.00423217022170491,0,0,0,0,1.35426886792453,1.49685575962907,15.0396008708273,16.1600923791837,0,0,NA,NA,NA,NA,NA,NA,NA,NA,NA,NA,NA,NA,NA,NA,NA,NA,NA,NA,NA,NA,NA,NA,NA,NA,NA,NA,NA,NA,NA,NA,NA,NA,2018,1996-10-15,NA,NA,NA,NA
"Derrick Willies","CLE","WR","13911","weighted",NA,NA,NA,NA,NA,NA,0.247216446124764,0.269134051603484,0,0,0,0,0,0,0,0,1.31537807183365,1.43199627456948,17.4637429111531,19.012035645348,0.0979536862003781,0.106638020446663,NA,NA,NA,NA,NA,NA,NA,NA,NA,NA,NA,NA,NA,NA,NA,NA,NA,NA,NA,NA,NA,NA,NA,NA,NA,NA,NA,NA,NA,NA,NA,NA,2018,1970-01-01,NA,NA,NA,NA
"Keon Hatcher","FA","WR","13371","weighted",NA,NA,NA,NA,NA,NA,0,0,0,0,0,0,0,0,0,0,1.42570884871551,1.56094161220215,17.3260656517602,18.969494982054,0.0786917221693625,0.0861558682059628,NA,NA,NA,NA,NA,NA,NA,NA,NA,NA,NA,NA,NA,NA,NA,NA,NA,NA,NA,NA,NA,NA,NA,NA,NA,NA,NA,NA,NA,NA,NA,NA,2017,1994-09-11,NA,NA,NA,NA
"Da'Mari Scott","FA","WR","13990","weighted",NA,NA,NA,NA,NA,NA,0,NA,0,NA,0,NA,0,NA,0,NA,0,NA,0,NA,0,NA,NA,NA,NA,NA,NA,NA,NA,NA,NA,NA,NA,NA,NA,NA,NA,NA,NA,NA,NA,NA,NA,NA,NA,NA,NA,NA,NA,NA,NA,NA,NA,NA,2018,1970-01-01,NA,NA,NA,NA
"Da'Mari Scott","NYG","WR","13990","weighted",NA,NA,NA,NA,NA,NA,0,NA,0,NA,0,NA,0,NA,0,NA,0,NA,0,NA,0,NA,NA,NA,NA,NA,NA,NA,NA,NA,NA,NA,NA,NA,NA,NA,NA,NA,NA,NA,NA,NA,NA,NA,NA,NA,NA,NA,NA,NA,NA,NA,NA,NA,2018,1970-01-01,NA,NA,NA,NA
"Jordan Lasley","FA","WR","13658","weighted",NA,NA,NA,NA,NA,NA,0,0,0,0,0,0,0,0,0,0,1.35390946502058,2.12132034355964,14.8930041152263,23.3345237791561,0,0,NA,NA,NA,NA,NA,NA,NA,NA,NA,NA,NA,NA,NA,NA,NA,NA,NA,NA,NA,NA,NA,NA,NA,NA,NA,NA,NA,NA,NA,NA,NA,NA,2018,1996-11-13,NA,NA,NA,NA
"Chad Williams","FA","WR","13280","weighted",NA,NA,NA,NA,NA,NA,0,0,0,0,0,0,0,0,0,0,1.27534094513162,1.28884146574919,16.8735965746908,17.0728231068293,0.0865842055185538,0.0855460900740732,NA,NA,NA,NA,NA,NA,NA,NA,NA,NA,NA,NA,NA,NA,NA,NA,NA,NA,NA,NA,NA,NA,NA,NA,NA,NA,NA,NA,NA,NA,NA,NA,2017,1994-10-19,NA,NA,NA,NA
"Chad Williams","IND","WR","13280","weighted",NA,NA,NA,NA,NA,NA,0,0,0,0,0,0,0,0,0,0,1.27534094513162,1.28884146574919,16.8735965746908,17.0728231068293,0.0865842055185538,0.0855460900740732,NA,NA,NA,NA,NA,NA,NA,NA,NA,NA,NA,NA,NA,NA,NA,NA,NA,NA,NA,NA,NA,NA,NA,NA,NA,NA,NA,NA,NA,NA,NA,NA,2017,1994-10-19,NA,NA,NA,NA
"Juwann Winfree","DEN","WR","14267","weighted",NA,NA,NA,NA,NA,NA,0,0,0,0,0,0,0,0,0,0,1.35390946502058,2.12132034355964,13.5390946502058,21.2132034355964,0,0,NA,NA,NA,NA,NA,NA,NA,NA,NA,NA,NA,NA,NA,NA,NA,NA,NA,NA,NA,NA,NA,NA,NA,NA,NA,NA,NA,NA,NA,NA,NA,NA,2019,1970-01-01,NA,NA,NA,NA
"Shelton Gibson","FA","WR","13170","weighted",NA,NA,NA,NA,NA,NA,0,0,0,0,0,0,0,0,0,0,1.2279416428798,1.24146615241062,14.6793529971456,14.8552729045403,0.0989058039961941,0.0995097471659028,NA,NA,NA,NA,NA,NA,NA,NA,NA,NA,NA,NA,NA,NA,NA,NA,NA,NA,NA,NA,NA,NA,NA,NA,NA,NA,NA,NA,NA,NA,NA,NA,2017,1995-03-20,NA,NA,NA,NA
"Shelton Gibson","PHI","WR","13170","weighted",NA,NA,NA,NA,NA,NA,0,0,0,0,0,0,0,0,0,0,1.2279416428798,1.24146615241062,14.6793529971456,14.8552729045403,0.0989058039961941,0.0995097471659028,NA,NA,NA,NA,NA,NA,NA,NA,NA,NA,NA,NA,NA,NA,NA,NA,NA,NA,NA,NA,NA,NA,NA,NA,NA,NA,NA,NA,NA,NA,NA,NA,2017,1995-03-20,NA,NA,NA,NA
"Jehu Chesson","FA","WR","13169","weighted",NA,NA,NA,NA,NA,NA,2.89257849666984,2.92844279704707,0,0,0,0,0,0,0,0,1.18054234062797,1.19409317425769,14.3147002854424,14.4856518378717,0.0865842055185538,0.0855460900740732,NA,NA,NA,NA,NA,NA,NA,NA,NA,NA,NA,NA,NA,NA,NA,NA,NA,NA,NA,NA,NA,NA,NA,NA,NA,NA,NA,NA,NA,NA,NA,NA,2017,1993-12-29,NA,NA,NA,NA
"Jehu Chesson","NYJ","WR","13169","weighted",NA,NA,NA,NA,NA,NA,2.89257849666984,2.92844279704707,0,0,0,0,0,0,0,0,1.18054234062797,1.19409317425769,14.3147002854424,14.4856518378717,0.0865842055185538,0.0855460900740732,NA,NA,NA,NA,NA,NA,NA,NA,NA,NA,NA,NA,NA,NA,NA,NA,NA,NA,NA,NA,NA,NA,NA,NA,NA,NA,NA,NA,NA,NA,NA,NA,2017,1993-12-29,NA,NA,NA,NA
"Tim White","NYJ","WR","13398","weighted",NA,NA,NA,NA,NA,NA,0,0,0,0,0,0,0,0,0,0,0.819319695528068,0.897034627791495,10.2715842055186,11.2458747970018,0.0740627973358706,0.0810878759585532,NA,NA,NA,NA,NA,NA,NA,NA,NA,NA,NA,NA,NA,NA,NA,NA,NA,NA,NA,NA,NA,NA,NA,NA,NA,NA,NA,NA,NA,NA,NA,NA,2017,1994-07-15,NA,NA,NA,NA
"Tim White","FA","WR","13398","weighted",NA,NA,NA,NA,NA,NA,0,0,0,0,0,0,0,0,0,0,0.819319695528068,0.897034627791495,10.2715842055186,11.2458747970018,0.0740627973358706,0.0810878759585532,NA,NA,NA,NA,NA,NA,NA,NA,NA,NA,NA,NA,NA,NA,NA,NA,NA,NA,NA,NA,NA,NA,NA,NA,NA,NA,NA,NA,NA,NA,NA,NA,2017,1994-07-15,NA,NA,NA,NA
"DeAndrew White","FA","WR","12429","weighted",NA,NA,NA,NA,NA,NA,0,0,0,0,0.039477503628447,0.0423217022170491,0,0,0,0,0.727777576197387,0.755244247261221,10.0076088534107,9.20805375582403,0.0588751814223512,0.0771367287872287,NA,NA,NA,NA,NA,NA,NA,NA,NA,NA,NA,NA,NA,NA,NA,NA,NA,NA,NA,NA,NA,NA,NA,NA,NA,NA,NA,NA,NA,NA,NA,NA,NA,NA,NA,NA,NA,NA
"DeAndrew White","CAR","WR","12429","weighted",NA,NA,NA,NA,NA,NA,0,0,0,0,0.039477503628447,0.0423217022170491,0,0,0,0,0.727777576197387,0.755244247261221,10.0076088534107,9.20805375582403,0.0588751814223512,0.0771367287872287,NA,NA,NA,NA,NA,NA,NA,NA,NA,NA,NA,NA,NA,NA,NA,NA,NA,NA,NA,NA,NA,NA,NA,NA,NA,NA,NA,NA,NA,NA,NA,NA,NA,NA,NA,NA,NA,NA
"Mike Thomas","LAR","WR","12675","weighted",NA,NA,NA,NA,NA,NA,0,0,0,0,0,0,0,0,0,0,0.883824928639391,0.895621238064011,11.0018553758325,11.1307152711819,0.082477006026007,0.080998684627711,NA,NA,NA,NA,NA,NA,NA,NA,NA,NA,NA,NA,NA,NA,NA,NA,NA,NA,NA,NA,NA,NA,NA,NA,NA,NA,NA,NA,NA,NA,NA,NA,2016,1994-08-16,NA,NA,NA,NA
"Mike Thomas","CIN","WR","12675","weighted",NA,NA,NA,NA,NA,NA,0,0,0,0,0,0,0,0,0,0,0.883824928639391,0.895621238064011,11.0018553758325,11.1307152711819,0.082477006026007,0.080998684627711,NA,NA,NA,NA,NA,NA,NA,NA,NA,NA,NA,NA,NA,NA,NA,NA,NA,NA,NA,NA,NA,NA,NA,NA,NA,NA,NA,NA,NA,NA,NA,NA,2016,1994-08-16,NA,NA,NA,NA
"Maurice Harris","FA","WR","12917","weighted",NA,NA,NA,NA,NA,NA,0.863288931176657,0.871857015089192,0,0,0,0,0,0,0,0,0.914795432921027,0.923979791747919,10.9832064700285,11.1166277236554,0.0865842055185538,0.0855460900740732,NA,NA,NA,NA,NA,NA,NA,NA,NA,NA,NA,NA,NA,NA,NA,NA,NA,NA,NA,NA,NA,NA,NA,NA,NA,NA,NA,NA,NA,NA,NA,NA,2016,1992-11-11,NA,NA,NA,NA
"Maurice Harris","NO","WR","12917","weighted",NA,NA,NA,NA,NA,NA,0.863288931176657,0.871857015089192,0,0,0,0,0,0,0,0,0.914795432921027,0.923979791747919,10.9832064700285,11.1166277236554,0.0865842055185538,0.0855460900740732,NA,NA,NA,NA,NA,NA,NA,NA,NA,NA,NA,NA,NA,NA,NA,NA,NA,NA,NA,NA,NA,NA,NA,NA,NA,NA,NA,NA,NA,NA,NA,NA,2016,1992-11-11,NA,NA,NA,NA
"Stanley Morgan","FA","WR","14131","weighted",NA,NA,NA,NA,NA,NA,0,NA,0,NA,0,NA,0,NA,0,NA,0,NA,0,NA,0,NA,NA,NA,NA,NA,NA,NA,NA,NA,NA,NA,NA,NA,NA,NA,NA,NA,NA,NA,NA,NA,NA,NA,NA,NA,NA,NA,NA,NA,NA,NA,NA,NA,2019,1970-01-01,NA,NA,NA,NA
"Stanley Morgan","CIN","WR","14131","weighted",NA,NA,NA,NA,NA,NA,0,NA,0,NA,0,NA,0,NA,0,NA,0,NA,0,NA,0,NA,NA,NA,NA,NA,NA,NA,NA,NA,NA,NA,NA,NA,NA,NA,NA,NA,NA,NA,NA,NA,NA,NA,NA,NA,NA,NA,NA,NA,NA,NA,NA,NA,2019,1970-01-01,NA,NA,NA,NA
"Keenan Reynolds","SEA","WR","12638","weighted",NA,NA,NA,NA,NA,NA,1.62789697542533,1.77222233980407,0.00466446124763705,0.00507800097365064,0,0,0,0,0,0,0.144598298676749,0.15741803018317,9.37556710775047,10.2067819570378,0.0186578449905482,0.0203120038946025,NA,NA,NA,NA,NA,NA,NA,NA,NA,NA,NA,NA,NA,NA,NA,NA,NA,NA,NA,NA,NA,NA,NA,NA,NA,NA,NA,NA,NA,NA,NA,NA,2016,1993-12-13,NA,NA,NA,NA
"Lil'Jordan Humphrey","NO","WR","14118","weighted",NA,NA,NA,NA,NA,NA,0,NA,0,NA,0,NA,0,NA,0,NA,0,NA,0,NA,0,NA,NA,NA,NA,NA,NA,NA,NA,NA,NA,NA,NA,NA,NA,NA,NA,NA,NA,NA,NA,NA,NA,NA,NA,NA,NA,NA,NA,NA,NA,NA,NA,NA,2019,1998-04-19,NA,NA,NA,NA
"Chris Thompson",NA,"WR","13492","weighted",NA,NA,NA,NA,NA,NA,0,0,0,0,0,0,0,0,0,0,0.601760228353949,0.658838992163245,7.52200285442436,8.23548740204056,0.0324024738344434,0.035475945731867,NA,NA,NA,NA,NA,NA,NA,NA,NA,NA,NA,NA,NA,NA,NA,NA,NA,NA,NA,NA,NA,NA,NA,NA,NA,NA,NA,NA,NA,NA,NA,NA,2017,NA,NA,NA,NA,NA
"Krishawn Hogan","IND","WR","13370","weighted",NA,NA,NA,NA,NA,NA,0,0,0,0,0,0,0,0,0,0,0.665477323184269,0.672856629065643,8.34816048208056,8.44880489406351,0.0865842055185538,0.0855460900740732,NA,NA,NA,NA,NA,NA,NA,NA,NA,NA,NA,NA,NA,NA,NA,NA,NA,NA,NA,NA,NA,NA,NA,NA,NA,NA,NA,NA,NA,NA,NA,NA,2017,NA,NA,NA,NA,NA
"Krishawn Hogan","NO","WR","13370","weighted",NA,NA,NA,NA,NA,NA,0,0,0,0,0,0,0,0,0,0,0.665477323184269,0.672856629065643,8.34816048208056,8.44880489406351,0.0865842055185538,0.0855460900740732,NA,NA,NA,NA,NA,NA,NA,NA,NA,NA,NA,NA,NA,NA,NA,NA,NA,NA,NA,NA,NA,NA,NA,NA,NA,NA,NA,NA,NA,NA,NA,NA,2017,NA,NA,NA,NA,NA
"Jaydon Mickens","FA","WR","13510","weighted",NA,NA,NA,NA,NA,NA,0,0,0,0,0,0,0,0,0,0,0.737519822391373,0.748788281876591,7.88049476688868,7.97493598033215,0.0679352997145576,0.0715236083578562,NA,NA,NA,NA,NA,NA,NA,NA,NA,NA,NA,NA,NA,NA,NA,NA,NA,NA,NA,NA,NA,NA,NA,NA,NA,NA,NA,NA,NA,NA,NA,NA,2016,1994-04-21,NA,NA,NA,NA
"Jaydon Mickens","TB","WR","13510","weighted",NA,NA,NA,NA,NA,NA,0,0,0,0,0,0,0,0,0,0,0.737519822391373,0.748788281876591,7.88049476688868,7.97493598033215,0.0679352997145576,0.0715236083578562,NA,NA,NA,NA,NA,NA,NA,NA,NA,NA,NA,NA,NA,NA,NA,NA,NA,NA,NA,NA,NA,NA,NA,NA,NA,NA,NA,NA,NA,NA,NA,NA,2016,1994-04-21,NA,NA,NA,NA
"Jaleel Scott","BAL","WR","13663","weighted",NA,NA,NA,NA,NA,NA,0,0,0,0,0,0,0,0,0,0,0.270781893004115,0.424264068711928,3.31707818930041,5.19723484172112,0.0451303155006859,0.0707106781186548,NA,NA,NA,NA,NA,NA,NA,NA,NA,NA,NA,NA,NA,NA,NA,NA,NA,NA,NA,NA,NA,NA,NA,NA,NA,NA,NA,NA,NA,NA,NA,NA,2018,1995-02-23,NA,NA,NA,NA
"Matthew Slater","NE","WR","9200","weighted",NA,NA,NA,NA,NA,NA,1.89752616555661,1.91907316190431,0,0,0,0,0,0,0,0,0.531493815413891,0.540307212306362,7.3139232477006,7.40157456998147,0.0473993022518237,0.0474047333126205,NA,NA,NA,NA,NA,NA,NA,NA,NA,NA,NA,NA,NA,NA,NA,NA,NA,NA,NA,NA,NA,NA,NA,NA,NA,NA,NA,NA,NA,NA,NA,NA,2008,1985-09-09,NA,NA,NA,NA
"Jordan Matthews","FA","WR","11676","weighted",NA,NA,NA,NA,NA,NA,0.0093289224952741,0.0101560019473013,0,0,0,0,0,0,0,0,0.41047258979206,0.446864085681256,5.19620982986768,5.65689308464681,0.0326512287334594,0.0355460068155545,NA,NA,NA,NA,NA,NA,NA,NA,NA,NA,NA,NA,NA,NA,NA,NA,NA,NA,NA,NA,NA,NA,NA,NA,NA,NA,NA,NA,NA,NA,NA,NA,2014,1992-07-16,NA,NA,NA,NA
"Greg Dortch","NYJ","WR","14108","weighted",NA,NA,NA,NA,NA,NA,0,0,0,0,0,0,0,0,0,0,0.0676954732510288,0.106066017177982,1.03799725651577,1.62634559672906,0,0,NA,NA,NA,NA,NA,NA,NA,NA,NA,NA,NA,NA,NA,NA,NA,NA,NA,NA,NA,NA,NA,NA,NA,NA,NA,NA,NA,NA,NA,NA,NA,NA,2019,1998-05-29,NA,NA,NA,NA
"Greg Dortch","LAR","WR","14108","weighted",NA,NA,NA,NA,NA,NA,0,0,0,0,0,0,0,0,0,0,0.0676954732510288,0.106066017177982,1.03799725651577,1.62634559672906,0,0,NA,NA,NA,NA,NA,NA,NA,NA,NA,NA,NA,NA,NA,NA,NA,NA,NA,NA,NA,NA,NA,NA,NA,NA,NA,NA,NA,NA,NA,NA,NA,NA,2019,1998-05-29,NA,NA,NA,NA
"Jordy Nelson","FA","WR","9118","weighted",NA,NA,NA,NA,NA,NA,0,0,0,0,0,0,0,0,0,0,0,0,0,0,0,0,NA,NA,NA,NA,NA,NA,NA,NA,NA,NA,NA,NA,NA,NA,NA,NA,NA,NA,NA,NA,NA,NA,NA,NA,NA,NA,NA,NA,NA,NA,NA,NA,2008,1985-05-31,NA,NA,NA,NA
"Pierre Garcon","FA","WR","9250","weighted",NA,NA,NA,NA,NA,NA,0,0,0,0,0,0,0,0,0,0,0,0,0,0,0,0,NA,NA,NA,NA,NA,NA,NA,NA,NA,NA,NA,NA,NA,NA,NA,NA,NA,NA,NA,NA,NA,NA,NA,NA,NA,NA,NA,NA,NA,NA,NA,NA,2008,1986-08-08,NA,NA,NA,NA
"Darrius Heyward-Bey","FA","WR","9452","weighted",NA,NA,NA,NA,NA,NA,0,0,0,0,0,0,0,0,0,0,0,0,0,0,0,0,NA,NA,NA,NA,NA,NA,NA,NA,NA,NA,NA,NA,NA,NA,NA,NA,NA,NA,NA,NA,NA,NA,NA,NA,NA,NA,NA,NA,NA,NA,NA,NA,2009,1987-02-26,NA,NA,NA,NA
"Dez Bryant","FA","WR","9823","weighted",NA,NA,NA,NA,NA,NA,0,0,0,0,0,0,0,0,0,0,0,0,0,0,0,0,NA,NA,NA,NA,NA,NA,NA,NA,NA,NA,NA,NA,NA,NA,NA,NA,NA,NA,NA,NA,NA,NA,NA,NA,NA,NA,NA,NA,NA,NA,NA,NA,2010,1988-11-04,"Q","Achilles",2019,0
"Brandon LaFell","FA","WR","9843","weighted",NA,NA,NA,NA,NA,NA,0,0,0,0,0,0,0,0,0,0,0,0,0,0,0,0,NA,NA,NA,NA,NA,NA,NA,NA,NA,NA,NA,NA,NA,NA,NA,NA,NA,NA,NA,NA,NA,NA,NA,NA,NA,NA,NA,NA,NA,NA,NA,NA,2010,1986-11-04,NA,NA,NA,NA
"Dwayne Harris","OAK","WR","10410","weighted",NA,NA,NA,NA,NA,NA,9.47736625514403,14.8492424049175,0,0,0,0,0,0,0,0,0,0,0,0,0,0,NA,NA,NA,NA,NA,NA,NA,NA,NA,NA,NA,NA,NA,NA,NA,NA,NA,NA,NA,NA,NA,NA,NA,NA,NA,NA,NA,NA,NA,NA,NA,NA,2011,1987-09-16,"Q","Foot",2019,0
"Dwayne Harris","FA","WR","10410","weighted",NA,NA,NA,NA,NA,NA,9.47736625514403,14.8492424049175,0,0,0,0,0,0,0,0,0,0,0,0,0,0,NA,NA,NA,NA,NA,NA,NA,NA,NA,NA,NA,NA,NA,NA,NA,NA,NA,NA,NA,NA,NA,NA,NA,NA,NA,NA,NA,NA,NA,NA,NA,NA,2011,1987-09-16,"Q","Foot",2019,0
"Aldrick Robinson","FA","WR","10412","weighted",NA,NA,NA,NA,NA,NA,0,0,0,0,0,0,0,0,0,0,0,0,0,0,0,0,NA,NA,NA,NA,NA,NA,NA,NA,NA,NA,NA,NA,NA,NA,NA,NA,NA,NA,NA,NA,NA,NA,NA,NA,NA,NA,NA,NA,NA,NA,NA,NA,2011,1988-09-24,NA,NA,NA,NA
"Andre Holmes","FA","WR","10674","weighted",NA,NA,NA,NA,NA,NA,0,0,0,0,0,0,0,0,0,0,0,0,0,0,0,0,NA,NA,NA,NA,NA,NA,NA,NA,NA,NA,NA,NA,NA,NA,NA,NA,NA,NA,NA,NA,NA,NA,NA,NA,NA,NA,NA,NA,NA,NA,NA,NA,2011,1988-06-16,NA,NA,NA,NA
"Mike Wallace","FA","WR","9525","weighted",NA,NA,NA,NA,NA,NA,0,0,0,0,0,0,0,0,0,0,0,0,0,0,0,0,NA,NA,NA,NA,NA,NA,NA,NA,NA,NA,NA,NA,NA,NA,NA,NA,NA,NA,NA,NA,NA,NA,NA,NA,NA,NA,NA,NA,NA,NA,NA,NA,2009,1986-08-01,NA,NA,NA,NA
"Doug Baldwin","FA","WR","10527","weighted",NA,NA,NA,NA,NA,NA,0,0,0,0,0,0,0,0,0,0,0,0,0,0,0,0,NA,NA,NA,NA,NA,NA,NA,NA,NA,NA,NA,NA,NA,NA,NA,NA,NA,NA,NA,NA,NA,NA,NA,NA,NA,NA,NA,NA,NA,NA,NA,NA,2011,1988-09-21,NA,NA,NA,NA
"Terrelle Pryor","FA","WR","10500","weighted",NA,NA,NA,NA,NA,NA,0,0,0,0,0,0,0,0,0,0,0,0,0,0,0,0,NA,NA,NA,NA,NA,NA,NA,NA,NA,NA,NA,NA,NA,NA,NA,NA,NA,NA,NA,NA,NA,NA,NA,NA,NA,NA,NA,NA,NA,NA,NA,NA,2011,1989-06-20,"O","Undisclosed",2019,0
"Michael Floyd","FA","WR","10721","weighted",NA,NA,NA,NA,NA,NA,0,0,0,0,0,0,0,0,0,0,0,0,0,0,0,0,NA,NA,NA,NA,NA,NA,NA,NA,NA,NA,NA,NA,NA,NA,NA,NA,NA,NA,NA,NA,NA,NA,NA,NA,NA,NA,NA,NA,NA,NA,NA,NA,2012,1989-11-27,NA,NA,NA,NA
"Brian Quick","FA","WR","10735","weighted",NA,NA,NA,NA,NA,NA,0,0,0,0,0,0,0,0,0,0,0,0,0,0,0,0,NA,NA,NA,NA,NA,NA,NA,NA,NA,NA,NA,NA,NA,NA,NA,NA,NA,NA,NA,NA,NA,NA,NA,NA,NA,NA,NA,NA,NA,NA,NA,NA,2012,1989-06-05,NA,NA,NA,NA
"Rod Streater","FA","WR","10955","weighted",NA,NA,NA,NA,NA,NA,0,0,0,0,0,0,0,0,0,0,0,0,0,0,0,0,NA,NA,NA,NA,NA,NA,NA,NA,NA,NA,NA,NA,NA,NA,NA,NA,NA,NA,NA,NA,NA,NA,NA,NA,NA,NA,NA,NA,NA,NA,NA,NA,2012,1988-02-09,NA,NA,NA,NA
"Brittan Golden","NYG","WR","11570","weighted",NA,NA,NA,NA,NA,NA,0,0,0,0,0,0,0,0,0,0,0,0,0,0,0,0,NA,NA,NA,NA,NA,NA,NA,NA,NA,NA,NA,NA,NA,NA,NA,NA,NA,NA,NA,NA,NA,NA,NA,NA,NA,NA,NA,NA,NA,NA,NA,NA,2012,1988-07-20,NA,NA,NA,NA
"Terrance Williams","FA","WR","11211","weighted",NA,NA,NA,NA,NA,NA,0,0,0,0,0,0,0,0,0,0,0,0,0,0,0,0,NA,NA,NA,NA,NA,NA,NA,NA,NA,NA,NA,NA,NA,NA,NA,NA,NA,NA,NA,NA,NA,NA,NA,NA,NA,NA,NA,NA,NA,NA,NA,NA,2013,1989-09-18,NA,NA,NA,NA
"Justin Hunter","FA","WR","11212","weighted",NA,NA,NA,NA,NA,NA,0,0,0,0,0,0,0,0,0,0,0,0,0,0,0,0,NA,NA,NA,NA,NA,NA,NA,NA,NA,NA,NA,NA,NA,NA,NA,NA,NA,NA,NA,NA,NA,NA,NA,NA,NA,NA,NA,NA,NA,NA,NA,NA,2013,1991-05-20,NA,NA,NA,NA
"Nick Williams","SF","WR","11600","weighted",NA,NA,NA,NA,NA,NA,0,0,0,0,0,0,0,0,0,0,0,0,0,0,0,0,NA,NA,NA,NA,NA,NA,NA,NA,NA,NA,NA,NA,NA,NA,NA,NA,NA,NA,NA,NA,NA,NA,NA,NA,NA,NA,NA,NA,NA,NA,NA,NA,2013,1990-11-23,NA,NA,NA,NA
"Charles Johnson","PHI","WR","11409","weighted",NA,NA,NA,NA,NA,NA,0,0,0,0,0,0,0,0,0,0,0,0,0,0,0,0,NA,NA,NA,NA,NA,NA,NA,NA,NA,NA,NA,NA,NA,NA,NA,NA,NA,NA,NA,NA,NA,NA,NA,NA,NA,NA,NA,NA,NA,NA,NA,NA,2013,1989-02-27,NA,NA,NA,NA
"Brice Butler","FA","WR","11406","weighted",NA,NA,NA,NA,NA,NA,0,0,0,0,0,0,0,0,0,0,0,0,0,0,0,0,NA,NA,NA,NA,NA,NA,NA,NA,NA,NA,NA,NA,NA,NA,NA,NA,NA,NA,NA,NA,NA,NA,NA,NA,NA,NA,NA,NA,NA,NA,NA,NA,2013,1990-01-29,NA,NA,NA,NA
"Rashad Ross","FA","WR","12038","weighted",NA,NA,NA,NA,NA,NA,0,0,0,0,0,0,0,0,0,0,0,0,0,0,0,0,NA,NA,NA,NA,NA,NA,NA,NA,NA,NA,NA,NA,NA,NA,NA,NA,NA,NA,NA,NA,NA,NA,NA,NA,NA,NA,NA,NA,NA,NA,NA,NA,2013,1990-02-02,NA,NA,NA,NA
"Kelvin Benjamin","FA","WR","11673","weighted",NA,NA,NA,NA,NA,NA,0,0,0,0,0,0,0,0,0,0,0,0,0,0,0,0,NA,NA,NA,NA,NA,NA,NA,NA,NA,NA,NA,NA,NA,NA,NA,NA,NA,NA,NA,NA,NA,NA,NA,NA,NA,NA,NA,NA,NA,NA,NA,NA,2014,1991-02-05,NA,NA,NA,NA
"Martavis Bryant","FA","WR","11688","weighted",NA,NA,NA,NA,NA,NA,0,0,0,0,0,0,0,0,0,0,0,0,0,0,0,0,NA,NA,NA,NA,NA,NA,NA,NA,NA,NA,NA,NA,NA,NA,NA,NA,NA,NA,NA,NA,NA,NA,NA,NA,NA,NA,NA,NA,NA,NA,NA,NA,2014,1991-12-20,"S","Suspension",2019,0
"Bruce Ellington","FA","WR","11689","weighted",NA,NA,NA,NA,NA,NA,0,0,0,0,0,0,0,0,0,0,0,0,0,0,0,0,NA,NA,NA,NA,NA,NA,NA,NA,NA,NA,NA,NA,NA,NA,NA,NA,NA,NA,NA,NA,NA,NA,NA,NA,NA,NA,NA,NA,NA,NA,NA,NA,2014,1991-08-22,"Q","Undisclosed",2019,0
"James Wright","FA","WR","11874","weighted",NA,NA,NA,NA,NA,NA,0,0,0,0,0,0,0,0,0,0,0,0,0,0,0,0,NA,NA,NA,NA,NA,NA,NA,NA,NA,NA,NA,NA,NA,NA,NA,NA,NA,NA,NA,NA,NA,NA,NA,NA,NA,NA,NA,NA,NA,NA,NA,NA,2014,1991-12-31,NA,NA,NA,NA
"Michael Campanaro","FA","WR","11857","weighted",NA,NA,NA,NA,NA,NA,0,0,0,0,0,0,0,0,0,0,0,0,0,0,0,0,NA,NA,NA,NA,NA,NA,NA,NA,NA,NA,NA,NA,NA,NA,NA,NA,NA,NA,NA,NA,NA,NA,NA,NA,NA,NA,NA,NA,NA,NA,NA,NA,2014,1991-01-25,NA,NA,NA,NA
"Rashad Greene","FA","WR","12183","weighted",NA,NA,NA,NA,NA,NA,0,0,0,0,0,0,0,0,0,0,0,0,0,0,0,0,NA,NA,NA,NA,NA,NA,NA,NA,NA,NA,NA,NA,NA,NA,NA,NA,NA,NA,NA,NA,NA,NA,NA,NA,NA,NA,NA,NA,NA,NA,NA,NA,2015,1992-09-23,NA,NA,NA,NA
"Tre McBride","JAC","WR","12260","weighted",NA,NA,NA,NA,NA,NA,0,0,0,0,0,0,0,0,0,0,0,0,0,0,0,0,NA,NA,NA,NA,NA,NA,NA,NA,NA,NA,NA,NA,NA,NA,NA,NA,NA,NA,NA,NA,NA,NA,NA,NA,NA,NA,NA,NA,NA,NA,NA,NA,2015,1992-12-01,NA,NA,NA,NA
"Jaelen Strong","FA","WR","12179","weighted",NA,NA,NA,NA,NA,NA,0,0,0,0,0,0,0,0,0,0,0,0,0,0,0,0,NA,NA,NA,NA,NA,NA,NA,NA,NA,NA,NA,NA,NA,NA,NA,NA,NA,NA,NA,NA,NA,NA,NA,NA,NA,NA,NA,NA,NA,NA,NA,NA,2015,1994-01-25,NA,NA,NA,NA
"Sammie Coates","FA","WR","12178","weighted",NA,NA,NA,NA,NA,NA,0,0,0,0,0,0,0,0,0,0,0,0,0,0,0,0,NA,NA,NA,NA,NA,NA,NA,NA,NA,NA,NA,NA,NA,NA,NA,NA,NA,NA,NA,NA,NA,NA,NA,NA,NA,NA,NA,NA,NA,NA,NA,NA,2015,1993-03-31,NA,NA,NA,NA
"Kevin White","FA","WR","12177","weighted",NA,NA,NA,NA,NA,NA,0,0,0,0,0,0,0,0,0,0,0,0,0,0,0,0,NA,NA,NA,NA,NA,NA,NA,NA,NA,NA,NA,NA,NA,NA,NA,NA,NA,NA,NA,NA,NA,NA,NA,NA,NA,NA,NA,NA,NA,NA,NA,NA,2015,1993-06-25,NA,NA,NA,NA
"Lucky Whitehead","FA","WR","12439","weighted",NA,NA,NA,NA,NA,NA,0,0,0,0,0,0,0,0,0,0,0,0,0,0,0,0,NA,NA,NA,NA,NA,NA,NA,NA,NA,NA,NA,NA,NA,NA,NA,NA,NA,NA,NA,NA,NA,NA,NA,NA,NA,NA,NA,NA,NA,NA,NA,NA,NA,NA,NA,NA,NA,NA
"Leonte Carroo","FA","WR","12655","weighted",NA,NA,NA,NA,NA,NA,0,0,0,0,0,0,0,0,0,0,0,0,0,0,0,0,NA,NA,NA,NA,NA,NA,NA,NA,NA,NA,NA,NA,NA,NA,NA,NA,NA,NA,NA,NA,NA,NA,NA,NA,NA,NA,NA,NA,NA,NA,NA,NA,2016,1994-01-24,NA,NA,NA,NA
"Aaron Burbridge","FA","WR","12662","weighted",NA,NA,NA,NA,NA,NA,0,0,0,0,0,0,0,0,0,0,0,0,0,0,0,0,NA,NA,NA,NA,NA,NA,NA,NA,NA,NA,NA,NA,NA,NA,NA,NA,NA,NA,NA,NA,NA,NA,NA,NA,NA,NA,NA,NA,NA,NA,NA,NA,2016,1993-12-23,NA,NA,NA,NA
"Mose Frazier","CAR","WR","12918","weighted",NA,NA,NA,NA,NA,NA,0,0,0,0,0,0,0,0,0,0,0,0,0,0,0,0,NA,NA,NA,NA,NA,NA,NA,NA,NA,NA,NA,NA,NA,NA,NA,NA,NA,NA,NA,NA,NA,NA,NA,NA,NA,NA,NA,NA,NA,NA,NA,NA,2016,1970-01-01,NA,NA,NA,NA
"Andy Jones","FA","WR","12873","weighted",NA,NA,NA,NA,NA,NA,0,0,0,0,0,0,0,0,0,0,0,0,0,0,0,0,NA,NA,NA,NA,NA,NA,NA,NA,NA,NA,NA,NA,NA,NA,NA,NA,NA,NA,NA,NA,NA,NA,NA,NA,NA,NA,NA,NA,NA,NA,NA,NA,2016,NA,NA,NA,NA,NA
"Roger Lewis","IND","WR","12649","weighted",NA,NA,NA,NA,NA,NA,0,0,0,0,0,0,0,0,0,0,0,0,0,0,0,0,NA,NA,NA,NA,NA,NA,NA,NA,NA,NA,NA,NA,NA,NA,NA,NA,NA,NA,NA,NA,NA,NA,NA,NA,NA,NA,NA,NA,NA,NA,NA,NA,2016,1993-11-27,NA,NA,NA,NA
"Jalin Marshall","FA","WR","12653","weighted",NA,NA,NA,NA,NA,NA,0,0,0,0,0,0,0,0,0,0,0,0,0,0,0,0,NA,NA,NA,NA,NA,NA,NA,NA,NA,NA,NA,NA,NA,NA,NA,NA,NA,NA,NA,NA,NA,NA,NA,NA,NA,NA,NA,NA,NA,NA,NA,NA,2016,NA,NA,NA,NA,NA
"Tanner McEvoy","TEN","WR","12949","weighted",NA,NA,NA,NA,NA,NA,0,0,0,0,0,0,0,0,0,0,0,0,0,0,0,0,NA,NA,NA,NA,NA,NA,NA,NA,NA,NA,NA,NA,NA,NA,NA,NA,NA,NA,NA,NA,NA,NA,NA,NA,NA,NA,NA,NA,NA,NA,NA,NA,2016,1993-01-26,NA,NA,NA,NA
"Alonzo Russell","NYG","WR","14193","weighted",NA,NA,NA,NA,NA,NA,0,0,0,0,0,0,0,0,0,0,0,0,0,0,0,0,NA,NA,NA,NA,NA,NA,NA,NA,NA,NA,NA,NA,NA,NA,NA,NA,NA,NA,NA,NA,NA,NA,NA,NA,NA,NA,NA,NA,NA,NA,NA,NA,2018,1970-01-01,NA,NA,NA,NA
"Tommylee Lewis","FA","WR","12921","weighted",NA,NA,NA,NA,NA,NA,0,0,0,0,0,0,0,0,0,0,0,0,0,0,0,0,NA,NA,NA,NA,NA,NA,NA,NA,NA,NA,NA,NA,NA,NA,NA,NA,NA,NA,NA,NA,NA,NA,NA,NA,NA,NA,NA,NA,NA,NA,NA,NA,2016,1992-10-24,NA,NA,NA,NA
"Hunter Sharp","FA","WR","12884","weighted",NA,NA,NA,NA,NA,NA,0,0,0,0,0,0,0,0,0,0,0,0,0,0,0,0,NA,NA,NA,NA,NA,NA,NA,NA,NA,NA,NA,NA,NA,NA,NA,NA,NA,NA,NA,NA,NA,NA,NA,NA,NA,NA,NA,NA,NA,NA,NA,NA,2016,1994-04-25,NA,NA,NA,NA
"Johnny Holton","FA","WR","12916","weighted",NA,NA,NA,NA,NA,NA,0,0,0,0,0,0,0,0,0,0,0,0,0,0,0,0,NA,NA,NA,NA,NA,NA,NA,NA,NA,NA,NA,NA,NA,NA,NA,NA,NA,NA,NA,NA,NA,NA,NA,NA,NA,NA,NA,NA,NA,NA,NA,NA,2016,1991-08-22,NA,NA,NA,NA
"Max McCaffrey","SF","WR","12900","weighted",NA,NA,NA,NA,NA,NA,0,0,0,0,0,0,0,0,0,0,0,0,0,0,0,0,NA,NA,NA,NA,NA,NA,NA,NA,NA,NA,NA,NA,NA,NA,NA,NA,NA,NA,NA,NA,NA,NA,NA,NA,NA,NA,NA,NA,NA,NA,NA,NA,2016,1994-05-17,NA,NA,NA,NA
"Duke Williams","FA","WR","12667","weighted",NA,NA,NA,NA,NA,NA,0,0,0,0,0,0,0,0,0,0,0,0,0,0,0,0,NA,NA,NA,NA,NA,NA,NA,NA,NA,NA,NA,NA,NA,NA,NA,NA,NA,NA,NA,NA,NA,NA,NA,NA,NA,NA,NA,NA,NA,NA,NA,NA,2016,1993-05-13,NA,NA,NA,NA
"Duke Williams","BUF","WR","12667","weighted",NA,NA,NA,NA,NA,NA,0,0,0,0,0,0,0,0,0,0,0,0,0,0,0,0,NA,NA,NA,NA,NA,NA,NA,NA,NA,NA,NA,NA,NA,NA,NA,NA,NA,NA,NA,NA,NA,NA,NA,NA,NA,NA,NA,NA,NA,NA,NA,NA,2016,1993-05-13,NA,NA,NA,NA
"Stacy Coley","FA","WR","13177","weighted",NA,NA,NA,NA,NA,NA,0,0,0,0,0,0,0,0,0,0,0,0,0,0,0,0,NA,NA,NA,NA,NA,NA,NA,NA,NA,NA,NA,NA,NA,NA,NA,NA,NA,NA,NA,NA,NA,NA,NA,NA,NA,NA,NA,NA,NA,NA,NA,NA,2017,NA,NA,NA,NA,NA
"Carlos Henderson","FA","WR","13171","weighted",NA,NA,NA,NA,NA,NA,0,0,0,0,0,0,0,0,0,0,0,0,0,0,0,0,NA,NA,NA,NA,NA,NA,NA,NA,NA,NA,NA,NA,NA,NA,NA,NA,NA,NA,NA,NA,NA,NA,NA,NA,NA,NA,NA,NA,NA,NA,NA,NA,2017,1994-12-19,NA,NA,NA,NA
"DeAngelo Yancey","TEN","WR","13187","weighted",NA,NA,NA,NA,NA,NA,0,0,0,0,0,0,0,0,0,0,0,0,0,0,0,0,NA,NA,NA,NA,NA,NA,NA,NA,NA,NA,NA,NA,NA,NA,NA,NA,NA,NA,NA,NA,NA,NA,NA,NA,NA,NA,NA,NA,NA,NA,NA,NA,2017,1994-11-18,NA,NA,NA,NA
"Rodney Adams","FA","WR","13312","weighted",NA,NA,NA,NA,NA,NA,0,NA,0,NA,0,NA,NA,NA,NA,NA,0,NA,0,NA,0,NA,NA,NA,NA,NA,NA,NA,NA,NA,NA,NA,NA,NA,NA,NA,NA,NA,NA,NA,NA,NA,NA,NA,NA,NA,NA,NA,NA,NA,NA,NA,NA,NA,2017,1994-09-15,NA,NA,NA,NA
"Malachi Dupre","LAC","WR","13160","weighted",NA,NA,NA,NA,NA,NA,0,0,0,0,0,0,0,0,0,0,0,0,0,0,0,0,NA,NA,NA,NA,NA,NA,NA,NA,NA,NA,NA,NA,NA,NA,NA,NA,NA,NA,NA,NA,NA,NA,NA,NA,NA,NA,NA,NA,NA,NA,NA,NA,2017,1995-10-12,NA,NA,NA,NA
"ArDarius Stewart","FA","WR","13173","weighted",NA,NA,NA,NA,NA,NA,0,0,0,0,0,0,0,0,0,0,0,0,0,0,0,0,NA,NA,NA,NA,NA,NA,NA,NA,NA,NA,NA,NA,NA,NA,NA,NA,NA,NA,NA,NA,NA,NA,NA,NA,NA,NA,NA,NA,NA,NA,NA,NA,2017,NA,NA,NA,NA,NA
"Quincy Adeboyejo","NYJ","WR","13406","weighted",NA,NA,NA,NA,NA,NA,0,0,0,0,0,0,0,0,0,0,0,0,0,0,0,0,NA,NA,NA,NA,NA,NA,NA,NA,NA,NA,NA,NA,NA,NA,NA,NA,NA,NA,NA,NA,NA,NA,NA,NA,NA,NA,NA,NA,NA,NA,NA,NA,NA,NA,NA,NA,NA,NA
"Quincy Adeboyejo","NE","WR","13406","weighted",NA,NA,NA,NA,NA,NA,0,0,0,0,0,0,0,0,0,0,0,0,0,0,0,0,NA,NA,NA,NA,NA,NA,NA,NA,NA,NA,NA,NA,NA,NA,NA,NA,NA,NA,NA,NA,NA,NA,NA,NA,NA,NA,NA,NA,NA,NA,NA,NA,NA,NA,NA,NA,NA,NA
"Marcus Kemp","KC","WR","13503","weighted",NA,NA,NA,NA,NA,NA,0,0,0,0,0,0,0,0,0,0,0,0,0,0,0,0,NA,NA,NA,NA,NA,NA,NA,NA,NA,NA,NA,NA,NA,NA,NA,NA,NA,NA,NA,NA,NA,NA,NA,NA,NA,NA,NA,NA,NA,NA,NA,NA,2017,1995-08-14,"Q","Knee",2019,0
"Marcus Kemp","FA","WR","13503","weighted",NA,NA,NA,NA,NA,NA,0,0,0,0,0,0,0,0,0,0,0,0,0,0,0,0,NA,NA,NA,NA,NA,NA,NA,NA,NA,NA,NA,NA,NA,NA,NA,NA,NA,NA,NA,NA,NA,NA,NA,NA,NA,NA,NA,NA,NA,NA,NA,NA,2017,1995-08-14,"Q","Knee",2019,0
"Carlton Agudosi","PHI","WR","13538","weighted",NA,NA,NA,NA,NA,NA,0,0,0,0,0,0,0,0,0,0,0,0,0,0,0,0,NA,NA,NA,NA,NA,NA,NA,NA,NA,NA,NA,NA,NA,NA,NA,NA,NA,NA,NA,NA,NA,NA,NA,NA,NA,NA,NA,NA,NA,NA,NA,NA,2017,1994-02-01,NA,NA,NA,NA
"Tanner Gentry","CHI","WR","13372","weighted",NA,NA,NA,NA,NA,NA,0,0,0,0,0,0,0,0,0,0,0,0,0,0,0,0,NA,NA,NA,NA,NA,NA,NA,NA,NA,NA,NA,NA,NA,NA,NA,NA,NA,NA,NA,NA,NA,NA,NA,NA,NA,NA,NA,NA,NA,NA,NA,NA,2017,NA,NA,NA,NA,NA
"Riley McCarron","FA","WR","13420","weighted",NA,NA,NA,NA,NA,NA,0,0,0,0,0,0,0,0,0,0,0,0,0,0,0,0,NA,NA,NA,NA,NA,NA,NA,NA,NA,NA,NA,NA,NA,NA,NA,NA,NA,NA,NA,NA,NA,NA,NA,NA,NA,NA,NA,NA,NA,NA,NA,NA,2017,1993-06-16,NA,NA,NA,NA
"Lance Lenoir","DAL","WR","13390","weighted",NA,NA,NA,NA,NA,NA,0,0,0,0,0,0,0,0,0,0,0,0,0,0,0,0,NA,NA,NA,NA,NA,NA,NA,NA,NA,NA,NA,NA,NA,NA,NA,NA,NA,NA,NA,NA,NA,NA,NA,NA,NA,NA,NA,NA,NA,NA,NA,NA,2017,1995-02-09,NA,NA,NA,NA
"Cam Phillips","BUF","WR","13655","weighted",NA,NA,NA,NA,NA,NA,0,0,0,0,0,0,0,0,0,0,0,0,0,0,0,0,NA,NA,NA,NA,NA,NA,NA,NA,NA,NA,NA,NA,NA,NA,NA,NA,NA,NA,NA,NA,NA,NA,NA,NA,NA,NA,NA,NA,NA,NA,NA,NA,2018,1995-12-16,NA,NA,NA,NA
"Jester Weah","HOU","WR","13656","weighted",NA,NA,NA,NA,NA,NA,0,0,0,0,0,0,0,0,0,0,0,0,0,0,0,0,NA,NA,NA,NA,NA,NA,NA,NA,NA,NA,NA,NA,NA,NA,NA,NA,NA,NA,NA,NA,NA,NA,NA,NA,NA,NA,NA,NA,NA,NA,NA,NA,2018,1995-02-07,NA,NA,NA,NA
"Jester Weah","WAS","WR","13656","weighted",NA,NA,NA,NA,NA,NA,0,0,0,0,0,0,0,0,0,0,0,0,0,0,0,0,NA,NA,NA,NA,NA,NA,NA,NA,NA,NA,NA,NA,NA,NA,NA,NA,NA,NA,NA,NA,NA,NA,NA,NA,NA,NA,NA,NA,NA,NA,NA,NA,2018,1995-02-07,NA,NA,NA,NA
"Simmie Cobbs","FA","WR","13643","weighted",NA,NA,NA,NA,NA,NA,0,0,0,0,0,0,0,0,0,0,0,0,0,0,0,0,NA,NA,NA,NA,NA,NA,NA,NA,NA,NA,NA,NA,NA,NA,NA,NA,NA,NA,NA,NA,NA,NA,NA,NA,NA,NA,NA,NA,NA,NA,NA,NA,2018,NA,NA,NA,NA,NA
"Austin Proehl","FA","WR","13650","weighted",NA,NA,NA,NA,NA,NA,0,0,0,0,0,0,0,0,0,0,0,0,0,0,0,0,NA,NA,NA,NA,NA,NA,NA,NA,NA,NA,NA,NA,NA,NA,NA,NA,NA,NA,NA,NA,NA,NA,NA,NA,NA,NA,NA,NA,NA,NA,NA,NA,2018,1996-06-17,NA,NA,NA,NA
"Jawill Davis","FA","WR","13969","weighted",NA,NA,NA,NA,NA,NA,0,0,0,0,0,0,0,0,0,0,0,0,0,0,0,0,NA,NA,NA,NA,NA,NA,NA,NA,NA,NA,NA,NA,NA,NA,NA,NA,NA,NA,NA,NA,NA,NA,NA,NA,NA,NA,NA,NA,NA,NA,NA,NA,2018,1970-01-01,NA,NA,NA,NA
"J.J. Jones","FA","WR","13905","weighted",NA,NA,NA,NA,NA,NA,0,0,0,0,0,0,0,0,0,0,0,0,0,0,0,0,NA,NA,NA,NA,NA,NA,NA,NA,NA,NA,NA,NA,NA,NA,NA,NA,NA,NA,NA,NA,NA,NA,NA,NA,NA,NA,NA,NA,NA,NA,NA,NA,2018,1970-01-01,NA,NA,NA,NA
"Cameron Batson","TEN","WR","13912","weighted",NA,NA,NA,NA,NA,NA,0,0,0,0,0,0,0,0,0,0,0,0,0,0,0,0,NA,NA,NA,NA,NA,NA,NA,NA,NA,NA,NA,NA,NA,NA,NA,NA,NA,NA,NA,NA,NA,NA,NA,NA,NA,NA,NA,NA,NA,NA,NA,NA,2018,1970-01-01,NA,NA,NA,NA
"Malik Turner","SEA","WR","13669","weighted",NA,NA,NA,NA,NA,NA,0,0,0,0,0,0,0,0,0,0,0,0,0,0,0,0,NA,NA,NA,NA,NA,NA,NA,NA,NA,NA,NA,NA,NA,NA,NA,NA,NA,NA,NA,NA,NA,NA,NA,NA,NA,NA,NA,NA,NA,NA,NA,NA,2018,1970-01-01,NA,NA,NA,NA
"Malik Turner","FA","WR","13669","weighted",NA,NA,NA,NA,NA,NA,0,0,0,0,0,0,0,0,0,0,0,0,0,0,0,0,NA,NA,NA,NA,NA,NA,NA,NA,NA,NA,NA,NA,NA,NA,NA,NA,NA,NA,NA,NA,NA,NA,NA,NA,NA,NA,NA,NA,NA,NA,NA,NA,2018,1970-01-01,NA,NA,NA,NA
"Tyre Brady","JAC","WR","14128","weighted",NA,NA,NA,NA,NA,NA,0,0,0,0,0,0,0,0,0,0,0,0,0,0,0,0,NA,NA,NA,NA,NA,NA,NA,NA,NA,NA,NA,NA,NA,NA,NA,NA,NA,NA,NA,NA,NA,NA,NA,NA,NA,NA,NA,NA,NA,NA,NA,NA,2019,1970-01-01,NA,NA,NA,NA
"Emanuel Hall","FA","WR","14115","weighted",NA,NA,NA,NA,NA,NA,0,0,0,0,0,0,0,0,0,0,0,0,0,0,0,0,NA,NA,NA,NA,NA,NA,NA,NA,NA,NA,NA,NA,NA,NA,NA,NA,NA,NA,NA,NA,NA,NA,NA,NA,NA,NA,NA,NA,NA,NA,NA,NA,2019,NA,"O","Achilles",2019,0
"Emanuel Hall","WAS","WR","14115","weighted",NA,NA,NA,NA,NA,NA,0,0,0,0,0,0,0,0,0,0,0,0,0,0,0,0,NA,NA,NA,NA,NA,NA,NA,NA,NA,NA,NA,NA,NA,NA,NA,NA,NA,NA,NA,NA,NA,NA,NA,NA,NA,NA,NA,NA,NA,NA,NA,NA,2019,NA,"O","Achilles",2019,0
"Emmanuel Butler","FA","WR","14313","weighted",NA,NA,NA,NA,NA,NA,0,NA,0,NA,0,NA,0,NA,0,NA,0,NA,0,NA,0,NA,NA,NA,NA,NA,NA,NA,NA,NA,NA,NA,NA,NA,NA,NA,NA,NA,NA,NA,NA,NA,NA,NA,NA,NA,NA,NA,NA,NA,NA,NA,NA,NA,2019,1970-01-01,NA,NA,NA,NA
"Emmanuel Butler","NO","WR","14313","weighted",NA,NA,NA,NA,NA,NA,0,NA,0,NA,0,NA,0,NA,0,NA,0,NA,0,NA,0,NA,NA,NA,NA,NA,NA,NA,NA,NA,NA,NA,NA,NA,NA,NA,NA,NA,NA,NA,NA,NA,NA,NA,NA,NA,NA,NA,NA,NA,NA,NA,NA,NA,2019,1970-01-01,NA,NA,NA,NA
"Antoine Wesley","BAL","WR","14130","weighted",NA,NA,NA,NA,NA,NA,0,0,0,0,0,0,0,0,0,0,0,0,0,0,0,0,NA,NA,NA,NA,NA,NA,NA,NA,NA,NA,NA,NA,NA,NA,NA,NA,NA,NA,NA,NA,NA,NA,NA,NA,NA,NA,NA,NA,NA,NA,NA,NA,2019,1970-01-01,NA,NA,NA,NA
"Dillon Mitchell","FA","WR","14129","weighted",NA,NA,NA,NA,NA,NA,0,NA,0,NA,0,NA,0,NA,0,NA,0,NA,0,NA,0,NA,NA,NA,NA,NA,NA,NA,NA,NA,NA,NA,NA,NA,NA,NA,NA,NA,NA,NA,NA,NA,NA,NA,NA,NA,NA,NA,NA,NA,NA,NA,NA,NA,2019,NA,NA,NA,NA,NA
"Dillon Mitchell","MIN","WR","14129","weighted",NA,NA,NA,NA,NA,NA,0,NA,0,NA,0,NA,0,NA,0,NA,0,NA,0,NA,0,NA,NA,NA,NA,NA,NA,NA,NA,NA,NA,NA,NA,NA,NA,NA,NA,NA,NA,NA,NA,NA,NA,NA,NA,NA,NA,NA,NA,NA,NA,NA,NA,NA,2019,NA,NA,NA,NA,NA
"Penny Hart","IND","WR","14316","weighted",NA,NA,NA,NA,NA,NA,0,0,0,0,0,0,0,0,0,0,0,0,0,0,0,0,NA,NA,NA,NA,NA,NA,NA,NA,NA,NA,NA,NA,NA,NA,NA,NA,NA,NA,NA,NA,NA,NA,NA,NA,NA,NA,NA,NA,NA,NA,NA,NA,2019,1970-01-01,NA,NA,NA,NA
"Penny Hart","SEA","WR","14316","weighted",NA,NA,NA,NA,NA,NA,0,0,0,0,0,0,0,0,0,0,0,0,0,0,0,0,NA,NA,NA,NA,NA,NA,NA,NA,NA,NA,NA,NA,NA,NA,NA,NA,NA,NA,NA,NA,NA,NA,NA,NA,NA,NA,NA,NA,NA,NA,NA,NA,2019,1970-01-01,NA,NA,NA,NA
"Marcus Green","ATL","WR","14277","weighted",NA,NA,NA,NA,NA,NA,0,NA,0,NA,0,NA,0,NA,0,NA,0,NA,0,NA,0,NA,NA,NA,NA,NA,NA,NA,NA,NA,NA,NA,NA,NA,NA,NA,NA,NA,NA,NA,NA,NA,NA,NA,NA,NA,NA,NA,NA,NA,NA,NA,NA,NA,2019,1970-01-01,NA,NA,NA,NA
"Marcus Green","PHI","WR","14277","weighted",NA,NA,NA,NA,NA,NA,0,NA,0,NA,0,NA,0,NA,0,NA,0,NA,0,NA,0,NA,NA,NA,NA,NA,NA,NA,NA,NA,NA,NA,NA,NA,NA,NA,NA,NA,NA,NA,NA,NA,NA,NA,NA,NA,NA,NA,NA,NA,NA,NA,NA,NA,2019,1970-01-01,NA,NA,NA,NA
"Travis Kelce","KC","TE","11244","weighted",NA,NA,NA,NA,NA,NA,0.682656595431098,0.755938493923277,0.00244104642593957,0.00325119255771368,0.562269712601327,0.286891442503035,1,0,0,0,97.9985482682388,4.39954772317792,1231.42611274871,65.4369788804313,9.16011039524098,0.808670906730723,NA,NA,NA,NA,NA,NA,NA,NA,NA,NA,NA,NA,NA,NA,NA,NA,NA,NA,NA,NA,NA,NA,NA,NA,NA,NA,NA,NA,NA,NA,NA,NA,2013,1989-10-05,NA,NA,NA,NA
"George Kittle","SF","TE","13299","weighted",NA,NA,NA,NA,NA,NA,3.1769393269467,2.75635845741743,0.01614468189634,0.0153609767258804,0.538074183247359,0.283672515390875,1,0,0,0,88.1392368787358,6.0405613332027,1168.29473102432,71.6505333404011,7.2086328566903,0.904223965155582,NA,NA,NA,NA,NA,NA,NA,NA,NA,NA,NA,NA,NA,NA,NA,NA,NA,NA,NA,NA,NA,NA,NA,NA,NA,NA,NA,NA,NA,NA,NA,NA,2017,1993-10-09,NA,NA,NA,NA
"Zach Ertz","PHI","TE","11247","weighted",NA,NA,NA,NA,NA,NA,0.235913780397937,0.43214787874501,0,0,0.538074183247359,0.283672515390875,1,0,0,0,91.468520429051,8.18938793492456,949.730991156964,99.8048419854409,7.05657736588102,0.904101026444003,NA,NA,NA,NA,NA,NA,NA,NA,NA,NA,NA,NA,NA,NA,NA,NA,NA,NA,NA,NA,NA,NA,NA,NA,NA,NA,NA,NA,NA,NA,NA,NA,2013,1990-11-10,NA,NA,NA,NA
"Darren Waller","OAK","TE","12263","weighted",NA,NA,NA,NA,NA,NA,5.32518993710692,4.76776093213814,0.0388679245283019,0.0309151100472763,0.383538784067086,0.340004798475756,0,0,0,0,56.0928343815514,20.7562586686528,653.487547169811,291.291033541485,3.7816645447303,1.39439270648595,NA,NA,NA,NA,NA,NA,NA,NA,NA,NA,NA,NA,NA,NA,NA,NA,NA,NA,NA,NA,NA,NA,NA,NA,NA,NA,NA,NA,NA,NA,NA,NA,2015,1992-09-13,NA,NA,NA,NA
"Darren Waller","LVR","TE","12263","weighted",NA,NA,NA,NA,NA,NA,5.32518993710692,4.76776093213814,0.0388679245283019,0.0309151100472763,0.383538784067086,0.340004798475756,0,0,0,0,56.0928343815514,20.7562586686528,653.487547169811,291.291033541485,3.7816645447303,1.39439270648595,NA,NA,NA,NA,NA,NA,NA,NA,NA,NA,NA,NA,NA,NA,NA,NA,NA,NA,NA,NA,NA,NA,NA,NA,NA,NA,NA,NA,NA,NA,NA,NA,2015,1992-09-13,NA,NA,NA,NA
"Evan Engram","NYG","TE","13189","weighted",NA,NA,NA,NA,NA,NA,12.2356656841071,11.375237478195,0.0610261606484893,0.0812798139428419,0.379502579218865,0.31109811190938,1,0,0,0,68.7621292884631,2.21761116940229,829.530799557848,65.4102604524045,5.80557786405241,0.826236923188928,NA,NA,NA,NA,NA,NA,NA,NA,NA,NA,NA,NA,NA,NA,NA,NA,NA,NA,NA,NA,NA,NA,NA,NA,NA,NA,NA,NA,NA,NA,NA,NA,2017,1994-09-02,NA,NA,NA,NA
"Mark Andrews","BAL","TE","13671","weighted",NA,NA,NA,NA,NA,NA,0.674823139277819,1.2361439322241,0,0,0.562269712601327,0.286891442503035,0,0,0,0,57.247156718251,11.4957545915733,712.97888725129,148.752495962212,5.90684902707595,2.29555419112394,NA,NA,NA,NA,NA,NA,NA,NA,NA,NA,NA,NA,NA,NA,NA,NA,NA,NA,NA,NA,NA,NA,NA,NA,NA,NA,NA,NA,NA,NA,NA,NA,2018,1995-09-06,NA,NA,NA,NA
"Jared Cook","NO","TE","9474","weighted",NA,NA,NA,NA,NA,NA,0.242721692425737,0.420748892032489,0,0,0.388441302203223,0.29875268662999,0,0,0,0,56.4978451167379,6.59436758818196,746.642966129563,81.8862041071428,5.89026812659256,1.45240001520804,NA,NA,NA,NA,NA,NA,NA,NA,NA,NA,NA,NA,NA,NA,NA,NA,NA,NA,NA,NA,NA,NA,NA,NA,NA,NA,NA,NA,NA,NA,NA,NA,2009,1987-04-07,NA,NA,NA,NA
"Rob Gronkowski","FA","TE","9902","weighted",NA,NA,NA,NA,NA,NA,0,0,0,0,0.507012296444001,0.33510516324802,0,0,0,0,39.7173213692257,22.8772507316751,572.047447657029,353.494501405362,4.06317381189764,2.78271665230713,NA,NA,NA,NA,NA,NA,NA,NA,NA,NA,NA,NA,NA,NA,NA,NA,NA,NA,NA,NA,NA,NA,NA,NA,NA,NA,NA,NA,NA,NA,NA,NA,2010,1989-05-14,NA,NA,NA,NA
"Rob Gronkowski","TB","TE","9902","weighted",NA,NA,NA,NA,NA,NA,0,0,0,0,0.507012296444001,0.33510516324802,0,0,0,0,39.7173213692257,22.8772507316751,572.047447657029,353.494501405362,4.06317381189764,2.78271665230713,NA,NA,NA,NA,NA,NA,NA,NA,NA,NA,NA,NA,NA,NA,NA,NA,NA,NA,NA,NA,NA,NA,NA,NA,NA,NA,NA,NA,NA,NA,NA,NA,2010,1989-05-14,NA,NA,NA,NA
"O.J. Howard","TB","TE","13188","weighted",NA,NA,NA,NA,NA,NA,0.258357119368629,0.414116811789809,0,0,0.722574810917461,0.357128193652802,0,0,0,0,47.285021009171,12.6545281846988,691.035695494903,178.911397462481,5.52108754862346,2.00951796113497,NA,NA,NA,NA,NA,NA,NA,NA,NA,NA,NA,NA,NA,NA,NA,NA,NA,NA,NA,NA,NA,NA,NA,NA,NA,NA,NA,NA,NA,NA,NA,NA,2017,1994-11-19,NA,NA,NA,NA
"Hunter Henry","LAC","TE","12676","weighted",NA,NA,NA,NA,NA,NA,0.159399320398992,0.276312705215366,0,0,0.388441302203223,0.29875268662999,0,0,0,0,61.4066146004604,8.20961176389859,745.961229858599,75.8005778880014,6.07514211556185,0.962927816967359,NA,NA,NA,NA,NA,NA,NA,NA,NA,NA,NA,NA,NA,NA,NA,NA,NA,NA,NA,NA,NA,NA,NA,NA,NA,NA,NA,NA,NA,NA,NA,NA,2016,1994-12-07,NA,NA,NA,NA
"Vance McDonald","PIT","TE","11257","weighted",NA,NA,NA,NA,NA,NA,0.511879644853667,0.509581924931873,0,0,0.177885563959224,0.174083394056863,0,0,0,0,49.9283090357704,17.7344451350836,571.138756987833,212.727907628016,4.19661342399464,1.52201978961404,NA,NA,NA,NA,NA,NA,NA,NA,NA,NA,NA,NA,NA,NA,NA,NA,NA,NA,NA,NA,NA,NA,NA,NA,NA,NA,NA,NA,NA,NA,NA,NA,2013,1990-06-13,NA,NA,NA,NA
"Noah Fant","DEN","TE","14137","weighted",NA,NA,NA,NA,NA,NA,2.07037378055464,1.54822421524325,0.0032401622273375,0.00287933774343893,0.49623479118711,0.265592994763135,0,0,0,0,45.4176757645511,13.0672711177345,533.159171325222,194.446179265164,3.60091425998555,1.14339975117549,NA,NA,NA,NA,NA,NA,NA,NA,NA,NA,NA,NA,NA,NA,NA,NA,NA,NA,NA,NA,NA,NA,NA,NA,NA,NA,NA,NA,NA,NA,NA,NA,2019,1997-11-20,NA,NA,NA,NA
"Hayden Hurst","BAL","TE","13680","weighted",NA,NA,NA,NA,NA,NA,0.242721692425737,0.420748892032489,0.00244738572837882,0.00304694353090438,0.388441302203223,0.29875268662999,0,0,0,0,39.9666441959882,17.8452548462581,444.520878000658,212.571417577475,2.68920570535669,1.40313807993384,NA,NA,NA,NA,NA,NA,NA,NA,NA,NA,NA,NA,NA,NA,NA,NA,NA,NA,NA,NA,NA,NA,NA,NA,NA,NA,NA,NA,NA,NA,NA,NA,2018,1993-08-24,NA,NA,NA,NA
"Hayden Hurst","ATL","TE","13680","weighted",NA,NA,NA,NA,NA,NA,0.242721692425737,0.420748892032489,0.00244738572837882,0.00304694353090438,0.388441302203223,0.29875268662999,0,0,0,0,39.9666441959882,17.8452548462581,444.520878000658,212.571417577475,2.68920570535669,1.40313807993384,NA,NA,NA,NA,NA,NA,NA,NA,NA,NA,NA,NA,NA,NA,NA,NA,NA,NA,NA,NA,NA,NA,NA,NA,NA,NA,NA,NA,NA,NA,NA,NA,2018,1993-08-24,NA,NA,NA,NA
"Tyler Higbee","LAR","TE","12678","weighted",NA,NA,NA,NA,NA,NA,0.173478260869565,0.315501635789312,0,0,0.423713768115942,0.290474651738328,0,0,0,0,38.0475,21.5688759164956,427.817615942029,234.623891752606,2.79074637681159,1.46775887147837,NA,NA,NA,NA,NA,NA,NA,NA,NA,NA,NA,NA,NA,NA,NA,NA,NA,NA,NA,NA,NA,NA,NA,NA,NA,NA,NA,NA,NA,NA,NA,NA,2016,1993-01-01,NA,NA,NA,NA
"Delanie Walker","TEN","TE","8416","weighted",NA,NA,NA,NA,NA,NA,1.276005859375,2.03167055694476,0.0032177734375,0.00365128078219425,0.00482666015625,0.00326648520506318,0,0,0,0,53.921490234375,13.6045298732376,620.08533203125,176.922560515636,4.73120779984089,1.15845618127744,NA,NA,NA,NA,NA,NA,NA,NA,NA,NA,NA,NA,NA,NA,NA,NA,NA,NA,NA,NA,NA,NA,NA,NA,NA,NA,NA,NA,NA,NA,NA,NA,2006,1984-08-12,"Q","Ankle",2019,0
"Delanie Walker","FA","TE","8416","weighted",NA,NA,NA,NA,NA,NA,1.276005859375,2.03167055694476,0.0032177734375,0.00365128078219425,0.00482666015625,0.00326648520506318,0,0,0,0,53.921490234375,13.6045298732376,620.08533203125,176.922560515636,4.73120779984089,1.15845618127744,NA,NA,NA,NA,NA,NA,NA,NA,NA,NA,NA,NA,NA,NA,NA,NA,NA,NA,NA,NA,NA,NA,NA,NA,NA,NA,NA,NA,NA,NA,NA,NA,2006,1984-08-12,"Q","Ankle",2019,0
"Austin Hooper","ATL","TE","12677","weighted",NA,NA,NA,NA,NA,NA,0.138964814205853,0.222744648765731,0,0,0.372245971719829,0.2967828547338,0,0,0,0,60.9943874456502,4.70064541686521,637.619263400197,81.3664433424592,4.55158972235805,0.673832694612027,NA,NA,NA,NA,NA,NA,NA,NA,NA,NA,NA,NA,NA,NA,NA,NA,NA,NA,NA,NA,NA,NA,NA,NA,NA,NA,NA,NA,NA,NA,NA,NA,2016,1994-10-29,NA,NA,NA,NA
"Austin Hooper","CLE","TE","12677","weighted",NA,NA,NA,NA,NA,NA,0.138964814205853,0.222744648765731,0,0,0.372245971719829,0.2967828547338,0,0,0,0,60.9943874456502,4.70064541686521,637.619263400197,81.3664433424592,4.55158972235805,0.673832694612027,NA,NA,NA,NA,NA,NA,NA,NA,NA,NA,NA,NA,NA,NA,NA,NA,NA,NA,NA,NA,NA,NA,NA,NA,NA,NA,NA,NA,NA,NA,NA,NA,2016,1994-10-29,NA,NA,NA,NA
"Jordan Reed","WAS","TE","11248","weighted",NA,NA,NA,NA,NA,NA,0.30875,0.491595144213476,0,0,0,0,0,0,0,0,54.9499140625,15.5042881631363,571.911206054687,147.276121608868,3.98027769056066,1.31405628160093,NA,NA,NA,NA,NA,NA,NA,NA,NA,NA,NA,NA,NA,NA,NA,NA,NA,NA,NA,NA,NA,NA,NA,NA,NA,NA,NA,NA,NA,NA,NA,NA,2013,1990-07-03,NA,NA,NA,NA
"Jordan Reed","FA","TE","11248","weighted",NA,NA,NA,NA,NA,NA,0.30875,0.491595144213476,0,0,0,0,0,0,0,0,54.9499140625,15.5042881631363,571.911206054687,147.276121608868,3.98027769056066,1.31405628160093,NA,NA,NA,NA,NA,NA,NA,NA,NA,NA,NA,NA,NA,NA,NA,NA,NA,NA,NA,NA,NA,NA,NA,NA,NA,NA,NA,NA,NA,NA,NA,NA,2013,1990-07-03,NA,NA,NA,NA
"Eric Ebron","IND","TE","11695","weighted",NA,NA,NA,NA,NA,NA,8.96014001473839,10.5911120464022,0.0366156963890936,0.0487678883657051,0.0232875829034635,0.0153339734978424,0,0,0,0,48.2178095062638,8.54428580418693,548.659030950626,99.3798936878127,5.01738171194361,1.6520980591655,NA,NA,NA,NA,NA,NA,NA,NA,NA,NA,NA,NA,NA,NA,NA,NA,NA,NA,NA,NA,NA,NA,NA,NA,NA,NA,NA,NA,NA,NA,NA,NA,2014,1993-04-10,NA,NA,NA,NA
"Eric Ebron","PIT","TE","11695","weighted",NA,NA,NA,NA,NA,NA,8.96014001473839,10.5911120464022,0.0366156963890936,0.0487678883657051,0.0232875829034635,0.0153339734978424,0,0,0,0,48.2178095062638,8.54428580418693,548.659030950626,99.3798936878127,5.01738171194361,1.6520980591655,NA,NA,NA,NA,NA,NA,NA,NA,NA,NA,NA,NA,NA,NA,NA,NA,NA,NA,NA,NA,NA,NA,NA,NA,NA,NA,NA,NA,NA,NA,NA,NA,2014,1993-04-10,NA,NA,NA,NA
"David Njoku","CLE","TE","13192","weighted",NA,NA,NA,NA,NA,NA,0.221169352186781,0.35450908888067,0,0,0.0161953304833936,0.0126729142296382,1.1,0,0,0,46.2187387189886,13.7885520309663,560.738556395922,171.358112586209,4.39954136508075,1.60946420039585,NA,NA,NA,NA,NA,NA,NA,NA,NA,NA,NA,NA,NA,NA,NA,NA,NA,NA,NA,NA,NA,NA,NA,NA,NA,NA,NA,NA,NA,NA,NA,NA,2017,1996-07-10,NA,NA,NA,NA
"T.J. Hockenson","DET","TE","14138","weighted",NA,NA,NA,NA,NA,NA,0.39867600098256,0.730296415243506,0,0,0.489683124539425,0.279848436724948,0,0,0,0,46.8081360537951,15.6957586644361,535.024708916728,190.396800653303,3.60322137599005,1.23290571800422,NA,NA,NA,NA,NA,NA,NA,NA,NA,NA,NA,NA,NA,NA,NA,NA,NA,NA,NA,NA,NA,NA,NA,NA,NA,NA,NA,NA,NA,NA,NA,NA,2019,1997-07-03,"Q","Ankle",2019,0
"Dallas Goedert","PHI","TE","13674","weighted",NA,NA,NA,NA,NA,NA,0.105413411938099,0.180769140187611,0,0,0.538074183247359,0.283672515390875,0,0,0,0,45.2628965549005,13.3184608083896,487.682509211496,143.649626796012,4.47054589310352,1.40119321914738,NA,NA,NA,NA,NA,NA,NA,NA,NA,NA,NA,NA,NA,NA,NA,NA,NA,NA,NA,NA,NA,NA,NA,NA,NA,NA,NA,NA,NA,NA,NA,NA,2018,1995-01-03,NA,NA,NA,NA
"Chris Herndon","NYJ","TE","13679","weighted",NA,NA,NA,NA,NA,NA,0.138987963645296,0.254598750268378,0,0,0.0241955293539671,0.0159073313065765,0,0,0,0,42.2719491525424,8.30119625985126,524.288120854827,115.295413428565,4.50344256665317,1.48746149497754,NA,NA,NA,NA,NA,NA,NA,NA,NA,NA,NA,NA,NA,NA,NA,NA,NA,NA,NA,NA,NA,NA,NA,NA,NA,NA,NA,NA,NA,NA,NA,NA,2018,NA,NA,NA,NA,NA
"Trey Burton","CHI","TE","11705","weighted",NA,NA,NA,NA,NA,NA,0.573917464996315,0.984187541021435,0,0,0.0241955293539671,0.0159073313065765,0,0,0,0,42.1526275792189,12.9067415671319,477.939845246868,162.053545970742,3.86776649739389,1.40103713022852,NA,NA,NA,NA,NA,NA,NA,NA,NA,NA,NA,NA,NA,NA,NA,NA,NA,NA,NA,NA,NA,NA,NA,NA,NA,NA,NA,NA,NA,NA,NA,NA,2014,1991-10-29,"Q","Hip - Labrum",2019,0
"Trey Burton","IND","TE","11705","weighted",NA,NA,NA,NA,NA,NA,0.573917464996315,0.984187541021435,0,0,0.0241955293539671,0.0159073313065765,0,0,0,0,42.1526275792189,12.9067415671319,477.939845246868,162.053545970742,3.86776649739389,1.40103713022852,NA,NA,NA,NA,NA,NA,NA,NA,NA,NA,NA,NA,NA,NA,NA,NA,NA,NA,NA,NA,NA,NA,NA,NA,NA,NA,NA,NA,NA,NA,NA,NA,2014,1991-10-29,"Q","Hip - Labrum",2019,0
"Mike Gesicki","MIA","TE","13672","weighted",NA,NA,NA,NA,NA,NA,0.135050312397238,0.2164701516174,0,0,0.852285432423545,0.549431305775437,0,0,0,0,45.6006898315613,11.7673682251903,466.788977310095,137.764634084195,3.07222591648788,1.51156093249051,NA,NA,NA,NA,NA,NA,NA,NA,NA,NA,NA,NA,NA,NA,NA,NA,NA,NA,NA,NA,NA,NA,NA,NA,NA,NA,NA,NA,NA,NA,NA,NA,2018,1995-10-03,NA,NA,NA,NA
"Jimmy Graham","GB","TE","9925","weighted",NA,NA,NA,NA,NA,NA,0.322946399210786,0.517646014737262,0,0,0.291269319302861,0.295012916653883,0,0,0,0,48.8206503708575,7.82085920552238,540.229980269648,98.6818334371935,3.78682522325554,1.16156593844545,NA,NA,NA,NA,NA,NA,NA,NA,NA,NA,NA,NA,NA,NA,NA,NA,NA,NA,NA,NA,NA,NA,NA,NA,NA,NA,NA,NA,NA,NA,NA,NA,2010,1986-11-24,NA,NA,NA,NA
"Jimmy Graham","CHI","TE","9925","weighted",NA,NA,NA,NA,NA,NA,0.322946399210786,0.517646014737262,0,0,0.291269319302861,0.295012916653883,0,0,0,0,48.8206503708575,7.82085920552238,540.229980269648,98.6818334371935,3.78682522325554,1.16156593844545,NA,NA,NA,NA,NA,NA,NA,NA,NA,NA,NA,NA,NA,NA,NA,NA,NA,NA,NA,NA,NA,NA,NA,NA,NA,NA,NA,NA,NA,NA,NA,NA,2010,1986-11-24,NA,NA,NA,NA
"Blake Jarwin","DAL","TE","13722","weighted",NA,NA,NA,NA,NA,NA,0.0800688405797101,0.136063259672794,0,0,0.0152989130434783,0.0130294049961451,0,0,0,0,36.9190833333333,14.6670669803309,408.329163043478,172.929813705684,3.00265217391304,1.33967201791851,NA,NA,NA,NA,NA,NA,NA,NA,NA,NA,NA,NA,NA,NA,NA,NA,NA,NA,NA,NA,NA,NA,NA,NA,NA,NA,NA,NA,NA,NA,NA,NA,2017,1994-07-16,NA,NA,NA,NA
"Greg Olsen","CAR","TE","8687","weighted",NA,NA,NA,NA,NA,NA,0.225083853995396,0.360783586029001,0,0,0.0161953304833936,0.0126729142296382,0,0,0,0,47.4717081369433,5.79757740833061,548.470355146333,59.3135710413865,4.58926398264983,0.587614108590143,NA,NA,NA,NA,NA,NA,NA,NA,NA,NA,NA,NA,NA,NA,NA,NA,NA,NA,NA,NA,NA,NA,NA,NA,NA,NA,NA,NA,NA,NA,NA,NA,2007,1985-03-11,NA,NA,NA,NA
"Greg Olsen","SEA","TE","8687","weighted",NA,NA,NA,NA,NA,NA,0.225083853995396,0.360783586029001,0,0,0.0161953304833936,0.0126729142296382,0,0,0,0,47.4717081369433,5.79757740833061,548.470355146333,59.3135710413865,4.58926398264983,0.587614108590143,NA,NA,NA,NA,NA,NA,NA,NA,NA,NA,NA,NA,NA,NA,NA,NA,NA,NA,NA,NA,NA,NA,NA,NA,NA,NA,NA,NA,NA,NA,NA,NA,2007,1985-03-11,NA,NA,NA,NA
"Jonnu Smith","TEN","TE","13193","weighted",NA,NA,NA,NA,NA,NA,5.4539164748438,6.33173684699394,0,0,0.480039460703716,0.263914475397764,0,0,0,0,31.6054108663086,15.6826790452802,361.949394935876,192.514825254913,3.01269300213251,1.84256301109235,NA,NA,NA,NA,NA,NA,NA,NA,NA,NA,NA,NA,NA,NA,NA,NA,NA,NA,NA,NA,NA,NA,NA,NA,NA,NA,NA,NA,NA,NA,NA,NA,2017,1995-08-22,NA,NA,NA,NA
"Kyle Rudolph","MIN","TE","10312","weighted",NA,NA,NA,NA,NA,NA,0.187896086813548,0.301175863119861,0,0,0.0161953304833936,0.0126729142296382,0,0,0,0,51.554285140122,6.08094834953975,520.515780993094,60.4306493077155,4.87186743744057,0.681553753652109,NA,NA,NA,NA,NA,NA,NA,NA,NA,NA,NA,NA,NA,NA,NA,NA,NA,NA,NA,NA,NA,NA,NA,NA,NA,NA,NA,NA,NA,NA,NA,NA,2011,1989-11-09,NA,NA,NA,NA
"Jack Doyle","IND","TE","11516","weighted",NA,NA,NA,NA,NA,NA,0.18113559136249,0.313991710472007,0,0,0.711821769154883,0.338577879857674,0,0,0,0,52.2023456099967,7.32226982601663,504.26302860901,72.2353046615706,3.85066581716699,0.740398588362221,NA,NA,NA,NA,NA,NA,NA,NA,NA,NA,NA,NA,NA,NA,NA,NA,NA,NA,NA,NA,NA,NA,NA,NA,NA,NA,NA,NA,NA,NA,NA,NA,2013,1990-05-05,NA,NA,NA,NA
"Ian Thomas","CAR","TE","13678","weighted",NA,NA,NA,NA,NA,NA,0.0998197961196975,0.159999677282426,0,0,0.372245971719829,0.2967828547338,0,0,0,0,39.1612375315138,14.3051098074691,387.990309108846,140.663135354383,2.71168363229725,1.34835451087195,NA,NA,NA,NA,NA,NA,NA,NA,NA,NA,NA,NA,NA,NA,NA,NA,NA,NA,NA,NA,NA,NA,NA,NA,NA,NA,NA,NA,NA,NA,NA,NA,2018,1996-06-06,NA,NA,NA,NA
"Tyler Eifert","CIN","TE","11250","weighted",NA,NA,NA,NA,NA,NA,0.256399868464321,0.410979563215644,0,0,0.0161953304833936,0.0126729142296382,0,0,0,0,39.4175530709927,7.27837650595535,455.972282144032,88.0151821169297,3.55308527928765,0.949866691009428,NA,NA,NA,NA,NA,NA,NA,NA,NA,NA,NA,NA,NA,NA,NA,NA,NA,NA,NA,NA,NA,NA,NA,NA,NA,NA,NA,NA,NA,NA,NA,NA,2013,1990-09-08,NA,NA,NA,NA
"Tyler Eifert","JAC","TE","11250","weighted",NA,NA,NA,NA,NA,NA,0.256399868464321,0.410979563215644,0,0,0.0161953304833936,0.0126729142296382,0,0,0,0,39.4175530709927,7.27837650595535,455.972282144032,88.0151821169297,3.55308527928765,0.949866691009428,NA,NA,NA,NA,NA,NA,NA,NA,NA,NA,NA,NA,NA,NA,NA,NA,NA,NA,NA,NA,NA,NA,NA,NA,NA,NA,NA,NA,NA,NA,NA,NA,2013,1990-09-08,NA,NA,NA,NA
"Irv Smith Jr.","MIN","TE","14141","weighted",NA,NA,NA,NA,NA,NA,0,0,0,0,0.364582459085187,0.341077601317272,0,0,0,0,30.9505844973323,17.3519547939248,333.045312631137,196.109677264143,2.25726977487568,1.71478359722117,NA,NA,NA,NA,NA,NA,NA,NA,NA,NA,NA,NA,NA,NA,NA,NA,NA,NA,NA,NA,NA,NA,NA,NA,NA,NA,NA,NA,NA,NA,NA,NA,2019,1970-01-01,NA,NA,NA,NA
"C.J. Uzomah","CIN","TE","12317","weighted",NA,NA,NA,NA,NA,NA,0.0722572463768116,0.122788795314472,0,0,0,0,0,0,0,0,34.3933043478261,12.7040761541843,352.240083333333,129.24836549869,2.42970652173913,1.02914921209209,NA,NA,NA,NA,NA,NA,NA,NA,NA,NA,NA,NA,NA,NA,NA,NA,NA,NA,NA,NA,NA,NA,NA,NA,NA,NA,NA,NA,NA,NA,NA,NA,2015,1993-01-14,NA,NA,NA,NA
"Jason Witten","DAL","TE","6997","weighted",NA,NA,NA,NA,NA,NA,0.158537323248931,0.254117134507383,0,0,0.16169023347583,0.17484535988743,0,0,0,0,37.8387562570792,15.1082242278153,368.93113120684,152.863483233005,3.07653185549783,1.19097856229332,NA,NA,NA,NA,NA,NA,NA,NA,NA,NA,NA,NA,NA,NA,NA,NA,NA,NA,NA,NA,NA,NA,NA,NA,NA,NA,NA,NA,NA,NA,NA,NA,2003,1982-05-06,NA,NA,NA,NA
"Jason Witten","LVR","TE","6997","weighted",NA,NA,NA,NA,NA,NA,0.158537323248931,0.254117134507383,0,0,0.16169023347583,0.17484535988743,0,0,0,0,37.8387562570792,15.1082242278153,368.93113120684,152.863483233005,3.07653185549783,1.19097856229332,NA,NA,NA,NA,NA,NA,NA,NA,NA,NA,NA,NA,NA,NA,NA,NA,NA,NA,NA,NA,NA,NA,NA,NA,NA,NA,NA,NA,NA,NA,NA,NA,2003,1982-05-06,NA,NA,NA,NA
"Will Dissly","SEA","TE","13763","weighted",NA,NA,NA,NA,NA,NA,1.6103312782573,2.10427233668114,0,0,0.0231401561857789,0.0165974980361036,0,0,0,0,33.0892519523222,9.74742193328461,405.807205096589,107.163540656931,3.35607891491985,0.820314204982571,NA,NA,NA,NA,NA,NA,NA,NA,NA,NA,NA,NA,NA,NA,NA,NA,NA,NA,NA,NA,NA,NA,NA,NA,NA,NA,NA,NA,NA,NA,NA,NA,2018,NA,"Q","Achilles",2019,0
"Dawson Knox","BUF","TE","14143","weighted",NA,NA,NA,NA,NA,NA,0.276230769230769,0.403687538244276,0,0,0.233814102564103,0.26963995236176,0,0,0,0,23.8066129426129,12.1534262956568,300.660769230769,169.884738623295,1.59788017827118,1.27738902139769,NA,NA,NA,NA,NA,NA,NA,NA,NA,NA,NA,NA,NA,NA,NA,NA,NA,NA,NA,NA,NA,NA,NA,NA,NA,NA,NA,NA,NA,NA,NA,NA,2019,1996-11-14,NA,NA,NA,NA
"Tyler Kroft","BUF","TE","12212","weighted",NA,NA,NA,NA,NA,NA,0.172238079579086,0.27607787452654,0,0,0.538967444919434,0.582817866291434,0,0,0,0,19.2883769958712,5.82855869134654,233.295675764551,116.175290505585,1.55316607725551,0.893720910541236,NA,NA,NA,NA,NA,NA,NA,NA,NA,NA,NA,NA,NA,NA,NA,NA,NA,NA,NA,NA,NA,NA,NA,NA,NA,NA,NA,NA,NA,NA,NA,NA,2015,1992-10-15,NA,NA,NA,NA
"Josh Oliver","JAC","TE","14209","weighted",NA,NA,NA,NA,NA,NA,0.294090909090909,0.472512732538173,0,0,0.507103825136612,0.334517194891169,0,0,0,0,18.3321038251366,7.31302976121955,235.55260307998,137.313453715882,1.3534635065189,1.01111622782469,NA,NA,NA,NA,NA,NA,NA,NA,NA,NA,NA,NA,NA,NA,NA,NA,NA,NA,NA,NA,NA,NA,NA,NA,NA,NA,NA,NA,NA,NA,NA,NA,2019,1997-03-21,NA,NA,NA,NA
"Jace Sternberger","GB","TE","14140","weighted",NA,NA,NA,NA,NA,NA,0.287188304523722,0.383645454157907,0,0,0.368959176167709,0.316203405643269,0,0,0,0,21.9510615115851,13.347439373383,252.649977933064,160.584581798052,2.28356329645526,1.93641493226005,NA,NA,NA,NA,NA,NA,NA,NA,NA,NA,NA,NA,NA,NA,NA,NA,NA,NA,NA,NA,NA,NA,NA,NA,NA,NA,NA,NA,NA,NA,NA,NA,2019,NA,NA,NA,NA,NA
"Benjamin Watson","NE","TE","7422","weighted",NA,NA,NA,NA,NA,NA,0.353936430317848,0.401940901975763,0,0,0.144645476772616,0.0979230075148448,0,0,0,0,29.1562836185819,3.77389683190737,334.627056234719,70.5317112371635,2.27242833607468,0.627260047308096,NA,NA,NA,NA,NA,NA,NA,NA,NA,NA,NA,NA,NA,NA,NA,NA,NA,NA,NA,NA,NA,NA,NA,NA,NA,NA,NA,NA,NA,NA,NA,NA,2004,1980-12-18,NA,NA,NA,NA
"Benjamin Watson","FA","TE","7422","weighted",NA,NA,NA,NA,NA,NA,0.353936430317848,0.401940901975763,0,0,0.144645476772616,0.0979230075148448,0,0,0,0,29.1562836185819,3.77389683190737,334.627056234719,70.5317112371635,2.27242833607468,0.627260047308096,NA,NA,NA,NA,NA,NA,NA,NA,NA,NA,NA,NA,NA,NA,NA,NA,NA,NA,NA,NA,NA,NA,NA,NA,NA,NA,NA,NA,NA,NA,NA,NA,2004,1980-12-18,NA,NA,NA,NA
"Gerald Everett","LAR","TE","13236","weighted",NA,NA,NA,NA,NA,NA,0.847489641565275,1.35842863261354,0.00489477145675765,0.00609388706180875,0.150937191713252,0.145034474804969,0,0,0,0,32.781426431364,4.69853388226046,352.428503781651,53.9804071688885,2.75839838667728,0.747691735566918,NA,NA,NA,NA,NA,NA,NA,NA,NA,NA,NA,NA,NA,NA,NA,NA,NA,NA,NA,NA,NA,NA,NA,NA,NA,NA,NA,NA,NA,NA,NA,NA,2017,1994-06-25,NA,NA,NA,NA
"Cameron Brate","TB","TE","12110","weighted",NA,NA,NA,NA,NA,NA,0.0822045379809273,0.131764440114939,0,0,0.404225583689576,0.437113399718575,0,0,0,0,28.8083028243633,8.30700116712622,306.775629727064,92.0500728955269,3.3135902446722,1.43859659276007,NA,NA,NA,NA,NA,NA,NA,NA,NA,NA,NA,NA,NA,NA,NA,NA,NA,NA,NA,NA,NA,NA,NA,NA,NA,NA,NA,NA,NA,NA,NA,NA,2014,1991-07-03,NA,NA,NA,NA
"Jesse James","DET","TE","12211","weighted",NA,NA,NA,NA,NA,NA,0.169902173913043,0.288719599793489,0,0,0,0,0,0,0,0,26.339402173913,10.0830423722899,279.403938405797,109.103860163467,1.60936956521739,0.800582574597991,NA,NA,NA,NA,NA,NA,NA,NA,NA,NA,NA,NA,NA,NA,NA,NA,NA,NA,NA,NA,NA,NA,NA,NA,NA,NA,NA,NA,NA,NA,NA,NA,2015,1994-06-04,NA,NA,NA,NA
"Vernon Davis","WAS","TE","8247","weighted",NA,NA,NA,NA,NA,NA,0.239668218859139,0.305300259858171,0,0,0,0,0,0,0,0,30.5115934225844,3.26934286249042,371.480145518044,41.1120030941835,2.1268348738501,0.724312579083604,NA,NA,NA,NA,NA,NA,NA,NA,NA,NA,NA,NA,NA,NA,NA,NA,NA,NA,NA,NA,NA,NA,NA,NA,NA,NA,NA,NA,NA,NA,NA,NA,2006,1984-01-31,NA,NA,NA,NA
"Vernon Davis","FA","TE","8247","weighted",NA,NA,NA,NA,NA,NA,0.239668218859139,0.305300259858171,0,0,0,0,0,0,0,0,30.5115934225844,3.26934286249042,371.480145518044,41.1120030941835,2.1268348738501,0.724312579083604,NA,NA,NA,NA,NA,NA,NA,NA,NA,NA,NA,NA,NA,NA,NA,NA,NA,NA,NA,NA,NA,NA,NA,NA,NA,NA,NA,NA,NA,NA,NA,NA,2006,1984-01-31,NA,NA,NA,NA
"Matt LaCosse","NE","TE","12596","weighted",NA,NA,NA,NA,NA,NA,0.0995978260869565,0.169249420568597,0,0,0.042445652173913,0.032316857530467,0,0,0,0,25.0111630434783,9.5975672406028,266.249731884058,104.364599752761,1.48593115942029,1.01921698128591,NA,NA,NA,NA,NA,NA,NA,NA,NA,NA,NA,NA,NA,NA,NA,NA,NA,NA,NA,NA,NA,NA,NA,NA,NA,NA,NA,NA,NA,NA,NA,NA,NA,NA,NA,NA,NA,NA
"Jeff Heuerman","DEN","TE","12208","weighted",NA,NA,NA,NA,NA,NA,0.177713768115942,0.30199406415181,0,0,0,0,0,0,0,0,24.4947137681159,13.1887399781142,241.647894927536,124.088485820922,1.89759782608696,1.08592384720777,NA,NA,NA,NA,NA,NA,NA,NA,NA,NA,NA,NA,NA,NA,NA,NA,NA,NA,NA,NA,NA,NA,NA,NA,NA,NA,NA,NA,NA,NA,NA,NA,2015,1992-11-24,NA,NA,NA,NA
"Jordan Akins","HOU","TE","13753","weighted",NA,NA,NA,NA,NA,NA,0.177137690094534,0.325009285277523,0,0,0.0231401561857789,0.0165974980361036,0,0,0,0,24.5317057131114,8.89630726422068,282.716009042335,104.722163810556,1.55849157418825,0.568166017598421,NA,NA,NA,NA,NA,NA,NA,NA,NA,NA,NA,NA,NA,NA,NA,NA,NA,NA,NA,NA,NA,NA,NA,NA,NA,NA,NA,NA,NA,NA,NA,NA,2018,1992-04-19,NA,NA,NA,NA
"Charles Clay","ARI","TE","10409","weighted",NA,NA,NA,NA,NA,NA,0.5499609375,0.875653850630254,0,0,0,0,0,0,0,0,27.617810546875,6.53780364384671,294.360029296875,82.5188145306315,1.78937825980867,0.818688187615489,NA,NA,NA,NA,NA,NA,NA,NA,NA,NA,NA,NA,NA,NA,NA,NA,NA,NA,NA,NA,NA,NA,NA,NA,NA,NA,NA,NA,NA,NA,NA,NA,2011,1989-02-13,NA,NA,NA,NA
"Charles Clay","FA","TE","10409","weighted",NA,NA,NA,NA,NA,NA,0.5499609375,0.875653850630254,0,0,0,0,0,0,0,0,27.617810546875,6.53780364384671,294.360029296875,82.5188145306315,1.78937825980867,0.818688187615489,NA,NA,NA,NA,NA,NA,NA,NA,NA,NA,NA,NA,NA,NA,NA,NA,NA,NA,NA,NA,NA,NA,NA,NA,NA,NA,NA,NA,NA,NA,NA,NA,2011,1989-02-13,NA,NA,NA,NA
"Geoff Swaim","JAC","TE","12378","weighted",NA,NA,NA,NA,NA,NA,0.329538390164695,0.477718118537843,0,0,0,0,0,0,0,0,32.6243980514962,5.85520504770731,327.635998608212,42.4360708139925,1.72032011134308,0.456351927722098,NA,NA,NA,NA,NA,NA,NA,NA,NA,NA,NA,NA,NA,NA,NA,NA,NA,NA,NA,NA,NA,NA,NA,NA,NA,NA,NA,NA,NA,NA,NA,NA,NA,NA,"Q","Concussion",2019,0
"Geoff Swaim","FA","TE","12378","weighted",NA,NA,NA,NA,NA,NA,0.329538390164695,0.477718118537843,0,0,0,0,0,0,0,0,32.6243980514962,5.85520504770731,327.635998608212,42.4360708139925,1.72032011134308,0.456351927722098,NA,NA,NA,NA,NA,NA,NA,NA,NA,NA,NA,NA,NA,NA,NA,NA,NA,NA,NA,NA,NA,NA,NA,NA,NA,NA,NA,NA,NA,NA,NA,NA,NA,NA,"Q","Concussion",2019,0
"Lee Smith","BUF","TE","10398","weighted",NA,NA,NA,NA,NA,NA,0.103469537199766,0.1843743661332,0,0,0,0,0,0,0,0,5.36810193321617,5.63481055070153,97.1583186877563,154.888506836958,1.04379027533685,1.95093844955045,NA,NA,NA,NA,NA,NA,NA,NA,NA,NA,NA,NA,NA,NA,NA,NA,NA,NA,NA,NA,NA,NA,NA,NA,NA,NA,NA,NA,NA,NA,NA,NA,2011,1987-11-21,NA,NA,NA,NA
"Darren Fells","HOU","TE","11337","weighted",NA,NA,NA,NA,NA,NA,0.239667721518987,0.379097977924821,0,0,0.0212593313859137,0.0175611785594644,0,0,0,0,19.379523693606,14.502100388995,193.763373904576,144.017307551531,2.53332603050957,2.14380473696261,NA,NA,NA,NA,NA,NA,NA,NA,NA,NA,NA,NA,NA,NA,NA,NA,NA,NA,NA,NA,NA,NA,NA,NA,NA,NA,NA,NA,NA,NA,NA,NA,2012,1986-04-22,NA,NA,NA,NA
"Adam Shaheen","CHI","TE","13254","weighted",NA,NA,NA,NA,NA,NA,0.145992601726264,0.267864795558398,0,0,0.488491574188245,0.29854760491317,0,0,0,0,20.3996136457049,12.6354410328512,211.383144266338,129.165737349837,1.62335799424579,1.11925332077958,NA,NA,NA,NA,NA,NA,NA,NA,NA,NA,NA,NA,NA,NA,NA,NA,NA,NA,NA,NA,NA,NA,NA,NA,NA,NA,NA,NA,NA,NA,NA,NA,2017,1994-01-01,"Q","Foot",2019,0
"Ryan Griffin","NYJ","TE","11399","weighted",NA,NA,NA,NA,NA,NA,0.245754212905878,0.350377023369554,0,0,0,0,0,0,0,0,23.4265639128648,7.34314096017913,241.536900945335,87.2673270615368,1.71992950126929,0.701310855002862,NA,NA,NA,NA,NA,NA,NA,NA,NA,NA,NA,NA,NA,NA,NA,NA,NA,NA,NA,NA,NA,NA,NA,NA,NA,NA,NA,NA,NA,NA,NA,NA,2013,1990-01-11,"Q","Ankle",2019,0
NA,NA,"TE","nfl_0","weighted",NA,NA,NA,NA,NA,NA,0,0,0,0,NA,NA,NA,NA,NA,NA,15,6.74821913829579,163.2,73.5123223579662,1.27513962668525,0.63978700981582,NA,NA,NA,NA,NA,NA,NA,NA,NA,NA,NA,NA,NA,NA,NA,NA,NA,NA,NA,NA,NA,NA,NA,NA,NA,NA,NA,NA,NA,NA,NA,NA,NA,NA,NA,NA,NA,NA
"Levine Toilolo","SF","TE","11252","weighted",NA,NA,NA,NA,NA,NA,0.0755316455696202,0.153754517387834,0,0,0,0,0,0,0,0,11.6119474196689,11.0075739114736,130.16005842259,132.485566164775,0.798373904576436,0.85510541647272,NA,NA,NA,NA,NA,NA,NA,NA,NA,NA,NA,NA,NA,NA,NA,NA,NA,NA,NA,NA,NA,NA,NA,NA,NA,NA,NA,NA,NA,NA,NA,NA,2013,1991-07-30,NA,NA,NA,NA
"Levine Toilolo","NYG","TE","11252","weighted",NA,NA,NA,NA,NA,NA,0.0755316455696202,0.153754517387834,0,0,0,0,0,0,0,0,11.6119474196689,11.0075739114736,130.16005842259,132.485566164775,0.798373904576436,0.85510541647272,NA,NA,NA,NA,NA,NA,NA,NA,NA,NA,NA,NA,NA,NA,NA,NA,NA,NA,NA,NA,NA,NA,NA,NA,NA,NA,NA,NA,NA,NA,NA,NA,2013,1991-07-30,NA,NA,NA,NA
"Anthony Firkser","TEN","TE","13919","weighted",NA,NA,NA,NA,NA,NA,0.0797614447711046,0.148011695997731,0,0,0.0137547249055019,0.013439508256484,0,0,0,0,18.49503149937,6.41431474620498,223.519239815204,83.3959107045295,1.31228895422092,0.909835879658895,NA,NA,NA,NA,NA,NA,NA,NA,NA,NA,NA,NA,NA,NA,NA,NA,NA,NA,NA,NA,NA,NA,NA,NA,NA,NA,NA,NA,NA,NA,NA,NA,2018,1970-01-01,NA,NA,NA,NA
"Mo Alie-Cox","IND","TE","13246","weighted",NA,NA,NA,NA,NA,NA,0.0898333333333333,0.152656340120695,0,0,0,0,0,0,0,0,12.7198913043478,4.54444659498465,167.289956521739,74.6884639821964,1.36267391304348,0.706903643414816,NA,NA,NA,NA,NA,NA,NA,NA,NA,NA,NA,NA,NA,NA,NA,NA,NA,NA,NA,NA,NA,NA,NA,NA,NA,NA,NA,NA,NA,NA,NA,NA,2016,1993-09-19,NA,NA,NA,NA
"James OShaughnessy","JAC","TE","12330","weighted",NA,NA,NA,NA,NA,NA,0.0895421290587752,0.164290407942484,0,0,0,0,0,0,0,0,18.9933949856145,7.41860004852216,192.226387176326,70.0201929981218,1.1619893136046,0.383444437407747,NA,NA,NA,NA,NA,NA,NA,NA,NA,NA,NA,NA,NA,NA,NA,NA,NA,NA,NA,NA,NA,NA,NA,NA,NA,NA,NA,NA,NA,NA,NA,NA,NA,NA,"Q","Knee - ACL",2019,0
"Nick Boyle","BAL","TE","12328","weighted",NA,NA,NA,NA,NA,NA,0.167404849979449,0.307151632240296,0,0,0.0231401561857789,0.0165974980361036,0,0,0,0,21.6350513769009,8.60599073477574,204.026642005754,83.8866262375176,1.30693793670366,1.24226198400127,NA,NA,NA,NA,NA,NA,NA,NA,NA,NA,NA,NA,NA,NA,NA,NA,NA,NA,NA,NA,NA,NA,NA,NA,NA,NA,NA,NA,NA,NA,NA,NA,2015,1993-02-17,NA,NA,NA,NA
"Foster Moreau","OAK","TE","14239","weighted",NA,NA,NA,NA,NA,NA,0.202488822652757,0.325336635518087,0,0,0,0,0,0,0,0,9.20389965226031,4.67552511254178,120.416363636364,96.8183982386118,1.00427194910321,0.967760781332385,NA,NA,NA,NA,NA,NA,NA,NA,NA,NA,NA,NA,NA,NA,NA,NA,NA,NA,NA,NA,NA,NA,NA,NA,NA,NA,NA,NA,NA,NA,NA,NA,2019,1997-05-06,"Q","Knee",2019,0
"Foster Moreau","LVR","TE","14239","weighted",NA,NA,NA,NA,NA,NA,0.202488822652757,0.325336635518087,0,0,0,0,0,0,0,0,9.20389965226031,4.67552511254178,120.416363636364,96.8183982386118,1.00427194910321,0.967760781332385,NA,NA,NA,NA,NA,NA,NA,NA,NA,NA,NA,NA,NA,NA,NA,NA,NA,NA,NA,NA,NA,NA,NA,NA,NA,NA,NA,NA,NA,NA,NA,NA,2019,1997-05-06,"Q","Knee",2019,0
"Jason Croom","BUF","TE","13890","weighted",NA,NA,NA,NA,NA,NA,0,0,0,0,0,0,0,0,0,0,7.93960897900072,11.3368215847211,92.1064880521361,132.941059723744,0.515220854453295,0.964928582519255,NA,NA,NA,NA,NA,NA,NA,NA,NA,NA,NA,NA,NA,NA,NA,NA,NA,NA,NA,NA,NA,NA,NA,NA,NA,NA,NA,NA,NA,NA,NA,NA,2017,1970-01-01,NA,NA,NA,NA
"Dan Arnold","FA","TE","13880","weighted",NA,NA,NA,NA,NA,NA,0.0929620253164557,0.189236329092719,0,0,0.0212593313859137,0.0175611785594644,0,0,0,0,11.6569376825706,9.5137278079359,147.732487828627,122.333392246657,1.10102239532619,0.8041566376599,NA,NA,NA,NA,NA,NA,NA,NA,NA,NA,NA,NA,NA,NA,NA,NA,NA,NA,NA,NA,NA,NA,NA,NA,NA,NA,NA,NA,NA,NA,NA,NA,2017,1970-01-01,NA,NA,NA,NA
"Dan Arnold","ARI","TE","13880","weighted",NA,NA,NA,NA,NA,NA,0.0929620253164557,0.189236329092719,0,0,0.0212593313859137,0.0175611785594644,0,0,0,0,11.6569376825706,9.5137278079359,147.732487828627,122.333392246657,1.10102239532619,0.8041566376599,NA,NA,NA,NA,NA,NA,NA,NA,NA,NA,NA,NA,NA,NA,NA,NA,NA,NA,NA,NA,NA,NA,NA,NA,NA,NA,NA,NA,NA,NA,NA,NA,2017,1970-01-01,NA,NA,NA,NA
"Jeremy Sprinkle","WAS","TE","13194","weighted",NA,NA,NA,NA,NA,NA,0.0875430491390172,0.162451861460924,0,0,0.0220012599748005,0.016053103314533,0,0,0,0,12.1795548089038,13.0179600349467,120.622524149517,123.449138758224,0.957496850062999,0.825309006967079,NA,NA,NA,NA,NA,NA,NA,NA,NA,NA,NA,NA,NA,NA,NA,NA,NA,NA,NA,NA,NA,NA,NA,NA,NA,NA,NA,NA,NA,NA,NA,NA,2017,1994-08-10,NA,NA,NA,NA
"Drew Sample","CIN","TE","14146","weighted",NA,NA,NA,NA,NA,NA,0.232419168591224,0.413222502839322,0,0,0.483833718244804,0.3662252647837,0,0,0,0,16.1066166281755,10.603959665138,158.959515011547,92.3372836869808,1.02263279445727,0.91540599552058,NA,NA,NA,NA,NA,NA,NA,NA,NA,NA,NA,NA,NA,NA,NA,NA,NA,NA,NA,NA,NA,NA,NA,NA,NA,NA,NA,NA,NA,NA,NA,NA,2019,1996-04-16,NA,NA,NA,NA
"Jordan Thomas","HOU","TE","13819","weighted",NA,NA,NA,NA,NA,NA,0.106577309717568,0.215039070351384,0,0,0,0,0,0,0,0,17.7434035423648,7.83230085484051,191.185433221637,86.1399993918034,1.72818094782192,0.83637930706018,NA,NA,NA,NA,NA,NA,NA,NA,NA,NA,NA,NA,NA,NA,NA,NA,NA,NA,NA,NA,NA,NA,NA,NA,NA,NA,NA,NA,NA,NA,NA,NA,2018,1996-08-02,NA,NA,NA,NA
"Nick Vannett","SEA","TE","12680","weighted",NA,NA,NA,NA,NA,NA,0.156143863552095,0.268653021188053,0,0,0.0243480410332468,0.0158239186849148,0,0,0,0,19.478636911383,8.07733032284755,199.699614386355,80.4513409942191,1.5669517788337,0.783732223054728,NA,NA,NA,NA,NA,NA,NA,NA,NA,NA,NA,NA,NA,NA,NA,NA,NA,NA,NA,NA,NA,NA,NA,NA,NA,NA,NA,NA,NA,NA,NA,NA,2016,1993-03-06,NA,NA,NA,NA
"Nick Vannett","DEN","TE","12680","weighted",NA,NA,NA,NA,NA,NA,0.156143863552095,0.268653021188053,0,0,0.0243480410332468,0.0158239186849148,0,0,0,0,19.478636911383,8.07733032284755,199.699614386355,80.4513409942191,1.5669517788337,0.783732223054728,NA,NA,NA,NA,NA,NA,NA,NA,NA,NA,NA,NA,NA,NA,NA,NA,NA,NA,NA,NA,NA,NA,NA,NA,NA,NA,NA,NA,NA,NA,NA,NA,2016,1993-03-06,NA,NA,NA,NA
"Ricky Seals-Jones","FA","TE","13382","weighted",NA,NA,NA,NA,NA,NA,0.0875430491390172,0.162451861460924,0,0,0,0,0,0,0,0,12.5740277194456,9.05999046274613,142.628080638387,97.0818625550615,1.0882444351113,0.76826781421666,NA,NA,NA,NA,NA,NA,NA,NA,NA,NA,NA,NA,NA,NA,NA,NA,NA,NA,NA,NA,NA,NA,NA,NA,NA,NA,NA,NA,NA,NA,NA,NA,2017,1995-03-15,NA,NA,NA,NA
"Ricky Seals-Jones","KC","TE","13382","weighted",NA,NA,NA,NA,NA,NA,0.0875430491390172,0.162451861460924,0,0,0,0,0,0,0,0,12.5740277194456,9.05999046274613,142.628080638387,97.0818625550615,1.0882444351113,0.76826781421666,NA,NA,NA,NA,NA,NA,NA,NA,NA,NA,NA,NA,NA,NA,NA,NA,NA,NA,NA,NA,NA,NA,NA,NA,NA,NA,NA,NA,NA,NA,NA,NA,2017,1995-03-15,NA,NA,NA,NA
"Marcedes Lewis","GB","TE","8269","weighted",NA,NA,NA,NA,NA,NA,0.0800688405797101,0.136063259672794,0,0,0,0,0,0,0,0,8.50584782608696,8.54988480720428,93.1166086956522,91.7534009079696,0.409905797101449,0.452735522141224,NA,NA,NA,NA,NA,NA,NA,NA,NA,NA,NA,NA,NA,NA,NA,NA,NA,NA,NA,NA,NA,NA,NA,NA,NA,NA,NA,NA,NA,NA,NA,NA,2006,1984-05-19,NA,NA,NA,NA
"Josh Hill","NO","TE","11529","weighted",NA,NA,NA,NA,NA,NA,0.111315217391304,0.189161117106079,0,0,0.0152989130434783,0.0130294049961451,0,0,0,0,15.6275905797101,6.17044916254924,162.531869565217,70.8927444864162,1.16247826086957,0.567394362477812,NA,NA,NA,NA,NA,NA,NA,NA,NA,NA,NA,NA,NA,NA,NA,NA,NA,NA,NA,NA,NA,NA,NA,NA,NA,NA,NA,NA,NA,NA,NA,NA,2013,1990-05-21,NA,NA,NA,NA
"Maxx Williams","ARI","TE","12206","weighted",NA,NA,NA,NA,NA,NA,2.86145499383477,5.2501499929446,0.00243423756678997,0.00346866992501166,0.00274969173859433,0.00332307872128097,0,0,0,0,15.7720591861899,9.175185630705,156.51067406494,92.0759307187269,0.921648170982327,0.775037737014604,NA,NA,NA,NA,NA,NA,NA,NA,NA,NA,NA,NA,NA,NA,NA,NA,NA,NA,NA,NA,NA,NA,NA,NA,NA,NA,NA,NA,NA,NA,NA,NA,2015,1994-04-12,NA,NA,NA,NA
"Logan Thomas","DET","TE","11647","weighted",NA,NA,NA,NA,NA,NA,0.0938260869565217,0.166354882663366,0,0,0.0189565217391304,0.0184728582137235,0,0,0,0,11.6301101449275,10.867160347853,109.494156521739,103.618755818278,0.570817391304348,0.456856530012366,NA,NA,NA,NA,NA,NA,NA,NA,NA,NA,NA,NA,NA,NA,NA,NA,NA,NA,NA,NA,NA,NA,NA,NA,NA,NA,NA,NA,NA,NA,NA,NA,2014,1991-07-01,NA,NA,NA,NA
"Logan Thomas","WAS","TE","11647","weighted",NA,NA,NA,NA,NA,NA,0.0938260869565217,0.166354882663366,0,0,0.0189565217391304,0.0184728582137235,0,0,0,0,11.6301101449275,10.867160347853,109.494156521739,103.618755818278,0.570817391304348,0.456856530012366,NA,NA,NA,NA,NA,NA,NA,NA,NA,NA,NA,NA,NA,NA,NA,NA,NA,NA,NA,NA,NA,NA,NA,NA,NA,NA,NA,NA,NA,NA,NA,NA,2014,1991-07-01,NA,NA,NA,NA
"Jacob Hollister","FA","TE","13391","weighted",NA,NA,NA,NA,NA,NA,0.118623417721519,0.187634352710265,0,0,0,0,0,0,0,0,16.2546583901331,8.52125963975286,161.532493508601,76.7962624683277,1.25377836756462,0.944655597671071,NA,NA,NA,NA,NA,NA,NA,NA,NA,NA,NA,NA,NA,NA,NA,NA,NA,NA,NA,NA,NA,NA,NA,NA,NA,NA,NA,NA,NA,NA,NA,NA,2017,1993-11-18,NA,NA,NA,NA
"Jacob Hollister","SEA","TE","13391","weighted",NA,NA,NA,NA,NA,NA,0.118623417721519,0.187634352710265,0,0,0,0,0,0,0,0,16.2546583901331,8.52125963975286,161.532493508601,76.7962624683277,1.25377836756462,0.944655597671071,NA,NA,NA,NA,NA,NA,NA,NA,NA,NA,NA,NA,NA,NA,NA,NA,NA,NA,NA,NA,NA,NA,NA,NA,NA,NA,NA,NA,NA,NA,NA,NA,2017,1993-11-18,NA,NA,NA,NA
"Garrett Celek","SF","TE","11007","weighted",NA,NA,NA,NA,NA,NA,0,0,0,0,0,0,0,0,0,0,21.8,5.04829579918636e-15,242,4.03863663934909e-14,2.1,0,NA,NA,NA,NA,NA,NA,NA,NA,NA,NA,NA,NA,NA,NA,NA,NA,NA,NA,NA,NA,NA,NA,NA,NA,NA,NA,NA,NA,NA,NA,NA,NA,2012,1988-05-29,NA,NA,NA,NA
"Garrett Celek","FA","TE","11007","weighted",NA,NA,NA,NA,NA,NA,0,0,0,0,0,0,0,0,0,0,21.8,5.04829579918636e-15,242,4.03863663934909e-14,2.1,0,NA,NA,NA,NA,NA,NA,NA,NA,NA,NA,NA,NA,NA,NA,NA,NA,NA,NA,NA,NA,NA,NA,NA,NA,NA,NA,NA,NA,NA,NA,NA,NA,2012,1988-05-29,NA,NA,NA,NA
"Kahale Warring","HOU","TE","14195","weighted",NA,NA,NA,NA,NA,NA,0.304224898859875,0.406404082794393,0,0,0,0,0,0,0,0,9.94480829349025,5.22284251117676,123.456929018021,74.2233767114547,0.575852335417433,0.476447442428292,NA,NA,NA,NA,NA,NA,NA,NA,NA,NA,NA,NA,NA,NA,NA,NA,NA,NA,NA,NA,NA,NA,NA,NA,NA,NA,NA,NA,NA,NA,NA,NA,2019,1970-01-01,NA,NA,NA,NA
"Virgil Green","LAC","TE","10432","weighted",NA,NA,NA,NA,NA,NA,0.316369565217391,0.537615806512014,0,0,0.625588768115942,0.322275568686917,0,0,0,0,15.9048405797101,4.45500371758846,159.924224637681,44.3109405052109,1.20174637681159,0.437388858564728,NA,NA,NA,NA,NA,NA,NA,NA,NA,NA,NA,NA,NA,NA,NA,NA,NA,NA,NA,NA,NA,NA,NA,NA,NA,NA,NA,NA,NA,NA,NA,NA,2011,1988-08-03,NA,NA,NA,NA
"Dalton Schultz","DAL","TE","13772","weighted",NA,NA,NA,NA,NA,NA,0.0878804347826087,0.149337724031115,0,0,0.0152989130434783,0.0130294049961451,0,0,0,0,11.5363731884058,7.19454289789599,120.345822463768,72.8715307881125,0.654416666666667,0.485740301066523,NA,NA,NA,NA,NA,NA,NA,NA,NA,NA,NA,NA,NA,NA,NA,NA,NA,NA,NA,NA,NA,NA,NA,NA,NA,NA,NA,NA,NA,NA,NA,NA,2018,1996-07-11,NA,NA,NA,NA
"Demetrius Harris","CLE","TE","11448","weighted",NA,NA,NA,NA,NA,NA,0.171855072463768,0.292038215883069,0,0,0,0,0,0,0,0,14.0485398550725,3.68556457776485,145.910152173913,44.0780459800457,1.33207246376812,0.636789101917131,NA,NA,NA,NA,NA,NA,NA,NA,NA,NA,NA,NA,NA,NA,NA,NA,NA,NA,NA,NA,NA,NA,NA,NA,NA,NA,NA,NA,NA,NA,NA,NA,2013,1991-07-29,NA,NA,NA,NA
"Demetrius Harris","CHI","TE","11448","weighted",NA,NA,NA,NA,NA,NA,0.171855072463768,0.292038215883069,0,0,0,0,0,0,0,0,14.0485398550725,3.68556457776485,145.910152173913,44.0780459800457,1.33207246376812,0.636789101917131,NA,NA,NA,NA,NA,NA,NA,NA,NA,NA,NA,NA,NA,NA,NA,NA,NA,NA,NA,NA,NA,NA,NA,NA,NA,NA,NA,NA,NA,NA,NA,NA,2013,1991-07-29,NA,NA,NA,NA
"Rhett Ellison","NYG","TE","10838","weighted",NA,NA,NA,NA,NA,NA,0.174275110183252,0.25263938961136,0,0,0,0,0,0,0,0,17.908469032707,5.12819236204259,178.280647181628,50.5597717488573,1.08278357689631,0.110398279025215,NA,NA,NA,NA,NA,NA,NA,NA,NA,NA,NA,NA,NA,NA,NA,NA,NA,NA,NA,NA,NA,NA,NA,NA,NA,NA,NA,NA,NA,NA,NA,NA,2012,1988-10-03,NA,NA,NA,NA
"Rhett Ellison","FA","TE","10838","weighted",NA,NA,NA,NA,NA,NA,0.174275110183252,0.25263938961136,0,0,0,0,0,0,0,0,17.908469032707,5.12819236204259,178.280647181628,50.5597717488573,1.08278357689631,0.110398279025215,NA,NA,NA,NA,NA,NA,NA,NA,NA,NA,NA,NA,NA,NA,NA,NA,NA,NA,NA,NA,NA,NA,NA,NA,NA,NA,NA,NA,NA,NA,NA,NA,2012,1988-10-03,NA,NA,NA,NA
"Taysom Hill","NO","TE","13424","weighted",NA,NA,NA,NA,NA,NA,141.72,NA,0.89,NA,0.3,NA,NA,NA,NA,NA,20.92,NA,216.21,NA,2.08,NA,NA,NA,NA,NA,NA,NA,NA,NA,NA,NA,NA,NA,NA,NA,NA,NA,NA,NA,NA,NA,NA,NA,NA,NA,NA,NA,NA,NA,NA,NA,NA,NA,2017,1990-08-23,NA,NA,NA,NA
"Seth DeValve","FA","TE","12792","weighted",NA,NA,NA,NA,NA,NA,0.127735665694849,0.162842967083539,0,0,0,0,0,0,0,0,5.96937317784257,7.4703508944898,69.7684037900875,80.6104068259739,0.336297376093295,0.408883997038131,NA,NA,NA,NA,NA,NA,NA,NA,NA,NA,NA,NA,NA,NA,NA,NA,NA,NA,NA,NA,NA,NA,NA,NA,NA,NA,NA,NA,NA,NA,NA,NA,2016,1993-01-29,"Q","Toe",2019,0
"Jake Butt","DEN","TE","13190","weighted",NA,NA,NA,NA,NA,NA,0.114825331125828,0.2114695717023,0,0,0,0,0,0,0,0,10.2703518211921,3.98227337865086,112.224701986755,55.5233346375506,0.683501655629139,0.498103621874558,NA,NA,NA,NA,NA,NA,NA,NA,NA,NA,NA,NA,NA,NA,NA,NA,NA,NA,NA,NA,NA,NA,NA,NA,NA,NA,NA,NA,NA,NA,NA,NA,2017,1995-07-11,NA,NA,NA,NA
"Xavier Grimble","PIT","TE","11701","weighted",NA,NA,NA,NA,NA,NA,0.101778523489933,0.159597740407603,0,0,0,0,0,0,0,0,8.82884467881112,7.52450730306423,95.1561984659636,77.7826897303571,0.561812080536913,0.403614443282697,NA,NA,NA,NA,NA,NA,NA,NA,NA,NA,NA,NA,NA,NA,NA,NA,NA,NA,NA,NA,NA,NA,NA,NA,NA,NA,NA,NA,NA,NA,NA,NA,2014,1992-09-02,NA,NA,NA,NA
"Xavier Grimble","IND","TE","11701","weighted",NA,NA,NA,NA,NA,NA,0.101778523489933,0.159597740407603,0,0,0,0,0,0,0,0,8.82884467881112,7.52450730306423,95.1561984659636,77.7826897303571,0.561812080536913,0.403614443282697,NA,NA,NA,NA,NA,NA,NA,NA,NA,NA,NA,NA,NA,NA,NA,NA,NA,NA,NA,NA,NA,NA,NA,NA,NA,NA,NA,NA,NA,NA,NA,NA,2014,1992-09-02,NA,NA,NA,NA
"Andrew Beck","NE","TE","14319","weighted",NA,NA,NA,NA,NA,NA,0,0,0,0,0,0,0,0,0,0,7.86021505376344,12.0208152801713,84.6129032258064,129.400540957138,0.924731182795699,1.41421356237309,NA,NA,NA,NA,NA,NA,NA,NA,NA,NA,NA,NA,NA,NA,NA,NA,NA,NA,NA,NA,NA,NA,NA,NA,NA,NA,NA,NA,NA,NA,NA,NA,2019,1996-05-15,NA,NA,NA,NA
"Andrew Beck","DEN","TE","14319","weighted",NA,NA,NA,NA,NA,NA,0,0,0,0,0,0,0,0,0,0,7.86021505376344,12.0208152801713,84.6129032258064,129.400540957138,0.924731182795699,1.41421356237309,NA,NA,NA,NA,NA,NA,NA,NA,NA,NA,NA,NA,NA,NA,NA,NA,NA,NA,NA,NA,NA,NA,NA,NA,NA,NA,NA,NA,NA,NA,NA,NA,2019,1996-05-15,NA,NA,NA,NA
"Luke Willson","FA","TE","11381","weighted",NA,NA,NA,NA,NA,NA,0,0,0,0,0,0,0,0,0,0,8.95690434782609,7.60203730276874,88.0964173913043,74.9210886932567,0.648649275362319,0.481156685450159,NA,NA,NA,NA,NA,NA,NA,NA,NA,NA,NA,NA,NA,NA,NA,NA,NA,NA,NA,NA,NA,NA,NA,NA,NA,NA,NA,NA,NA,NA,NA,NA,2013,1990-01-15,NA,NA,NA,NA
"Luke Willson","SEA","TE","11381","weighted",NA,NA,NA,NA,NA,NA,0,0,0,0,0,0,0,0,0,0,8.95690434782609,7.60203730276874,88.0964173913043,74.9210886932567,0.648649275362319,0.481156685450159,NA,NA,NA,NA,NA,NA,NA,NA,NA,NA,NA,NA,NA,NA,NA,NA,NA,NA,NA,NA,NA,NA,NA,NA,NA,NA,NA,NA,NA,NA,NA,NA,2013,1990-01-15,NA,NA,NA,NA
"MyCole Pruitt","TEN","TE","12309","weighted",NA,NA,NA,NA,NA,NA,0.00645863806273363,0.00728071733964158,0,0,0,0,0,0,0,0,6.51542580854867,6.03105236869956,75.8087697058345,66.0680764330561,0.52213554363725,0.561464357702704,NA,NA,NA,NA,NA,NA,NA,NA,NA,NA,NA,NA,NA,NA,NA,NA,NA,NA,NA,NA,NA,NA,NA,NA,NA,NA,NA,NA,NA,NA,NA,NA,2015,1992-03-24,NA,NA,NA,NA
"Chris Manhertz","CAR","TE","12955","weighted",NA,NA,NA,NA,NA,NA,0.111411506582155,0.17625701708649,0,0,0,0,0,0,0,0,3.73921501706485,4.29330921099803,46.0993807898586,57.6985814614583,0.28206240858118,0.380120548845443,NA,NA,NA,NA,NA,NA,NA,NA,NA,NA,NA,NA,NA,NA,NA,NA,NA,NA,NA,NA,NA,NA,NA,NA,NA,NA,NA,NA,NA,NA,NA,NA,NA,1992-04-10,NA,NA,NA,NA
"Richard Rodgers","PHI","TE","11785","weighted",NA,NA,NA,NA,NA,NA,0.0832557682866961,0.170236178410519,0,0,0,0,0,0,0,0,7.20514972999509,6.0622136772555,71.0525920471281,59.9091272700166,0.688900343642612,0.7209139563665,NA,NA,NA,NA,NA,NA,NA,NA,NA,NA,NA,NA,NA,NA,NA,NA,NA,NA,NA,NA,NA,NA,NA,NA,NA,NA,NA,NA,NA,NA,NA,NA,2014,1992-01-22,NA,NA,NA,NA
"Richard Rodgers","WAS","TE","11785","weighted",NA,NA,NA,NA,NA,NA,0.0832557682866961,0.170236178410519,0,0,0,0,0,0,0,0,7.20514972999509,6.0622136772555,71.0525920471281,59.9091272700166,0.688900343642612,0.7209139563665,NA,NA,NA,NA,NA,NA,NA,NA,NA,NA,NA,NA,NA,NA,NA,NA,NA,NA,NA,NA,NA,NA,NA,NA,NA,NA,NA,NA,NA,NA,NA,NA,2014,1992-01-22,NA,NA,NA,NA
"Dwayne Allen","FA","TE","10742","weighted",NA,NA,NA,NA,NA,NA,0.111947069943289,0.204552266574708,0,0,0,0,0,0,0,0,4.54629489603025,7.80215919105189,46.8996030245747,80.9504867302233,0.373156899810964,0.526767975067895,NA,NA,NA,NA,NA,NA,NA,NA,NA,NA,NA,NA,NA,NA,NA,NA,NA,NA,NA,NA,NA,NA,NA,NA,NA,NA,NA,NA,NA,NA,NA,NA,2012,1990-02-24,"Q","Undisclosed",2019,0
"Lance Kendricks","NE","TE","10318","weighted",NA,NA,NA,NA,NA,NA,0.0255471331389699,0.0325685934167079,0,0,0.0287230320699708,0.0218100600161861,0,0,0,0,6.0851166180758,5.33028459299305,63.1389504373178,55.9188702404108,0.0980830903790087,0.103057609541337,NA,NA,NA,NA,NA,NA,NA,NA,NA,NA,NA,NA,NA,NA,NA,NA,NA,NA,NA,NA,NA,NA,NA,NA,NA,NA,NA,NA,NA,NA,NA,NA,2011,1988-01-30,NA,NA,NA,NA
"Lance Kendricks","FA","TE","10318","weighted",NA,NA,NA,NA,NA,NA,0.0255471331389699,0.0325685934167079,0,0,0.0287230320699708,0.0218100600161861,0,0,0,0,6.0851166180758,5.33028459299305,63.1389504373178,55.9188702404108,0.0980830903790087,0.103057609541337,NA,NA,NA,NA,NA,NA,NA,NA,NA,NA,NA,NA,NA,NA,NA,NA,NA,NA,NA,NA,NA,NA,NA,NA,NA,NA,NA,NA,NA,NA,NA,NA,2011,1988-01-30,NA,NA,NA,NA
"Luke Stocker","ATL","TE","10354","weighted",NA,NA,NA,NA,NA,NA,0.40629440665155,0.509732905727987,0,0,0,0,0,0,0,0,7.89145124716553,5.89287545315083,77.3014569160998,54.9512149712133,0.767647392290249,0.465383598793366,NA,NA,NA,NA,NA,NA,NA,NA,NA,NA,NA,NA,NA,NA,NA,NA,NA,NA,NA,NA,NA,NA,NA,NA,NA,NA,NA,NA,NA,NA,NA,NA,2011,1988-07-17,NA,NA,NA,NA
"Luke Stocker","FA","TE","10354","weighted",NA,NA,NA,NA,NA,NA,0.40629440665155,0.509732905727987,0,0,0,0,0,0,0,0,7.89145124716553,5.89287545315083,77.3014569160998,54.9512149712133,0.767647392290249,0.465383598793366,NA,NA,NA,NA,NA,NA,NA,NA,NA,NA,NA,NA,NA,NA,NA,NA,NA,NA,NA,NA,NA,NA,NA,NA,NA,NA,NA,NA,NA,NA,NA,NA,2011,1988-07-17,NA,NA,NA,NA
"Michael Roberts","FA","TE","13197","weighted",NA,NA,NA,NA,NA,NA,0,0,0,0,0,0,0,0,0,0,6.00278315412186,4.78603204540414,68.7901093189964,57.7263010555896,0.50321146953405,0.424072827782948,NA,NA,NA,NA,NA,NA,NA,NA,NA,NA,NA,NA,NA,NA,NA,NA,NA,NA,NA,NA,NA,NA,NA,NA,NA,NA,NA,NA,NA,NA,NA,NA,2017,1994-05-07,"Q","Shoulder",2019,0
"Michael Roberts","MIA","TE","13197","weighted",NA,NA,NA,NA,NA,NA,0,0,0,0,0,0,0,0,0,0,6.00278315412186,4.78603204540414,68.7901093189964,57.7263010555896,0.50321146953405,0.424072827782948,NA,NA,NA,NA,NA,NA,NA,NA,NA,NA,NA,NA,NA,NA,NA,NA,NA,NA,NA,NA,NA,NA,NA,NA,NA,NA,NA,NA,NA,NA,NA,NA,2017,1994-05-07,"Q","Shoulder",2019,0
"Joshua Perkins","PHI","TE","12685","weighted",NA,NA,NA,NA,NA,NA,0.0288850174216028,0.0364994953915196,0,0,0,0,0,0,0,0,6.44130662020906,6.39845529222085,65.4082520325203,63.4055018912533,0.538002322880372,0.513888684810684,NA,NA,NA,NA,NA,NA,NA,NA,NA,NA,NA,NA,NA,NA,NA,NA,NA,NA,NA,NA,NA,NA,NA,NA,NA,NA,NA,NA,NA,NA,NA,NA,2016,1993-08-05,NA,NA,NA,NA
"Logan Paulsen","FA","TE","10123","weighted",NA,NA,NA,NA,NA,NA,0.105727788279773,0.193188251765002,0,0,0,0,0,0,0,0,4.87902646502836,6.16304513109107,49.542797731569,65.2733625259745,0.438459357277883,0.507588517153208,NA,NA,NA,NA,NA,NA,NA,NA,NA,NA,NA,NA,NA,NA,NA,NA,NA,NA,NA,NA,NA,NA,NA,NA,NA,NA,NA,NA,NA,NA,NA,NA,2010,1987-02-26,NA,NA,NA,NA
"Tommy Sweeney","BUF","TE","14294","weighted",NA,NA,NA,NA,NA,NA,0.118669757489301,0.103943988068839,0,0,0,0,0,0,0,0,3.37573109843081,4.02351317853255,47.6122325249643,55.959069002025,0.377362696148359,0.444994430831223,NA,NA,NA,NA,NA,NA,NA,NA,NA,NA,NA,NA,NA,NA,NA,NA,NA,NA,NA,NA,NA,NA,NA,NA,NA,NA,NA,NA,NA,NA,NA,NA,2019,1970-01-01,NA,NA,NA,NA
"Blake Bell","KC","TE","12213","weighted",NA,NA,NA,NA,NA,NA,0.0963615690733371,0.168972001224753,0,0,0.0386299033541785,0.0234550932916123,0,0,0,0,6.073820352473,5.27603983245846,60.8378283115406,51.4787221682048,0.408629903354178,0.449473355883942,NA,NA,NA,NA,NA,NA,NA,NA,NA,NA,NA,NA,NA,NA,NA,NA,NA,NA,NA,NA,NA,NA,NA,NA,NA,NA,NA,NA,NA,NA,NA,NA,2015,1991-08-07,NA,NA,NA,NA
"Blake Bell","DAL","TE","12213","weighted",NA,NA,NA,NA,NA,NA,0.0963615690733371,0.168972001224753,0,0,0.0386299033541785,0.0234550932916123,0,0,0,0,6.073820352473,5.27603983245846,60.8378283115406,51.4787221682048,0.408629903354178,0.449473355883942,NA,NA,NA,NA,NA,NA,NA,NA,NA,NA,NA,NA,NA,NA,NA,NA,NA,NA,NA,NA,NA,NA,NA,NA,NA,NA,NA,NA,NA,NA,NA,NA,2015,1991-08-07,NA,NA,NA,NA
"Khari Lee","FA","TE","12479","weighted",NA,NA,NA,NA,NA,NA,0,0,0,0,0,0,NA,NA,NA,NA,8.99065326633166,4.10751867578753,88.2253098827471,36.7103603452464,0.675088000647801,0.330700694969453,NA,NA,NA,NA,NA,NA,NA,NA,NA,NA,NA,NA,NA,NA,NA,NA,NA,NA,NA,NA,NA,NA,NA,NA,NA,NA,NA,NA,NA,NA,NA,NA,NA,NA,NA,NA,NA,NA
"Khari Lee","ATL","TE","12479","weighted",NA,NA,NA,NA,NA,NA,0,0,0,0,0,0,NA,NA,NA,NA,8.99065326633166,4.10751867578753,88.2253098827471,36.7103603452464,0.675088000647801,0.330700694969453,NA,NA,NA,NA,NA,NA,NA,NA,NA,NA,NA,NA,NA,NA,NA,NA,NA,NA,NA,NA,NA,NA,NA,NA,NA,NA,NA,NA,NA,NA,NA,NA,NA,NA,NA,NA,NA,NA
"Ryan Izzo","NE","TE","13847","weighted",NA,NA,NA,NA,NA,NA,0.300630052306229,0.441739402448574,0,0,0,0,0,0,0,0,4.72388017118402,3.87494698445121,58.4883880171184,51.2969726659011,0.362696148359486,0.480114122967532,NA,NA,NA,NA,NA,NA,NA,NA,NA,NA,NA,NA,NA,NA,NA,NA,NA,NA,NA,NA,NA,NA,NA,NA,NA,NA,NA,NA,NA,NA,NA,NA,2018,1995-12-21,NA,NA,NA,NA
"Zach Gentry","PIT","TE","14240","weighted",NA,NA,NA,NA,NA,NA,0.208368804664723,0.372483853712212,0,0,0,0,0,0,0,0,5.12580758017493,5.02486792101721,48.9635685131195,48.4597074999478,0.382338192419825,0.541597193920581,NA,NA,NA,NA,NA,NA,NA,NA,NA,NA,NA,NA,NA,NA,NA,NA,NA,NA,NA,NA,NA,NA,NA,NA,NA,NA,NA,NA,NA,NA,NA,NA,2019,1970-01-01,NA,NA,NA,NA
"Pharaoh Brown","CLE","TE","13994","weighted",NA,NA,NA,NA,NA,NA,0,0,0,0,0,0,0,0,0,0,4.62365591397849,7.07106781186547,55.9462365591398,85.5599205235722,0.462365591397849,0.707106781186547,NA,NA,NA,NA,NA,NA,NA,NA,NA,NA,NA,NA,NA,NA,NA,NA,NA,NA,NA,NA,NA,NA,NA,NA,NA,NA,NA,NA,NA,NA,NA,NA,2017,1994-05-04,NA,NA,NA,NA
"Nick OLeary","MIA","TE","12207","weighted",NA,NA,NA,NA,NA,NA,0.132737752161383,0.196346167499441,0,0,0,0,0,0,0,0,7.38679154658982,5.87440258153504,70.3388856868396,54.6318357805085,0.293919308357349,0.434766513748762,NA,NA,NA,NA,NA,NA,NA,NA,NA,NA,NA,NA,NA,NA,NA,NA,NA,NA,NA,NA,NA,NA,NA,NA,NA,NA,NA,NA,NA,NA,NA,NA,2015,1992-08-31,NA,"Illness",2019,0
"Nick OLeary","FA","TE","12207","weighted",NA,NA,NA,NA,NA,NA,0.132737752161383,0.196346167499441,0,0,0,0,0,0,0,0,7.38679154658982,5.87440258153504,70.3388856868396,54.6318357805085,0.293919308357349,0.434766513748762,NA,NA,NA,NA,NA,NA,NA,NA,NA,NA,NA,NA,NA,NA,NA,NA,NA,NA,NA,NA,NA,NA,NA,NA,NA,NA,NA,NA,NA,NA,NA,NA,2015,1992-08-31,NA,"Illness",2019,0
"Garrett Griffin","NO","TE","13546","weighted",NA,NA,NA,NA,NA,NA,0,0,0,0,0,0,0,0,0,0,6.30009319664492,6.2682267650628,58.2758620689655,57.9810975768309,1.05001553277415,1.0447044608438,NA,NA,NA,NA,NA,NA,NA,NA,NA,NA,NA,NA,NA,NA,NA,NA,NA,NA,NA,NA,NA,NA,NA,NA,NA,NA,NA,NA,NA,NA,NA,NA,NA,NA,NA,NA,NA,NA
"Tyler Conklin","MIN","TE","13675","weighted",NA,NA,NA,NA,NA,NA,0.11378164556962,0.179975807701682,0,0,0,0,0,0,0,0,5.00549740344044,3.95672293411016,55.6097817267121,41.0885688159685,0.345414638104512,0.371150224814292,NA,NA,NA,NA,NA,NA,NA,NA,NA,NA,NA,NA,NA,NA,NA,NA,NA,NA,NA,NA,NA,NA,NA,NA,NA,NA,NA,NA,NA,NA,NA,NA,2018,1995-07-30,NA,NA,NA,NA
"Trevon Wesco","NYJ","TE","14231","weighted",NA,NA,NA,NA,NA,NA,1.1647403210576,1.56136460674768,0,0,0,0,0,0,0,0,4.18701605288008,4.57003130235104,48.5677903682719,53.7773969031733,0.451416430594901,0.507211377023238,NA,NA,NA,NA,NA,NA,NA,NA,NA,NA,NA,NA,NA,NA,NA,NA,NA,NA,NA,NA,NA,NA,NA,NA,NA,NA,NA,NA,NA,NA,NA,NA,2019,NA,NA,NA,NA,NA
"Kaden Smith","SF","TE","14142","weighted",NA,NA,NA,NA,NA,NA,0,0,0,0,0,0,0,0,0,0,5.08602150537634,7.77817459305202,44.8494623655914,68.5893577750951,0.462365591397849,0.707106781186547,NA,NA,NA,NA,NA,NA,NA,NA,NA,NA,NA,NA,NA,NA,NA,NA,NA,NA,NA,NA,NA,NA,NA,NA,NA,NA,NA,NA,NA,NA,NA,NA,2019,NA,NA,NA,NA,NA
"Kaden Smith","NYG","TE","14142","weighted",NA,NA,NA,NA,NA,NA,0,0,0,0,0,0,0,0,0,0,5.08602150537634,7.77817459305202,44.8494623655914,68.5893577750951,0.462365591397849,0.707106781186547,NA,NA,NA,NA,NA,NA,NA,NA,NA,NA,NA,NA,NA,NA,NA,NA,NA,NA,NA,NA,NA,NA,NA,NA,NA,NA,NA,NA,NA,NA,NA,NA,2019,NA,NA,NA,NA,NA
"Antony Auclair","TB","TE","13445","weighted",NA,NA,NA,NA,NA,NA,0.0962877030162413,0.170651427618839,0,0,0,0,0,0,0,0,3.61530742459397,3.85802523495904,37.6956380510441,40.1597314791477,0.294303944315545,0.418333900541362,NA,NA,NA,NA,NA,NA,NA,NA,NA,NA,NA,NA,NA,NA,NA,NA,NA,NA,NA,NA,NA,NA,NA,NA,NA,NA,NA,NA,NA,NA,NA,NA,2017,1993-05-28,NA,NA,NA,NA
"Scott Simonson",NA,"TE","12138","weighted",NA,NA,NA,NA,NA,NA,0.118166351606805,0.215916281384414,0,0,0,0,0,0,0,0,4.742202268431,5.73700489796648,43.5007655954631,50.1841373775745,0.245661625708885,0.448878584983387,NA,NA,NA,NA,NA,NA,NA,NA,NA,NA,NA,NA,NA,NA,NA,NA,NA,NA,NA,NA,NA,NA,NA,NA,NA,NA,NA,NA,NA,NA,NA,NA,NA,NA,NA,NA,NA,NA
"Troy Fumagalli","DEN","TE","13673","weighted",NA,NA,NA,NA,NA,NA,0,0,0,0,0,0,0,0,0,0,7.69697341040462,4.30199750403344,66.7911907514451,37.4674409062152,0.25500458677877,0.433938755256654,NA,NA,NA,NA,NA,NA,NA,NA,NA,NA,NA,NA,NA,NA,NA,NA,NA,NA,NA,NA,NA,NA,NA,NA,NA,NA,NA,NA,NA,NA,NA,NA,2018,NA,NA,NA,NA,NA
"Eric Tomlinson","NYJ","TE","13065","weighted",NA,NA,NA,NA,NA,NA,0.021797903461726,0.0344850685604002,0,0,0,0,0,0,0,0,3.38147732813262,4.06777187183909,30.8282447586543,34.9528663103562,0.27381277425646,0.385324370443384,NA,NA,NA,NA,NA,NA,NA,NA,NA,NA,NA,NA,NA,NA,NA,NA,NA,NA,NA,NA,NA,NA,NA,NA,NA,NA,NA,NA,NA,NA,NA,NA,NA,NA,NA,NA,NA,NA
"Eric Tomlinson","NYG","TE","13065","weighted",NA,NA,NA,NA,NA,NA,0.021797903461726,0.0344850685604002,0,0,0,0,0,0,0,0,3.38147732813262,4.06777187183909,30.8282447586543,34.9528663103562,0.27381277425646,0.385324370443384,NA,NA,NA,NA,NA,NA,NA,NA,NA,NA,NA,NA,NA,NA,NA,NA,NA,NA,NA,NA,NA,NA,NA,NA,NA,NA,NA,NA,NA,NA,NA,NA,NA,NA,NA,NA,NA,NA
"Derek Carrier","OAK","TE","10940","weighted",NA,NA,NA,NA,NA,NA,0.599769831483765,0.70134047844719,0.00483970406905056,0.00293845375315299,0,0,0,0,0,0,6.21876284422524,3.60922811876082,58.6205548705302,33.6310617596774,0.788466913275791,0.654234465811751,NA,NA,NA,NA,NA,NA,NA,NA,NA,NA,NA,NA,NA,NA,NA,NA,NA,NA,NA,NA,NA,NA,NA,NA,NA,NA,NA,NA,NA,NA,NA,NA,2012,1990-07-25,NA,NA,NA,NA
"Derek Carrier","LVR","TE","10940","weighted",NA,NA,NA,NA,NA,NA,0.599769831483765,0.70134047844719,0.00483970406905056,0.00293845375315299,0,0,0,0,0,0,6.21876284422524,3.60922811876082,58.6205548705302,33.6310617596774,0.788466913275791,0.654234465811751,NA,NA,NA,NA,NA,NA,NA,NA,NA,NA,NA,NA,NA,NA,NA,NA,NA,NA,NA,NA,NA,NA,NA,NA,NA,NA,NA,NA,NA,NA,NA,NA,2012,1990-07-25,NA,NA,NA,NA
"Deon Yelder","KC","TE","13857","weighted",NA,NA,NA,NA,NA,NA,0.0139933837429112,0.0152340029209519,0,0,0.0310964083175803,0.0297613775312869,0,0,0,0,0.874845620667927,1.46883917258152,9.63988657844991,16.3149955204046,0.0912161310649023,0.150521581121213,NA,NA,NA,NA,NA,NA,NA,NA,NA,NA,NA,NA,NA,NA,NA,NA,NA,NA,NA,NA,NA,NA,NA,NA,NA,NA,NA,NA,NA,NA,NA,NA,2018,NA,NA,NA,NA,NA
"Robert Tonyan","GB","TE","13427","weighted",NA,NA,NA,NA,NA,NA,0,0,0,0,0,0,0,0,0,0,3.44342525399129,3.14680566249037,38.1337862844702,34.7167521420655,0.262120827285922,0.265169207293146,NA,NA,NA,NA,NA,NA,NA,NA,NA,NA,NA,NA,NA,NA,NA,NA,NA,NA,NA,NA,NA,NA,NA,NA,NA,NA,NA,NA,NA,NA,NA,NA,2017,1994-04-30,NA,NA,NA,NA
"Durham Smythe","MIA","TE","13676","weighted",NA,NA,NA,NA,NA,NA,0.00721880492091388,0.0128633278697582,0,0,0,0,0,0,0,0,3.15,2.85944624394908,31.8868658465144,31.6888264328531,0.0757586408904511,0.134042905350901,NA,NA,NA,NA,NA,NA,NA,NA,NA,NA,NA,NA,NA,NA,NA,NA,NA,NA,NA,NA,NA,NA,NA,NA,NA,NA,NA,NA,NA,NA,NA,NA,2018,1995-08-09,NA,NA,NA,NA
"Ed Dickson","SEA","TE","9912","weighted",NA,NA,NA,NA,NA,NA,0,0,0,0,0,0,0,0,0,0,2.70781893004115,4.24264068711928,32.4938271604938,50.9116882454314,0.451303155006859,0.707106781186547,NA,NA,NA,NA,NA,NA,NA,NA,NA,NA,NA,NA,NA,NA,NA,NA,NA,NA,NA,NA,NA,NA,NA,NA,NA,NA,NA,NA,NA,NA,NA,NA,2010,1987-07-25,"Q","Knee",2019,0
"Ed Dickson","FA","TE","9912","weighted",NA,NA,NA,NA,NA,NA,0,0,0,0,0,0,0,0,0,0,2.70781893004115,4.24264068711928,32.4938271604938,50.9116882454314,0.451303155006859,0.707106781186547,NA,NA,NA,NA,NA,NA,NA,NA,NA,NA,NA,NA,NA,NA,NA,NA,NA,NA,NA,NA,NA,NA,NA,NA,NA,NA,NA,NA,NA,NA,NA,NA,2010,1987-07-25,"Q","Knee",2019,0
"Ross Dwelley","SF","TE","13988","weighted",NA,NA,NA,NA,NA,NA,0.136685990338164,0.201271219700238,0,0,0,0,0,0,0,0,2.38251086956522,1.79494408917977,30.2078025362319,23.3360786340106,0.239711956521739,0.187993141247331,NA,NA,NA,NA,NA,NA,NA,NA,NA,NA,NA,NA,NA,NA,NA,NA,NA,NA,NA,NA,NA,NA,NA,NA,NA,NA,NA,NA,NA,NA,NA,NA,2018,1970-01-01,NA,NA,NA,NA
"Daniel Brown","NYJ","TE","12585","weighted",NA,NA,NA,NA,NA,NA,0.231646051379638,0.421349307631496,0,0,0,0,0,0,0,0,2.70675547098002,2.7526704939882,30.277564224548,32.9568888661537,0.239105613701237,0.247764827436273,NA,NA,NA,NA,NA,NA,NA,NA,NA,NA,NA,NA,NA,NA,NA,NA,NA,NA,NA,NA,NA,NA,NA,NA,NA,NA,NA,NA,NA,NA,NA,NA,NA,NA,NA,NA,NA,NA
"Johnny Mundt","LAR","TE","13940","weighted",NA,NA,NA,NA,NA,NA,0.144376098418278,0.183307002657397,0,0,0,0,0,0,0,0,1.90611482132396,1.89388929876872,20.3277234915056,20.5459895768347,0.183304042179262,0.191107417784877,NA,NA,NA,NA,NA,NA,NA,NA,NA,NA,NA,NA,NA,NA,NA,NA,NA,NA,NA,NA,NA,NA,NA,NA,NA,NA,NA,NA,NA,NA,NA,NA,2017,1994-11-23,NA,NA,NA,NA
"David Morgan","MIN","TE","12816","weighted",NA,NA,NA,NA,NA,NA,0,0,0,0,0,0,0,0,0,0,2.55595667870036,2.35678278151575,27.2698555956679,25.2634746614459,0,0,NA,NA,NA,NA,NA,NA,NA,NA,NA,NA,NA,NA,NA,NA,NA,NA,NA,NA,NA,NA,NA,NA,NA,NA,NA,NA,NA,NA,NA,NA,NA,NA,2016,1993-05-19,NA,NA,NA,NA
"Isaac Nauta","DET","TE","14144","weighted",NA,NA,NA,NA,NA,NA,0,NA,0,NA,0,NA,0,NA,0,NA,0,NA,0,NA,0,NA,NA,NA,NA,NA,NA,NA,NA,NA,NA,NA,NA,NA,NA,NA,NA,NA,NA,NA,NA,NA,NA,NA,NA,NA,NA,NA,NA,NA,NA,NA,NA,NA,2019,1970-01-01,NA,NA,NA,NA
"Ben Braunecker","CHI","TE","12868","weighted",NA,NA,NA,NA,NA,NA,0.163256143667297,0.177730034077772,0,0,0,0,0,0,0,0,1.71652173913043,1.86870435830343,20.0991635160681,21.8811061954606,0.195907372400756,0.213276040893327,NA,NA,NA,NA,NA,NA,NA,NA,NA,NA,NA,NA,NA,NA,NA,NA,NA,NA,NA,NA,NA,NA,NA,NA,NA,NA,NA,NA,NA,NA,NA,NA,2016,1994-02-07,NA,NA,NA,NA
"Eric Saubert","NE","TE","13315","weighted",NA,NA,NA,NA,NA,NA,0.00953623188405797,0.0140421781186213,0,0,0,0,0,0,0,0,1.62344202898551,1.94022597359096,15.8931449275362,18.9791833735172,0.123539855072464,0.143979371086771,NA,NA,NA,NA,NA,NA,NA,NA,NA,NA,NA,NA,NA,NA,NA,NA,NA,NA,NA,NA,NA,NA,NA,NA,NA,NA,NA,NA,NA,NA,NA,NA,2017,1994-05-09,NA,NA,NA,NA
"Eric Saubert","CHI","TE","13315","weighted",NA,NA,NA,NA,NA,NA,0.00953623188405797,0.0140421781186213,0,0,0,0,0,0,0,0,1.62344202898551,1.94022597359096,15.8931449275362,18.9791833735172,0.123539855072464,0.143979371086771,NA,NA,NA,NA,NA,NA,NA,NA,NA,NA,NA,NA,NA,NA,NA,NA,NA,NA,NA,NA,NA,NA,NA,NA,NA,NA,NA,NA,NA,NA,NA,NA,2017,1994-05-09,NA,NA,NA,NA
"Sean Culkin","LAC","TE","13438","weighted",NA,NA,NA,NA,NA,NA,0.139933837429112,0.255690333218385,0,0,0,0,0,0,0,0,1.58902646502836,2.0662929090965,16.3691493383743,21.1514949562429,0.0808506616257089,0.147732192526178,NA,NA,NA,NA,NA,NA,NA,NA,NA,NA,NA,NA,NA,NA,NA,NA,NA,NA,NA,NA,NA,NA,NA,NA,NA,NA,NA,NA,NA,NA,NA,NA,NA,NA,"Q","Achilles",2019,0
"Sean Culkin","FA","TE","13438","weighted",NA,NA,NA,NA,NA,NA,0.139933837429112,0.255690333218385,0,0,0,0,0,0,0,0,1.58902646502836,2.0662929090965,16.3691493383743,21.1514949562429,0.0808506616257089,0.147732192526178,NA,NA,NA,NA,NA,NA,NA,NA,NA,NA,NA,NA,NA,NA,NA,NA,NA,NA,NA,NA,NA,NA,NA,NA,NA,NA,NA,NA,NA,NA,NA,NA,NA,NA,"Q","Achilles",2019,0
"Darrell Daniels","ARI","TE","13396","weighted",NA,NA,NA,NA,NA,NA,0.136685990338164,0.201271219700238,0,0,0,0,0,0,0,0,1.41479891304348,1.65570002230947,17.8407173913043,17.5175253713446,0.17718115942029,0.139495530951283,NA,NA,NA,NA,NA,NA,NA,NA,NA,NA,NA,NA,NA,NA,NA,NA,NA,NA,NA,NA,NA,NA,NA,NA,NA,NA,NA,NA,NA,NA,NA,NA,2016,1994-11-22,NA,NA,NA,NA
"Mason Schreck","FA","TE","13366","weighted",NA,NA,NA,NA,NA,NA,0.0139933837429112,0.0152340029209519,0,0,0,0,0,0,0,0,0.416691871455577,0.657499355901977,4.81787019533711,6.88141070036112,0.0290233144297416,0.0379205578000605,NA,NA,NA,NA,NA,NA,NA,NA,NA,NA,NA,NA,NA,NA,NA,NA,NA,NA,NA,NA,NA,NA,NA,NA,NA,NA,NA,NA,NA,NA,NA,NA,2017,NA,NA,NA,NA,NA
"Ross Travis","IND","TE","12898","weighted",NA,NA,NA,NA,NA,NA,0.00953623188405797,0.0140421781186213,0,0,0,0,0,0,0,0,1.34353079710145,1.67260691465563,13.5641612318841,16.5642795556749,0.117579710144928,0.147482589524911,NA,NA,NA,NA,NA,NA,NA,NA,NA,NA,NA,NA,NA,NA,NA,NA,NA,NA,NA,NA,NA,NA,NA,NA,NA,NA,NA,NA,NA,NA,NA,NA,2015,1993-01-09,NA,NA,NA,NA
"Ross Travis","NYJ","TE","12898","weighted",NA,NA,NA,NA,NA,NA,0.00953623188405797,0.0140421781186213,0,0,0,0,0,0,0,0,1.34353079710145,1.67260691465563,13.5641612318841,16.5642795556749,0.117579710144928,0.147482589524911,NA,NA,NA,NA,NA,NA,NA,NA,NA,NA,NA,NA,NA,NA,NA,NA,NA,NA,NA,NA,NA,NA,NA,NA,NA,NA,NA,NA,NA,NA,NA,NA,2015,1993-01-09,NA,NA,NA,NA
"Matt Lengel","FA","TE","13044","weighted",NA,NA,NA,NA,NA,NA,0,0,0,0,0,0,0,0,0,0,1.51955280685062,1.58416050719426,16.7941167142404,17.4641369185977,0.144084998414209,0.152909362939783,NA,NA,NA,NA,NA,NA,NA,NA,NA,NA,NA,NA,NA,NA,NA,NA,NA,NA,NA,NA,NA,NA,NA,NA,NA,NA,NA,NA,NA,NA,NA,NA,NA,NA,NA,NA,NA,NA
"Matt Lengel","IND","TE","13044","weighted",NA,NA,NA,NA,NA,NA,0,0,0,0,0,0,0,0,0,0,1.51955280685062,1.58416050719426,16.7941167142404,17.4641369185977,0.144084998414209,0.152909362939783,NA,NA,NA,NA,NA,NA,NA,NA,NA,NA,NA,NA,NA,NA,NA,NA,NA,NA,NA,NA,NA,NA,NA,NA,NA,NA,NA,NA,NA,NA,NA,NA,NA,NA,NA,NA,NA,NA
"Jordan Leggett","TB","TE","13195","weighted",NA,NA,NA,NA,NA,NA,0,0,0,0,0,0,0,0,0,0,1.99232477006026,2.01382097022239,17.1124801776086,17.3193552164694,0.162733904218205,0.165921860331659,NA,NA,NA,NA,NA,NA,NA,NA,NA,NA,NA,NA,NA,NA,NA,NA,NA,NA,NA,NA,NA,NA,NA,NA,NA,NA,NA,NA,NA,NA,NA,NA,2017,1995-01-31,NA,NA,NA,NA
"Stephen Anderson","FA","TE","12859","weighted",NA,NA,NA,NA,NA,NA,0,0,0,0,0,0,0,0,0,0,1.96239771646051,1.89587484959633,20.038648905804,19.2896058866716,0.0919124643196955,0.169807540566108,NA,NA,NA,NA,NA,NA,NA,NA,NA,NA,NA,NA,NA,NA,NA,NA,NA,NA,NA,NA,NA,NA,NA,NA,NA,NA,NA,NA,NA,NA,NA,NA,2016,1993-01-30,NA,NA,NA,NA
"Stephen Anderson","LAC","TE","12859","weighted",NA,NA,NA,NA,NA,NA,0,0,0,0,0,0,0,0,0,0,1.96239771646051,1.89587484959633,20.038648905804,19.2896058866716,0.0919124643196955,0.169807540566108,NA,NA,NA,NA,NA,NA,NA,NA,NA,NA,NA,NA,NA,NA,NA,NA,NA,NA,NA,NA,NA,NA,NA,NA,NA,NA,NA,NA,NA,NA,NA,NA,2016,1993-01-30,NA,NA,NA,NA
"Cole Hikutini","MIN","TE","13511","weighted",NA,NA,NA,NA,NA,NA,0.165294685990338,0.243397754056102,0,0,0,0,0,0,0,0,1.06497644927536,1.01849797976873,12.2971231884058,12.2281875206068,0.145364130434783,0.142627127588365,NA,NA,NA,NA,NA,NA,NA,NA,NA,NA,NA,NA,NA,NA,NA,NA,NA,NA,NA,NA,NA,NA,NA,NA,NA,NA,NA,NA,NA,NA,NA,NA,2017,1994-06-11,NA,NA,NA,NA
"Cethan Carter","CIN","TE","13369","weighted",NA,NA,NA,NA,NA,NA,0,0,0,0,0,0,0,0,0,0,1.23537396121884,1.95868578388674,12.3448199445983,19.5727157032436,0.0713573407202216,0.113137084989848,NA,NA,NA,NA,NA,NA,NA,NA,NA,NA,NA,NA,NA,NA,NA,NA,NA,NA,NA,NA,NA,NA,NA,NA,NA,NA,NA,NA,NA,NA,NA,NA,2017,1993-09-05,NA,NA,NA,NA
"Rico Gathers","CLE","TE","12833","weighted",NA,NA,NA,NA,NA,NA,0.175516245487365,0.154801690882938,0,0,0,0,0,0,0,0,1.11645728038508,1.01511786666468,12.9402454873646,11.2796235630851,0.101352587244284,0.149666399781512,NA,NA,NA,NA,NA,NA,NA,NA,NA,NA,NA,NA,NA,NA,NA,NA,NA,NA,NA,NA,NA,NA,NA,NA,NA,NA,NA,NA,NA,NA,NA,NA,2016,1994-01-07,NA,NA,NA,NA
"Rico Gathers","FA","TE","12833","weighted",NA,NA,NA,NA,NA,NA,0.175516245487365,0.154801690882938,0,0,0,0,0,0,0,0,1.11645728038508,1.01511786666468,12.9402454873646,11.2796235630851,0.101352587244284,0.149666399781512,NA,NA,NA,NA,NA,NA,NA,NA,NA,NA,NA,NA,NA,NA,NA,NA,NA,NA,NA,NA,NA,NA,NA,NA,NA,NA,NA,NA,NA,NA,NA,NA,2016,1994-01-07,NA,NA,NA,NA
"Temarrick Hemingway","FA","TE","12807","weighted",NA,NA,NA,NA,NA,NA,0,0,0,0,0,0,0,0,0,0,0.19825562955915,0.360614272297226,2.08690136378053,3.79593970839185,0.0104345068189026,0.0189796985419593,NA,NA,NA,NA,NA,NA,NA,NA,NA,NA,NA,NA,NA,NA,NA,NA,NA,NA,NA,NA,NA,NA,NA,NA,NA,NA,NA,NA,NA,NA,NA,NA,2016,1993-07-30,NA,NA,NA,NA
"Ben Koyack","JAC","TE","12209","weighted",NA,NA,NA,NA,NA,NA,0,0,0,0,0,0,0,0,0,0,0.930871212121212,1.01503430245431,8.37784090909091,9.13530872208881,0.0279261363636364,0.0304510290736294,NA,NA,NA,NA,NA,NA,NA,NA,NA,NA,NA,NA,NA,NA,NA,NA,NA,NA,NA,NA,NA,NA,NA,NA,NA,NA,NA,NA,NA,NA,NA,NA,2015,1993-04-09,NA,NA,NA,NA
"Ben Koyack","FA","TE","12209","weighted",NA,NA,NA,NA,NA,NA,0,0,0,0,0,0,0,0,0,0,0.930871212121212,1.01503430245431,8.37784090909091,9.13530872208881,0.0279261363636364,0.0304510290736294,NA,NA,NA,NA,NA,NA,NA,NA,NA,NA,NA,NA,NA,NA,NA,NA,NA,NA,NA,NA,NA,NA,NA,NA,NA,NA,NA,NA,NA,NA,NA,NA,2015,1993-04-09,NA,NA,NA,NA
"Jordan Franks","FA","TE","13995","weighted",NA,NA,NA,NA,NA,NA,0,0,0,0,0,0,0,0,0,0,0.756168728195369,0.762872723217021,7.68268315889629,7.77595145818094,0.082477006026007,0.080998684627711,NA,NA,NA,NA,NA,NA,NA,NA,NA,NA,NA,NA,NA,NA,NA,NA,NA,NA,NA,NA,NA,NA,NA,NA,NA,NA,NA,NA,NA,NA,NA,NA,2018,1970-01-01,NA,NA,NA,NA
"Cole Wick","FA","TE","12899","weighted",NA,NA,NA,NA,NA,NA,0,0,0,0,0,0,0,0,0,0,0.716983824928639,0.72498021236947,7.27473834443387,7.3637173740698,0.0865842055185538,0.0855460900740732,NA,NA,NA,NA,NA,NA,NA,NA,NA,NA,NA,NA,NA,NA,NA,NA,NA,NA,NA,NA,NA,NA,NA,NA,NA,NA,NA,NA,NA,NA,NA,NA,2016,1993-11-30,NA,NA,NA,NA
"Jason Vander Laan","FA","TE","13549","weighted",NA,NA,NA,NA,NA,NA,0,NA,0,NA,0,NA,0,NA,0,NA,0,NA,0,NA,0,NA,NA,NA,NA,NA,NA,NA,NA,NA,NA,NA,NA,NA,NA,NA,NA,NA,NA,NA,NA,NA,NA,NA,NA,NA,NA,NA,NA,NA,NA,NA,NA,NA,2017,1970-01-01,NA,NA,NA,NA
"Evan Baylis","GB","TE","13476","weighted",NA,NA,NA,NA,NA,NA,0,0,0,0,0,0,0,0,0,0,0.574785918173168,0.582882715887817,6.22817951157628,6.30222095130257,0.082477006026007,0.080998684627711,NA,NA,NA,NA,NA,NA,NA,NA,NA,NA,NA,NA,NA,NA,NA,NA,NA,NA,NA,NA,NA,NA,NA,NA,NA,NA,NA,NA,NA,NA,NA,NA,2017,1993-11-18,NA,NA,NA,NA
"Tyrone Swoopes","FA","TE","13411","weighted",NA,NA,NA,NA,NA,NA,0,0,0,0,0,0,0,0,0,0,0.382535074987905,0.502250072191841,4.16729559748428,4.90519461947652,0.0501209482341558,0.0744856623615392,NA,NA,NA,NA,NA,NA,NA,NA,NA,NA,NA,NA,NA,NA,NA,NA,NA,NA,NA,NA,NA,NA,NA,NA,NA,NA,NA,NA,NA,NA,NA,NA,2017,1994-11-14,NA,NA,NA,NA
"Alex Ellis","PHI","TE","13067","weighted",NA,NA,NA,NA,NA,NA,0,0,0,0,0,0,0,0,0,0,0.519172216936251,0.525995702781127,5.08682207421503,5.14599116495008,0.0865842055185538,0.0855460900740732,NA,NA,NA,NA,NA,NA,NA,NA,NA,NA,NA,NA,NA,NA,NA,NA,NA,NA,NA,NA,NA,NA,NA,NA,NA,NA,NA,NA,NA,NA,NA,NA,2016,1970-01-01,NA,NA,NA,NA
"Jerell Adams","HOU","TE","12681","weighted",NA,NA,NA,NA,NA,NA,0,0,0,0,0,0,0,0,0,0,0.232717803030303,0.253758575613578,2.79261363636364,3.04510290736294,0,0,NA,NA,NA,NA,NA,NA,NA,NA,NA,NA,NA,NA,NA,NA,NA,NA,NA,NA,NA,NA,NA,NA,NA,NA,NA,NA,NA,NA,NA,NA,NA,NA,2016,1992-12-31,NA,NA,NA,NA
"Jerell Adams","FA","TE","12681","weighted",NA,NA,NA,NA,NA,NA,0,0,0,0,0,0,0,0,0,0,0.232717803030303,0.253758575613578,2.79261363636364,3.04510290736294,0,0,NA,NA,NA,NA,NA,NA,NA,NA,NA,NA,NA,NA,NA,NA,NA,NA,NA,NA,NA,NA,NA,NA,NA,NA,NA,NA,NA,NA,NA,NA,NA,NA,2016,1992-12-31,NA,NA,NA,NA
"Dax Raymond","CHI","TE","14324","weighted",NA,NA,NA,NA,NA,NA,0,0,0,0,0,0,0,0,0,0,0.0224896836313618,0.0353553390593274,0.0134938101788171,0.0212132034355964,0,0,NA,NA,NA,NA,NA,NA,NA,NA,NA,NA,NA,NA,NA,NA,NA,NA,NA,NA,NA,NA,NA,NA,NA,NA,NA,NA,NA,NA,NA,NA,NA,NA,2019,1970-01-01,NA,NA,NA,NA
"Dax Raymond","PIT","TE","14324","weighted",NA,NA,NA,NA,NA,NA,0,0,0,0,0,0,0,0,0,0,0.0224896836313618,0.0353553390593274,0.0134938101788171,0.0212132034355964,0,0,NA,NA,NA,NA,NA,NA,NA,NA,NA,NA,NA,NA,NA,NA,NA,NA,NA,NA,NA,NA,NA,NA,NA,NA,NA,NA,NA,NA,NA,NA,NA,NA,2019,1970-01-01,NA,NA,NA,NA
"John Phillips","FA","TE","9638","weighted",NA,NA,NA,NA,NA,NA,0,0,0,0,0,0,0,0,0,0,0,0,0,0,0,0,NA,NA,NA,NA,NA,NA,NA,NA,NA,NA,NA,NA,NA,NA,NA,NA,NA,NA,NA,NA,NA,NA,NA,NA,NA,NA,NA,NA,NA,NA,NA,NA,2009,1987-06-11,NA,NA,NA,NA
"Zach Miller","FA","TE","9611","weighted",NA,NA,NA,NA,NA,NA,0,0,0,0,0,0,0,0,0,0,0,0,0,0,0,0,NA,NA,NA,NA,NA,NA,NA,NA,NA,NA,NA,NA,NA,NA,NA,NA,NA,NA,NA,NA,NA,NA,NA,NA,NA,NA,NA,NA,NA,NA,NA,NA,2009,1984-10-04,NA,NA,NA,NA
"Jermaine Gresham","FA","TE","9838","weighted",NA,NA,NA,NA,NA,NA,0,0,0,0,0,0,0,0,0,0,0,0,0,0,0,0,NA,NA,NA,NA,NA,NA,NA,NA,NA,NA,NA,NA,NA,NA,NA,NA,NA,NA,NA,NA,NA,NA,NA,NA,NA,NA,NA,NA,NA,NA,NA,NA,2010,1988-06-16,NA,NA,NA,NA
"Michael Hoomanawanui","FA","TE","9946","weighted",NA,NA,NA,NA,NA,NA,0,0,0,0,0,0,0,0,0,0,0,0,0,0,0,0,NA,NA,NA,NA,NA,NA,NA,NA,NA,NA,NA,NA,NA,NA,NA,NA,NA,NA,NA,NA,NA,NA,NA,NA,NA,NA,NA,NA,NA,NA,NA,NA,2010,1988-07-04,NA,NA,NA,NA
"Niles Paul","FA","TE","10394","weighted",NA,NA,NA,NA,NA,NA,0,0,0,0,0,0,0,0,0,0,0,0,0,0,0,0,NA,NA,NA,NA,NA,NA,NA,NA,NA,NA,NA,NA,NA,NA,NA,NA,NA,NA,NA,NA,NA,NA,NA,NA,NA,NA,NA,NA,NA,NA,NA,NA,2011,1989-08-09,NA,NA,NA,NA
"Antonio Gates","LAC","TE","7236","weighted",NA,NA,NA,NA,NA,NA,0,0,0,0,0,0,0,0,0,0,0,0,0,0,0,0,NA,NA,NA,NA,NA,NA,NA,NA,NA,NA,NA,NA,NA,NA,NA,NA,NA,NA,NA,NA,NA,NA,NA,NA,NA,NA,NA,NA,NA,NA,NA,NA,2003,1980-06-18,NA,NA,NA,NA
"Orson Charles","DEN","TE","10747","weighted",NA,NA,NA,NA,NA,NA,0,0,0,0,0,0,0,0,0,0,0,0,0,0,0,0,NA,NA,NA,NA,NA,NA,NA,NA,NA,NA,NA,NA,NA,NA,NA,NA,NA,NA,NA,NA,NA,NA,NA,NA,NA,NA,NA,NA,NA,NA,NA,NA,2012,1991-01-27,NA,NA,NA,NA
"Dion Sims","FA","TE","11249","weighted",NA,NA,NA,NA,NA,NA,0,0,0,0,0,0,0,0,0,0,0,0,0,0,0,0,NA,NA,NA,NA,NA,NA,NA,NA,NA,NA,NA,NA,NA,NA,NA,NA,NA,NA,NA,NA,NA,NA,NA,NA,NA,NA,NA,NA,NA,NA,NA,NA,2013,1991-02-18,NA,NA,NA,NA
"MarQueis Gray","FA","TE","11434","weighted",NA,NA,NA,NA,NA,NA,0,0,0,0,0,0,0,0,0,0,0,0,0,0,0,0,NA,NA,NA,NA,NA,NA,NA,NA,NA,NA,NA,NA,NA,NA,NA,NA,NA,NA,NA,NA,NA,NA,NA,NA,NA,NA,NA,NA,NA,NA,NA,NA,2013,1990-11-07,NA,NA,NA,NA
"Troy Niklas","FA","TE","11703","weighted",NA,NA,NA,NA,NA,NA,0,0,0,0,0,0,0,0,0,0,0,0,0,0,0,0,NA,NA,NA,NA,NA,NA,NA,NA,NA,NA,NA,NA,NA,NA,NA,NA,NA,NA,NA,NA,NA,NA,NA,NA,NA,NA,NA,NA,NA,NA,NA,NA,2014,1992-09-18,NA,NA,NA,NA
"Austin Seferian-Jenkins","FA","TE","11697","weighted",NA,NA,NA,NA,NA,NA,0,0,0,0,0,0,0,0,0,0,0,0,0,0,0,0,NA,NA,NA,NA,NA,NA,NA,NA,NA,NA,NA,NA,NA,NA,NA,NA,NA,NA,NA,NA,NA,NA,NA,NA,NA,NA,NA,NA,NA,NA,NA,NA,2014,1992-09-29,NA,NA,NA,NA
"Ryan Hewitt","TEN","TE","11927","weighted",NA,NA,NA,NA,NA,NA,0,0,0,0,0,0,0,0,0,0,0,0,0,0,0,0,NA,NA,NA,NA,NA,NA,NA,NA,NA,NA,NA,NA,NA,NA,NA,NA,NA,NA,NA,NA,NA,NA,NA,NA,NA,NA,NA,NA,NA,NA,NA,NA,2014,1991-01-24,NA,NA,NA,NA
"Erik Swoope","FA","TE","11904","weighted",NA,NA,NA,NA,NA,NA,0,0,0,0,0,0,0,0,0,0,0,0,0,0,0,0,NA,NA,NA,NA,NA,NA,NA,NA,NA,NA,NA,NA,NA,NA,NA,NA,NA,NA,NA,NA,NA,NA,NA,NA,NA,NA,NA,NA,NA,NA,NA,NA,2014,1992-05-08,NA,NA,NA,NA
"Clive Walford","FA","TE","12210","weighted",NA,NA,NA,NA,NA,NA,0,0,0,0,0,0,0,0,0,0,0,0,0,0,0,0,NA,NA,NA,NA,NA,NA,NA,NA,NA,NA,NA,NA,NA,NA,NA,NA,NA,NA,NA,NA,NA,NA,NA,NA,NA,NA,NA,NA,NA,NA,NA,NA,2015,1991-10-21,NA,NA,NA,NA
"A.J. Derby","FA","TE","12351","weighted",NA,NA,NA,NA,NA,NA,0,0,0,0,0,0,0,0,0,0,0,0,0,0,0,0,NA,NA,NA,NA,NA,NA,NA,NA,NA,NA,NA,NA,NA,NA,NA,NA,NA,NA,NA,NA,NA,NA,NA,NA,NA,NA,NA,NA,NA,NA,NA,NA,2015,1991-09-20,NA,NA,NA,NA
"Gabe Holmes","IND","TE","12499","weighted",NA,NA,NA,NA,NA,NA,0,0,0,0,0,0,0,0,0,0,0,0,0,0,0,0,NA,NA,NA,NA,NA,NA,NA,NA,NA,NA,NA,NA,NA,NA,NA,NA,NA,NA,NA,NA,NA,NA,NA,NA,NA,NA,NA,NA,NA,NA,NA,NA,NA,NA,NA,NA,NA,NA
"Will Tye","PHI","TE","12532","weighted",NA,NA,NA,NA,NA,NA,0,0,0,0,0,0,0,0,0,0,0,0,0,0,0,0,NA,NA,NA,NA,NA,NA,NA,NA,NA,NA,NA,NA,NA,NA,NA,NA,NA,NA,NA,NA,NA,NA,NA,NA,NA,NA,NA,NA,NA,NA,NA,NA,NA,NA,NA,NA,NA,NA
"Brian Parker","FA","TE","12433","weighted",NA,NA,NA,NA,NA,NA,0,0,0,0,0,0,0,0,0,0,0,0,0,0,0,0,NA,NA,NA,NA,NA,NA,NA,NA,NA,NA,NA,NA,NA,NA,NA,NA,NA,NA,NA,NA,NA,NA,NA,NA,NA,NA,NA,NA,NA,NA,NA,NA,NA,NA,NA,NA,NA,NA
"Thomas Duarte","MIA","TE","12664","weighted",NA,NA,NA,NA,NA,NA,0,0,0,0,0,0,0,0,0,0,0,0,0,0,0,0,NA,NA,NA,NA,NA,NA,NA,NA,NA,NA,NA,NA,NA,NA,NA,NA,NA,NA,NA,NA,NA,NA,NA,NA,NA,NA,NA,NA,NA,NA,NA,NA,2016,1995-03-30,NA,NA,NA,NA
"Moritz Boehringer","FA","TE","12809","weighted",NA,NA,NA,NA,NA,NA,0,NA,0,NA,0,NA,0,NA,0,NA,0,NA,0,NA,0,NA,NA,NA,NA,NA,NA,NA,NA,NA,NA,NA,NA,NA,NA,NA,NA,NA,NA,NA,NA,NA,NA,NA,NA,NA,NA,NA,NA,NA,NA,NA,NA,NA,2016,NA,NA,NA,NA,NA
"Alan Cross","TB","TE","12996","weighted",NA,NA,NA,NA,NA,NA,0,0,0,0,0,0,0,0,0,0,0,0,0,0,0,0,NA,NA,NA,NA,NA,NA,NA,NA,NA,NA,NA,NA,NA,NA,NA,NA,NA,NA,NA,NA,NA,NA,NA,NA,NA,NA,NA,NA,NA,NA,NA,NA,2016,1993-05-02,NA,NA,NA,NA
"Henry Krieger-Coble","FA","TE","12894","weighted",NA,NA,NA,NA,NA,NA,0,0,0,0,0,0,0,0,0,0,0,0,0,0,0,0,NA,NA,NA,NA,NA,NA,NA,NA,NA,NA,NA,NA,NA,NA,NA,NA,NA,NA,NA,NA,NA,NA,NA,NA,NA,NA,NA,NA,NA,NA,NA,NA,2016,1992-06-12,NA,NA,NA,NA
"Austin Traylor","FA","TE","13534","weighted",NA,NA,NA,NA,NA,NA,0,0,0,0,0,0,0,0,0,0,0,0,0,0,0,0,NA,NA,NA,NA,NA,NA,NA,NA,NA,NA,NA,NA,NA,NA,NA,NA,NA,NA,NA,NA,NA,NA,NA,NA,NA,NA,NA,NA,NA,NA,NA,NA,NA,NA,NA,NA,NA,NA
"Bucky Hodges","NYJ","TE","13191","weighted",NA,NA,NA,NA,NA,NA,0,0,0,0,0,0,0,0,0,0,0,0,0,0,0,0,NA,NA,NA,NA,NA,NA,NA,NA,NA,NA,NA,NA,NA,NA,NA,NA,NA,NA,NA,NA,NA,NA,NA,NA,NA,NA,NA,NA,NA,NA,NA,NA,2017,1995-08-08,NA,NA,NA,NA
"Austin Roberts","FA","TE","13861","weighted",NA,NA,NA,NA,NA,NA,0,0,0,0,0,0,0,0,0,0,0,0,0,0,0,0,NA,NA,NA,NA,NA,NA,NA,NA,NA,NA,NA,NA,NA,NA,NA,NA,NA,NA,NA,NA,NA,NA,NA,NA,NA,NA,NA,NA,NA,NA,NA,NA,2018,NA,NA,NA,NA,NA
"Alize Mack","FA","TE","14139","weighted",NA,NA,NA,NA,NA,NA,0,0,0,0,0,0,0,0,0,0,0,0,0,0,0,0,NA,NA,NA,NA,NA,NA,NA,NA,NA,NA,NA,NA,NA,NA,NA,NA,NA,NA,NA,NA,NA,NA,NA,NA,NA,NA,NA,NA,NA,NA,NA,NA,2019,1970-01-01,NA,NA,NA,NA
"Caleb Wilson","ARI","TE","14145","weighted",NA,NA,NA,NA,NA,NA,0,NA,0,NA,0,NA,0,NA,0,NA,0,NA,0,NA,0,NA,NA,NA,NA,NA,NA,NA,NA,NA,NA,NA,NA,NA,NA,NA,NA,NA,NA,NA,NA,NA,NA,NA,NA,NA,NA,NA,NA,NA,NA,NA,NA,NA,2019,NA,NA,NA,NA,NA
"Caleb Wilson","WAS","TE","14145","weighted",NA,NA,NA,NA,NA,NA,0,NA,0,NA,0,NA,0,NA,0,NA,0,NA,0,NA,0,NA,NA,NA,NA,NA,NA,NA,NA,NA,NA,NA,NA,NA,NA,NA,NA,NA,NA,NA,NA,NA,NA,NA,NA,NA,NA,NA,NA,NA,NA,NA,NA,NA,2019,NA,NA,NA,NA,NA
"Harrison Butker","KC","K","13354","weighted",NA,NA,NA,NA,NA,NA,NA,NA,NA,NA,NA,NA,NA,NA,NA,NA,NA,NA,NA,NA,NA,NA,0.907474656383168,1.02405511100618,6.7770879281214,2.19115821420844,9.17496041290102,1.89929324184893,8.49971629188187,1.47992240419757,3.03357382501962,0.395359376396516,49.5126504439329,8.72048543696964,NA,NA,NA,NA,NA,NA,NA,NA,NA,NA,NA,NA,NA,NA,NA,NA,NA,NA,NA,NA,2017,1995-07-14,NA,NA,NA,NA
"Greg Zuerlein","LAR","K","10868","weighted",NA,NA,NA,NA,NA,NA,NA,NA,NA,NA,NA,NA,NA,NA,NA,NA,NA,NA,NA,NA,NA,NA,1.08142760741412,1.02325074060851,7.97629963583203,2.19914132283226,8.41026013656422,1.70794154944531,8.73595386194476,2.37193000701695,4.40864784242652,1.48243381185959,45.6897862545215,5.48407686438948,NA,NA,NA,NA,NA,NA,NA,NA,NA,NA,NA,NA,NA,NA,NA,NA,NA,NA,NA,NA,2012,1987-12-27,NA,NA,NA,NA
"Greg Zuerlein","DAL","K","10868","weighted",NA,NA,NA,NA,NA,NA,NA,NA,NA,NA,NA,NA,NA,NA,NA,NA,NA,NA,NA,NA,NA,NA,1.08142760741412,1.02325074060851,7.97629963583203,2.19914132283226,8.41026013656422,1.70794154944531,8.73595386194476,2.37193000701695,4.40864784242652,1.48243381185959,45.6897862545215,5.48407686438948,NA,NA,NA,NA,NA,NA,NA,NA,NA,NA,NA,NA,NA,NA,NA,NA,NA,NA,NA,NA,2012,1987-12-27,NA,NA,NA,NA
"Wil Lutz","NO","K","12956","weighted",NA,NA,NA,NA,NA,NA,NA,NA,NA,NA,NA,NA,NA,NA,NA,NA,NA,NA,NA,NA,NA,NA,1.23735455901402,0.883974546302418,6.14624419520923,1.84829654928322,7.7862510150432,0.874643411159521,9.81564646961001,1.58946371322883,3.12339421840488,0.677348218784753,47.5181486353173,4.13970516838334,NA,NA,NA,NA,NA,NA,NA,NA,NA,NA,NA,NA,NA,NA,NA,NA,NA,NA,NA,NA,2016,1994-07-07,NA,NA,NA,NA
"Stephen Gostkowski","NE","K","8359","weighted",NA,NA,NA,NA,NA,NA,NA,NA,NA,NA,NA,NA,NA,NA,NA,NA,NA,NA,NA,NA,NA,NA,1.8001519412218,1.04291747015139,4.89234860701854,2.19997281489423,6.83602022471192,2.40086344609801,7.91128592760065,3.11263501952872,2.47888884991741,0.895123547987178,42.500341796875,12.4556802867358,NA,NA,NA,NA,NA,NA,NA,NA,NA,NA,NA,NA,NA,NA,NA,NA,NA,NA,NA,NA,2006,1984-01-28,"Q","Hip",2019,0
"Stephen Gostkowski","FA","K","8359","weighted",NA,NA,NA,NA,NA,NA,NA,NA,NA,NA,NA,NA,NA,NA,NA,NA,NA,NA,NA,NA,NA,NA,1.8001519412218,1.04291747015139,4.89234860701854,2.19997281489423,6.83602022471192,2.40086344609801,7.91128592760065,3.11263501952872,2.47888884991741,0.895123547987178,42.500341796875,12.4556802867358,NA,NA,NA,NA,NA,NA,NA,NA,NA,NA,NA,NA,NA,NA,NA,NA,NA,NA,NA,NA,2006,1984-01-28,"Q","Hip",2019,0
"Justin Tucker","BAL","K","10976","weighted",NA,NA,NA,NA,NA,NA,NA,NA,NA,NA,NA,NA,NA,NA,NA,NA,NA,NA,NA,NA,NA,NA,0.932854505792362,0.934052650111224,7.33768056485144,2.21560602544915,8.48540264112196,2.02854864549287,9.70892999288552,1.59497465545763,4.71907271920449,1.33363386152112,40.5235087142387,6.53491614591676,NA,NA,NA,NA,NA,NA,NA,NA,NA,NA,NA,NA,NA,NA,NA,NA,NA,NA,NA,NA,2012,1989-11-21,NA,NA,NA,NA
"Adam Vinatieri","IND","K","2842","weighted",NA,NA,NA,NA,NA,NA,NA,NA,NA,NA,NA,NA,NA,NA,NA,NA,NA,NA,NA,NA,NA,NA,1.95118480009191,0.782338470049108,4.8308828633397,2.22000875825829,6.01197148133262,2.72739447806784,6.45928264927717,2.69868956852249,3.09072783221447,1.28882791204779,37.24279296875,12.9029588267132,NA,NA,NA,NA,NA,NA,NA,NA,NA,NA,NA,NA,NA,NA,NA,NA,NA,NA,NA,NA,1996,1972-12-28,"Q","Knee",2019,0
"Adam Vinatieri","FA","K","2842","weighted",NA,NA,NA,NA,NA,NA,NA,NA,NA,NA,NA,NA,NA,NA,NA,NA,NA,NA,NA,NA,NA,NA,1.95118480009191,0.782338470049108,4.8308828633397,2.22000875825829,6.01197148133262,2.72739447806784,6.45928264927717,2.69868956852249,3.09072783221447,1.28882791204779,37.24279296875,12.9029588267132,NA,NA,NA,NA,NA,NA,NA,NA,NA,NA,NA,NA,NA,NA,NA,NA,NA,NA,NA,NA,1996,1972-12-28,"Q","Knee",2019,0
"Chris Boswell","PIT","K","11936","weighted",NA,NA,NA,NA,NA,NA,NA,NA,NA,NA,NA,NA,NA,NA,NA,NA,NA,NA,NA,NA,NA,NA,0.678745915571513,0.686673135346079,6.73308541999335,2.04392697626638,7.4577298309896,0.980614797651405,7.56598059376319,1.6543490136696,1.90346046856335,0.580015558942453,38.3829661295626,6.78889990982571,NA,NA,NA,NA,NA,NA,NA,NA,NA,NA,NA,NA,NA,NA,NA,NA,NA,NA,NA,NA,2014,1991-03-16,NA,NA,NA,NA
"Jason Myers","SEA","K","12437","weighted",NA,NA,NA,NA,NA,NA,NA,NA,NA,NA,NA,NA,NA,NA,NA,NA,NA,NA,NA,NA,NA,NA,0.826007681925673,0.981775035711695,5.56784151024505,1.81063011509987,7.59980107293391,1.59770417461611,8.25756847829499,1.80997297108099,3.52006575135683,0.995336068030117,37.879161460046,5.3804794848197,NA,NA,NA,NA,NA,NA,NA,NA,NA,NA,NA,NA,NA,NA,NA,NA,NA,NA,NA,NA,NA,1991-05-12,NA,NA,NA,NA
"Jake Elliott","PHI","K","13303","weighted",NA,NA,NA,NA,NA,NA,NA,NA,NA,NA,NA,NA,NA,NA,NA,NA,NA,NA,NA,NA,NA,NA,0.919953658214072,0.965805583330737,6.13801688607747,1.8363444537844,7.75732044389415,1.42047787456858,8.30848757320619,1.2111193996863,2.838320852429,0.479054467902648,39.6734297928313,5.18382252681881,NA,NA,NA,NA,NA,NA,NA,NA,NA,NA,NA,NA,NA,NA,NA,NA,NA,NA,NA,NA,2017,1995-01-21,NA,NA,NA,NA
"Mike Badgley","LAC","K","13980","weighted",NA,NA,NA,NA,NA,NA,NA,NA,NA,NA,NA,NA,NA,NA,NA,NA,NA,NA,NA,NA,NA,NA,0.945993826248482,0.947064032975152,6.61863899213611,2.06828364310032,6.9120392563661,1.00458789103597,8.05611202072991,1.96854912577173,2.55289138869443,0.991216275802836,38.8047944755015,4.56268979705458,NA,NA,NA,NA,NA,NA,NA,NA,NA,NA,NA,NA,NA,NA,NA,NA,NA,NA,NA,NA,2018,1970-01-01,NA,NA,NA,NA
"Matt Bryant","ATL","K","6789","weighted",NA,NA,NA,NA,NA,NA,NA,NA,NA,NA,NA,NA,NA,NA,NA,NA,NA,NA,NA,NA,NA,NA,0.189473684210526,0.167253101372031,2.7,2.38335669455145,3.45789473684211,3.05236910003957,4.73588079788512,3.72879002767369,3.070415765441,2.50036617089062,28.7464311463591,21.4216087426977,NA,NA,NA,NA,NA,NA,NA,NA,NA,NA,NA,NA,NA,NA,NA,NA,NA,NA,NA,NA,2002,1975-05-29,NA,NA,NA,NA
"Matt Bryant","FA","K","6789","weighted",NA,NA,NA,NA,NA,NA,NA,NA,NA,NA,NA,NA,NA,NA,NA,NA,NA,NA,NA,NA,NA,NA,0.189473684210526,0.167253101372031,2.7,2.38335669455145,3.45789473684211,3.05236910003957,4.73588079788512,3.72879002767369,3.070415765441,2.50036617089062,28.7464311463591,21.4216087426977,NA,NA,NA,NA,NA,NA,NA,NA,NA,NA,NA,NA,NA,NA,NA,NA,NA,NA,NA,NA,2002,1975-05-29,NA,NA,NA,NA
"Robbie Gould","SF","K","8153","weighted",NA,NA,NA,NA,NA,NA,NA,NA,NA,NA,NA,NA,NA,NA,NA,NA,NA,NA,NA,NA,NA,NA,0.208520026307136,0.231167232864318,6.68528773429793,2.93746917871966,7.71108648470898,3.52432722760541,6.81106074129751,3.1734109573456,2.09772725137408,1.11473594763439,31.7490726734627,14.4931677194163,NA,NA,NA,NA,NA,NA,NA,NA,NA,NA,NA,NA,NA,NA,NA,NA,NA,NA,NA,NA,2005,1982-12-06,NA,NA,NA,NA
"Mason Crosby","GB","K","8742","weighted",NA,NA,NA,NA,NA,NA,NA,NA,NA,NA,NA,NA,NA,NA,NA,NA,NA,NA,NA,NA,NA,NA,0.914145008727397,0.963597659269836,5.30119406300482,1.62640154447632,7.14440786727148,1.47530809864307,8.51628964950911,1.54463480672262,3.17157755147279,0.736164639776418,37.2331009536337,5.9145309352658,NA,NA,NA,NA,NA,NA,NA,NA,NA,NA,NA,NA,NA,NA,NA,NA,NA,NA,NA,NA,2007,1984-09-03,NA,NA,NA,NA
"Eddy Pineiro","CHI","K","13719","weighted",NA,NA,NA,NA,NA,NA,NA,NA,NA,NA,NA,NA,NA,NA,NA,NA,NA,NA,NA,NA,NA,NA,0.128536554776835,0.117664404103348,5.09416008852822,2.62444928753899,5.63523201770564,2.82510741099928,5.01072930389419,2.36432064705238,1.57780734573431,1.1434614859937,27.8411840649207,14.1619544708696,NA,NA,NA,NA,NA,NA,NA,NA,NA,NA,NA,NA,NA,NA,NA,NA,NA,NA,NA,NA,2018,1995-09-13,NA,NA,NA,NA
"Brandon McManus","DEN","K","11947","weighted",NA,NA,NA,NA,NA,NA,NA,NA,NA,NA,NA,NA,NA,NA,NA,NA,NA,NA,NA,NA,NA,NA,0.767336206885269,0.637137488547807,5.57098251795786,1.77550946177889,7.6245877045805,1.26763324645739,7.8702683503339,1.51556326274748,2.68994089947913,1.09568344278719,32.6226734626768,5.18352518608649,NA,NA,NA,NA,NA,NA,NA,NA,NA,NA,NA,NA,NA,NA,NA,NA,NA,NA,NA,NA,2014,1991-07-25,NA,NA,NA,NA
NA,NA,"K","nfl_0","weighted",NA,NA,NA,NA,NA,NA,NA,NA,NA,NA,NA,NA,NA,NA,NA,NA,NA,NA,NA,NA,NA,NA,0.0383194512795276,0.0703558388679036,4.07505924747536,2.82459036694691,5.36483746972817,3.48452294830632,5.67074409448819,2.99922879223915,2.97711811023622,1.52113521192824,26.0905039370079,12.4525931389946,NA,NA,NA,NA,NA,NA,NA,NA,NA,NA,NA,NA,NA,NA,NA,NA,NA,NA,NA,NA,NA,NA,NA,NA,NA,NA
"Zane Gonzalez","ARI","K","13347","weighted",NA,NA,NA,NA,NA,NA,NA,NA,NA,NA,NA,NA,NA,NA,NA,NA,NA,NA,NA,NA,NA,NA,0.755617205081945,0.62098059667676,5.52290733475256,2.31287192774764,7.56461751346537,1.89116129969249,6.75300048823753,1.71979081955381,2.54727947196758,0.754738997274818,31.1339427819796,5.90671937909067,NA,NA,NA,NA,NA,NA,NA,NA,NA,NA,NA,NA,NA,NA,NA,NA,NA,NA,NA,NA,2017,NA,NA,NA,NA,NA
"Giorgio Tavecchio","FA","K","11339","weighted",NA,NA,NA,NA,NA,NA,NA,NA,NA,NA,NA,NA,NA,NA,NA,NA,NA,NA,NA,NA,NA,NA,0.00466446124763705,0.00507800097365064,3.54499054820416,3.85928073997448,3.79687145557656,4.13349279255162,4.10783553875236,3.95002936944604,2.1487618147448,2.10315096390411,23.8540548204159,22.9730886664953,NA,NA,NA,NA,NA,NA,NA,NA,NA,NA,NA,NA,NA,NA,NA,NA,NA,NA,NA,NA,2012,1990-07-16,NA,NA,NA,NA
"Dan Bailey","MIN","K","10506","weighted",NA,NA,NA,NA,NA,NA,NA,NA,NA,NA,NA,NA,NA,NA,NA,NA,NA,NA,NA,NA,NA,NA,0.704179281689075,0.751532788563096,6.99797476063398,1.914357712199,8.81014206008592,1.46095029880053,7.07665348676603,1.99128244349615,2.47779658190421,0.427559944858255,35.3899710144928,6.27120475195839,NA,NA,NA,NA,NA,NA,NA,NA,NA,NA,NA,NA,NA,NA,NA,NA,NA,NA,NA,NA,2011,1988-01-26,NA,NA,NA,NA
"Brett Maher","DAL","K","13909","weighted",NA,NA,NA,NA,NA,NA,NA,NA,NA,NA,NA,NA,NA,NA,NA,NA,NA,NA,NA,NA,NA,NA,0.997757810908974,1.05019607736674,6.7462580640699,1.9211530949121,6.04087502353699,1.96779225895827,7.24631365906853,2.22987005448855,4.17375533936467,0.75400210063205,35.9752239430724,3.85981938459608,NA,NA,NA,NA,NA,NA,NA,NA,NA,NA,NA,NA,NA,NA,NA,NA,NA,NA,NA,NA,2017,1970-01-01,NA,NA,NA,NA
"Brett Maher","NYJ","K","13909","weighted",NA,NA,NA,NA,NA,NA,NA,NA,NA,NA,NA,NA,NA,NA,NA,NA,NA,NA,NA,NA,NA,NA,0.997757810908974,1.05019607736674,6.7462580640699,1.9211530949121,6.04087502353699,1.96779225895827,7.24631365906853,2.22987005448855,4.17375533936467,0.75400210063205,35.9752239430724,3.85981938459608,NA,NA,NA,NA,NA,NA,NA,NA,NA,NA,NA,NA,NA,NA,NA,NA,NA,NA,NA,NA,2017,1970-01-01,NA,NA,NA,NA
"Matt Gay","TB","K","14244","weighted",NA,NA,NA,NA,NA,NA,NA,NA,NA,NA,NA,NA,NA,NA,NA,NA,NA,NA,NA,NA,NA,NA,0.0971909109991604,0.0824189749045982,4.40095717884131,2.41616697942338,5.93414147774979,3.15942293201601,5.22317730198713,2.98384035336875,1.67556884970613,1.53899358038755,29.475717884131,14.638340645795,NA,NA,NA,NA,NA,NA,NA,NA,NA,NA,NA,NA,NA,NA,NA,NA,NA,NA,NA,NA,2019,1994-03-15,NA,NA,NA,NA
"Kaimi Fairbairn","HOU","K","12860","weighted",NA,NA,NA,NA,NA,NA,NA,NA,NA,NA,NA,NA,NA,NA,NA,NA,NA,NA,NA,NA,NA,NA,0.887184139602322,0.93033084561574,5.98185032868626,1.47645068761136,7.9246316515202,1.49140195562297,8.88330119410982,1.93992565127735,3.34201654757396,0.691062807979661,36.2729924366985,2.78962576378715,NA,NA,NA,NA,NA,NA,NA,NA,NA,NA,NA,NA,NA,NA,NA,NA,NA,NA,NA,NA,2016,1994-01-29,NA,NA,NA,NA
"Greg Joseph","CLE","K","13898","weighted",NA,NA,NA,NA,NA,NA,NA,NA,NA,NA,NA,NA,NA,NA,NA,NA,NA,NA,NA,NA,NA,NA,0.271972882830626,0.322146582941958,4.84618184454756,3.46332289178435,5.68928364269142,3.64188904127926,4.40963602088167,2.84518199789905,1.49171693735499,1.38875101019318,26.1256415313225,16.4437763931605,NA,NA,NA,NA,NA,NA,NA,NA,NA,NA,NA,NA,NA,NA,NA,NA,NA,NA,NA,NA,2018,1970-01-01,NA,NA,NA,NA
"Greg Joseph","TEN","K","13898","weighted",NA,NA,NA,NA,NA,NA,NA,NA,NA,NA,NA,NA,NA,NA,NA,NA,NA,NA,NA,NA,NA,NA,0.271972882830626,0.322146582941958,4.84618184454756,3.46332289178435,5.68928364269142,3.64188904127926,4.40963602088167,2.84518199789905,1.49171693735499,1.38875101019318,26.1256415313225,16.4437763931605,NA,NA,NA,NA,NA,NA,NA,NA,NA,NA,NA,NA,NA,NA,NA,NA,NA,NA,NA,NA,2018,1970-01-01,NA,NA,NA,NA
"Graham Gano","CAR","K","9694","weighted",NA,NA,NA,NA,NA,NA,NA,NA,NA,NA,NA,NA,NA,NA,NA,NA,NA,NA,NA,NA,NA,NA,0,0,0,0,0,0,3.26534466477809,3.55280649182415,1.86591123701605,2.03017513818523,20.219074598678,20.0556554928403,NA,NA,NA,NA,NA,NA,NA,NA,NA,NA,NA,NA,NA,NA,NA,NA,NA,NA,NA,NA,2009,1987-04-09,"Q","Knee",2019,0
"Austin Seibert","CLE","K","14258","weighted",NA,NA,NA,NA,NA,NA,NA,NA,NA,NA,NA,NA,NA,NA,NA,NA,NA,NA,NA,NA,NA,NA,0.0872586458840721,0.0849507819706808,4.0230443253775,2.52440216123071,5.96579639551875,3.52695679486881,5.68146322454944,3.57458143759202,1.57130540672187,1.35473728536779,27.2003799318071,15.2150635070548,NA,NA,NA,NA,NA,NA,NA,NA,NA,NA,NA,NA,NA,NA,NA,NA,NA,NA,NA,NA,2019,NA,NA,NA,NA,NA
"Matt Prater","DET","K","8930","weighted",NA,NA,NA,NA,NA,NA,NA,NA,NA,NA,NA,NA,NA,NA,NA,NA,NA,NA,NA,NA,NA,NA,1.01164919864527,0.856621189460049,6.6461744060386,1.75437911267625,7.8437255843373,1.82433466645614,7.50942784401876,1.65807509649954,3.7693789618972,0.779248417075326,32.3304932587965,4.38932471636787,NA,NA,NA,NA,NA,NA,NA,NA,NA,NA,NA,NA,NA,NA,NA,NA,NA,NA,NA,NA,2006,1984-08-10,NA,NA,NA,NA
"Randy Bullock","CIN","K","10862","weighted",NA,NA,NA,NA,NA,NA,NA,NA,NA,NA,NA,NA,NA,NA,NA,NA,NA,NA,NA,NA,NA,NA,0.640632321509275,0.591429033085304,6.03110812732578,1.77975318834708,6.97918184152122,1.1615039464121,7.21552314089667,1.73425948021117,2.20918613216375,0.763041765768672,32.125978296613,3.64606991263292,NA,NA,NA,NA,NA,NA,NA,NA,NA,NA,NA,NA,NA,NA,NA,NA,NA,NA,NA,NA,2012,1989-12-16,NA,NA,NA,NA
"Younghoe Koo","FA","K","13403","weighted",NA,NA,NA,NA,NA,NA,NA,NA,NA,NA,NA,NA,NA,NA,NA,NA,NA,NA,NA,NA,NA,NA,0.237602278113486,0.167263851897965,6.3409481028665,4.37126910627398,7.02938267023108,5.03150791317134,6.26501221130778,4.36858213385026,1.48614260057768,1.02526543581736,32.3827773584906,4.38923355376419,NA,NA,NA,NA,NA,NA,NA,NA,NA,NA,NA,NA,NA,NA,NA,NA,NA,NA,NA,NA,2017,1994-08-03,NA,NA,NA,NA
"Younghoe Koo","ATL","K","13403","weighted",NA,NA,NA,NA,NA,NA,NA,NA,NA,NA,NA,NA,NA,NA,NA,NA,NA,NA,NA,NA,NA,NA,0.237602278113486,0.167263851897965,6.3409481028665,4.37126910627398,7.02938267023108,5.03150791317134,6.26501221130778,4.36858213385026,1.48614260057768,1.02526543581736,32.3827773584906,4.38923355376419,NA,NA,NA,NA,NA,NA,NA,NA,NA,NA,NA,NA,NA,NA,NA,NA,NA,NA,NA,NA,2017,1994-08-03,NA,NA,NA,NA
"Jason Sanders","MIA","K","13832","weighted",NA,NA,NA,NA,NA,NA,NA,NA,NA,NA,NA,NA,NA,NA,NA,NA,NA,NA,NA,NA,NA,NA,0.822425036045016,0.622325914347973,6.39472647090572,1.56423643166225,6.0996441754352,1.64464048592024,7.44906055792129,1.08241310121854,1.93741350678434,0.718816918150331,31.9502959552779,2.63501388981279,NA,NA,NA,NA,NA,NA,NA,NA,NA,NA,NA,NA,NA,NA,NA,NA,NA,NA,NA,NA,2018,1995-11-16,NA,NA,NA,NA
"Aldrick Rosas","NYG","K","13241","weighted",NA,NA,NA,NA,NA,NA,NA,NA,NA,NA,NA,NA,NA,NA,NA,NA,NA,NA,NA,NA,NA,NA,0.762640790019504,0.927071891587981,6.44900960525739,1.66818010928805,7.7526688096958,1.38058471772353,7.32715237815816,2.2075554974686,3.1384589035162,0.901085345412376,32.2892305162775,2.45189398505903,NA,NA,NA,NA,NA,NA,NA,NA,NA,NA,NA,NA,NA,NA,NA,NA,NA,NA,NA,NA,2016,1994-12-30,NA,NA,NA,NA
"Josh Lambo","JAC","K","12417","weighted",NA,NA,NA,NA,NA,NA,NA,NA,NA,NA,NA,NA,NA,NA,NA,NA,NA,NA,NA,NA,NA,NA,0.799120341023352,0.965421712537673,5.85876316141462,2.1730888847916,7.08226742142284,2.10890051031528,7.49285799993752,1.60863262024928,3.60290297651844,0.767619793415026,29.2949654718843,2.59572803388919,NA,NA,NA,NA,NA,NA,NA,NA,NA,NA,NA,NA,NA,NA,NA,NA,NA,NA,NA,NA,2015,1990-11-19,NA,NA,NA,NA
"Dustin Hopkins","WAS","K","11387","weighted",NA,NA,NA,NA,NA,NA,NA,NA,NA,NA,NA,NA,NA,NA,NA,NA,NA,NA,NA,NA,NA,NA,0.790356580723532,0.654428007093532,6.13394950678544,1.48989007784474,6.16964773077369,0.983204528292866,7.96986420067226,1.57511211307592,3.12964069929929,0.585725825059459,28.6518382111148,3.1770873161911,NA,NA,NA,NA,NA,NA,NA,NA,NA,NA,NA,NA,NA,NA,NA,NA,NA,NA,NA,NA,2013,1990-10-01,NA,NA,NA,NA
"Ryan Succop","TEN","K","9686","weighted",NA,NA,NA,NA,NA,NA,NA,NA,NA,NA,NA,NA,NA,NA,NA,NA,NA,NA,NA,NA,NA,NA,1.91150414864719,1.1666116386967,3.8714254455642,3.02425866345819,5.48060682387578,3.06874029429938,6.49067334586697,3.61302259808681,2.37685263729561,1.16505983419076,27.9301296829971,11.0065004883734,NA,NA,NA,NA,NA,NA,NA,NA,NA,NA,NA,NA,NA,NA,NA,NA,NA,NA,NA,NA,2009,1986-09-19,"Q","Knee",2019,0
"Ryan Succop","FA","K","9686","weighted",NA,NA,NA,NA,NA,NA,NA,NA,NA,NA,NA,NA,NA,NA,NA,NA,NA,NA,NA,NA,NA,NA,1.91150414864719,1.1666116386967,3.8714254455642,3.02425866345819,5.48060682387578,3.06874029429938,6.49067334586697,3.61302259808681,2.37685263729561,1.16505983419076,27.9301296829971,11.0065004883734,NA,NA,NA,NA,NA,NA,NA,NA,NA,NA,NA,NA,NA,NA,NA,NA,NA,NA,NA,NA,2009,1986-09-19,"Q","Knee",2019,0
"Daniel Carlson","OAK","K","13718","weighted",NA,NA,NA,NA,NA,NA,NA,NA,NA,NA,NA,NA,NA,NA,NA,NA,NA,NA,NA,NA,NA,NA,0.634016814384021,0.662912227355829,5.93694044926812,1.83449562304542,5.80818775340934,1.40896803797926,7.98106102291413,1.74765995625243,2.74626458520109,0.863085221993618,30.763054916146,3.10100002597747,NA,NA,NA,NA,NA,NA,NA,NA,NA,NA,NA,NA,NA,NA,NA,NA,NA,NA,NA,NA,2018,1995-01-23,NA,NA,NA,NA
"Daniel Carlson","LVR","K","13718","weighted",NA,NA,NA,NA,NA,NA,NA,NA,NA,NA,NA,NA,NA,NA,NA,NA,NA,NA,NA,NA,NA,NA,0.634016814384021,0.662912227355829,5.93694044926812,1.83449562304542,5.80818775340934,1.40896803797926,7.98106102291413,1.74765995625243,2.74626458520109,0.863085221993618,30.763054916146,3.10100002597747,NA,NA,NA,NA,NA,NA,NA,NA,NA,NA,NA,NA,NA,NA,NA,NA,NA,NA,NA,NA,2018,1995-01-23,NA,NA,NA,NA
"Steven Hauschka","BUF","K","9319","weighted",NA,NA,NA,NA,NA,NA,NA,NA,NA,NA,NA,NA,NA,NA,NA,NA,NA,NA,NA,NA,NA,NA,0.761040290649335,1.01694379828647,4.66287197185934,2.12460530071787,6.71573451754894,2.45984477672186,6.81940079098321,2.1853075480622,3.09428583340221,1.14391548040464,29.2168234133509,5.82364670633193,NA,NA,NA,NA,NA,NA,NA,NA,NA,NA,NA,NA,NA,NA,NA,NA,NA,NA,NA,NA,NA,NA,NA,NA,NA,NA
"Cairo Santos","FA","K","11945","weighted",NA,NA,NA,NA,NA,NA,NA,NA,NA,NA,NA,NA,NA,NA,NA,NA,NA,NA,NA,NA,NA,NA,0.211253790204105,0.219549942289453,3.29898667503463,3.12697353404844,4.84758980436429,4.62243217553057,5.19139216182196,3.88200437964175,0.99077415914681,1.10088402814529,24.3250203508772,11.1786468277052,NA,NA,NA,NA,NA,NA,NA,NA,NA,NA,NA,NA,NA,NA,NA,NA,NA,NA,NA,NA,2014,1991-11-12,NA,NA,NA,NA
"Chandler Catanzaro","FA","K","11960","weighted",NA,NA,NA,NA,NA,NA,NA,NA,NA,NA,NA,NA,NA,NA,NA,NA,NA,NA,NA,NA,NA,NA,0,0,0,0,0,0,3.15912208504801,4.94974746830583,1.35390946502058,2.12132034355964,14.4417009602195,22.6274169979695,NA,NA,NA,NA,NA,NA,NA,NA,NA,NA,NA,NA,NA,NA,NA,NA,NA,NA,NA,NA,2014,1991-02-26,NA,NA,NA,NA
"Sam Ficken","FA","K","13564","weighted",NA,NA,NA,NA,NA,NA,NA,NA,NA,NA,NA,NA,NA,NA,NA,NA,NA,NA,NA,NA,NA,NA,0.0660463432295438,0.0583476685397413,3.27872918175235,2.89654497393715,4.04769732078204,3.57587854336414,2.90132150615496,2.56312972513863,0.740662563359884,0.654327425767098,17.894735698769,13.7186707964596,NA,NA,NA,NA,NA,NA,NA,NA,NA,NA,NA,NA,NA,NA,NA,NA,NA,NA,NA,NA,2015,1992-12-14,NA,NA,NA,NA
"Sam Ficken","NYJ","K","13564","weighted",NA,NA,NA,NA,NA,NA,NA,NA,NA,NA,NA,NA,NA,NA,NA,NA,NA,NA,NA,NA,NA,NA,0.0660463432295438,0.0583476685397413,3.27872918175235,2.89654497393715,4.04769732078204,3.57587854336414,2.90132150615496,2.56312972513863,0.740662563359884,0.654327425767098,17.894735698769,13.7186707964596,NA,NA,NA,NA,NA,NA,NA,NA,NA,NA,NA,NA,NA,NA,NA,NA,NA,NA,NA,NA,2015,1992-12-14,NA,NA,NA,NA
"Kai Forbath","FA","K","10487","weighted",NA,NA,NA,NA,NA,NA,NA,NA,NA,NA,NA,NA,NA,NA,NA,NA,NA,NA,NA,NA,NA,NA,0,0,0,0,0,0,0,0,0,0,6.64274472773056,8.18677748937975,NA,NA,NA,NA,NA,NA,NA,NA,NA,NA,NA,NA,NA,NA,NA,NA,NA,NA,NA,NA,2011,1987-09-02,NA,NA,NA,NA
"Kai Forbath","DAL","K","10487","weighted",NA,NA,NA,NA,NA,NA,NA,NA,NA,NA,NA,NA,NA,NA,NA,NA,NA,NA,NA,NA,NA,NA,0,0,0,0,0,0,0,0,0,0,6.64274472773056,8.18677748937975,NA,NA,NA,NA,NA,NA,NA,NA,NA,NA,NA,NA,NA,NA,NA,NA,NA,NA,NA,NA,2011,1987-09-02,NA,NA,NA,NA
"Cody Parkey","FA","K","11966","weighted",NA,NA,NA,NA,NA,NA,NA,NA,NA,NA,NA,NA,NA,NA,NA,NA,NA,NA,NA,NA,NA,NA,0,0,0,0,0,0,0,0,0,0,5.60339943342776,6.09528816535681,NA,NA,NA,NA,NA,NA,NA,NA,NA,NA,NA,NA,NA,NA,NA,NA,NA,NA,NA,NA,2014,1992-02-19,NA,NA,NA,NA
"Mike Nugent","FA","K","7859","weighted",NA,NA,NA,NA,NA,NA,NA,NA,NA,NA,NA,NA,NA,NA,NA,NA,NA,NA,NA,NA,NA,NA,0,0,0,0,0,0,0,0,0,0,3.61643835616438,5.65685424949238,NA,NA,NA,NA,NA,NA,NA,NA,NA,NA,NA,NA,NA,NA,NA,NA,NA,NA,NA,NA,2005,1982-03-02,NA,NA,NA,NA
"Phil Dawson","FA","K","3494","weighted",NA,NA,NA,NA,NA,NA,NA,NA,NA,NA,NA,NA,NA,NA,NA,NA,NA,NA,NA,NA,NA,NA,0,0,0,0,0,0,0,0,0,0,0,0,NA,NA,NA,NA,NA,NA,NA,NA,NA,NA,NA,NA,NA,NA,NA,NA,NA,NA,NA,NA,1998,1975-01-23,NA,NA,NA,NA
"Sebastian Janikowski","FA","K","5666","weighted",NA,NA,NA,NA,NA,NA,NA,NA,NA,NA,NA,NA,NA,NA,NA,NA,NA,NA,NA,NA,NA,NA,0,0,0,0,0,0,0,0,0,0,0,0,NA,NA,NA,NA,NA,NA,NA,NA,NA,NA,NA,NA,NA,NA,NA,NA,NA,NA,NA,NA,2000,1978-03-02,NA,NA,NA,NA
"Blair Walsh","ATL","K","10872","weighted",NA,NA,NA,NA,NA,NA,NA,NA,NA,NA,NA,NA,NA,NA,NA,NA,NA,NA,NA,NA,NA,NA,0,0,0,0,0,0,0,0,0,0,0,0,NA,NA,NA,NA,NA,NA,NA,NA,NA,NA,NA,NA,NA,NA,NA,NA,NA,NA,NA,NA,2012,1990-01-08,NA,NA,NA,NA
"Nick Rose","FA","K","12907","weighted",NA,NA,NA,NA,NA,NA,NA,NA,NA,NA,NA,NA,NA,NA,NA,NA,NA,NA,NA,NA,NA,NA,0,0,0,0,0,0,0,0,0,0,0,0,NA,NA,NA,NA,NA,NA,NA,NA,NA,NA,NA,NA,NA,NA,NA,NA,NA,NA,NA,NA,2016,1994-05-05,NA,NA,NA,NA
"Chris Blewitt","FA","K","14312","weighted",NA,NA,NA,NA,NA,NA,NA,NA,NA,NA,NA,NA,NA,NA,NA,NA,NA,NA,NA,NA,NA,NA,0,0,0,0,0,0,0,0,0,0,0,0,NA,NA,NA,NA,NA,NA,NA,NA,NA,NA,NA,NA,NA,NA,NA,NA,NA,NA,NA,NA,2019,1970-01-01,NA,NA,NA,NA
"Dolphins","MIA","DST","0503","weighted",NA,NA,NA,NA,NA,NA,NA,NA,NA,NA,NA,NA,NA,NA,NA,NA,NA,NA,NA,NA,NA,NA,NA,NA,NA,NA,NA,NA,NA,NA,NA,NA,NA,NA,13.2767457627119,2.30551953268282,30.2424449152542,3.45013202257147,0.423272881355932,0.35791617639737,2.91151416464891,0.781475446380726,1.84,2.39893753262136e-16,NA,NA,NA,NA,NA,NA,NA,NA,NA,NA,NA,NA,NA,NA,NA,NA
"Jets","NYJ","DST","0505","weighted",NA,NA,NA,NA,NA,NA,NA,NA,NA,NA,NA,NA,NA,NA,NA,NA,NA,NA,NA,NA,NA,NA,NA,NA,NA,NA,NA,NA,NA,NA,NA,NA,NA,NA,13.0448474576271,2.10510554600181,36.4785423728814,2.46778585132295,0.405469491525424,0.351804657384343,2.61965496368039,0.875638695392223,1.81,2.39893753262136e-16,NA,NA,NA,NA,NA,NA,NA,NA,NA,NA,NA,NA,NA,NA,NA,NA
"Cardinals","ARI","DST","0519","weighted",NA,NA,NA,NA,NA,NA,NA,NA,NA,NA,NA,NA,NA,NA,NA,NA,NA,NA,NA,NA,NA,NA,NA,NA,NA,NA,NA,NA,NA,NA,NA,NA,NA,NA,10.5646355932203,2.6631768244889,40.3705254237288,6.74018256480751,0.595025423728814,0.346042351183842,2.14446573849879,0.394148130396498,1.32,0,NA,NA,NA,NA,NA,NA,NA,NA,NA,NA,NA,NA,NA,NA,NA,NA
"Bengals","CIN","DST","0506","weighted",NA,NA,NA,NA,NA,NA,NA,NA,NA,NA,NA,NA,NA,NA,NA,NA,NA,NA,NA,NA,NA,NA,NA,NA,NA,NA,NA,NA,NA,NA,NA,NA,NA,NA,12.6124661016949,1.82170030856176,32.2253559322034,3.99903754552828,0.157289830508475,0.187919857778113,2.68248619854722,0.91544137220962,1.4,0,NA,NA,NA,NA,NA,NA,NA,NA,NA,NA,NA,NA,NA,NA,NA,NA
"Chiefs","KC","DST","0512","weighted",NA,NA,NA,NA,NA,NA,NA,NA,NA,NA,NA,NA,NA,NA,NA,NA,NA,NA,NA,NA,NA,NA,NA,NA,NA,NA,NA,NA,NA,NA,NA,NA,NA,NA,13.0987372881356,1.35627275391942,41.1363008474576,1.61927155539153,0.399508474576271,0.370097680886489,2.48786578389831,0.926436715724623,1.35,2.39893753262136e-16,NA,NA,NA,NA,NA,NA,NA,NA,NA,NA,NA,NA,NA,NA,NA,NA
"Raiders","OAK","DST","0513","weighted",NA,NA,NA,NA,NA,NA,NA,NA,NA,NA,NA,NA,NA,NA,NA,NA,NA,NA,NA,NA,NA,NA,NA,NA,NA,NA,NA,NA,NA,NA,NA,NA,NA,NA,13.5831207065751,2.36601091559904,23.8100981354269,7.31196124691743,0.109022325809617,0.172898175374726,1.86789499509323,0.670145073909989,1.54,2.43309648361749e-16,NA,NA,NA,NA,NA,NA,NA,NA,NA,NA,NA,NA,NA,NA,NA,NA
"Raiders","LVR","DST","0513","weighted",NA,NA,NA,NA,NA,NA,NA,NA,NA,NA,NA,NA,NA,NA,NA,NA,NA,NA,NA,NA,NA,NA,NA,NA,NA,NA,NA,NA,NA,NA,NA,NA,NA,NA,13.5831207065751,2.36601091559904,23.8100981354269,7.31196124691743,0.109022325809617,0.172898175374726,1.86789499509323,0.670145073909989,1.54,2.43309648361749e-16,NA,NA,NA,NA,NA,NA,NA,NA,NA,NA,NA,NA,NA,NA,NA,NA
"Packers","GB","DST","0523","weighted",NA,NA,NA,NA,NA,NA,NA,NA,NA,NA,NA,NA,NA,NA,NA,NA,NA,NA,NA,NA,NA,NA,NA,NA,NA,NA,NA,NA,NA,NA,NA,NA,NA,NA,10.9380423728814,3.91919044287094,39.9135847457627,4.57255814046458,0.14838813559322,0.174437813048941,2.14676234866828,0.588217530357992,1.28,2.39893753262136e-16,NA,NA,NA,NA,NA,NA,NA,NA,NA,NA,NA,NA,NA,NA,NA,NA
"Buccaneers","TB","DST","0525","weighted",NA,NA,NA,NA,NA,NA,NA,NA,NA,NA,NA,NA,NA,NA,NA,NA,NA,NA,NA,NA,NA,NA,NA,NA,NA,NA,NA,NA,NA,NA,NA,NA,NA,NA,10.9885550847458,1.57486957160095,36.2915338983051,1.89105637678249,0.375028813559322,0.359151586958894,2.01114745762712,0.645366775360288,1.36,0,NA,NA,NA,NA,NA,NA,NA,NA,NA,NA,NA,NA,NA,NA,NA,NA
"49ers","SF","DST","0530","weighted",NA,NA,NA,NA,NA,NA,NA,NA,NA,NA,NA,NA,NA,NA,NA,NA,NA,NA,NA,NA,NA,NA,NA,NA,NA,NA,NA,NA,NA,NA,NA,NA,NA,NA,11.1254449152542,5.68647337448955,41.1276144067797,5.11078654526312,0.120147457627119,0.176858343822865,2.32237447033898,0.534966007289522,1.39,0,NA,NA,NA,NA,NA,NA,NA,NA,NA,NA,NA,NA,NA,NA,NA,NA
"Giants","NYG","DST","0517","weighted",NA,NA,NA,NA,NA,NA,NA,NA,NA,NA,NA,NA,NA,NA,NA,NA,NA,NA,NA,NA,NA,NA,NA,NA,NA,NA,NA,NA,NA,NA,NA,NA,NA,NA,12.8313813559322,2.86443854125536,33.1059533898305,3.87390024379558,0.414371186440678,0.354593203941286,2.08943740920097,0.667141126243859,1.23,0,NA,NA,NA,NA,NA,NA,NA,NA,NA,NA,NA,NA,NA,NA,NA,NA
"Panthers","CAR","DST","0527","weighted",NA,NA,NA,NA,NA,NA,NA,NA,NA,NA,NA,NA,NA,NA,NA,NA,NA,NA,NA,NA,NA,NA,NA,NA,NA,NA,NA,NA,NA,NA,NA,NA,NA,NA,11.5654830508475,2.14694874271116,38.8340974576271,4.47850540212377,0.458164406779661,0.359530566606775,1.92779322033898,0.854113947491875,1.2,0,NA,NA,NA,NA,NA,NA,NA,NA,NA,NA,NA,NA,NA,NA,NA,NA
"Falcons","ATL","DST","0526","weighted",NA,NA,NA,NA,NA,NA,NA,NA,NA,NA,NA,NA,NA,NA,NA,NA,NA,NA,NA,NA,NA,NA,NA,NA,NA,NA,NA,NA,NA,NA,NA,NA,NA,NA,12.9174025423729,2.84076935998171,35.8565127118644,2.15034488982268,0.357225423728814,0.353658211047761,2.22349418886199,0.422524525110951,1.23,0,NA,NA,NA,NA,NA,NA,NA,NA,NA,NA,NA,NA,NA,NA,NA,NA
"Rams","LAR","DST","0528","weighted",NA,NA,NA,NA,NA,NA,NA,NA,NA,NA,NA,NA,NA,NA,NA,NA,NA,NA,NA,NA,NA,NA,NA,NA,NA,NA,NA,NA,NA,NA,NA,NA,NA,NA,15.1496483050847,1.89242515172197,41.2209110169492,2.61265592349651,0.653784745762712,0.359242737530763,2.72694745762712,0.672295809233627,1.55,2.39893753262136e-16,NA,NA,NA,NA,NA,NA,NA,NA,NA,NA,NA,NA,NA,NA,NA,NA
"Commanders","WAS","DST","0520","weighted",NA,NA,NA,NA,NA,NA,NA,NA,NA,NA,NA,NA,NA,NA,NA,NA,NA,NA,NA,NA,NA,NA,NA,NA,NA,NA,NA,NA,NA,NA,NA,NA,NA,NA,12.030156779661,1.73576337422033,41.1979279661017,4.32118933947567,0.117947457627119,0.186873323721061,1.63851331719128,1.03614094214273,1.15,2.39893753262136e-16,NA,NA,NA,NA,NA,NA,NA,NA,NA,NA,NA,NA,NA,NA,NA,NA
"Bills","BUF","DST","0501","weighted",NA,NA,NA,NA,NA,NA,NA,NA,NA,NA,NA,NA,NA,NA,NA,NA,NA,NA,NA,NA,NA,NA,NA,NA,NA,NA,NA,NA,NA,NA,NA,NA,NA,NA,15.9254872881356,1.91459501714727,36.1258389830508,5.21498245200199,0.361266101694915,0.31488869589702,2.16872754237288,1.10793399764487,1.1,0,NA,NA,NA,NA,NA,NA,NA,NA,NA,NA,NA,NA,NA,NA,NA,NA
"Jaguars","JAC","DST","0509","weighted",NA,NA,NA,NA,NA,NA,NA,NA,NA,NA,NA,NA,NA,NA,NA,NA,NA,NA,NA,NA,NA,NA,NA,NA,NA,NA,NA,NA,NA,NA,NA,NA,NA,NA,12.3882203389831,2.25914683327033,39.6438855932203,3.18498234782318,0.720293220338983,0.426879881362097,2.60773103813559,0.599182409694659,1.24,2.39893753262136e-16,NA,NA,NA,NA,NA,NA,NA,NA,NA,NA,NA,NA,NA,NA,NA,NA
"Texans","HOU","DST","0532","weighted",NA,NA,NA,NA,NA,NA,NA,NA,NA,NA,NA,NA,NA,NA,NA,NA,NA,NA,NA,NA,NA,NA,NA,NA,NA,NA,NA,NA,NA,NA,NA,NA,NA,NA,13.1137584745763,1.45488516036811,36.5858601694915,2.53544601012467,0.1313,0.208028794330993,2.74351803874092,0.787481004226527,1.17,0,NA,NA,NA,NA,NA,NA,NA,NA,NA,NA,NA,NA,NA,NA,NA,NA
"Browns","CLE","DST","0507","weighted",NA,NA,NA,NA,NA,NA,NA,NA,NA,NA,NA,NA,NA,NA,NA,NA,NA,NA,NA,NA,NA,NA,NA,NA,NA,NA,NA,NA,NA,NA,NA,NA,NA,NA,15.0040084745763,1.45393654292486,38.1267584745763,3.80415368893333,0.421183050847458,0.379434358421259,1.962899031477,1.03345686636287,1.51,2.39893753262136e-16,NA,NA,NA,NA,NA,NA,NA,NA,NA,NA,NA,NA,NA,NA,NA,NA
"Chargers","LAC","DST","0514","weighted",NA,NA,NA,NA,NA,NA,NA,NA,NA,NA,NA,NA,NA,NA,NA,NA,NA,NA,NA,NA,NA,NA,NA,NA,NA,NA,NA,NA,NA,NA,NA,NA,NA,NA,13.1954872881356,2.01786009519621,38.9062881355932,2.33372025287255,0.366127118644068,0.356136327082101,2.62968292978208,0.597601994929959,1.17,0,NA,NA,NA,NA,NA,NA,NA,NA,NA,NA,NA,NA,NA,NA,NA,NA
"Vikings","MIN","DST","0524","weighted",NA,NA,NA,NA,NA,NA,NA,NA,NA,NA,NA,NA,NA,NA,NA,NA,NA,NA,NA,NA,NA,NA,NA,NA,NA,NA,NA,NA,NA,NA,NA,NA,NA,NA,12.9724703389831,1.78410366298782,43.9377881355932,5.57767282830513,0.398793220338983,0.350071739210765,2.2664092161017,0.46833915735221,1.02,0,NA,NA,NA,NA,NA,NA,NA,NA,NA,NA,NA,NA,NA,NA,NA,NA
"Lions","DET","DST","0522","weighted",NA,NA,NA,NA,NA,NA,NA,NA,NA,NA,NA,NA,NA,NA,NA,NA,NA,NA,NA,NA,NA,NA,NA,NA,NA,NA,NA,NA,NA,NA,NA,NA,NA,NA,10.9915211864407,2.32652047063573,37.1998855932203,5.60782110910535,0.355,0.353123989844907,2.06937324455206,0.416582557052112,1.21,0,NA,NA,NA,NA,NA,NA,NA,NA,NA,NA,NA,NA,NA,NA,NA,NA
"Seahawks","SEA","DST","0515","weighted",NA,NA,NA,NA,NA,NA,NA,NA,NA,NA,NA,NA,NA,NA,NA,NA,NA,NA,NA,NA,NA,NA,NA,NA,NA,NA,NA,NA,NA,NA,NA,NA,NA,NA,13.134593220339,2.13646142978656,36.4844788135593,3.64170650083662,0.122398305084746,0.193925147257705,2.39609110169492,0.552243664266377,1.31,0,NA,NA,NA,NA,NA,NA,NA,NA,NA,NA,NA,NA,NA,NA,NA,NA
"Eagles","PHI","DST","0518","weighted",NA,NA,NA,NA,NA,NA,NA,NA,NA,NA,NA,NA,NA,NA,NA,NA,NA,NA,NA,NA,NA,NA,NA,NA,NA,NA,NA,NA,NA,NA,NA,NA,NA,NA,12.3579830508475,1.99149478801382,41.5972796610169,2.03668957843464,0.667001694915254,0.694247137110186,2.07244470338983,1.03135772394677,1.33,0,NA,NA,NA,NA,NA,NA,NA,NA,NA,NA,NA,NA,NA,NA,NA,NA
"Broncos","DEN","DST","0511","weighted",NA,NA,NA,NA,NA,NA,NA,NA,NA,NA,NA,NA,NA,NA,NA,NA,NA,NA,NA,NA,NA,NA,NA,NA,NA,NA,NA,NA,NA,NA,NA,NA,NA,NA,13.9388305084746,1.61310412242076,40.8260974576271,1.83095089472586,0.407694915254237,0.352450956342764,2.44262881355932,0.641592420591597,1.55,2.39893753262136e-16,NA,NA,NA,NA,NA,NA,NA,NA,NA,NA,NA,NA,NA,NA,NA,NA
"Steelers","PIT","DST","0510","weighted",NA,NA,NA,NA,NA,NA,NA,NA,NA,NA,NA,NA,NA,NA,NA,NA,NA,NA,NA,NA,NA,NA,NA,NA,NA,NA,NA,NA,NA,NA,NA,NA,NA,NA,12.9488050847458,3.87907776623916,44.3522669491525,3.54364136256434,0.39678813559322,0.349468414199465,2.19052065677966,0.520229387696411,1.51,2.39893753262136e-16,NA,NA,NA,NA,NA,NA,NA,NA,NA,NA,NA,NA,NA,NA,NA,NA
"Saints","NO","DST","0529","weighted",NA,NA,NA,NA,NA,NA,NA,NA,NA,NA,NA,NA,NA,NA,NA,NA,NA,NA,NA,NA,NA,NA,NA,NA,NA,NA,NA,NA,NA,NA,NA,NA,NA,NA,14.3376144067797,1.85142402262208,42.7023305084746,2.20155471505515,0.423272881355932,0.35791617639737,2.06374597457627,0.966283636408396,1.38,0,NA,NA,NA,NA,NA,NA,NA,NA,NA,NA,NA,NA,NA,NA,NA,NA
"Cowboys","DAL","DST","0516","weighted",NA,NA,NA,NA,NA,NA,NA,NA,NA,NA,NA,NA,NA,NA,NA,NA,NA,NA,NA,NA,NA,NA,NA,NA,NA,NA,NA,NA,NA,NA,NA,NA,NA,NA,11.686843220339,2.25700365788537,37.6839661016949,4.03462929068557,0.129074576271186,0.204502882562671,2.14478414043584,0.589500161042726,1.13,0,NA,NA,NA,NA,NA,NA,NA,NA,NA,NA,NA,NA,NA,NA,NA,NA
"Colts","IND","DST","0502","weighted",NA,NA,NA,NA,NA,NA,NA,NA,NA,NA,NA,NA,NA,NA,NA,NA,NA,NA,NA,NA,NA,NA,NA,NA,NA,NA,NA,NA,NA,NA,NA,NA,NA,NA,12.954563559322,1.34278296601326,40.1964661016949,2.23679518667364,0.45148813559322,0.357405367534182,2.10580476694915,0.686796176634751,1.53,2.39893753262136e-16,NA,NA,NA,NA,NA,NA,NA,NA,NA,NA,NA,NA,NA,NA,NA,NA
"Patriots","NE","DST","0504","weighted",NA,NA,NA,NA,NA,NA,NA,NA,NA,NA,NA,NA,NA,NA,NA,NA,NA,NA,NA,NA,NA,NA,NA,NA,NA,NA,NA,NA,NA,NA,NA,NA,NA,NA,15.3436694915254,1.73729721481825,36.7073644067797,4.0377639231989,0.447037288135593,0.356156093436563,2.6969968220339,0.606295539901137,1.7,2.39893753262136e-16,NA,NA,NA,NA,NA,NA,NA,NA,NA,NA,NA,NA,NA,NA,NA,NA
"Bears","CHI","DST","0521","weighted",NA,NA,NA,NA,NA,NA,NA,NA,NA,NA,NA,NA,NA,NA,NA,NA,NA,NA,NA,NA,NA,NA,NA,NA,NA,NA,NA,NA,NA,NA,NA,NA,NA,NA,15.3124406779661,2.80137546836717,40.9871355932203,4.18862063571177,0.687081355932203,0.37748532251343,3.04166991525424,0.758157589351374,1.03,0,NA,NA,NA,NA,NA,NA,NA,NA,NA,NA,NA,NA,NA,NA,NA,NA
"Titans","TEN","DST","0508","weighted",NA,NA,NA,NA,NA,NA,NA,NA,NA,NA,NA,NA,NA,NA,NA,NA,NA,NA,NA,NA,NA,NA,NA,NA,NA,NA,NA,NA,NA,NA,NA,NA,NA,NA,12.7114533898305,1.18129716582781,38.4949957627119,2.78317799099892,0.117947457627119,0.186873323721061,2.49717348668281,0.688058726634194,1.08,0,NA,NA,NA,NA,NA,NA,NA,NA,NA,NA,NA,NA,NA,NA,NA,NA
"Ravens","BAL","DST","0531","weighted",NA,NA,NA,NA,NA,NA,NA,NA,NA,NA,NA,NA,NA,NA,NA,NA,NA,NA,NA,NA,NA,NA,NA,NA,NA,NA,NA,NA,NA,NA,NA,NA,NA,NA,15.3171186440678,2.17085636460675,37.8465805084746,6.18049760344088,0.163966101694915,0.198088207174584,3.26455921610169,0.862307567791078,1.32,0,NA,NA,NA,NA,NA,NA,NA,NA,NA,NA,NA,NA,NA,NA,NA,NA
"Cameron Heyward","PIT","DL","10266","weighted",NA,NA,NA,NA,NA,NA,NA,NA,NA,NA,NA,NA,NA,NA,NA,NA,NA,NA,NA,NA,NA,NA,NA,NA,NA,NA,NA,NA,NA,NA,NA,NA,NA,NA,NA,NA,NA,NA,NA,NA,NA,NA,NA,NA,37.7291462720546,18.6696040505722,9.16022196926579,2.20012838302762,0.0828286852589641,0.151844975626725,3.81673306772908,1.91904862203292,0,0,2011,1989-05-06,NA,NA,NA,NA
"Danielle Hunter","MIN","DL","12221","weighted",NA,NA,NA,NA,NA,NA,NA,NA,NA,NA,NA,NA,NA,NA,NA,NA,NA,NA,NA,NA,NA,NA,NA,NA,NA,NA,NA,NA,NA,NA,NA,NA,NA,NA,NA,NA,NA,NA,NA,NA,NA,NA,NA,NA,49.8862663631189,10.4864785980896,13.0446898121799,1.79951882801676,0.0506175298804781,0.0927941517718874,2.3053500284576,3.01467590478061,0,0,2015,1994-10-29,NA,NA,NA,NA
"Jonathan Allen","WAS","DL","13208","weighted",NA,NA,NA,NA,NA,NA,NA,NA,NA,NA,NA,NA,NA,NA,NA,NA,NA,NA,NA,NA,NA,NA,NA,NA,NA,NA,NA,NA,NA,NA,NA,NA,NA,NA,NA,NA,NA,NA,NA,NA,NA,NA,NA,NA,40.423858850313,13.2845923236899,7.3636311895276,1.03543928108952,0,0,1.26362549800797,1.64554089389816,0,0,2017,1995-01-16,NA,NA,NA,NA
"Calais Campbell","JAC","DL","9051","weighted",NA,NA,NA,NA,NA,NA,NA,NA,NA,NA,NA,NA,NA,NA,NA,NA,NA,NA,NA,NA,NA,NA,NA,NA,NA,NA,NA,NA,NA,NA,NA,NA,NA,NA,NA,NA,NA,NA,NA,NA,NA,NA,NA,NA,49.3627831531019,7.72437474115848,9.77054638588503,1.36449555901606,0.018406374501992,0.03374332791705,2.58360842344906,1.04111475555559,0,0,2008,1986-09-01,NA,NA,NA,NA
"Calais Campbell","BAL","DL","9051","weighted",NA,NA,NA,NA,NA,NA,NA,NA,NA,NA,NA,NA,NA,NA,NA,NA,NA,NA,NA,NA,NA,NA,NA,NA,NA,NA,NA,NA,NA,NA,NA,NA,NA,NA,NA,NA,NA,NA,NA,NA,NA,NA,NA,NA,49.3627831531019,7.72437474115848,9.77054638588503,1.36449555901606,0.018406374501992,0.03374332791705,2.58360842344906,1.04111475555559,0,0,2008,1986-09-01,NA,NA,NA,NA
"Carlos Dunlap","CIN","DL","9825","weighted",NA,NA,NA,NA,NA,NA,NA,NA,NA,NA,NA,NA,NA,NA,NA,NA,NA,NA,NA,NA,NA,NA,NA,NA,NA,NA,NA,NA,NA,NA,NA,NA,NA,NA,NA,NA,NA,NA,NA,NA,NA,NA,NA,NA,38.4584803642573,12.9793424950891,8.00825839499146,0.624567279197432,0.190142287990894,0.240271662164076,6.33305634604439,1.77113300950789,0,0,2010,1989-02-28,NA,NA,NA,NA
"Sam Hubbard","CIN","DL","13684","weighted",NA,NA,NA,NA,NA,NA,NA,NA,NA,NA,NA,NA,NA,NA,NA,NA,NA,NA,NA,NA,NA,NA,NA,NA,NA,NA,NA,NA,NA,NA,NA,NA,NA,NA,NA,NA,NA,NA,NA,NA,NA,NA,NA,NA,33.8898292544109,16.5145285499169,6.27035287421742,1.40164267453921,0.0368127490039841,0.0674866558341,2.30286852589641,1.15456470670784,0,0,2018,NA,NA,NA,NA,NA
"Cameron Jordan","NO","DL","10292","weighted",NA,NA,NA,NA,NA,NA,NA,NA,NA,NA,NA,NA,NA,NA,NA,NA,NA,NA,NA,NA,NA,NA,NA,NA,NA,NA,NA,NA,NA,NA,NA,NA,NA,NA,NA,NA,NA,NA,NA,NA,NA,NA,NA,NA,43.3248321001707,10.1914350304816,13.0066363118953,3.16441834995769,0.348901536710302,0.408291323530358,5.44456459874787,2.12177397408472,0,0,2011,1989-07-10,"Q","Groin",2019,0
"Aaron Donald","LAR","DL","11757","weighted",NA,NA,NA,NA,NA,NA,NA,NA,NA,NA,NA,NA,NA,NA,NA,NA,NA,NA,NA,NA,NA,NA,NA,NA,NA,NA,NA,NA,NA,NA,NA,NA,NA,NA,NA,NA,NA,NA,NA,NA,NA,NA,NA,NA,43.603921457029,9.60712107263006,16.7611326124075,1.25377275093213,0.105836653386454,0.194024135523037,3.15800227660785,3.42062963273795,0,0,2014,1991-05-23,NA,NA,NA,NA
"Arik Armstead","SF","DL","12218","weighted",NA,NA,NA,NA,NA,NA,NA,NA,NA,NA,NA,NA,NA,NA,NA,NA,NA,NA,NA,NA,NA,NA,NA,NA,NA,NA,NA,NA,NA,NA,NA,NA,NA,NA,NA,NA,NA,NA,NA,NA,NA,NA,NA,NA,36.8028531468531,16.7888633338699,4.48318881118881,2.54152660475332,0.102634032634033,0.157073062492556,1.54803496503496,0.804213799878803,0,0,2015,1993-11-15,NA,NA,NA,NA
"Grady Jarrett","ATL","DL","12305","weighted",NA,NA,NA,NA,NA,NA,NA,NA,NA,NA,NA,NA,NA,NA,NA,NA,NA,NA,NA,NA,NA,NA,NA,NA,NA,NA,NA,NA,NA,NA,NA,NA,NA,NA,NA,NA,NA,NA,NA,NA,NA,NA,NA,NA,37.9011888111888,14.1505370715834,6.0184965034965,1.39405113479446,0.0833636363636363,0.172508327877108,1.21353846153846,1.4544806378674,0,0,2015,1993-04-28,NA,NA,NA,NA
"Joey Bosa","LAC","DL","12686","weighted",NA,NA,NA,NA,NA,NA,NA,NA,NA,NA,NA,NA,NA,NA,NA,NA,NA,NA,NA,NA,NA,NA,NA,NA,NA,NA,NA,NA,NA,NA,NA,NA,NA,NA,NA,NA,NA,NA,NA,NA,NA,NA,NA,NA,48.3992373363688,9.25745654592989,11.929578827547,2.08634783065036,0.00232925441092772,0.00424054586569263,2.84089356858281,2.7956165683305,0,0,2016,1995-07-11,NA,NA,NA,NA
"Corey Peters","ARI","DL","9919","weighted",NA,NA,NA,NA,NA,NA,NA,NA,NA,NA,NA,NA,NA,NA,NA,NA,NA,NA,NA,NA,NA,NA,NA,NA,NA,NA,NA,NA,NA,NA,NA,NA,NA,NA,NA,NA,NA,NA,NA,NA,NA,NA,NA,NA,35.5717003484321,14.5873530028584,4.42248083623693,4.01152173829108,0.0573170731707317,0.121505739405595,1.29809756097561,1.37167894522344,0,0,2010,1988-06-08,NA,NA,NA,NA
"Dante Fowler","LAR","DL","12217","weighted",NA,NA,NA,NA,NA,NA,NA,NA,NA,NA,NA,NA,NA,NA,NA,NA,NA,NA,NA,NA,NA,NA,NA,NA,NA,NA,NA,NA,NA,NA,NA,NA,NA,NA,NA,NA,NA,NA,NA,NA,NA,NA,NA,NA,49.2758064516129,7.78524566086389,8.60731182795699,2.32638131010374,0.241075268817204,0.14142135623731,3.70784946236559,0.940452018978108,NA,NA,NA,1994-08-03,NA,NA,NA,NA
"Dante Fowler","ATL","DL","12217","weighted",NA,NA,NA,NA,NA,NA,NA,NA,NA,NA,NA,NA,NA,NA,NA,NA,NA,NA,NA,NA,NA,NA,NA,NA,NA,NA,NA,NA,NA,NA,NA,NA,NA,NA,NA,NA,NA,NA,NA,NA,NA,NA,NA,NA,49.2758064516129,7.78524566086389,8.60731182795699,2.32638131010374,0.241075268817204,0.14142135623731,3.70784946236559,0.940452018978108,NA,NA,NA,1994-08-03,NA,NA,NA,NA
"Damon Harrison","DET","DL","11045","weighted",NA,NA,NA,NA,NA,NA,NA,NA,NA,NA,NA,NA,NA,NA,NA,NA,NA,NA,NA,NA,NA,NA,NA,NA,NA,NA,NA,NA,NA,NA,NA,NA,NA,NA,NA,NA,NA,NA,NA,NA,NA,NA,NA,NA,44.649702166065,9.13367061603853,4.14442238267148,1.30106977429923,0,0,1.37300541516245,1.08784008060773,0,0,2012,1988-11-29,"Q","Undisclosed",2019,0
"Damon Harrison","FA","DL","11045","weighted",NA,NA,NA,NA,NA,NA,NA,NA,NA,NA,NA,NA,NA,NA,NA,NA,NA,NA,NA,NA,NA,NA,NA,NA,NA,NA,NA,NA,NA,NA,NA,NA,NA,NA,NA,NA,NA,NA,NA,NA,NA,NA,NA,NA,44.649702166065,9.13367061603853,4.14442238267148,1.30106977429923,0,0,1.37300541516245,1.08784008060773,0,0,2012,1988-11-29,"Q","Undisclosed",2019,0
"Demarcus Lawrence","DAL","DL","11769","weighted",NA,NA,NA,NA,NA,NA,NA,NA,NA,NA,NA,NA,NA,NA,NA,NA,NA,NA,NA,NA,NA,NA,NA,NA,NA,NA,NA,NA,NA,NA,NA,NA,NA,NA,NA,NA,NA,NA,NA,NA,NA,NA,NA,NA,41.8608321678322,8.08840521820384,10.252020979021,2.09167460654244,0.0743566433566434,0.153196256963857,2.56339160839161,2.57290978156349,0,0,2014,1992-04-28,NA,NA,NA,NA
"DeForest Buckner","SF","DL","12688","weighted",NA,NA,NA,NA,NA,NA,NA,NA,NA,NA,NA,NA,NA,NA,NA,NA,NA,NA,NA,NA,NA,NA,NA,NA,NA,NA,NA,NA,NA,NA,NA,NA,NA,NA,NA,NA,NA,NA,NA,NA,NA,NA,NA,NA,44.9766021627775,5.29052172313352,9.05726237905521,0.965069246158782,0.00187250996015936,0.00436609200868212,3.4278656801366,1.39061468809795,0,0,2016,1994-03-17,NA,NA,NA,NA
"DeForest Buckner","IND","DL","12688","weighted",NA,NA,NA,NA,NA,NA,NA,NA,NA,NA,NA,NA,NA,NA,NA,NA,NA,NA,NA,NA,NA,NA,NA,NA,NA,NA,NA,NA,NA,NA,NA,NA,NA,NA,NA,NA,NA,NA,NA,NA,NA,NA,NA,NA,44.9766021627775,5.29052172313352,9.05726237905521,0.965069246158782,0.00187250996015936,0.00436609200868212,3.4278656801366,1.39061468809795,0,0,2016,1994-03-17,NA,NA,NA,NA
"Chandler Jones","ARI","DL","10753","weighted",NA,NA,NA,NA,NA,NA,NA,NA,NA,NA,NA,NA,NA,NA,NA,NA,NA,NA,NA,NA,NA,NA,NA,NA,NA,NA,NA,NA,NA,NA,NA,NA,NA,NA,NA,NA,NA,NA,NA,NA,NA,NA,NA,NA,44.0867741935484,10.2884036662643,13.5448387096774,3.96686904245653,0.29247311827957,0.325269119345812,3.89236559139785,0.96873629022557,NA,NA,2012,1990-02-27,NA,NA,NA,NA
"Nick Bosa","SF","DL","14147","weighted",NA,NA,NA,NA,NA,NA,NA,NA,NA,NA,NA,NA,NA,NA,NA,NA,NA,NA,NA,NA,NA,NA,NA,NA,NA,NA,NA,NA,NA,NA,NA,NA,NA,NA,NA,NA,NA,NA,NA,NA,NA,NA,NA,NA,31.7973986013986,14.0895451887727,7.48296503496503,3.04326918977382,0.337482517482517,0.470535919668542,3.26912587412587,1.66897312571753,0,0,2019,1997-10-23,NA,NA,NA,NA
"Yannick Ngakoue","JAC","DL","12756","weighted",NA,NA,NA,NA,NA,NA,NA,NA,NA,NA,NA,NA,NA,NA,NA,NA,NA,NA,NA,NA,NA,NA,NA,NA,NA,NA,NA,NA,NA,NA,NA,NA,NA,NA,NA,NA,NA,NA,NA,NA,NA,NA,NA,NA,29.946078542971,11.020278661593,9.7893625498008,1.23357550166003,0.0881274900398406,0.187321337105079,3.17330677290837,1.19560835565661,0,0,2016,1995-03-31,NA,NA,NA,NA
"J.J. Watt","HOU","DL","10272","weighted",NA,NA,NA,NA,NA,NA,NA,NA,NA,NA,NA,NA,NA,NA,NA,NA,NA,NA,NA,NA,NA,NA,NA,NA,NA,NA,NA,NA,NA,NA,NA,NA,NA,NA,NA,NA,NA,NA,NA,NA,NA,NA,NA,NA,45.307463898917,4.44609243793223,14.5107400722022,1.03069751959402,0.0445397111913357,0.0840757746784051,4.69940433212996,2.16261812313052,0,0,2011,1989-03-22,NA,NA,NA,NA
"Chris Jones","KC","DL","12741","weighted",NA,NA,NA,NA,NA,NA,NA,NA,NA,NA,NA,NA,NA,NA,NA,NA,NA,NA,NA,NA,NA,NA,NA,NA,NA,NA,NA,NA,NA,NA,NA,NA,NA,NA,NA,NA,NA,NA,NA,NA,NA,NA,NA,NA,36.759800181653,10.5288635670101,11.716348773842,2.07265769101757,0.496312443233424,0.516291275375759,5.13427792915531,1.32926696330307,0,0,2016,1994-07-03,NA,NA,NA,NA
"Frank Clark","KC","DL","12280","weighted",NA,NA,NA,NA,NA,NA,NA,NA,NA,NA,NA,NA,NA,NA,NA,NA,NA,NA,NA,NA,NA,NA,NA,NA,NA,NA,NA,NA,NA,NA,NA,NA,NA,NA,NA,NA,NA,NA,NA,NA,NA,NA,NA,NA,35.4236994877632,6.83563118351588,12.4987535571998,1.83840083934752,0.191844052361981,0.383003463765711,3.68882754695504,2.39642437184624,0,0,2015,1993-06-14,NA,NA,NA,NA
"Robert Quinn","DAL","DL","10269","weighted",NA,NA,NA,NA,NA,NA,NA,NA,NA,NA,NA,NA,NA,NA,NA,NA,NA,NA,NA,NA,NA,NA,NA,NA,NA,NA,NA,NA,NA,NA,NA,NA,NA,NA,NA,NA,NA,NA,NA,NA,NA,NA,NA,NA,26.6273566433566,12.3883269203938,7.97344755244755,2.44037794353298,0.0845221445221445,0.129354286758575,2.01232167832168,1.52954494573277,0,0,2011,1990-05-18,NA,NA,NA,NA
"Robert Quinn","CHI","DL","10269","weighted",NA,NA,NA,NA,NA,NA,NA,NA,NA,NA,NA,NA,NA,NA,NA,NA,NA,NA,NA,NA,NA,NA,NA,NA,NA,NA,NA,NA,NA,NA,NA,NA,NA,NA,NA,NA,NA,NA,NA,NA,NA,NA,NA,NA,26.6273566433566,12.3883269203938,7.97344755244755,2.44037794353298,0.0845221445221445,0.129354286758575,2.01232167832168,1.52954494573277,0,0,2011,1990-05-18,NA,NA,NA,NA
"Akiem Hicks","CHI","DL","10823","weighted",NA,NA,NA,NA,NA,NA,NA,NA,NA,NA,NA,NA,NA,NA,NA,NA,NA,NA,NA,NA,NA,NA,NA,NA,NA,NA,NA,NA,NA,NA,NA,NA,NA,NA,NA,NA,NA,NA,NA,NA,NA,NA,NA,NA,41.5015342960289,3.02998406558238,8.08111010830325,0.110602897117198,0.0890794223826715,0.16815154935681,3.46185018050541,1.29993160601352,0,0,2012,1989-11-16,NA,NA,NA,NA
"AShawn Robinson","DET","DL","12697","weighted",NA,NA,NA,NA,NA,NA,NA,NA,NA,NA,NA,NA,NA,NA,NA,NA,NA,NA,NA,NA,NA,NA,NA,NA,NA,NA,NA,NA,NA,NA,NA,NA,NA,NA,NA,NA,NA,NA,NA,NA,NA,NA,NA,NA,35.8468682310469,7.19522270380404,1.81177797833935,0.588530422748835,0.118772563176895,0.22420206580908,2.02444945848375,2.06178960015937,0,0,2016,1995-03-21,NA,NA,NA,NA
"AShawn Robinson","LAR","DL","12697","weighted",NA,NA,NA,NA,NA,NA,NA,NA,NA,NA,NA,NA,NA,NA,NA,NA,NA,NA,NA,NA,NA,NA,NA,NA,NA,NA,NA,NA,NA,NA,NA,NA,NA,NA,NA,NA,NA,NA,NA,NA,NA,NA,NA,NA,35.8468682310469,7.19522270380404,1.81177797833935,0.588530422748835,0.118772563176895,0.22420206580908,2.02444945848375,2.06178960015937,0,0,2016,1995-03-21,NA,NA,NA,NA
"Trey Flowers","DET","DL","12222","weighted",NA,NA,NA,NA,NA,NA,NA,NA,NA,NA,NA,NA,NA,NA,NA,NA,NA,NA,NA,NA,NA,NA,NA,NA,NA,NA,NA,NA,NA,NA,NA,NA,NA,NA,NA,NA,NA,NA,NA,NA,NA,NA,NA,NA,40.1218397212544,2.27420086074554,8.22519163763066,0.362130486693832,0.0710731707317073,0.150667116862938,2.49133797909408,1.0639525129437,0,0,2015,1993-08-16,NA,NA,NA,NA
"Myles Garrett","CLE","DL","13198","weighted",NA,NA,NA,NA,NA,NA,NA,NA,NA,NA,NA,NA,NA,NA,NA,NA,NA,NA,NA,NA,NA,NA,NA,NA,NA,NA,NA,NA,NA,NA,NA,NA,NA,NA,NA,NA,NA,NA,NA,NA,NA,NA,NA,NA,36.2347653429603,7.29173690186028,13.2086010830325,1.79132521951763,0.100956678700361,0.190571755937718,5.14632671480144,1.89369685553987,0,0,2017,1995-12-29,NA,NA,NA,NA
"Ndamukong Suh","TB","DL","9815","weighted",NA,NA,NA,NA,NA,NA,NA,NA,NA,NA,NA,NA,NA,NA,NA,NA,NA,NA,NA,NA,NA,NA,NA,NA,NA,NA,NA,NA,NA,NA,NA,NA,NA,NA,NA,NA,NA,NA,NA,NA,NA,NA,NA,NA,23.0559930313589,19.561424229537,3.7802787456446,3.44604780291666,0.0504390243902439,0.106925050676924,2.1041881533101,1.88615102293105,0,0,2010,1987-01-06,NA,NA,NA,NA
"Justin Houston","IND","DL","10277","weighted",NA,NA,NA,NA,NA,NA,NA,NA,NA,NA,NA,NA,NA,NA,NA,NA,NA,NA,NA,NA,NA,NA,NA,NA,NA,NA,NA,NA,NA,NA,NA,NA,NA,NA,NA,NA,NA,NA,NA,NA,NA,NA,NA,NA,31.9373863636364,9.29465066796672,11.542821969697,2.90763786765481,0.279261363636364,0.304510290736294,2.46946022727273,1.56471431670637,0,0,2011,1989-01-21,NA,NA,NA,NA
"Jason Pierre-Paul","TB","DL","9833","weighted",NA,NA,NA,NA,NA,NA,NA,NA,NA,NA,NA,NA,NA,NA,NA,NA,NA,NA,NA,NA,NA,NA,NA,NA,NA,NA,NA,NA,NA,NA,NA,NA,NA,NA,NA,NA,NA,NA,NA,NA,NA,NA,NA,NA,27.6902020905923,9.1879638212181,6.83181881533101,2.12638226040952,0.059609756097561,0.126365968981819,1.7278118466899,1.36633113417248,0,0,2010,1989-02-28,"Q","Knee",2019,0
"Jadeveon Clowney","SEA","DL","11706","weighted",NA,NA,NA,NA,NA,NA,NA,NA,NA,NA,NA,NA,NA,NA,NA,NA,NA,NA,NA,NA,NA,NA,NA,NA,NA,NA,NA,NA,NA,NA,NA,NA,NA,NA,NA,NA,NA,NA,NA,NA,NA,NA,NA,NA,38.7727856225931,3.81837661840736,9.55134788189987,0.0707106781186545,0,0,3.41078305519897,0.565685424949238,0,0,2014,1993-02-14,NA,NA,NA,NA
"Jadeveon Clowney","FA","DL","11706","weighted",NA,NA,NA,NA,NA,NA,NA,NA,NA,NA,NA,NA,NA,NA,NA,NA,NA,NA,NA,NA,NA,NA,NA,NA,NA,NA,NA,NA,NA,NA,NA,NA,NA,NA,NA,NA,NA,NA,NA,NA,NA,NA,NA,NA,38.7727856225931,3.81837661840736,9.55134788189987,0.0707106781186545,0,0,3.41078305519897,0.565685424949238,0,0,2014,1993-02-14,NA,NA,NA,NA
"Kenny Clark","GB","DL","12739","weighted",NA,NA,NA,NA,NA,NA,NA,NA,NA,NA,NA,NA,NA,NA,NA,NA,NA,NA,NA,NA,NA,NA,NA,NA,NA,NA,NA,NA,NA,NA,NA,NA,NA,NA,NA,NA,NA,NA,NA,NA,NA,NA,NA,NA,39.3918411552347,1.56765564721256,6.67034296028881,0.738470407928012,0.0504783393501805,0.0952858779688591,2.85794223826715,0.368686048974024,0,0,2016,1995-10-04,NA,NA,NA,NA
"Linval Joseph","MIN","DL","9904","weighted",NA,NA,NA,NA,NA,NA,NA,NA,NA,NA,NA,NA,NA,NA,NA,NA,NA,NA,NA,NA,NA,NA,NA,NA,NA,NA,NA,NA,NA,NA,NA,NA,NA,NA,NA,NA,NA,NA,NA,NA,NA,NA,NA,NA,38.5258935018051,2.029716350518,2.54688628158845,0.472228163034134,0.077202166064982,0.145731342775902,1.01895306859206,1.02834910493963,0,0,2010,1988-10-10,NA,NA,NA,NA
"Linval Joseph","LAC","DL","9904","weighted",NA,NA,NA,NA,NA,NA,NA,NA,NA,NA,NA,NA,NA,NA,NA,NA,NA,NA,NA,NA,NA,NA,NA,NA,NA,NA,NA,NA,NA,NA,NA,NA,NA,NA,NA,NA,NA,NA,NA,NA,NA,NA,NA,NA,38.5258935018051,2.029716350518,2.54688628158845,0.472228163034134,0.077202166064982,0.145731342775902,1.01895306859206,1.02834910493963,0,0,2010,1988-10-10,NA,NA,NA,NA
"Jabaal Sheard","IND","DL","10320","weighted",NA,NA,NA,NA,NA,NA,NA,NA,NA,NA,NA,NA,NA,NA,NA,NA,NA,NA,NA,NA,NA,NA,NA,NA,NA,NA,NA,NA,NA,NA,NA,NA,NA,NA,NA,NA,NA,NA,NA,NA,NA,NA,NA,NA,34.9056515679442,4.34355999727076,5.87868989547038,1.31421037226456,0.100878048780488,0.213850101353848,1.87858536585366,0.933521838345484,0,0,2011,1989-05-10,NA,NA,NA,NA
"Jabaal Sheard","FA","DL","10320","weighted",NA,NA,NA,NA,NA,NA,NA,NA,NA,NA,NA,NA,NA,NA,NA,NA,NA,NA,NA,NA,NA,NA,NA,NA,NA,NA,NA,NA,NA,NA,NA,NA,NA,NA,NA,NA,NA,NA,NA,NA,NA,NA,NA,NA,34.9056515679442,4.34355999727076,5.87868989547038,1.31421037226456,0.100878048780488,0.213850101353848,1.87858536585366,0.933521838345484,0,0,2011,1989-05-10,NA,NA,NA,NA
"B.J. Hill","NYG","DL","13742","weighted",NA,NA,NA,NA,NA,NA,NA,NA,NA,NA,NA,NA,NA,NA,NA,NA,NA,NA,NA,NA,NA,NA,NA,NA,NA,NA,NA,NA,NA,NA,NA,NA,NA,NA,NA,NA,NA,NA,NA,NA,NA,NA,NA,NA,35.1629547038328,4.61273832900445,5.53249477351916,0.704141108623227,0.146174216027875,0.194499198418525,2.80892682926829,0.543123650933847,0,0,2018,1995-04-20,NA,NA,NA,NA
"Robert Nkemdiche","MIA","DL","12696","weighted",NA,NA,NA,NA,NA,NA,NA,NA,NA,NA,NA,NA,NA,NA,NA,NA,NA,NA,NA,NA,NA,NA,NA,NA,NA,NA,NA,NA,NA,NA,NA,NA,NA,NA,NA,NA,NA,NA,NA,NA,NA,NA,NA,NA,21.7083522727273,15.115044472338,5.14564393939394,4.05392910636835,0.00934659090909091,0.0170561311396321,0.958342803030303,1.17370422863578,0,0,2016,1994-09-19,NA,NA,NA,NA
"Robert Nkemdiche","FA","DL","12696","weighted",NA,NA,NA,NA,NA,NA,NA,NA,NA,NA,NA,NA,NA,NA,NA,NA,NA,NA,NA,NA,NA,NA,NA,NA,NA,NA,NA,NA,NA,NA,NA,NA,NA,NA,NA,NA,NA,NA,NA,NA,NA,NA,NA,NA,21.7083522727273,15.115044472338,5.14564393939394,4.05392910636835,0.00934659090909091,0.0170561311396321,0.958342803030303,1.17370422863578,0,0,2016,1994-09-19,NA,NA,NA,NA
"Maurice Hurst","OAK","DL","13691","weighted",NA,NA,NA,NA,NA,NA,NA,NA,NA,NA,NA,NA,NA,NA,NA,NA,NA,NA,NA,NA,NA,NA,NA,NA,NA,NA,NA,NA,NA,NA,NA,NA,NA,NA,NA,NA,NA,NA,NA,NA,NA,NA,NA,NA,27.7547632575758,11.3931330476717,3.81014204545455,1.99245455781054,0.0249242424242424,0.0454830163723521,2.6813446969697,0.662919639379202,0,0,2018,1995-05-09,NA,NA,NA,NA
"Maurice Hurst","LVR","DL","13691","weighted",NA,NA,NA,NA,NA,NA,NA,NA,NA,NA,NA,NA,NA,NA,NA,NA,NA,NA,NA,NA,NA,NA,NA,NA,NA,NA,NA,NA,NA,NA,NA,NA,NA,NA,NA,NA,NA,NA,NA,NA,NA,NA,NA,NA,27.7547632575758,11.3931330476717,3.81014204545455,1.99245455781054,0.0249242424242424,0.0454830163723521,2.6813446969697,0.662919639379202,0,0,2018,1995-05-09,NA,NA,NA,NA
"Clelin Ferrell","OAK","DL","14151","weighted",NA,NA,NA,NA,NA,NA,NA,NA,NA,NA,NA,NA,NA,NA,NA,NA,NA,NA,NA,NA,NA,NA,NA,NA,NA,NA,NA,NA,NA,NA,NA,NA,NA,NA,NA,NA,NA,NA,NA,NA,NA,NA,NA,NA,33.0126620209059,7.35281954873762,6.28335888501742,1.52286799298583,0.314550522648084,0.485419827520263,1.7821393728223,1.34141083705993,0,0,2019,1997-05-17,NA,NA,NA,NA
"Clelin Ferrell","LVR","DL","14151","weighted",NA,NA,NA,NA,NA,NA,NA,NA,NA,NA,NA,NA,NA,NA,NA,NA,NA,NA,NA,NA,NA,NA,NA,NA,NA,NA,NA,NA,NA,NA,NA,NA,NA,NA,NA,NA,NA,NA,NA,NA,NA,NA,NA,NA,33.0126620209059,7.35281954873762,6.28335888501742,1.52286799298583,0.314550522648084,0.485419827520263,1.7821393728223,1.34141083705993,0,0,2019,1997-05-17,NA,NA,NA,NA
"Michael Brockers","LAR","DL","10763","weighted",NA,NA,NA,NA,NA,NA,NA,NA,NA,NA,NA,NA,NA,NA,NA,NA,NA,NA,NA,NA,NA,NA,NA,NA,NA,NA,NA,NA,NA,NA,NA,NA,NA,NA,NA,NA,NA,NA,NA,NA,NA,NA,NA,NA,35.9826624548736,3.55669592690436,2.53000902527076,0.718474879520172,0.139557761732852,0.263437427325669,1.70888989169675,0.627517157660056,0,0,2012,1990-12-21,NA,NA,NA,NA
"Jurrell Casey","TEN","DL","10335","weighted",NA,NA,NA,NA,NA,NA,NA,NA,NA,NA,NA,NA,NA,NA,NA,NA,NA,NA,NA,NA,NA,NA,NA,NA,NA,NA,NA,NA,NA,NA,NA,NA,NA,NA,NA,NA,NA,NA,NA,NA,NA,NA,NA,NA,37.5019651567944,0.755843158618803,6.83510104529617,0.583529518737482,0,0,1.34634146341463,1.15674359451694,0,0,2011,1989-12-05,NA,NA,NA,NA
"Jurrell Casey","DEN","DL","10335","weighted",NA,NA,NA,NA,NA,NA,NA,NA,NA,NA,NA,NA,NA,NA,NA,NA,NA,NA,NA,NA,NA,NA,NA,NA,NA,NA,NA,NA,NA,NA,NA,NA,NA,NA,NA,NA,NA,NA,NA,NA,NA,NA,NA,NA,37.5019651567944,0.755843158618803,6.83510104529617,0.583529518737482,0,0,1.34634146341463,1.15674359451694,0,0,2011,1989-12-05,NA,NA,NA,NA
"Dee Ford","SF","DL","11711","weighted",NA,NA,NA,NA,NA,NA,NA,NA,NA,NA,NA,NA,NA,NA,NA,NA,NA,NA,NA,NA,NA,NA,NA,NA,NA,NA,NA,NA,NA,NA,NA,NA,NA,NA,NA,NA,NA,NA,NA,NA,NA,NA,NA,NA,36.771384180791,1.17379725676967,11.3578107344633,0.544472221513641,0.0185875706214689,0.0282842712474619,1.21375706214689,0.325269119345812,NA,NA,2014,1991-03-19,NA,NA,NA,NA
"Dean Lowry","GB","DL","12791","weighted",NA,NA,NA,NA,NA,NA,NA,NA,NA,NA,NA,NA,NA,NA,NA,NA,NA,NA,NA,NA,NA,NA,NA,NA,NA,NA,NA,NA,NA,NA,NA,NA,NA,NA,NA,NA,NA,NA,NA,NA,NA,NA,NA,NA,30.805036101083,6.17300402803221,3.80333935018051,0.478444185240712,0.139557761732852,0.263437427325669,2.22280685920578,2.11059367691629,0,0,2016,NA,NA,NA,NA,NA
"Melvin Ingram","LAC","DL","10749","weighted",NA,NA,NA,NA,NA,NA,NA,NA,NA,NA,NA,NA,NA,NA,NA,NA,NA,NA,NA,NA,NA,NA,NA,NA,NA,NA,NA,NA,NA,NA,NA,NA,NA,NA,NA,NA,NA,NA,NA,NA,NA,NA,NA,NA,35.091031358885,1.77364206202577,9.23008362369338,1.74748628542942,0.19202787456446,0.24244830081129,3.74965853658537,1.21760956496687,0,0,2012,1989-04-26,NA,NA,NA,NA
"Shelby Harris","DEN","DL","11872","weighted",NA,NA,NA,NA,NA,NA,NA,NA,NA,NA,NA,NA,NA,NA,NA,NA,NA,NA,NA,NA,NA,NA,NA,NA,NA,NA,NA,NA,NA,NA,NA,NA,NA,NA,NA,NA,NA,NA,NA,NA,NA,NA,NA,NA,30.9987996389892,8.08204451514863,4.37298736462094,0.995849039073753,0.490523465703971,0.514174552469816,2.43583032490975,1.06495981259313,0,0,2014,1991-08-11,NA,NA,NA,NA
"Ezekiel Ansah","SEA","DL","11267","weighted",NA,NA,NA,NA,NA,NA,NA,NA,NA,NA,NA,NA,NA,NA,NA,NA,NA,NA,NA,NA,NA,NA,NA,NA,NA,NA,NA,NA,NA,NA,NA,NA,NA,NA,NA,NA,NA,NA,NA,NA,NA,NA,NA,NA,28.518583032491,15.0018449690502,8.2781678700361,3.44329507570497,0,0,0.838519855595668,1.05912951508902,0,0,2013,1989-05-29,"Q","Neck",2019,0
"Ezekiel Ansah","FA","DL","11267","weighted",NA,NA,NA,NA,NA,NA,NA,NA,NA,NA,NA,NA,NA,NA,NA,NA,NA,NA,NA,NA,NA,NA,NA,NA,NA,NA,NA,NA,NA,NA,NA,NA,NA,NA,NA,NA,NA,NA,NA,NA,NA,NA,NA,NA,28.518583032491,15.0018449690502,8.2781678700361,3.44329507570497,0,0,0.838519855595668,1.05912951508902,0,0,2013,1989-05-29,"Q","Neck",2019,0
"Da'Ron Payne","WAS","DL","13723","weighted",NA,NA,NA,NA,NA,NA,NA,NA,NA,NA,NA,NA,NA,NA,NA,NA,NA,NA,NA,NA,NA,NA,NA,NA,NA,NA,NA,NA,NA,NA,NA,NA,NA,NA,NA,NA,NA,NA,NA,NA,NA,NA,NA,NA,34.6371010452962,2.65096297353465,5.3390243902439,0.74333377094002,0.103170731707317,0.218710330930072,2.81691986062718,0.212143276788441,0,0,2018,1997-05-27,NA,NA,NA,NA
"Leonard Williams","NYJ","DL","12225","weighted",NA,NA,NA,NA,NA,NA,NA,NA,NA,NA,NA,NA,NA,NA,NA,NA,NA,NA,NA,NA,NA,NA,NA,NA,NA,NA,NA,NA,NA,NA,NA,NA,NA,NA,NA,NA,NA,NA,NA,NA,NA,NA,NA,NA,31.8827386759582,3.18573150299441,5.67880836236934,0.838913370403295,0.217247386759582,0.279927500129404,2.52635540069686,0.599793090067685,0,0,2015,1994-06-20,NA,NA,NA,NA
"Leonard Williams","NYG","DL","12225","weighted",NA,NA,NA,NA,NA,NA,NA,NA,NA,NA,NA,NA,NA,NA,NA,NA,NA,NA,NA,NA,NA,NA,NA,NA,NA,NA,NA,NA,NA,NA,NA,NA,NA,NA,NA,NA,NA,NA,NA,NA,NA,NA,NA,NA,31.8827386759582,3.18573150299441,5.67880836236934,0.838913370403295,0.217247386759582,0.279927500129404,2.52635540069686,0.599793090067685,0,0,2015,1994-06-20,NA,NA,NA,NA
"Alex Okafor","KC","DL","11262","weighted",NA,NA,NA,NA,NA,NA,NA,NA,NA,NA,NA,NA,NA,NA,NA,NA,NA,NA,NA,NA,NA,NA,NA,NA,NA,NA,NA,NA,NA,NA,NA,NA,NA,NA,NA,NA,NA,NA,NA,NA,NA,NA,NA,NA,28.4487545126354,7.31752677229185,4.98994584837545,1.33964638745543,0.0207851985559567,0.039235361516589,2.07689530685921,1.19033275257377,0,0,2013,1991-02-08,NA,NA,NA,NA
"Brandon Graham","PHI","DL","9826","weighted",NA,NA,NA,NA,NA,NA,NA,NA,NA,NA,NA,NA,NA,NA,NA,NA,NA,NA,NA,NA,NA,NA,NA,NA,NA,NA,NA,NA,NA,NA,NA,NA,NA,NA,NA,NA,NA,NA,NA,NA,NA,NA,NA,NA,33.2318953068592,3.64878116724784,7.64346570397112,0.128434949711883,0.077202166064982,0.145731342775902,3.0491155234657,1.08105513583808,0,0,2010,1988-04-03,NA,NA,NA,NA
"Derek Wolfe","DEN","DL","10806","weighted",NA,NA,NA,NA,NA,NA,NA,NA,NA,NA,NA,NA,NA,NA,NA,NA,NA,NA,NA,NA,NA,NA,NA,NA,NA,NA,NA,NA,NA,NA,NA,NA,NA,NA,NA,NA,NA,NA,NA,NA,NA,NA,NA,NA,31.550785198556,2.81742109597219,3.74047833935018,0.983277643101464,0.178158844765343,0.33630309871362,2.97749097472924,1.05983295668939,0,0,2012,1990-02-24,NA,NA,NA,NA
"Derek Wolfe","BAL","DL","10806","weighted",NA,NA,NA,NA,NA,NA,NA,NA,NA,NA,NA,NA,NA,NA,NA,NA,NA,NA,NA,NA,NA,NA,NA,NA,NA,NA,NA,NA,NA,NA,NA,NA,NA,NA,NA,NA,NA,NA,NA,NA,NA,NA,NA,NA,31.550785198556,2.81742109597219,3.74047833935018,0.983277643101464,0.178158844765343,0.33630309871362,2.97749097472924,1.05983295668939,0,0,2012,1990-02-24,NA,NA,NA,NA
"Ben Banogu","IND","DL","14204","weighted",NA,NA,NA,NA,NA,NA,NA,NA,NA,NA,NA,NA,NA,NA,NA,NA,NA,NA,NA,NA,NA,NA,NA,NA,NA,NA,NA,NA,NA,NA,NA,NA,NA,NA,NA,NA,NA,NA,NA,NA,NA,NA,NA,NA,20.1013755158184,21.8495995386643,1.43053645116919,1.83847763108502,0,0,0.179917469050894,0.282842712474619,0,0,2019,1970-01-01,NA,NA,NA,NA
"Larry Ogunjobi","CLE","DL","13265","weighted",NA,NA,NA,NA,NA,NA,NA,NA,NA,NA,NA,NA,NA,NA,NA,NA,NA,NA,NA,NA,NA,NA,NA,NA,NA,NA,NA,NA,NA,NA,NA,NA,NA,NA,NA,NA,NA,NA,NA,NA,NA,NA,NA,NA,32.1554006968641,1.72727031972837,4.88192334494773,1.22303785083987,0.0137560975609756,0.0291613774573429,0.658369337979094,0.98509286842343,0,0,2017,1994-06-03,NA,NA,NA,NA
"Everson Griffen","MIN","DL","9828","weighted",NA,NA,NA,NA,NA,NA,NA,NA,NA,NA,NA,NA,NA,NA,NA,NA,NA,NA,NA,NA,NA,NA,NA,NA,NA,NA,NA,NA,NA,NA,NA,NA,NA,NA,NA,NA,NA,NA,NA,NA,NA,NA,NA,NA,30.9523763066202,1.69827973286317,7.82942857142857,1.02638334178602,0.0664878048780488,0.140946657710491,2.91781881533101,1.69386614702837,0,0,2010,1987-12-22,NA,NA,NA,NA
"Everson Griffen","FA","DL","9828","weighted",NA,NA,NA,NA,NA,NA,NA,NA,NA,NA,NA,NA,NA,NA,NA,NA,NA,NA,NA,NA,NA,NA,NA,NA,NA,NA,NA,NA,NA,NA,NA,NA,NA,NA,NA,NA,NA,NA,NA,NA,NA,NA,NA,NA,30.9523763066202,1.69827973286317,7.82942857142857,1.02638334178602,0.0664878048780488,0.140946657710491,2.91781881533101,1.69386614702837,0,0,2010,1987-12-22,NA,NA,NA,NA
"Solomon Thomas","SF","DL","13199","weighted",NA,NA,NA,NA,NA,NA,NA,NA,NA,NA,NA,NA,NA,NA,NA,NA,NA,NA,NA,NA,NA,NA,NA,NA,NA,NA,NA,NA,NA,NA,NA,NA,NA,NA,NA,NA,NA,NA,NA,NA,NA,NA,NA,NA,28.0003790613718,8.08324507020909,3.79547833935018,2.19079246442882,0.0415703971119134,0.0784707230331781,1.32651624548736,1.59434209817485,0,0,2017,1995-08-26,NA,NA,NA,NA
"Vita Vea","TB","DL","13692","weighted",NA,NA,NA,NA,NA,NA,NA,NA,NA,NA,NA,NA,NA,NA,NA,NA,NA,NA,NA,NA,NA,NA,NA,NA,NA,NA,NA,NA,NA,NA,NA,NA,NA,NA,NA,NA,NA,NA,NA,NA,NA,NA,NA,NA,25.0534773519164,5.19039336962951,3.98528222996516,0.808548534711905,0.0068780487804878,0.0145806887286714,0.741442508710801,0.9707976132674,0,0,2018,1995-02-05,"Q","Hand",2019,0
"Kawann Short","CAR","DL","11333","weighted",NA,NA,NA,NA,NA,NA,NA,NA,NA,NA,NA,NA,NA,NA,NA,NA,NA,NA,NA,NA,NA,NA,NA,NA,NA,NA,NA,NA,NA,NA,NA,NA,NA,NA,NA,NA,NA,NA,NA,NA,NA,NA,NA,NA,30.9184296028881,3.46955648010918,6.05814079422383,1.00154771878304,0.0682942238267148,0.128916187840221,2.71311371841155,1.18669588862394,0,0,2013,1989-02-02,NA,NA,NA,NA
"William Gholston","TB","DL","11265","weighted",NA,NA,NA,NA,NA,NA,NA,NA,NA,NA,NA,NA,NA,NA,NA,NA,NA,NA,NA,NA,NA,NA,NA,NA,NA,NA,NA,NA,NA,NA,NA,NA,NA,NA,NA,NA,NA,NA,NA,NA,NA,NA,NA,NA,23.9983712121212,9.44546110732615,1.89094696969697,0.518124533975094,0,0,0.227244318181818,0.336443950020656,0,0,2013,1991-07-31,NA,NA,NA,NA
"Javon Hargrave","PIT","DL","12764","weighted",NA,NA,NA,NA,NA,NA,NA,NA,NA,NA,NA,NA,NA,NA,NA,NA,NA,NA,NA,NA,NA,NA,NA,NA,NA,NA,NA,NA,NA,NA,NA,NA,NA,NA,NA,NA,NA,NA,NA,NA,NA,NA,NA,NA,28.9070306859206,4.1914766094749,4.68087545126354,0.347697341113404,0,0,1.13878158844765,0.983162027088147,0,0,2016,1993-02-07,NA,NA,NA,NA
"Javon Hargrave","PHI","DL","12764","weighted",NA,NA,NA,NA,NA,NA,NA,NA,NA,NA,NA,NA,NA,NA,NA,NA,NA,NA,NA,NA,NA,NA,NA,NA,NA,NA,NA,NA,NA,NA,NA,NA,NA,NA,NA,NA,NA,NA,NA,NA,NA,NA,NA,NA,28.9070306859206,4.1914766094749,4.68087545126354,0.347697341113404,0,0,1.13878158844765,0.983162027088147,0,0,2016,1993-02-07,NA,NA,NA,NA
"Harrison Phillips","BUF","DL","13693","weighted",NA,NA,NA,NA,NA,NA,NA,NA,NA,NA,NA,NA,NA,NA,NA,NA,NA,NA,NA,NA,NA,NA,NA,NA,NA,NA,NA,NA,NA,NA,NA,NA,NA,NA,NA,NA,NA,NA,NA,NA,NA,NA,NA,NA,26.5606172839506,10.2459772593931,1.47577503429355,0.664680374315355,0.108312757201646,0.169705627484771,0.814965706447188,0.289913780286484,0,0,2018,1996-01-25,"Q","Knee - ACL",2019,0
"Olivier Vernon","CLE","DL","10815","weighted",NA,NA,NA,NA,NA,NA,NA,NA,NA,NA,NA,NA,NA,NA,NA,NA,NA,NA,NA,NA,NA,NA,NA,NA,NA,NA,NA,NA,NA,NA,NA,NA,NA,NA,NA,NA,NA,NA,NA,NA,NA,NA,NA,NA,30.7207526132404,2.08600700518624,8.92422299651568,1.64150017582696,0.0389756097560976,0.0826239027958048,2.92443205574913,2.36173169887157,0,0,2012,1990-10-07,NA,NA,NA,NA
"Stephon Tuitt","PIT","DL","11707","weighted",NA,NA,NA,NA,NA,NA,NA,NA,NA,NA,NA,NA,NA,NA,NA,NA,NA,NA,NA,NA,NA,NA,NA,NA,NA,NA,NA,NA,NA,NA,NA,NA,NA,NA,NA,NA,NA,NA,NA,NA,NA,NA,NA,NA,29.0489440433213,3.09829869093303,5.68983754512635,0.95014760317598,0.0653249097472924,0.123311136194994,2.39300541516245,0.537470475869156,0,0,2014,1993-05-23,NA,NA,NA,NA
"Sheldon Richardson","CLE","DL","11283","weighted",NA,NA,NA,NA,NA,NA,NA,NA,NA,NA,NA,NA,NA,NA,NA,NA,NA,NA,NA,NA,NA,NA,NA,NA,NA,NA,NA,NA,NA,NA,NA,NA,NA,NA,NA,NA,NA,NA,NA,NA,NA,NA,NA,NA,27.3200766550523,4.17694692879102,4.54137979094077,1.73620569203328,0,0,1.14885714285714,1.47380040480206,0,0,2013,1990-11-30,NA,NA,NA,NA
"Taven Bryan","JAC","DL","13695","weighted",NA,NA,NA,NA,NA,NA,NA,NA,NA,NA,NA,NA,NA,NA,NA,NA,NA,NA,NA,NA,NA,NA,NA,NA,NA,NA,NA,NA,NA,NA,NA,NA,NA,NA,NA,NA,NA,NA,NA,NA,NA,NA,NA,NA,23.4069547325103,14.40376513277,3.20404663923182,1.87383297014435,0.0135390946502058,0.0212132034355964,1.40427983539095,0.933380951166243,0,0,2018,NA,NA,NA,NA,NA
"Derek Barnett","PHI","DL","13201","weighted",NA,NA,NA,NA,NA,NA,NA,NA,NA,NA,NA,NA,NA,NA,NA,NA,NA,NA,NA,NA,NA,NA,NA,NA,NA,NA,NA,NA,NA,NA,NA,NA,NA,NA,NA,NA,NA,NA,NA,NA,NA,NA,NA,NA,28.8437839721254,3.93627946707065,9.07085017421603,3.05731125864198,0,0,1.9274425087108,1.71562177804257,0,0,2017,1996-06-25,NA,NA,NA,NA
"Jarran Reed","SEA","DL","12698","weighted",NA,NA,NA,NA,NA,NA,NA,NA,NA,NA,NA,NA,NA,NA,NA,NA,NA,NA,NA,NA,NA,NA,NA,NA,NA,NA,NA,NA,NA,NA,NA,NA,NA,NA,NA,NA,NA,NA,NA,NA,NA,NA,NA,NA,26.2644415917843,8.62670273047588,6.2188703465982,0.989949493661167,0,0,3.13222079589217,4.31335136523794,0,0,2016,1992-12-16,NA,NA,NA,NA
"Brandon Mebane","LAC","DL","8721","weighted",NA,NA,NA,NA,NA,NA,NA,NA,NA,NA,NA,NA,NA,NA,NA,NA,NA,NA,NA,NA,NA,NA,NA,NA,NA,NA,NA,NA,NA,NA,NA,NA,NA,NA,NA,NA,NA,NA,NA,NA,NA,NA,NA,NA,25.5344738675958,5.15026753918175,1.34937979094077,0.610951569916343,0.034390243902439,0.0729034436433572,1.32305226480836,2.00321088815013,0,0,2007,1985-01-15,NA,NA,NA,NA
"Brandon Mebane","FA","DL","8721","weighted",NA,NA,NA,NA,NA,NA,NA,NA,NA,NA,NA,NA,NA,NA,NA,NA,NA,NA,NA,NA,NA,NA,NA,NA,NA,NA,NA,NA,NA,NA,NA,NA,NA,NA,NA,NA,NA,NA,NA,NA,NA,NA,NA,NA,25.5344738675958,5.15026753918175,1.34937979094077,0.610951569916343,0.034390243902439,0.0729034436433572,1.32305226480836,2.00321088815013,0,0,2007,1985-01-15,NA,NA,NA,NA
"Fletcher Cox","PHI","DL","10762","weighted",NA,NA,NA,NA,NA,NA,NA,NA,NA,NA,NA,NA,NA,NA,NA,NA,NA,NA,NA,NA,NA,NA,NA,NA,NA,NA,NA,NA,NA,NA,NA,NA,NA,NA,NA,NA,NA,NA,NA,NA,NA,NA,NA,NA,29.7686281588448,2.36734488480642,7.86675090252707,0.587803834147421,0,0,2.26224729241877,1.88111609816437,0,0,2012,1990-12-13,NA,NA,NA,NA
"Michael Bennett","NE","DL","9749","weighted",NA,NA,NA,NA,NA,NA,NA,NA,NA,NA,NA,NA,NA,NA,NA,NA,NA,NA,NA,NA,NA,NA,NA,NA,NA,NA,NA,NA,NA,NA,NA,NA,NA,NA,NA,NA,NA,NA,NA,NA,NA,NA,NA,NA,29.399774368231,3.89366467011509,9.18054151624549,1.36009911384293,0,0,0.772608303249097,0.745624594995199,0,0,2009,1985-11-13,NA,NA,NA,NA
"Michael Bennett","FA","DL","9749","weighted",NA,NA,NA,NA,NA,NA,NA,NA,NA,NA,NA,NA,NA,NA,NA,NA,NA,NA,NA,NA,NA,NA,NA,NA,NA,NA,NA,NA,NA,NA,NA,NA,NA,NA,NA,NA,NA,NA,NA,NA,NA,NA,NA,NA,29.399774368231,3.89366467011509,9.18054151624549,1.36009911384293,0,0,0.772608303249097,0.745624594995199,0,0,2009,1985-11-13,NA,NA,NA,NA
"Dalvin Tomlinson","NYG","DL","13260","weighted",NA,NA,NA,NA,NA,NA,NA,NA,NA,NA,NA,NA,NA,NA,NA,NA,NA,NA,NA,NA,NA,NA,NA,NA,NA,NA,NA,NA,NA,NA,NA,NA,NA,NA,NA,NA,NA,NA,NA,NA,NA,NA,NA,NA,29.007393728223,2.82450579018737,0.585965156794425,0.681143078901201,0.00917073170731707,0.0194409183048953,0.744613240418118,0.471006121943353,0,0,2017,1994-02-18,NA,NA,NA,NA
"Denico Autry","IND","DL","12083","weighted",NA,NA,NA,NA,NA,NA,NA,NA,NA,NA,NA,NA,NA,NA,NA,NA,NA,NA,NA,NA,NA,NA,NA,NA,NA,NA,NA,NA,NA,NA,NA,NA,NA,NA,NA,NA,NA,NA,NA,NA,NA,NA,NA,NA,28.4204422382671,4.80886062135739,9.03248194945848,2.2433665758206,0.0296931407942238,0.05605051645227,2.83246389891697,0.723421735305343,0,0,NA,NA,NA,NA,NA,NA
"Da'Shawn Hand","DET","DL","13683","weighted",NA,NA,NA,NA,NA,NA,NA,NA,NA,NA,NA,NA,NA,NA,NA,NA,NA,NA,NA,NA,NA,NA,NA,NA,NA,NA,NA,NA,NA,NA,NA,NA,NA,NA,NA,NA,NA,NA,NA,NA,NA,NA,NA,NA,23.757797833935,6.78251213909604,3.75775270758123,1.55357969783217,0.0207851985559567,0.039235361516589,1.70967509025271,1.0982655729183,0,0,2018,1995-11-14,NA,NA,NA,NA
"Rodney Gunter","ARI","DL","12298","weighted",NA,NA,NA,NA,NA,NA,NA,NA,NA,NA,NA,NA,NA,NA,NA,NA,NA,NA,NA,NA,NA,NA,NA,NA,NA,NA,NA,NA,NA,NA,NA,NA,NA,NA,NA,NA,NA,NA,NA,NA,NA,NA,NA,NA,27.0294945848375,3.39807286907846,4.16173285198556,1.49054445226227,0,0,0.606326714801444,0.561661021444753,0,0,NA,NA,NA,NA,NA,NA
"Rodney Gunter","JAC","DL","12298","weighted",NA,NA,NA,NA,NA,NA,NA,NA,NA,NA,NA,NA,NA,NA,NA,NA,NA,NA,NA,NA,NA,NA,NA,NA,NA,NA,NA,NA,NA,NA,NA,NA,NA,NA,NA,NA,NA,NA,NA,NA,NA,NA,NA,NA,27.0294945848375,3.39807286907846,4.16173285198556,1.49054445226227,0,0,0.606326714801444,0.561661021444753,0,0,NA,NA,NA,NA,NA,NA
"Davon Godchaux","MIA","DL","13317","weighted",NA,NA,NA,NA,NA,NA,NA,NA,NA,NA,NA,NA,NA,NA,NA,NA,NA,NA,NA,NA,NA,NA,NA,NA,NA,NA,NA,NA,NA,NA,NA,NA,NA,NA,NA,NA,NA,NA,NA,NA,NA,NA,NA,NA,28.3919223826715,3.109484228004,1.95618231046931,0.51614486289149,0.0534476534296029,0.100890929614086,0.942445848375451,1.02985887497396,0,0,2017,1994-11-11,NA,NA,NA,NA
"John Simon","NE","DL","11273","weighted",NA,NA,NA,NA,NA,NA,NA,NA,NA,NA,NA,NA,NA,NA,NA,NA,NA,NA,NA,NA,NA,NA,NA,NA,NA,NA,NA,NA,NA,NA,NA,NA,NA,NA,NA,NA,NA,NA,NA,NA,NA,NA,NA,NA,21.2093535075653,14.9199530830362,2.89037138927098,1.27279220613579,0,0,0.314855570839065,0.494974746830583,0,0,2013,1990-10-14,NA,NA,NA,NA
"Dexter Lawrence","NYG","DL","14159","weighted",NA,NA,NA,NA,NA,NA,NA,NA,NA,NA,NA,NA,NA,NA,NA,NA,NA,NA,NA,NA,NA,NA,NA,NA,NA,NA,NA,NA,NA,NA,NA,NA,NA,NA,NA,NA,NA,NA,NA,NA,NA,NA,NA,NA,24.5722020905923,4.08055801860658,2.41676655052265,0.781248495406928,0.00917073170731707,0.0194409183048953,1.03868292682927,0.831239039434411,0,0,2019,1997-11-12,NA,NA,NA,NA
"Kerry Wynn","CIN","DL","12008","weighted",NA,NA,NA,NA,NA,NA,NA,NA,NA,NA,NA,NA,NA,NA,NA,NA,NA,NA,NA,NA,NA,NA,NA,NA,NA,NA,NA,NA,NA,NA,NA,NA,NA,NA,NA,NA,NA,NA,NA,NA,NA,NA,NA,NA,21.8055415162455,7.4779698538984,2.03744584837545,1.01451434778609,0.109864620938628,0.207386910873399,0.903258122743682,0.939759451990723,0,0,2014,1991-02-12,"Q","Concussion",2019,0
"Kerry Wynn","FA","DL","12008","weighted",NA,NA,NA,NA,NA,NA,NA,NA,NA,NA,NA,NA,NA,NA,NA,NA,NA,NA,NA,NA,NA,NA,NA,NA,NA,NA,NA,NA,NA,NA,NA,NA,NA,NA,NA,NA,NA,NA,NA,NA,NA,NA,NA,NA,21.8055415162455,7.4779698538984,2.03744584837545,1.01451434778609,0.109864620938628,0.207386910873399,0.903258122743682,0.939759451990723,0,0,2014,1991-02-12,"Q","Concussion",2019,0
"Quinnen Williams","NYJ","DL","14157","weighted",NA,NA,NA,NA,NA,NA,NA,NA,NA,NA,NA,NA,NA,NA,NA,NA,NA,NA,NA,NA,NA,NA,NA,NA,NA,NA,NA,NA,NA,NA,NA,NA,NA,NA,NA,NA,NA,NA,NA,NA,NA,NA,NA,NA,24.582668989547,6.02027722584695,4.92413240418119,2.58998894182497,0.0206341463414634,0.0437420661860143,2.09459233449477,0.685336184697573,0,0,2019,1997-12-21,NA,NA,NA,NA
"Christian Wilkins","MIA","DL","14162","weighted",NA,NA,NA,NA,NA,NA,NA,NA,NA,NA,NA,NA,NA,NA,NA,NA,NA,NA,NA,NA,NA,NA,NA,NA,NA,NA,NA,NA,NA,NA,NA,NA,NA,NA,NA,NA,NA,NA,NA,NA,NA,NA,NA,NA,22.5913267148014,8.71737126455976,3.65333935018051,2.8279744777608,0.359873646209386,0.566984637293395,1.81956678700361,2.07029721712484,0,0,2019,1970-01-01,NA,NA,NA,NA
"L.J. Collier","SEA","DL","14155","weighted",NA,NA,NA,NA,NA,NA,NA,NA,NA,NA,NA,NA,NA,NA,NA,NA,NA,NA,NA,NA,NA,NA,NA,NA,NA,NA,NA,NA,NA,NA,NA,NA,NA,NA,NA,NA,NA,NA,NA,NA,NA,NA,NA,NA,21.5901985559567,7.66377608754443,3.53101083032491,2.40175045487251,0.06235559566787,0.117706084549767,1.69129963898917,1.60318998373854,0,0,2019,1995-09-12,NA,NA,NA,NA
"Lawrence Guy","NE","DL","10457","weighted",NA,NA,NA,NA,NA,NA,NA,NA,NA,NA,NA,NA,NA,NA,NA,NA,NA,NA,NA,NA,NA,NA,NA,NA,NA,NA,NA,NA,NA,NA,NA,NA,NA,NA,NA,NA,NA,NA,NA,NA,NA,NA,NA,NA,26.7937770034843,3.70171187871717,1.29077351916376,0.262173643882625,0,0,0.266404181184669,0.508154072202431,0,0,2011,1990-03-17,NA,NA,NA,NA
"Jerry Hughes","BUF","DL","9853","weighted",NA,NA,NA,NA,NA,NA,NA,NA,NA,NA,NA,NA,NA,NA,NA,NA,NA,NA,NA,NA,NA,NA,NA,NA,NA,NA,NA,NA,NA,NA,NA,NA,NA,NA,NA,NA,NA,NA,NA,NA,NA,NA,NA,NA,27.9985559566787,1.18840808643617,6.82689530685921,0.951913178193814,0,0,2.52740974729242,0.796822146971889,0,0,2010,1988-08-13,"Q","Groin",2019,0
"Malik Jackson","PHI","DL","10846","weighted",NA,NA,NA,NA,NA,NA,NA,NA,NA,NA,NA,NA,NA,NA,NA,NA,NA,NA,NA,NA,NA,NA,NA,NA,NA,NA,NA,NA,NA,NA,NA,NA,NA,NA,NA,NA,NA,NA,NA,NA,NA,NA,NA,NA,28.738244170096,0.410121933088196,6.08076817558299,1.75362481734264,0,0,2.63777777777778,2.29102597104441,0,0,2012,1990-01-11,"Q","Foot",2019,0
"David Irving","FA","DL","12536","weighted",NA,NA,NA,NA,NA,NA,NA,NA,NA,NA,NA,NA,NA,NA,NA,NA,NA,NA,NA,NA,NA,NA,NA,NA,NA,NA,NA,NA,NA,NA,NA,NA,NA,NA,NA,NA,NA,NA,NA,NA,NA,NA,NA,NA,12.9990371389271,20.4353859762912,3.6433287482806,5.72756492761103,0,0,1.84415405777166,2.89913780286484,0,0,NA,NA,NA,NA,NA,NA
"Darius Philon","FA","DL","12343","weighted",NA,NA,NA,NA,NA,NA,NA,NA,NA,NA,NA,NA,NA,NA,NA,NA,NA,NA,NA,NA,NA,NA,NA,NA,NA,NA,NA,NA,NA,NA,NA,NA,NA,NA,NA,NA,NA,NA,NA,NA,NA,NA,NA,NA,12.8191196698762,20.1525432638166,1.66423658872077,2.61629509039023,0,0,0.134938101788171,0.212132034355964,0,0,2015,1994-01-22,NA,NA,NA,NA
"Andrew Billings","CIN","DL","12699","weighted",NA,NA,NA,NA,NA,NA,NA,NA,NA,NA,NA,NA,NA,NA,NA,NA,NA,NA,NA,NA,NA,NA,NA,NA,NA,NA,NA,NA,NA,NA,NA,NA,NA,NA,NA,NA,NA,NA,NA,NA,NA,NA,NA,NA,21.425393728223,4.76767641851001,3.00063414634146,0.519819877232855,0,0,0.198766550522648,0.255536876611076,0,0,2016,1995-06-03,NA,NA,NA,NA
"Andrew Billings","CLE","DL","12699","weighted",NA,NA,NA,NA,NA,NA,NA,NA,NA,NA,NA,NA,NA,NA,NA,NA,NA,NA,NA,NA,NA,NA,NA,NA,NA,NA,NA,NA,NA,NA,NA,NA,NA,NA,NA,NA,NA,NA,NA,NA,NA,NA,NA,NA,21.425393728223,4.76767641851001,3.00063414634146,0.519819877232855,0,0,0.198766550522648,0.255536876611076,0,0,2016,1995-06-03,NA,NA,NA,NA
"Maliek Collins","DAL","DL","12754","weighted",NA,NA,NA,NA,NA,NA,NA,NA,NA,NA,NA,NA,NA,NA,NA,NA,NA,NA,NA,NA,NA,NA,NA,NA,NA,NA,NA,NA,NA,NA,NA,NA,NA,NA,NA,NA,NA,NA,NA,NA,NA,NA,NA,NA,20.0410425240055,10.8753022946491,4.93871056241427,1.47078210486802,0.0812345679012346,0.127279220613579,0.302373113854595,0.473761543394987,0,0,2016,1995-04-08,NA,NA,NA,NA
"Maliek Collins","LVR","DL","12754","weighted",NA,NA,NA,NA,NA,NA,NA,NA,NA,NA,NA,NA,NA,NA,NA,NA,NA,NA,NA,NA,NA,NA,NA,NA,NA,NA,NA,NA,NA,NA,NA,NA,NA,NA,NA,NA,NA,NA,NA,NA,NA,NA,NA,NA,20.0410425240055,10.8753022946491,4.93871056241427,1.47078210486802,0.0812345679012346,0.127279220613579,0.302373113854595,0.473761543394987,0,0,2016,1995-04-08,NA,NA,NA,NA
"Charles Harris","MIA","DL","13204","weighted",NA,NA,NA,NA,NA,NA,NA,NA,NA,NA,NA,NA,NA,NA,NA,NA,NA,NA,NA,NA,NA,NA,NA,NA,NA,NA,NA,NA,NA,NA,NA,NA,NA,NA,NA,NA,NA,NA,NA,NA,NA,NA,NA,NA,25.9923295454545,2.18020311529318,5.31793560606061,1.96130072897674,0.0249242424242424,0.0454830163723521,1.17304924242424,0.700136524620045,0,0,2017,NA,NA,NA,NA,NA
"Charles Harris","ATL","DL","13204","weighted",NA,NA,NA,NA,NA,NA,NA,NA,NA,NA,NA,NA,NA,NA,NA,NA,NA,NA,NA,NA,NA,NA,NA,NA,NA,NA,NA,NA,NA,NA,NA,NA,NA,NA,NA,NA,NA,NA,NA,NA,NA,NA,NA,NA,25.9923295454545,2.18020311529318,5.31793560606061,1.96130072897674,0.0249242424242424,0.0454830163723521,1.17304924242424,0.700136524620045,0,0,2017,NA,NA,NA,NA,NA
"Romeo Okwara","DET","DL","12948","weighted",NA,NA,NA,NA,NA,NA,NA,NA,NA,NA,NA,NA,NA,NA,NA,NA,NA,NA,NA,NA,NA,NA,NA,NA,NA,NA,NA,NA,NA,NA,NA,NA,NA,NA,NA,NA,NA,NA,NA,NA,NA,NA,NA,NA,27.0470848375451,1.20919243722843,6.57091155234657,0.854116476880614,0.0237545126353791,0.044840413161816,0.894350180505415,0.925729471346705,0,0,2016,1995-06-17,NA,NA,NA,NA
"Ed Oliver","BUF","DL","14158","weighted",NA,NA,NA,NA,NA,NA,NA,NA,NA,NA,NA,NA,NA,NA,NA,NA,NA,NA,NA,NA,NA,NA,NA,NA,NA,NA,NA,NA,NA,NA,NA,NA,NA,NA,NA,NA,NA,NA,NA,NA,NA,NA,NA,NA,25.1948555956679,3.23983265393415,5.08320397111913,1.19234599927325,0.0178158844765343,0.033630309871362,2.54752707581227,1.30477899362176,0,0,2019,1997-12-12,NA,NA,NA,NA
"Michael Pierce","BAL","DL","12952","weighted",NA,NA,NA,NA,NA,NA,NA,NA,NA,NA,NA,NA,NA,NA,NA,NA,NA,NA,NA,NA,NA,NA,NA,NA,NA,NA,NA,NA,NA,NA,NA,NA,NA,NA,NA,NA,NA,NA,NA,NA,NA,NA,NA,NA,18.1954982578397,13.2259127455745,0.687212543554007,0.769606506055899,0.0366829268292683,0.077763673219581,0.677693379790941,0.494795310510361,0,0,2016,1992-11-06,NA,NA,NA,NA
"Michael Pierce","MIN","DL","12952","weighted",NA,NA,NA,NA,NA,NA,NA,NA,NA,NA,NA,NA,NA,NA,NA,NA,NA,NA,NA,NA,NA,NA,NA,NA,NA,NA,NA,NA,NA,NA,NA,NA,NA,NA,NA,NA,NA,NA,NA,NA,NA,NA,NA,NA,18.1954982578397,13.2259127455745,0.687212543554007,0.769606506055899,0.0366829268292683,0.077763673219581,0.677693379790941,0.494795310510361,0,0,2016,1992-11-06,NA,NA,NA,NA
"Adam Gotsis","DEN","DL","12751","weighted",NA,NA,NA,NA,NA,NA,NA,NA,NA,NA,NA,NA,NA,NA,NA,NA,NA,NA,NA,NA,NA,NA,NA,NA,NA,NA,NA,NA,NA,NA,NA,NA,NA,NA,NA,NA,NA,NA,NA,NA,NA,NA,NA,NA,24.7458032490975,2.73139168466725,2.77614620938628,0.521269803006111,0,0,1.89321299638989,1.74612208004294,0,0,2016,1992-09-23,"Q","Knee - ACL",2019,0
"Adam Gotsis","FA","DL","12751","weighted",NA,NA,NA,NA,NA,NA,NA,NA,NA,NA,NA,NA,NA,NA,NA,NA,NA,NA,NA,NA,NA,NA,NA,NA,NA,NA,NA,NA,NA,NA,NA,NA,NA,NA,NA,NA,NA,NA,NA,NA,NA,NA,NA,NA,24.7458032490975,2.73139168466725,2.77614620938628,0.521269803006111,0,0,1.89321299638989,1.74612208004294,0,0,2016,1992-09-23,"Q","Knee - ACL",2019,0
"Gerald McCoy","CAR","DL","9819","weighted",NA,NA,NA,NA,NA,NA,NA,NA,NA,NA,NA,NA,NA,NA,NA,NA,NA,NA,NA,NA,NA,NA,NA,NA,NA,NA,NA,NA,NA,NA,NA,NA,NA,NA,NA,NA,NA,NA,NA,NA,NA,NA,NA,NA,25.8931275720165,3.45775216000222,6.77886145404664,0.346482322781408,0.0180521262002743,0.0282842712474619,2.65511659807956,2.10717820793591,0,0,2010,1988-02-25,NA,NA,NA,NA
"Gerald McCoy","DAL","DL","9819","weighted",NA,NA,NA,NA,NA,NA,NA,NA,NA,NA,NA,NA,NA,NA,NA,NA,NA,NA,NA,NA,NA,NA,NA,NA,NA,NA,NA,NA,NA,NA,NA,NA,NA,NA,NA,NA,NA,NA,NA,NA,NA,NA,NA,NA,25.8931275720165,3.45775216000222,6.77886145404664,0.346482322781408,0.0180521262002743,0.0282842712474619,2.65511659807956,2.10717820793591,0,0,2010,1988-02-25,NA,NA,NA,NA
"Geno Atkins","CIN","DL","9868","weighted",NA,NA,NA,NA,NA,NA,NA,NA,NA,NA,NA,NA,NA,NA,NA,NA,NA,NA,NA,NA,NA,NA,NA,NA,NA,NA,NA,NA,NA,NA,NA,NA,NA,NA,NA,NA,NA,NA,NA,NA,NA,NA,NA,NA,25.6488153310105,2.7878269927074,7.93393031358885,1.32297535737678,0,0,1.39707317073171,1.85035081046909,0,0,2010,1988-03-28,NA,NA,NA,NA
"Mike Daniels","DET","DL","10841","weighted",NA,NA,NA,NA,NA,NA,NA,NA,NA,NA,NA,NA,NA,NA,NA,NA,NA,NA,NA,NA,NA,NA,NA,NA,NA,NA,NA,NA,NA,NA,NA,NA,NA,NA,NA,NA,NA,NA,NA,NA,NA,NA,NA,NA,21.3937184115523,7.60825309591204,4.17406137184116,1.46306656635227,0,0,0.475676895306859,0.514526410194889,0,0,2012,1989-05-05,"Q","Arm",2019,0
"Mike Daniels","FA","DL","10841","weighted",NA,NA,NA,NA,NA,NA,NA,NA,NA,NA,NA,NA,NA,NA,NA,NA,NA,NA,NA,NA,NA,NA,NA,NA,NA,NA,NA,NA,NA,NA,NA,NA,NA,NA,NA,NA,NA,NA,NA,NA,NA,NA,NA,NA,21.3937184115523,7.60825309591204,4.17406137184116,1.46306656635227,0,0,0.475676895306859,0.514526410194889,0,0,2012,1989-05-05,"Q","Arm",2019,0
"Bruce Irvin","CAR","DL","10766","weighted",NA,NA,NA,NA,NA,NA,NA,NA,NA,NA,NA,NA,NA,NA,NA,NA,NA,NA,NA,NA,NA,NA,NA,NA,NA,NA,NA,NA,NA,NA,NA,NA,NA,NA,NA,NA,NA,NA,NA,NA,NA,NA,NA,NA,21.8445574912892,4.67474462738478,7.07587456445993,1.1026182753169,0,0,1.24895470383275,1.29861887194902,0,0,2012,1990-01-11,NA,NA,NA,NA
"Bruce Irvin","SEA","DL","10766","weighted",NA,NA,NA,NA,NA,NA,NA,NA,NA,NA,NA,NA,NA,NA,NA,NA,NA,NA,NA,NA,NA,NA,NA,NA,NA,NA,NA,NA,NA,NA,NA,NA,NA,NA,NA,NA,NA,NA,NA,NA,NA,NA,NA,NA,21.8445574912892,4.67474462738478,7.07587456445993,1.1026182753169,0,0,1.24895470383275,1.29861887194902,0,0,2012,1990-01-11,NA,NA,NA,NA
"Sheldon Rankins","NO","DL","12735","weighted",NA,NA,NA,NA,NA,NA,NA,NA,NA,NA,NA,NA,NA,NA,NA,NA,NA,NA,NA,NA,NA,NA,NA,NA,NA,NA,NA,NA,NA,NA,NA,NA,NA,NA,NA,NA,NA,NA,NA,NA,NA,NA,NA,NA,19.2708600770218,12.0208152801713,4.95956354300385,2.12132034355964,0,0,1.45956354300385,2.12132034355964,0,0,2016,1994-04-02,"Q","Ankle",2019,0
"Arden Key","OAK","DL","13682","weighted",NA,NA,NA,NA,NA,NA,NA,NA,NA,NA,NA,NA,NA,NA,NA,NA,NA,NA,NA,NA,NA,NA,NA,NA,NA,NA,NA,NA,NA,NA,NA,NA,NA,NA,NA,NA,NA,NA,NA,NA,NA,NA,NA,NA,27.3099458483754,1.15871798301971,3.8528880866426,1.42115463721561,0.0207851985559567,0.039235361516589,1.71858303249097,1.09068226715884,0,0,2018,1996-05-03,NA,NA,NA,NA
"Arden Key","LVR","DL","13682","weighted",NA,NA,NA,NA,NA,NA,NA,NA,NA,NA,NA,NA,NA,NA,NA,NA,NA,NA,NA,NA,NA,NA,NA,NA,NA,NA,NA,NA,NA,NA,NA,NA,NA,NA,NA,NA,NA,NA,NA,NA,NA,NA,NA,NA,27.3099458483754,1.15871798301971,3.8528880866426,1.42115463721561,0.0207851985559567,0.039235361516589,1.71858303249097,1.09068226715884,0,0,2018,1996-05-03,NA,NA,NA,NA
"Tyson Alualu","PIT","DL","9875","weighted",NA,NA,NA,NA,NA,NA,NA,NA,NA,NA,NA,NA,NA,NA,NA,NA,NA,NA,NA,NA,NA,NA,NA,NA,NA,NA,NA,NA,NA,NA,NA,NA,NA,NA,NA,NA,NA,NA,NA,NA,NA,NA,NA,NA,17.8494981060606,9.82966697799276,1.17554924242424,1.06473199358655,0.0405018939393939,0.0739099016050722,0.20874053030303,0.380920262118449,0,0,2010,1987-05-12,NA,NA,NA,NA
"Eddie Goldman","CHI","DL","12271","weighted",NA,NA,NA,NA,NA,NA,NA,NA,NA,NA,NA,NA,NA,NA,NA,NA,NA,NA,NA,NA,NA,NA,NA,NA,NA,NA,NA,NA,NA,NA,NA,NA,NA,NA,NA,NA,NA,NA,NA,NA,NA,NA,NA,NA,26.7380776173285,1.01224065832012,2.90898916967509,0.63746381299121,0,0,1.43179602888087,1.85694530534238,0,0,NA,NA,NA,NA,NA,NA
"Olsen Pierre",NA,"DL","12966","weighted",NA,NA,NA,NA,NA,NA,NA,NA,NA,NA,NA,NA,NA,NA,NA,NA,NA,NA,NA,NA,NA,NA,NA,NA,NA,NA,NA,NA,NA,NA,NA,NA,NA,NA,NA,NA,NA,NA,NA,NA,NA,NA,NA,NA,18.0742613636364,8.965982032823,2.88852272727273,2.03119028283272,0.00623106060606061,0.011370754093088,1.20752840909091,1.63121012378719,0,0,NA,NA,NA,NA,NA,NA
"DaQuan Jones","TEN","DL","11793","weighted",NA,NA,NA,NA,NA,NA,NA,NA,NA,NA,NA,NA,NA,NA,NA,NA,NA,NA,NA,NA,NA,NA,NA,NA,NA,NA,NA,NA,NA,NA,NA,NA,NA,NA,NA,NA,NA,NA,NA,NA,NA,NA,NA,NA,21.575031358885,3.78127718570781,1.65504529616725,0.477727675221077,0.0894146341463415,0.189548953472729,0.895637630662021,0.766674934566918,0,0,2014,1991-12-17,NA,NA,NA,NA
"Brandon Williams","BAL","DL","11360","weighted",NA,NA,NA,NA,NA,NA,NA,NA,NA,NA,NA,NA,NA,NA,NA,NA,NA,NA,NA,NA,NA,NA,NA,NA,NA,NA,NA,NA,NA,NA,NA,NA,NA,NA,NA,NA,NA,NA,NA,NA,NA,NA,NA,NA,18.1609547038328,13.1188728865992,0.875142857142857,0.771978833046266,0.0320975609756098,0.0680432140671334,1.12639721254355,0.95353178201319,0,0,2013,1989-02-21,NA,NA,NA,NA
"Allen Bailey","ATL","DL","10275","weighted",NA,NA,NA,NA,NA,NA,NA,NA,NA,NA,NA,NA,NA,NA,NA,NA,NA,NA,NA,NA,NA,NA,NA,NA,NA,NA,NA,NA,NA,NA,NA,NA,NA,NA,NA,NA,NA,NA,NA,NA,NA,NA,NA,NA,16.5121750902527,15.2511708549003,2.84991877256318,2.67207310177796,0.06235559566787,0.117706084549767,0.600388086642599,0.557241774926618,0,0,2011,1989-03-25,NA,NA,NA,NA
"Malcom Brown","NO","DL","12173","weighted",NA,NA,NA,NA,NA,NA,NA,NA,NA,NA,NA,NA,NA,NA,NA,NA,NA,NA,NA,NA,NA,NA,NA,NA,NA,NA,NA,NA,NA,NA,NA,NA,NA,NA,NA,NA,NA,NA,NA,NA,NA,NA,NA,NA,23.2520766550523,3.79524689975907,1.82978397212544,0.82993342228401,0,0,0.280466898954704,0.518283809269081,0,0,2015,1994-02-02,NA,NA,NA,NA
"Emmanuel Ogbah","KC","DL","12691","weighted",NA,NA,NA,NA,NA,NA,NA,NA,NA,NA,NA,NA,NA,NA,NA,NA,NA,NA,NA,NA,NA,NA,NA,NA,NA,NA,NA,NA,NA,NA,NA,NA,NA,NA,NA,NA,NA,NA,NA,NA,NA,NA,NA,NA,18.2064891696751,11.9630122919613,3.99361913357401,2.65167278600285,0.0178158844765343,0.033630309871362,2.66302346570397,1.79606424172662,0,0,2016,1993-11-06,NA,NA,NA,NA
"Emmanuel Ogbah","MIA","DL","12691","weighted",NA,NA,NA,NA,NA,NA,NA,NA,NA,NA,NA,NA,NA,NA,NA,NA,NA,NA,NA,NA,NA,NA,NA,NA,NA,NA,NA,NA,NA,NA,NA,NA,NA,NA,NA,NA,NA,NA,NA,NA,NA,NA,NA,NA,18.2064891696751,11.9630122919613,3.99361913357401,2.65167278600285,0.0178158844765343,0.033630309871362,2.66302346570397,1.79606424172662,0,0,2016,1993-11-06,NA,NA,NA,NA
"Bilal Nichols","CHI","DL","13777","weighted",NA,NA,NA,NA,NA,NA,NA,NA,NA,NA,NA,NA,NA,NA,NA,NA,NA,NA,NA,NA,NA,NA,NA,NA,NA,NA,NA,NA,NA,NA,NA,NA,NA,NA,NA,NA,NA,NA,NA,NA,NA,NA,NA,NA,22.4435321969697,4.28624150423628,4.76748106060606,0.203952117724059,0,0,0.396893939393939,0.515827220500064,0,0,2018,1996-09-14,NA,NA,NA,NA
"Stephen Weatherly","MIN","DL","12841","weighted",NA,NA,NA,NA,NA,NA,NA,NA,NA,NA,NA,NA,NA,NA,NA,NA,NA,NA,NA,NA,NA,NA,NA,NA,NA,NA,NA,NA,NA,NA,NA,NA,NA,NA,NA,NA,NA,NA,NA,NA,NA,NA,NA,NA,20.7723646209386,5.77452679000916,3.49031588447653,1.22307927106142,0,0,0.51427797833935,0.51678203046263,0,0,2016,1994-03-19,NA,NA,NA,NA
"Stephen Weatherly","CAR","DL","12841","weighted",NA,NA,NA,NA,NA,NA,NA,NA,NA,NA,NA,NA,NA,NA,NA,NA,NA,NA,NA,NA,NA,NA,NA,NA,NA,NA,NA,NA,NA,NA,NA,NA,NA,NA,NA,NA,NA,NA,NA,NA,NA,NA,NA,NA,20.7723646209386,5.77452679000916,3.49031588447653,1.22307927106142,0,0,0.51427797833935,0.51678203046263,0,0,2016,1994-03-19,NA,NA,NA,NA
"D.J. Reader","HOU","DL","12802","weighted",NA,NA,NA,NA,NA,NA,NA,NA,NA,NA,NA,NA,NA,NA,NA,NA,NA,NA,NA,NA,NA,NA,NA,NA,NA,NA,NA,NA,NA,NA,NA,NA,NA,NA,NA,NA,NA,NA,NA,NA,NA,NA,NA,NA,23.9156097560976,1.82892117969907,2.06003484320558,1.30662391047091,0.0412682926829268,0.0874841323720286,1.07700348432056,2.0408476348165,0,0,2016,1994-07-01,NA,NA,NA,NA
"D.J. Reader","CIN","DL","12802","weighted",NA,NA,NA,NA,NA,NA,NA,NA,NA,NA,NA,NA,NA,NA,NA,NA,NA,NA,NA,NA,NA,NA,NA,NA,NA,NA,NA,NA,NA,NA,NA,NA,NA,NA,NA,NA,NA,NA,NA,NA,NA,NA,NA,NA,23.9156097560976,1.82892117969907,2.06003484320558,1.30662391047091,0.0412682926829268,0.0874841323720286,1.07700348432056,2.0408476348165,0,0,2016,1994-07-01,NA,NA,NA,NA
"Derrick Nnadi","KC","DL","13745","weighted",NA,NA,NA,NA,NA,NA,NA,NA,NA,NA,NA,NA,NA,NA,NA,NA,NA,NA,NA,NA,NA,NA,NA,NA,NA,NA,NA,NA,NA,NA,NA,NA,NA,NA,NA,NA,NA,NA,NA,NA,NA,NA,NA,NA,24.0653086419753,2.60922402257836,1.47363511659808,0.197989898732233,0.0225651577503429,0.0353553390593274,0.117338820301783,0.183847763108502,0,0,2018,1996-05-09,NA,NA,NA,NA
"Sebastian Joseph","LAR","DL","13810","weighted",NA,NA,NA,NA,NA,NA,NA,NA,NA,NA,NA,NA,NA,NA,NA,NA,NA,NA,NA,NA,NA,NA,NA,NA,NA,NA,NA,NA,NA,NA,NA,NA,NA,NA,NA,NA,NA,NA,NA,NA,NA,NA,NA,NA,15.5205587121212,10.5515333095688,1.04955492424242,1.75404965112245,0.0186931818181818,0.0341122622792641,0.643020833333333,0.617327450307295,0,0,2018,1995-03-21,NA,NA,NA,NA
"Ronald Blair","SF","DL","12794","weighted",NA,NA,NA,NA,NA,NA,NA,NA,NA,NA,NA,NA,NA,NA,NA,NA,NA,NA,NA,NA,NA,NA,NA,NA,NA,NA,NA,NA,NA,NA,NA,NA,NA,NA,NA,NA,NA,NA,NA,NA,NA,NA,NA,NA,18.8626444159178,9.82878425849301,4.5,0,0,0,0,0,0,0,2016,1993-01-21,"Q","Knee - ACL",2019,0
"Marcus Davenport","NO","DL","13688","weighted",NA,NA,NA,NA,NA,NA,NA,NA,NA,NA,NA,NA,NA,NA,NA,NA,NA,NA,NA,NA,NA,NA,NA,NA,NA,NA,NA,NA,NA,NA,NA,NA,NA,NA,NA,NA,NA,NA,NA,NA,NA,NA,NA,NA,25.3995667870036,0.75368899345638,7.65716606498195,1.34075260555266,0.06235559566787,0.117706084549767,2.73233754512635,1.45448430751675,0,0,2018,1996-09-04,NA,NA,NA,NA
"Zach Allen","ARI","DL","14153","weighted",NA,NA,NA,NA,NA,NA,NA,NA,NA,NA,NA,NA,NA,NA,NA,NA,NA,NA,NA,NA,NA,NA,NA,NA,NA,NA,NA,NA,NA,NA,NA,NA,NA,NA,NA,NA,NA,NA,NA,NA,NA,NA,NA,NA,15.6623646209386,11.2109970388139,2.7062274368231,2.94730028182393,0.00296931407942238,0.00560505164522701,0.749440433212996,1.11149835268868,0,0,2019,1997-08-20,NA,NA,NA,NA
"Henry Anderson","NYJ","DL","12288","weighted",NA,NA,NA,NA,NA,NA,NA,NA,NA,NA,NA,NA,NA,NA,NA,NA,NA,NA,NA,NA,NA,NA,NA,NA,NA,NA,NA,NA,NA,NA,NA,NA,NA,NA,NA,NA,NA,NA,NA,NA,NA,NA,NA,NA,23.141818815331,2.98371738391057,5.40965853658537,1.22974173109529,0,0,2.82583972125436,0.831552692932244,0,0,2015,1991-08-03,NA,NA,NA,NA
"Mario Addison","CAR","DL","10554","weighted",NA,NA,NA,NA,NA,NA,NA,NA,NA,NA,NA,NA,NA,NA,NA,NA,NA,NA,NA,NA,NA,NA,NA,NA,NA,NA,NA,NA,NA,NA,NA,NA,NA,NA,NA,NA,NA,NA,NA,NA,NA,NA,NA,NA,23.4173101045296,2.20821669293028,9.10647386759582,1.53317683007013,0,0,1.95951219512195,2.93901526117741,0,0,2011,1987-09-06,NA,NA,NA,NA
"Mario Addison","BUF","DL","10554","weighted",NA,NA,NA,NA,NA,NA,NA,NA,NA,NA,NA,NA,NA,NA,NA,NA,NA,NA,NA,NA,NA,NA,NA,NA,NA,NA,NA,NA,NA,NA,NA,NA,NA,NA,NA,NA,NA,NA,NA,NA,NA,NA,NA,NA,23.4173101045296,2.20821669293028,9.10647386759582,1.53317683007013,0,0,1.95951219512195,2.93901526117741,0,0,2011,1987-09-06,NA,NA,NA,NA
"Deatrich Wise","NE","DL","13296","weighted",NA,NA,NA,NA,NA,NA,NA,NA,NA,NA,NA,NA,NA,NA,NA,NA,NA,NA,NA,NA,NA,NA,NA,NA,NA,NA,NA,NA,NA,NA,NA,NA,NA,NA,NA,NA,NA,NA,NA,NA,NA,NA,NA,NA,20.7821393728223,4.15421042292343,5.68303135888502,1.93933918085019,0,0,0.084411149825784,0.139258024511449,0,0,2017,1994-07-26,NA,NA,NA,NA
"Poona Ford","SEA","DL","13933","weighted",NA,NA,NA,NA,NA,NA,NA,NA,NA,NA,NA,NA,NA,NA,NA,NA,NA,NA,NA,NA,NA,NA,NA,NA,NA,NA,NA,NA,NA,NA,NA,NA,NA,NA,NA,NA,NA,NA,NA,NA,NA,NA,NA,NA,19.8299458483755,4.76582934918432,1.1396119133574,1.09233851469952,0,0,0.478646209386282,0.514333908172653,0,0,2018,1995-11-19,NA,NA,NA,NA
"Margus Hunt","IND","DL","11274","weighted",NA,NA,NA,NA,NA,NA,NA,NA,NA,NA,NA,NA,NA,NA,NA,NA,NA,NA,NA,NA,NA,NA,NA,NA,NA,NA,NA,NA,NA,NA,NA,NA,NA,NA,NA,NA,NA,NA,NA,NA,NA,NA,NA,NA,19.2632822299652,5.55604050635702,3.78328919860627,1.24770953242851,0,0,1.05744947735192,1.37424417288305,0,0,2013,1987-07-14,NA,NA,NA,NA
"Margus Hunt","NO","DL","11274","weighted",NA,NA,NA,NA,NA,NA,NA,NA,NA,NA,NA,NA,NA,NA,NA,NA,NA,NA,NA,NA,NA,NA,NA,NA,NA,NA,NA,NA,NA,NA,NA,NA,NA,NA,NA,NA,NA,NA,NA,NA,NA,NA,NA,NA,19.2632822299652,5.55604050635702,3.78328919860627,1.24770953242851,0,0,1.05744947735192,1.37424417288305,0,0,2013,1987-07-14,NA,NA,NA,NA
"Josh Mauro","OAK","DL","12099","weighted",NA,NA,NA,NA,NA,NA,NA,NA,NA,NA,NA,NA,NA,NA,NA,NA,NA,NA,NA,NA,NA,NA,NA,NA,NA,NA,NA,NA,NA,NA,NA,NA,NA,NA,NA,NA,NA,NA,NA,NA,NA,NA,NA,NA,16.5382575757576,11.9373105587931,1.18221590909091,1.06900265672762,0,0,0.196278409090909,0.358178753932273,0,0,2014,1991-02-17,NA,NA,NA,NA
"Josh Mauro","FA","DL","12099","weighted",NA,NA,NA,NA,NA,NA,NA,NA,NA,NA,NA,NA,NA,NA,NA,NA,NA,NA,NA,NA,NA,NA,NA,NA,NA,NA,NA,NA,NA,NA,NA,NA,NA,NA,NA,NA,NA,NA,NA,NA,NA,NA,NA,NA,16.5382575757576,11.9373105587931,1.18221590909091,1.06900265672762,0,0,0.196278409090909,0.358178753932273,0,0,2014,1991-02-17,NA,NA,NA,NA
"Vic Beasley","ATL","DL","12230","weighted",NA,NA,NA,NA,NA,NA,NA,NA,NA,NA,NA,NA,NA,NA,NA,NA,NA,NA,NA,NA,NA,NA,NA,NA,NA,NA,NA,NA,NA,NA,NA,NA,NA,NA,NA,NA,NA,NA,NA,NA,NA,NA,NA,NA,24.2053813559322,1.209152595829,6.17563559322034,2.01525432638166,0.0650564971751413,0.0989949493661167,2.5111581920904,0.777817459305202,NA,NA,2015,1992-07-08,NA,NA,NA,NA
"Vic Beasley","TEN","DL","12230","weighted",NA,NA,NA,NA,NA,NA,NA,NA,NA,NA,NA,NA,NA,NA,NA,NA,NA,NA,NA,NA,NA,NA,NA,NA,NA,NA,NA,NA,NA,NA,NA,NA,NA,NA,NA,NA,NA,NA,NA,NA,NA,NA,NA,NA,24.2053813559322,1.209152595829,6.17563559322034,2.01525432638166,0.0650564971751413,0.0989949493661167,2.5111581920904,0.777817459305202,NA,NA,2015,1992-07-08,NA,NA,NA,NA
"Marcell Dareus","JAC","DL","10265","weighted",NA,NA,NA,NA,NA,NA,NA,NA,NA,NA,NA,NA,NA,NA,NA,NA,NA,NA,NA,NA,NA,NA,NA,NA,NA,NA,NA,NA,NA,NA,NA,NA,NA,NA,NA,NA,NA,NA,NA,NA,NA,NA,NA,NA,22.7688086642599,2.77743663365253,2.34324909747292,0.318910587890344,0.0118772563176895,0.022420206580908,1.07309566787004,1.04543968076921,0,0,2011,1989-11-18,NA,NA,NA,NA
"Marcell Dareus","FA","DL","10265","weighted",NA,NA,NA,NA,NA,NA,NA,NA,NA,NA,NA,NA,NA,NA,NA,NA,NA,NA,NA,NA,NA,NA,NA,NA,NA,NA,NA,NA,NA,NA,NA,NA,NA,NA,NA,NA,NA,NA,NA,NA,NA,NA,NA,NA,22.7688086642599,2.77743663365253,2.34324909747292,0.318910587890344,0.0118772563176895,0.022420206580908,1.07309566787004,1.04543968076921,0,0,2011,1989-11-18,NA,NA,NA,NA
"Nate Orchard","MIA","DL","12223","weighted",NA,NA,NA,NA,NA,NA,NA,NA,NA,NA,NA,NA,NA,NA,NA,NA,NA,NA,NA,NA,NA,NA,NA,NA,NA,NA,NA,NA,NA,NA,NA,NA,NA,NA,NA,NA,NA,NA,NA,NA,NA,NA,NA,NA,12.6231060606061,10.0198581365679,2.29414772727273,2.47210910778767,0.0467329545454545,0.0852806556981603,0.409734848484848,0.415472730100079,0,0,2015,1993-01-05,NA,NA,NA,NA
"Nate Orchard","WAS","DL","12223","weighted",NA,NA,NA,NA,NA,NA,NA,NA,NA,NA,NA,NA,NA,NA,NA,NA,NA,NA,NA,NA,NA,NA,NA,NA,NA,NA,NA,NA,NA,NA,NA,NA,NA,NA,NA,NA,NA,NA,NA,NA,NA,NA,NA,NA,12.6231060606061,10.0198581365679,2.29414772727273,2.47210910778767,0.0467329545454545,0.0852806556981603,0.409734848484848,0.415472730100079,0,0,2015,1993-01-05,NA,NA,NA,NA
"Montravius Adams","GB","DL","13275","weighted",NA,NA,NA,NA,NA,NA,NA,NA,NA,NA,NA,NA,NA,NA,NA,NA,NA,NA,NA,NA,NA,NA,NA,NA,NA,NA,NA,NA,NA,NA,NA,NA,NA,NA,NA,NA,NA,NA,NA,NA,NA,NA,NA,NA,22.1262454873646,2.91772029184764,3.82824909747292,0.424260933831564,0,0,0.362842960288809,0.564644158853236,0,0,2017,1994-06-24,NA,NA,NA,NA
"Carl Nassib","TB","DL","12753","weighted",NA,NA,NA,NA,NA,NA,NA,NA,NA,NA,NA,NA,NA,NA,NA,NA,NA,NA,NA,NA,NA,NA,NA,NA,NA,NA,NA,NA,NA,NA,NA,NA,NA,NA,NA,NA,NA,NA,NA,NA,NA,NA,NA,NA,19.8647456445993,5.31970237796388,6.28057839721254,1.60628075684776,0.00229268292682927,0.00486022957622381,1.34979790940767,1.29249560696932,0,0,2016,1993-04-12,NA,NA,NA,NA
"Carl Nassib","LVR","DL","12753","weighted",NA,NA,NA,NA,NA,NA,NA,NA,NA,NA,NA,NA,NA,NA,NA,NA,NA,NA,NA,NA,NA,NA,NA,NA,NA,NA,NA,NA,NA,NA,NA,NA,NA,NA,NA,NA,NA,NA,NA,NA,NA,NA,NA,NA,19.8647456445993,5.31970237796388,6.28057839721254,1.60628075684776,0.00229268292682927,0.00486022957622381,1.34979790940767,1.29249560696932,0,0,2016,1993-04-12,NA,NA,NA,NA
"Cassius Marsh","FA","DL","11790","weighted",NA,NA,NA,NA,NA,NA,NA,NA,NA,NA,NA,NA,NA,NA,NA,NA,NA,NA,NA,NA,NA,NA,NA,NA,NA,NA,NA,NA,NA,NA,NA,NA,NA,NA,NA,NA,NA,NA,NA,NA,NA,NA,NA,NA,11.0840054869684,17.3665425459416,1.89547325102881,2.9698484809835,0,0,0.0361042524005487,0.0565685424949238,0,0,2014,1992-07-07,NA,NA,NA,NA
"Cassius Marsh","JAC","DL","11790","weighted",NA,NA,NA,NA,NA,NA,NA,NA,NA,NA,NA,NA,NA,NA,NA,NA,NA,NA,NA,NA,NA,NA,NA,NA,NA,NA,NA,NA,NA,NA,NA,NA,NA,NA,NA,NA,NA,NA,NA,NA,NA,NA,NA,NA,11.0840054869684,17.3665425459416,1.89547325102881,2.9698484809835,0,0,0.0361042524005487,0.0565685424949238,0,0,2014,1992-07-07,NA,NA,NA,NA
"Abry Jones","JAC","DL","11278","weighted",NA,NA,NA,NA,NA,NA,NA,NA,NA,NA,NA,NA,NA,NA,NA,NA,NA,NA,NA,NA,NA,NA,NA,NA,NA,NA,NA,NA,NA,NA,NA,NA,NA,NA,NA,NA,NA,NA,NA,NA,NA,NA,NA,NA,22.3434848484848,1.4532804067211,1.26803977272727,0.554502103873167,0.0249242424242424,0.0454830163723521,1.1641571969697,1.15941534765182,0,0,2013,1991-09-08,NA,NA,NA,NA
"Matt Ioannidis","WAS","DL","12797","weighted",NA,NA,NA,NA,NA,NA,NA,NA,NA,NA,NA,NA,NA,NA,NA,NA,NA,NA,NA,NA,NA,NA,NA,NA,NA,NA,NA,NA,NA,NA,NA,NA,NA,NA,NA,NA,NA,NA,NA,NA,NA,NA,NA,NA,21.0805993031359,2.48467120975709,6.04214634146341,1.15790925375943,0,0,1.52034843205575,1.86287918618783,0,0,2016,1994-01-11,NA,NA,NA,NA
"Brian Burns","CAR","DL","14171","weighted",NA,NA,NA,NA,NA,NA,NA,NA,NA,NA,NA,NA,NA,NA,NA,NA,NA,NA,NA,NA,NA,NA,NA,NA,NA,NA,NA,NA,NA,NA,NA,NA,NA,NA,NA,NA,NA,NA,NA,NA,NA,NA,NA,NA,18.3398194945848,5.02547956415375,5.55993682310469,2.33905196116826,0.0237545126353791,0.044840413161816,1.42406137184116,1.54381238516336,0,0,2019,1998-04-23,NA,NA,NA,NA
"Steve McLendon","NYJ","DL","10143","weighted",NA,NA,NA,NA,NA,NA,NA,NA,NA,NA,NA,NA,NA,NA,NA,NA,NA,NA,NA,NA,NA,NA,NA,NA,NA,NA,NA,NA,NA,NA,NA,NA,NA,NA,NA,NA,NA,NA,NA,NA,NA,NA,NA,NA,22.9709375,0.760675684377979,1.08110795454545,0.456765436104441,0.0124621212121212,0.0227415081861761,0.527556818181818,0.560586607275234,0,0,2009,1986-01-03,NA,NA,NA,NA
"David Onyemata","NO","DL","12782","weighted",NA,NA,NA,NA,NA,NA,NA,NA,NA,NA,NA,NA,NA,NA,NA,NA,NA,NA,NA,NA,NA,NA,NA,NA,NA,NA,NA,NA,NA,NA,NA,NA,NA,NA,NA,NA,NA,NA,NA,NA,NA,NA,NA,NA,23.2933470507545,0.459619407771255,4.94584362139918,0.0848528137423858,0,0,0.302373113854595,0.473761543394987,0,0,2016,1992-11-13,NA,NA,NA,NA
"Tank Carradine","FA","DL","11270","weighted",NA,NA,NA,NA,NA,NA,NA,NA,NA,NA,NA,NA,NA,NA,NA,NA,NA,NA,NA,NA,NA,NA,NA,NA,NA,NA,NA,NA,NA,NA,NA,NA,NA,NA,NA,NA,NA,NA,NA,NA,NA,NA,NA,NA,11.9599621212121,12.144413237719,0.966846590909091,1.02605939809374,0,0,0.201751893939394,0.206564786795221,0,0,2013,1989-02-18,NA,NA,NA,NA
"Tanzel Smart","LAR","DL","13324","weighted",NA,NA,NA,NA,NA,NA,NA,NA,NA,NA,NA,NA,NA,NA,NA,NA,NA,NA,NA,NA,NA,NA,NA,NA,NA,NA,NA,NA,NA,NA,NA,NA,NA,NA,NA,NA,NA,NA,NA,NA,NA,NA,NA,NA,12.1881628787879,11.0940269820941,1.23424242424242,1.2451388837159,0,0,0.161060606060606,0.278854817985902,0,0,2017,1994-11-06,NA,NA,NA,NA
"Tanzel Smart","FA","DL","13324","weighted",NA,NA,NA,NA,NA,NA,NA,NA,NA,NA,NA,NA,NA,NA,NA,NA,NA,NA,NA,NA,NA,NA,NA,NA,NA,NA,NA,NA,NA,NA,NA,NA,NA,NA,NA,NA,NA,NA,NA,NA,NA,NA,NA,NA,12.1881628787879,11.0940269820941,1.23424242424242,1.2451388837159,0,0,0.161060606060606,0.278854817985902,0,0,2017,1994-11-06,NA,NA,NA,NA
"Tyrone Crawford","DAL","DL","10819","weighted",NA,NA,NA,NA,NA,NA,NA,NA,NA,NA,NA,NA,NA,NA,NA,NA,NA,NA,NA,NA,NA,NA,NA,NA,NA,NA,NA,NA,NA,NA,NA,NA,NA,NA,NA,NA,NA,NA,NA,NA,NA,NA,NA,NA,20.6227707581227,1.99387878106595,5.16497292418773,0.740943349472675,0.0326624548736462,0.0616555680974971,2.01657039711191,1.06964958662937,0,0,2012,1989-11-22,NA,NA,NA,NA
"Benson Mayowa","OAK","DL","11491","weighted",NA,NA,NA,NA,NA,NA,NA,NA,NA,NA,NA,NA,NA,NA,NA,NA,NA,NA,NA,NA,NA,NA,NA,NA,NA,NA,NA,NA,NA,NA,NA,NA,NA,NA,NA,NA,NA,NA,NA,NA,NA,NA,NA,NA,16.192487804878,5.5310171469642,2.14036933797909,1.36335338182939,0.0733658536585366,0.155527346439162,1.59240418118467,1.28885984041697,0,0,2013,1991-08-03,NA,NA,NA,NA
"Benson Mayowa","SEA","DL","11491","weighted",NA,NA,NA,NA,NA,NA,NA,NA,NA,NA,NA,NA,NA,NA,NA,NA,NA,NA,NA,NA,NA,NA,NA,NA,NA,NA,NA,NA,NA,NA,NA,NA,NA,NA,NA,NA,NA,NA,NA,NA,NA,NA,NA,NA,16.192487804878,5.5310171469642,2.14036933797909,1.36335338182939,0.0733658536585366,0.155527346439162,1.59240418118467,1.28885984041697,0,0,2013,1991-08-03,NA,NA,NA,NA
"Kerry Hyder","DAL","DL","12987","weighted",NA,NA,NA,NA,NA,NA,NA,NA,NA,NA,NA,NA,NA,NA,NA,NA,NA,NA,NA,NA,NA,NA,NA,NA,NA,NA,NA,NA,NA,NA,NA,NA,NA,NA,NA,NA,NA,NA,NA,NA,NA,NA,NA,NA,13.0401446654611,11.1870617445372,3.94084990958409,3.28367273675211,0,0,0.685352622061483,1.16455702873198,0,0,NA,NA,NA,NA,NA,NA
"Kerry Hyder","SF","DL","12987","weighted",NA,NA,NA,NA,NA,NA,NA,NA,NA,NA,NA,NA,NA,NA,NA,NA,NA,NA,NA,NA,NA,NA,NA,NA,NA,NA,NA,NA,NA,NA,NA,NA,NA,NA,NA,NA,NA,NA,NA,NA,NA,NA,NA,NA,13.0401446654611,11.1870617445372,3.94084990958409,3.28367273675211,0,0,0.685352622061483,1.16455702873198,0,0,NA,NA,NA,NA,NA,NA
"Willie Henry","FA","DL","12789","weighted",NA,NA,NA,NA,NA,NA,NA,NA,NA,NA,NA,NA,NA,NA,NA,NA,NA,NA,NA,NA,NA,NA,NA,NA,NA,NA,NA,NA,NA,NA,NA,NA,NA,NA,NA,NA,NA,NA,NA,NA,NA,NA,NA,NA,11.6867317073171,9.95852697952359,2.38305226480836,2.08664637404116,0.0206341463414634,0.0437420661860143,1.57003484320557,1.32241004160112,0,0,2016,1994-03-20,NA,NA,NA,NA
"Johnathan Hankins","OAK","DL","11281","weighted",NA,NA,NA,NA,NA,NA,NA,NA,NA,NA,NA,NA,NA,NA,NA,NA,NA,NA,NA,NA,NA,NA,NA,NA,NA,NA,NA,NA,NA,NA,NA,NA,NA,NA,NA,NA,NA,NA,NA,NA,NA,NA,NA,NA,21.9200757575758,0.830863269191887,1.54078598484848,1.01610216052565,0,0,0.211287878787879,0.206204493390778,0,0,2013,1992-01-01,NA,NA,NA,NA
"Johnathan Hankins","LVR","DL","11281","weighted",NA,NA,NA,NA,NA,NA,NA,NA,NA,NA,NA,NA,NA,NA,NA,NA,NA,NA,NA,NA,NA,NA,NA,NA,NA,NA,NA,NA,NA,NA,NA,NA,NA,NA,NA,NA,NA,NA,NA,NA,NA,NA,NA,NA,21.9200757575758,0.830863269191887,1.54078598484848,1.01610216052565,0,0,0.211287878787879,0.206204493390778,0,0,2013,1992-01-01,NA,NA,NA,NA
"Isaac Rochell","LAC","DL","13203","weighted",NA,NA,NA,NA,NA,NA,NA,NA,NA,NA,NA,NA,NA,NA,NA,NA,NA,NA,NA,NA,NA,NA,NA,NA,NA,NA,NA,NA,NA,NA,NA,NA,NA,NA,NA,NA,NA,NA,NA,NA,NA,NA,NA,NA,17.2977491289199,4.28905179716961,4.71890592334495,0.793828590045026,0.216689895470383,0.372941887764691,0.517484320557491,0.468502222995847,0,0,2017,NA,NA,NA,NA,NA
"Cameron Wake","TEN","DL","9425","weighted",NA,NA,NA,NA,NA,NA,NA,NA,NA,NA,NA,NA,NA,NA,NA,NA,NA,NA,NA,NA,NA,NA,NA,NA,NA,NA,NA,NA,NA,NA,NA,NA,NA,NA,NA,NA,NA,NA,NA,NA,NA,NA,NA,NA,21.9147325102881,1.23036579926459,6.64632373113855,1.18086832458153,0,0,0.0902606310013717,0.14142135623731,0,0,2009,1982-01-30,NA,NA,NA,NA
"Cameron Wake","FA","DL","9425","weighted",NA,NA,NA,NA,NA,NA,NA,NA,NA,NA,NA,NA,NA,NA,NA,NA,NA,NA,NA,NA,NA,NA,NA,NA,NA,NA,NA,NA,NA,NA,NA,NA,NA,NA,NA,NA,NA,NA,NA,NA,NA,NA,NA,NA,21.9147325102881,1.23036579926459,6.64632373113855,1.18086832458153,0,0,0.0902606310013717,0.14142135623731,0,0,2009,1982-01-30,NA,NA,NA,NA
"Tyler Lancaster","GB","DL","13989","weighted",NA,NA,NA,NA,NA,NA,NA,NA,NA,NA,NA,NA,NA,NA,NA,NA,NA,NA,NA,NA,NA,NA,NA,NA,NA,NA,NA,NA,NA,NA,NA,NA,NA,NA,NA,NA,NA,NA,NA,NA,NA,NA,NA,NA,18.9320758122744,6.28109266858606,0.904981949458484,0.179361652647264,0.00593862815884477,0.011210103290454,0.12471119133574,0.235412169099534,0,0,2018,1970-01-01,NA,NA,NA,NA
"Takkarist McKinley","ATL","DL","13205","weighted",NA,NA,NA,NA,NA,NA,NA,NA,NA,NA,NA,NA,NA,NA,NA,NA,NA,NA,NA,NA,NA,NA,NA,NA,NA,NA,NA,NA,NA,NA,NA,NA,NA,NA,NA,NA,NA,NA,NA,NA,NA,NA,NA,NA,20.6141516245487,2.09772524111344,7.77056859205776,1.70521402675389,0,0,2.29901624548736,2.59989032498107,0,0,2017,1995-11-02,NA,NA,NA,NA
"Xavier Williams","KC","DL","12428","weighted",NA,NA,NA,NA,NA,NA,NA,NA,NA,NA,NA,NA,NA,NA,NA,NA,NA,NA,NA,NA,NA,NA,NA,NA,NA,NA,NA,NA,NA,NA,NA,NA,NA,NA,NA,NA,NA,NA,NA,NA,NA,NA,NA,NA,9.97831275720164,15.6341309320346,0.911632373113855,1.42835569799683,0.054156378600823,0.0848528137423857,0.157956104252401,0.247487373415292,0,0,2015,1992-01-18,NA,NA,NA,NA
"Xavier Williams","FA","DL","12428","weighted",NA,NA,NA,NA,NA,NA,NA,NA,NA,NA,NA,NA,NA,NA,NA,NA,NA,NA,NA,NA,NA,NA,NA,NA,NA,NA,NA,NA,NA,NA,NA,NA,NA,NA,NA,NA,NA,NA,NA,NA,NA,NA,NA,NA,9.97831275720164,15.6341309320346,0.911632373113855,1.42835569799683,0.054156378600823,0.0848528137423857,0.157956104252401,0.247487373415292,0,0,2015,1992-01-18,NA,NA,NA,NA
"Zach Sieler","BAL","DL","13839","weighted",NA,NA,NA,NA,NA,NA,NA,NA,NA,NA,NA,NA,NA,NA,NA,NA,NA,NA,NA,NA,NA,NA,NA,NA,NA,NA,NA,NA,NA,NA,NA,NA,NA,NA,NA,NA,NA,NA,NA,NA,NA,NA,NA,NA,10.3390909090909,11.2219798941759,0.845340909090909,0.84849147623862,0.00934659090909091,0.0170561311396321,0.363570075757576,0.358089428007049,0,0,2018,1995-09-07,NA,NA,NA,NA
"Zach Sieler","MIA","DL","13839","weighted",NA,NA,NA,NA,NA,NA,NA,NA,NA,NA,NA,NA,NA,NA,NA,NA,NA,NA,NA,NA,NA,NA,NA,NA,NA,NA,NA,NA,NA,NA,NA,NA,NA,NA,NA,NA,NA,NA,NA,NA,NA,NA,NA,NA,10.3390909090909,11.2219798941759,0.845340909090909,0.84849147623862,0.00934659090909091,0.0170561311396321,0.363570075757576,0.358089428007049,0,0,2018,1995-09-07,NA,NA,NA,NA
"Trent Murphy","BUF","DL","11709","weighted",NA,NA,NA,NA,NA,NA,NA,NA,NA,NA,NA,NA,NA,NA,NA,NA,NA,NA,NA,NA,NA,NA,NA,NA,NA,NA,NA,NA,NA,NA,NA,NA,NA,NA,NA,NA,NA,NA,NA,NA,NA,NA,NA,NA,20.5684657039711,1.3490615076656,4.86778880866426,0.561932679701379,0,0,0.904981949458484,0.179361652647264,0,0,2014,1990-12-20,NA,NA,NA,NA
"Akeem Spence","FA","DL","11282","weighted",NA,NA,NA,NA,NA,NA,NA,NA,NA,NA,NA,NA,NA,NA,NA,NA,NA,NA,NA,NA,NA,NA,NA,NA,NA,NA,NA,NA,NA,NA,NA,NA,NA,NA,NA,NA,NA,NA,NA,NA,NA,NA,NA,NA,9.67056396148556,15.2027957955108,0.989546079779917,1.5556349186104,0,0,0.134938101788171,0.212132034355964,0,0,2013,1991-11-29,NA,NA,NA,NA
"Trevon Coley","CLE","DL","13435","weighted",NA,NA,NA,NA,NA,NA,NA,NA,NA,NA,NA,NA,NA,NA,NA,NA,NA,NA,NA,NA,NA,NA,NA,NA,NA,NA,NA,NA,NA,NA,NA,NA,NA,NA,NA,NA,NA,NA,NA,NA,NA,NA,NA,NA,14.3716761363636,9.01774663873821,1.02125946969697,0.953374391783867,0,0,0.00623106060606061,0.011370754093088,0,0,2016,1994-07-13,NA,NA,NA,NA
"Trevon Coley","ARI","DL","13435","weighted",NA,NA,NA,NA,NA,NA,NA,NA,NA,NA,NA,NA,NA,NA,NA,NA,NA,NA,NA,NA,NA,NA,NA,NA,NA,NA,NA,NA,NA,NA,NA,NA,NA,NA,NA,NA,NA,NA,NA,NA,NA,NA,NA,NA,14.3716761363636,9.01774663873821,1.02125946969697,0.953374391783867,0,0,0.00623106060606061,0.011370754093088,0,0,2016,1994-07-13,NA,NA,NA,NA
"Noah Spence","FA","DL","12690","weighted",NA,NA,NA,NA,NA,NA,NA,NA,NA,NA,NA,NA,NA,NA,NA,NA,NA,NA,NA,NA,NA,NA,NA,NA,NA,NA,NA,NA,NA,NA,NA,NA,NA,NA,NA,NA,NA,NA,NA,NA,NA,NA,NA,NA,9.63080932784636,15.0896587105209,1.18241426611797,1.85261976670875,0,0,0.225651577503429,0.353553390593274,0,0,2016,NA,NA,"Knee - ACL",2019,0
"Noah Spence","NO","DL","12690","weighted",NA,NA,NA,NA,NA,NA,NA,NA,NA,NA,NA,NA,NA,NA,NA,NA,NA,NA,NA,NA,NA,NA,NA,NA,NA,NA,NA,NA,NA,NA,NA,NA,NA,NA,NA,NA,NA,NA,NA,NA,NA,NA,NA,NA,9.63080932784636,15.0896587105209,1.18241426611797,1.85261976670875,0,0,0.225651577503429,0.353553390593274,0,0,2016,NA,NA,"Knee - ACL",2019,0
"Jeffery Simmons","TEN","DL","14163","weighted",NA,NA,NA,NA,NA,NA,NA,NA,NA,NA,NA,NA,NA,NA,NA,NA,NA,NA,NA,NA,NA,NA,NA,NA,NA,NA,NA,NA,NA,NA,NA,NA,NA,NA,NA,NA,NA,NA,NA,NA,NA,NA,NA,NA,13.2037138927098,12.7279220613579,0.495185694635488,0.636396103067893,0,0,0.0089958734525447,0.0141421356237309,0,0,2019,1997-07-28,NA,NA,NA,NA
"Earl Mitchell","FA","DL","9917","weighted",NA,NA,NA,NA,NA,NA,NA,NA,NA,NA,NA,NA,NA,NA,NA,NA,NA,NA,NA,NA,NA,NA,NA,NA,NA,NA,NA,NA,NA,NA,NA,NA,NA,NA,NA,NA,NA,NA,NA,NA,NA,NA,NA,NA,10.4749053030303,10.7439506382165,0.276714015151515,0.300073756259512,0,0,0.0467329545454545,0.0852806556981603,0,0,2010,1987-09-25,NA,NA,NA,NA
"Tyquan Lewis","IND","DL","13687","weighted",NA,NA,NA,NA,NA,NA,NA,NA,NA,NA,NA,NA,NA,NA,NA,NA,NA,NA,NA,NA,NA,NA,NA,NA,NA,NA,NA,NA,NA,NA,NA,NA,NA,NA,NA,NA,NA,NA,NA,NA,NA,NA,NA,NA,19.4311248285322,1.83140656327316,3.63610425240055,0.0565685424949238,0.00451303155006859,0.00707106781186547,0.699519890260631,1.09601551083915,0,0,2018,NA,NA,NA,NA,NA
"Sheldon Day","SF","DL","12771","weighted",NA,NA,NA,NA,NA,NA,NA,NA,NA,NA,NA,NA,NA,NA,NA,NA,NA,NA,NA,NA,NA,NA,NA,NA,NA,NA,NA,NA,NA,NA,NA,NA,NA,NA,NA,NA,NA,NA,NA,NA,NA,NA,NA,NA,14.2854732510288,8.12465691583343,2.54251028806584,1.63341666454092,0.0857475994513032,0.134350288425444,0.884554183813443,1.38592929112563,0,0,2016,1994-07-01,NA,NA,NA,NA
"Sheldon Day","IND","DL","12771","weighted",NA,NA,NA,NA,NA,NA,NA,NA,NA,NA,NA,NA,NA,NA,NA,NA,NA,NA,NA,NA,NA,NA,NA,NA,NA,NA,NA,NA,NA,NA,NA,NA,NA,NA,NA,NA,NA,NA,NA,NA,NA,NA,NA,NA,14.2854732510288,8.12465691583343,2.54251028806584,1.63341666454092,0.0857475994513032,0.134350288425444,0.884554183813443,1.38592929112563,0,0,2016,1994-07-01,NA,NA,NA,NA
"Shaq Lawson","BUF","DL","12687","weighted",NA,NA,NA,NA,NA,NA,NA,NA,NA,NA,NA,NA,NA,NA,NA,NA,NA,NA,NA,NA,NA,NA,NA,NA,NA,NA,NA,NA,NA,NA,NA,NA,NA,NA,NA,NA,NA,NA,NA,NA,NA,NA,NA,NA,17.7042509025271,2.4929895654773,4.22098375451263,0.649082584748294,0,0,2.29283393501805,1.23902801440483,0,0,2016,1994-06-17,NA,NA,NA,NA
"Shaq Lawson","MIA","DL","12687","weighted",NA,NA,NA,NA,NA,NA,NA,NA,NA,NA,NA,NA,NA,NA,NA,NA,NA,NA,NA,NA,NA,NA,NA,NA,NA,NA,NA,NA,NA,NA,NA,NA,NA,NA,NA,NA,NA,NA,NA,NA,NA,NA,NA,NA,17.7042509025271,2.4929895654773,4.22098375451263,0.649082584748294,0,0,2.29283393501805,1.23902801440483,0,0,2016,1994-06-17,NA,NA,NA,NA
"Brent Urban","TEN","DL","11807","weighted",NA,NA,NA,NA,NA,NA,NA,NA,NA,NA,NA,NA,NA,NA,NA,NA,NA,NA,NA,NA,NA,NA,NA,NA,NA,NA,NA,NA,NA,NA,NA,NA,NA,NA,NA,NA,NA,NA,NA,NA,NA,NA,NA,NA,16.2163648834019,5.35279833358216,1.66698216735254,0.261629509039023,0.0315912208504801,0.0494974746830583,0.496433470507545,0.777817459305202,0,0,2014,1991-05-05,NA,NA,NA,NA
"Brent Urban","CHI","DL","11807","weighted",NA,NA,NA,NA,NA,NA,NA,NA,NA,NA,NA,NA,NA,NA,NA,NA,NA,NA,NA,NA,NA,NA,NA,NA,NA,NA,NA,NA,NA,NA,NA,NA,NA,NA,NA,NA,NA,NA,NA,NA,NA,NA,NA,NA,16.2163648834019,5.35279833358216,1.66698216735254,0.261629509039023,0.0315912208504801,0.0494974746830583,0.496433470507545,0.777817459305202,0,0,2014,1991-05-05,NA,NA,NA,NA
"Jack Crawford","ATL","DL","10861","weighted",NA,NA,NA,NA,NA,NA,NA,NA,NA,NA,NA,NA,NA,NA,NA,NA,NA,NA,NA,NA,NA,NA,NA,NA,NA,NA,NA,NA,NA,NA,NA,NA,NA,NA,NA,NA,NA,NA,NA,NA,NA,NA,NA,NA,18.1556723484848,2.99057864765107,4.22360795454545,1.33570388178589,0.359318181818182,0.609736510741194,0.568058712121212,0.573204510289446,0,0,2012,1988-09-07,NA,NA,NA,NA
"Jack Crawford","TEN","DL","10861","weighted",NA,NA,NA,NA,NA,NA,NA,NA,NA,NA,NA,NA,NA,NA,NA,NA,NA,NA,NA,NA,NA,NA,NA,NA,NA,NA,NA,NA,NA,NA,NA,NA,NA,NA,NA,NA,NA,NA,NA,NA,NA,NA,NA,NA,18.1556723484848,2.99057864765107,4.22360795454545,1.33570388178589,0.359318181818182,0.609736510741194,0.568058712121212,0.573204510289446,0,0,2012,1988-09-07,NA,NA,NA,NA
"Oshane Ximines","NYG","DL","14220","weighted",NA,NA,NA,NA,NA,NA,NA,NA,NA,NA,NA,NA,NA,NA,NA,NA,NA,NA,NA,NA,NA,NA,NA,NA,NA,NA,NA,NA,NA,NA,NA,NA,NA,NA,NA,NA,NA,NA,NA,NA,NA,NA,NA,NA,15.5895818815331,6.32732364713643,2.16294076655052,2.3570396742862,0.0252195121951219,0.0534625253384619,0.756655052264808,0.897554918046296,0,0,2019,1970-01-01,NA,NA,NA,NA
"Angelo Blackson","HOU","DL","12292","weighted",NA,NA,NA,NA,NA,NA,NA,NA,NA,NA,NA,NA,NA,NA,NA,NA,NA,NA,NA,NA,NA,NA,NA,NA,NA,NA,NA,NA,NA,NA,NA,NA,NA,NA,NA,NA,NA,NA,NA,NA,NA,NA,NA,NA,18.2491967509025,2.12532626262818,1.86878158844765,0.560102151532613,0.0267238267148014,0.050445464807043,0.852779783393502,0.861575647437492,0,0,2015,1992-11-14,NA,NA,NA,NA
"Vinny Curry","PHI","DL","10755","weighted",NA,NA,NA,NA,NA,NA,NA,NA,NA,NA,NA,NA,NA,NA,NA,NA,NA,NA,NA,NA,NA,NA,NA,NA,NA,NA,NA,NA,NA,NA,NA,NA,NA,NA,NA,NA,NA,NA,NA,NA,NA,NA,NA,NA,15.4378519855596,4.05192125482947,2.78724729241877,0.77095736551661,0.0475090252707581,0.0896808263236321,0.154404332129964,0.291462685551804,0,0,2012,1988-06-30,NA,NA,NA,NA
"Vinny Curry","FA","DL","10755","weighted",NA,NA,NA,NA,NA,NA,NA,NA,NA,NA,NA,NA,NA,NA,NA,NA,NA,NA,NA,NA,NA,NA,NA,NA,NA,NA,NA,NA,NA,NA,NA,NA,NA,NA,NA,NA,NA,NA,NA,NA,NA,NA,NA,NA,15.4378519855596,4.05192125482947,2.78724729241877,0.77095736551661,0.0475090252707581,0.0896808263236321,0.154404332129964,0.291462685551804,0,0,2012,1988-06-30,NA,NA,NA,NA
"Vincent Taylor","MIA","DL","13328","weighted",NA,NA,NA,NA,NA,NA,NA,NA,NA,NA,NA,NA,NA,NA,NA,NA,NA,NA,NA,NA,NA,NA,NA,NA,NA,NA,NA,NA,NA,NA,NA,NA,NA,NA,NA,NA,NA,NA,NA,NA,NA,NA,NA,NA,17.2836742424242,2.30548085475854,2.53822916666667,1.71965183213347,0,0,0.282376893939394,0.30488289892428,0,0,2017,1994-01-05,NA,NA,NA,NA
"Vincent Taylor","BUF","DL","13328","weighted",NA,NA,NA,NA,NA,NA,NA,NA,NA,NA,NA,NA,NA,NA,NA,NA,NA,NA,NA,NA,NA,NA,NA,NA,NA,NA,NA,NA,NA,NA,NA,NA,NA,NA,NA,NA,NA,NA,NA,NA,NA,NA,NA,NA,17.2836742424242,2.30548085475854,2.53822916666667,1.71965183213347,0,0,0.282376893939394,0.30488289892428,0,0,2017,1994-01-05,NA,NA,NA,NA
"Chris Wormley","BAL","DL","13212","weighted",NA,NA,NA,NA,NA,NA,NA,NA,NA,NA,NA,NA,NA,NA,NA,NA,NA,NA,NA,NA,NA,NA,NA,NA,NA,NA,NA,NA,NA,NA,NA,NA,NA,NA,NA,NA,NA,NA,NA,NA,NA,NA,NA,NA,15.6652556818182,3.87741271383067,1.35422348484848,0.346246402934643,0.031155303030303,0.0568537704654402,1.61401515151515,1.65251829436177,0,0,2017,1993-10-25,NA,NA,NA,NA
"Chris Wormley","PIT","DL","13212","weighted",NA,NA,NA,NA,NA,NA,NA,NA,NA,NA,NA,NA,NA,NA,NA,NA,NA,NA,NA,NA,NA,NA,NA,NA,NA,NA,NA,NA,NA,NA,NA,NA,NA,NA,NA,NA,NA,NA,NA,NA,NA,NA,NA,NA,15.6652556818182,3.87741271383067,1.35422348484848,0.346246402934643,0.031155303030303,0.0568537704654402,1.61401515151515,1.65251829436177,0,0,2017,1993-10-25,NA,NA,NA,NA
"Montez Sweat","WAS","DL","14148","weighted",NA,NA,NA,NA,NA,NA,NA,NA,NA,NA,NA,NA,NA,NA,NA,NA,NA,NA,NA,NA,NA,NA,NA,NA,NA,NA,NA,NA,NA,NA,NA,NA,NA,NA,NA,NA,NA,NA,NA,NA,NA,NA,NA,NA,16.277695473251,5.04874241767195,4.94871056241427,3.68402632998191,0.0270781893004115,0.0424264068711928,1.48480109739369,0.650538238691624,0,0,2019,1996-09-04,NA,NA,NA,NA
"Roy Robertson-Harris","CHI","DL","13434","weighted",NA,NA,NA,NA,NA,NA,NA,NA,NA,NA,NA,NA,NA,NA,NA,NA,NA,NA,NA,NA,NA,NA,NA,NA,NA,NA,NA,NA,NA,NA,NA,NA,NA,NA,NA,NA,NA,NA,NA,NA,NA,NA,NA,NA,12.2613636363636,7.35983810829013,2.33378787878788,1.32923307926021,0,0,0.64811553030303,0.821189893350704,0,0,2016,1993-07-23,NA,NA,NA,NA
"Shamar Stephen","MIN","DL","11859","weighted",NA,NA,NA,NA,NA,NA,NA,NA,NA,NA,NA,NA,NA,NA,NA,NA,NA,NA,NA,NA,NA,NA,NA,NA,NA,NA,NA,NA,NA,NA,NA,NA,NA,NA,NA,NA,NA,NA,NA,NA,NA,NA,NA,NA,8.55670781893004,13.4067445712969,0.866502057613169,1.35764501987817,0.00902606310013717,0.0141421356237309,0.0857475994513032,0.134350288425444,0,0,2014,1991-02-25,NA,NA,NA,NA
"Morgan Fox","LAR","DL","13085","weighted",NA,NA,NA,NA,NA,NA,NA,NA,NA,NA,NA,NA,NA,NA,NA,NA,NA,NA,NA,NA,NA,NA,NA,NA,NA,NA,NA,NA,NA,NA,NA,NA,NA,NA,NA,NA,NA,NA,NA,NA,NA,NA,NA,NA,14.4355776515152,5.49623855043081,2.61640151515152,2.0779129438866,0.0249242424242424,0.0454830163723521,0.342708333333333,0.625391475119842,0,0,2016,1994-09-12,NA,NA,NA,NA
"Jerry Tillery","LAC","DL","14161","weighted",NA,NA,NA,NA,NA,NA,NA,NA,NA,NA,NA,NA,NA,NA,NA,NA,NA,NA,NA,NA,NA,NA,NA,NA,NA,NA,NA,NA,NA,NA,NA,NA,NA,NA,NA,NA,NA,NA,NA,NA,NA,NA,NA,NA,14.6385144429161,5.09116882454314,3.68995873452545,0.141421356237309,0,0,0.584731774415406,0.919238815542512,0,0,2019,1996-10-08,NA,NA,NA,NA
"Star Lotulelei","BUF","DL","11280","weighted",NA,NA,NA,NA,NA,NA,NA,NA,NA,NA,NA,NA,NA,NA,NA,NA,NA,NA,NA,NA,NA,NA,NA,NA,NA,NA,NA,NA,NA,NA,NA,NA,NA,NA,NA,NA,NA,NA,NA,NA,NA,NA,NA,NA,16.9608428030303,1.7010729211886,1.42191287878788,0.475240550500692,0.0031155303030303,0.00568537704654402,0.762443181818182,1.11479237232353,0,0,2013,1989-12-20,NA,NA,NA,NA
"Deadrin Senat","ATL","DL","13751","weighted",NA,NA,NA,NA,NA,NA,NA,NA,NA,NA,NA,NA,NA,NA,NA,NA,NA,NA,NA,NA,NA,NA,NA,NA,NA,NA,NA,NA,NA,NA,NA,NA,NA,NA,NA,NA,NA,NA,NA,NA,NA,NA,NA,NA,6.94686553030303,9.70388640354049,0.2015625,0.256910336654946,0,0,0.193162878787879,0.352493376885729,0,0,2018,1994-07-22,NA,NA,NA,NA
"Tyeler Davison","ATL","DL","12316","weighted",NA,NA,NA,NA,NA,NA,NA,NA,NA,NA,NA,NA,NA,NA,NA,NA,NA,NA,NA,NA,NA,NA,NA,NA,NA,NA,NA,NA,NA,NA,NA,NA,NA,NA,NA,NA,NA,NA,NA,NA,NA,NA,NA,NA,14.1018181818182,3.81465944328617,1.81780303030303,0.874455443566108,0.0218087121212121,0.0397976393258081,0.291912878787879,0.281328291807219,0,0,2015,1992-09-23,NA,NA,NA,NA
"Fadol Brown","GB","DL","13921","weighted",NA,NA,NA,NA,NA,NA,NA,NA,NA,NA,NA,NA,NA,NA,NA,NA,NA,NA,NA,NA,NA,NA,NA,NA,NA,NA,NA,NA,NA,NA,NA,NA,NA,NA,NA,NA,NA,NA,NA,NA,NA,NA,NA,NA,15.2117992424242,3.13675633309358,0.299090909090909,0.545796196468226,0.0280397727272727,0.0511683934188962,0.525198863636364,0.522636478182782,0,0,2017,1970-01-01,NA,NA,NA,NA
"Fadol Brown","FA","DL","13921","weighted",NA,NA,NA,NA,NA,NA,NA,NA,NA,NA,NA,NA,NA,NA,NA,NA,NA,NA,NA,NA,NA,NA,NA,NA,NA,NA,NA,NA,NA,NA,NA,NA,NA,NA,NA,NA,NA,NA,NA,NA,NA,NA,NA,NA,15.2117992424242,3.13675633309358,0.299090909090909,0.545796196468226,0.0280397727272727,0.0511683934188962,0.525198863636364,0.522636478182782,0,0,2017,1970-01-01,NA,NA,NA,NA
"Antwaun Woods","DAL","DL","13100","weighted",NA,NA,NA,NA,NA,NA,NA,NA,NA,NA,NA,NA,NA,NA,NA,NA,NA,NA,NA,NA,NA,NA,NA,NA,NA,NA,NA,NA,NA,NA,NA,NA,NA,NA,NA,NA,NA,NA,NA,NA,NA,NA,NA,NA,16.1566110397946,2.9698484809835,1.75673940949936,0.353553390593274,0,0,0.486521181001284,0.707106781186547,0,0,2016,1993-01-03,"Q","Hip",2019,0
"Carlos Watkins","HOU","DL","13211","weighted",NA,NA,NA,NA,NA,NA,NA,NA,NA,NA,NA,NA,NA,NA,NA,NA,NA,NA,NA,NA,NA,NA,NA,NA,NA,NA,NA,NA,NA,NA,NA,NA,NA,NA,NA,NA,NA,NA,NA,NA,NA,NA,NA,NA,15.4598765432099,4.1365746699413,2.01259259259259,0.763675323681471,0,0,0.248216735253772,0.388908729652601,0,0,2017,1993-12-05,NA,NA,NA,NA
"Adrian Clayborn","ATL","DL","10263","weighted",NA,NA,NA,NA,NA,NA,NA,NA,NA,NA,NA,NA,NA,NA,NA,NA,NA,NA,NA,NA,NA,NA,NA,NA,NA,NA,NA,NA,NA,NA,NA,NA,NA,NA,NA,NA,NA,NA,NA,NA,NA,NA,NA,NA,15.942725631769,2.33036570999844,4.32231046931408,0.435390544136913,0.0207851985559567,0.039235361516589,0.255361010830325,0.482034441489522,0,0,2011,1988-07-06,NA,NA,NA,NA
"Adrian Clayborn","CLE","DL","10263","weighted",NA,NA,NA,NA,NA,NA,NA,NA,NA,NA,NA,NA,NA,NA,NA,NA,NA,NA,NA,NA,NA,NA,NA,NA,NA,NA,NA,NA,NA,NA,NA,NA,NA,NA,NA,NA,NA,NA,NA,NA,NA,NA,NA,NA,15.942725631769,2.33036570999844,4.32231046931408,0.435390544136913,0.0207851985559567,0.039235361516589,0.255361010830325,0.482034441489522,0,0,2011,1988-07-06,NA,NA,NA,NA
"Justin Jones","LAC","DL","13748","weighted",NA,NA,NA,NA,NA,NA,NA,NA,NA,NA,NA,NA,NA,NA,NA,NA,NA,NA,NA,NA,NA,NA,NA,NA,NA,NA,NA,NA,NA,NA,NA,NA,NA,NA,NA,NA,NA,NA,NA,NA,NA,NA,NA,NA,11.9320359848485,5.08825370401807,1.36215909090909,1.00975999270248,0,0,0.158323863636364,0.157890784623147,0,0,2018,1995-08-17,NA,NA,NA,NA
"Justin Ellis","OAK","DL","11789","weighted",NA,NA,NA,NA,NA,NA,NA,NA,NA,NA,NA,NA,NA,NA,NA,NA,NA,NA,NA,NA,NA,NA,NA,NA,NA,NA,NA,NA,NA,NA,NA,NA,NA,NA,NA,NA,NA,NA,NA,NA,NA,NA,NA,NA,15.9685227272727,1.62297496376375,0.562111742424242,0.472112745030677,0,0,0.223371212121212,0.253372202218122,0,0,2014,1990-12-27,NA,NA,NA,NA
"Justin Ellis","BAL","DL","11789","weighted",NA,NA,NA,NA,NA,NA,NA,NA,NA,NA,NA,NA,NA,NA,NA,NA,NA,NA,NA,NA,NA,NA,NA,NA,NA,NA,NA,NA,NA,NA,NA,NA,NA,NA,NA,NA,NA,NA,NA,NA,NA,NA,NA,NA,15.9685227272727,1.62297496376375,0.562111742424242,0.472112745030677,0,0,0.223371212121212,0.253372202218122,0,0,2014,1990-12-27,NA,NA,NA,NA
"P.J. Hall","OAK","DL","13740","weighted",NA,NA,NA,NA,NA,NA,NA,NA,NA,NA,NA,NA,NA,NA,NA,NA,NA,NA,NA,NA,NA,NA,NA,NA,NA,NA,NA,NA,NA,NA,NA,NA,NA,NA,NA,NA,NA,NA,NA,NA,NA,NA,NA,NA,16.5298106060606,1.21948959552851,0.733958333333333,0.607616944081577,0.0373863636363636,0.0682245245585282,1.29425189393939,1.33699159131436,0,0,2018,1995-04-05,NA,NA,NA,NA
"P.J. Hall","LVR","DL","13740","weighted",NA,NA,NA,NA,NA,NA,NA,NA,NA,NA,NA,NA,NA,NA,NA,NA,NA,NA,NA,NA,NA,NA,NA,NA,NA,NA,NA,NA,NA,NA,NA,NA,NA,NA,NA,NA,NA,NA,NA,NA,NA,NA,NA,NA,16.5298106060606,1.21948959552851,0.733958333333333,0.607616944081577,0.0373863636363636,0.0682245245585282,1.29425189393939,1.33699159131436,0,0,2018,1995-04-05,NA,NA,NA,NA
"Quinton Jefferson","SEA","DL","12796","weighted",NA,NA,NA,NA,NA,NA,NA,NA,NA,NA,NA,NA,NA,NA,NA,NA,NA,NA,NA,NA,NA,NA,NA,NA,NA,NA,NA,NA,NA,NA,NA,NA,NA,NA,NA,NA,NA,NA,NA,NA,NA,NA,NA,NA,15.1597292418773,2.37108571835015,3.57944945848375,0.455242966752604,0.0207851985559567,0.039235361516589,0.984016245487365,1.02844673256389,0,0,2016,NA,NA,NA,NA,NA
"Quinton Jefferson","BUF","DL","12796","weighted",NA,NA,NA,NA,NA,NA,NA,NA,NA,NA,NA,NA,NA,NA,NA,NA,NA,NA,NA,NA,NA,NA,NA,NA,NA,NA,NA,NA,NA,NA,NA,NA,NA,NA,NA,NA,NA,NA,NA,NA,NA,NA,NA,NA,15.1597292418773,2.37108571835015,3.57944945848375,0.455242966752604,0.0207851985559567,0.039235361516589,0.984016245487365,1.02844673256389,0,0,2016,NA,NA,NA,NA,NA
"Taco Charlton","DAL","DL","13200","weighted",NA,NA,NA,NA,NA,NA,NA,NA,NA,NA,NA,NA,NA,NA,NA,NA,NA,NA,NA,NA,NA,NA,NA,NA,NA,NA,NA,NA,NA,NA,NA,NA,NA,NA,NA,NA,NA,NA,NA,NA,NA,NA,NA,NA,15.9581227436823,1.38694734170933,3.1448916967509,1.34673429294582,0.06235559566787,0.117706084549767,0.865243682310469,1.04817965074148,0,0,2017,1994-11-07,NA,NA,NA,NA
"Taco Charlton","KC","DL","13200","weighted",NA,NA,NA,NA,NA,NA,NA,NA,NA,NA,NA,NA,NA,NA,NA,NA,NA,NA,NA,NA,NA,NA,NA,NA,NA,NA,NA,NA,NA,NA,NA,NA,NA,NA,NA,NA,NA,NA,NA,NA,NA,NA,NA,NA,15.9581227436823,1.38694734170933,3.1448916967509,1.34673429294582,0.06235559566787,0.117706084549767,0.865243682310469,1.04817965074148,0,0,2017,1994-11-07,NA,NA,NA,NA
"Zach Kerr","FA","DL","11993","weighted",NA,NA,NA,NA,NA,NA,NA,NA,NA,NA,NA,NA,NA,NA,NA,NA,NA,NA,NA,NA,NA,NA,NA,NA,NA,NA,NA,NA,NA,NA,NA,NA,NA,NA,NA,NA,NA,NA,NA,NA,NA,NA,NA,NA,7.55653370013755,11.879393923934,0.404814305364512,0.636396103067893,0,0,0.674690508940853,1.06066017177982,0,0,2014,1990-08-29,NA,NA,NA,NA
"Zach Kerr","CAR","DL","11993","weighted",NA,NA,NA,NA,NA,NA,NA,NA,NA,NA,NA,NA,NA,NA,NA,NA,NA,NA,NA,NA,NA,NA,NA,NA,NA,NA,NA,NA,NA,NA,NA,NA,NA,NA,NA,NA,NA,NA,NA,NA,NA,NA,NA,NA,7.55653370013755,11.879393923934,0.404814305364512,0.636396103067893,0,0,0.674690508940853,1.06066017177982,0,0,2014,1990-08-29,NA,NA,NA,NA
"Matt Dickerson","TEN","DL","13927","weighted",NA,NA,NA,NA,NA,NA,NA,NA,NA,NA,NA,NA,NA,NA,NA,NA,NA,NA,NA,NA,NA,NA,NA,NA,NA,NA,NA,NA,NA,NA,NA,NA,NA,NA,NA,NA,NA,NA,NA,NA,NA,NA,NA,NA,9.95941287878788,9.57315616455047,0.713456439393939,1.30195134365858,0.00934659090909091,0.0170561311396321,0.469498106060606,0.51325202549569,0,0,2018,1970-01-01,NA,NA,NA,NA
"Al-Quadin Muhammad","IND","DL","13330","weighted",NA,NA,NA,NA,NA,NA,NA,NA,NA,NA,NA,NA,NA,NA,NA,NA,NA,NA,NA,NA,NA,NA,NA,NA,NA,NA,NA,NA,NA,NA,NA,NA,NA,NA,NA,NA,NA,NA,NA,NA,NA,NA,NA,NA,8.49869318181818,8.65173156991438,0.754801136363636,0.723695724947206,0.00934659090909091,0.0170561311396321,0.347613636363636,0.359701727601657,0,0,2017,1995-03-28,NA,NA,NA,NA
"Timmy Jernigan","PHI","DL","11717","weighted",NA,NA,NA,NA,NA,NA,NA,NA,NA,NA,NA,NA,NA,NA,NA,NA,NA,NA,NA,NA,NA,NA,NA,NA,NA,NA,NA,NA,NA,NA,NA,NA,NA,NA,NA,NA,NA,NA,NA,NA,NA,NA,NA,NA,14.9655692729767,2.40416305603426,3.52233196159122,0.905096679918781,0,0,0.180521262002743,0.282842712474619,0,0,2014,1992-09-24,NA,NA,NA,NA
"Timmy Jernigan","HOU","DL","11717","weighted",NA,NA,NA,NA,NA,NA,NA,NA,NA,NA,NA,NA,NA,NA,NA,NA,NA,NA,NA,NA,NA,NA,NA,NA,NA,NA,NA,NA,NA,NA,NA,NA,NA,NA,NA,NA,NA,NA,NA,NA,NA,NA,NA,NA,14.9655692729767,2.40416305603426,3.52233196159122,0.905096679918781,0,0,0.180521262002743,0.282842712474619,0,0,2014,1992-09-24,NA,NA,NA,NA
"Josh Tupou","CIN","DL","13965","weighted",NA,NA,NA,NA,NA,NA,NA,NA,NA,NA,NA,NA,NA,NA,NA,NA,NA,NA,NA,NA,NA,NA,NA,NA,NA,NA,NA,NA,NA,NA,NA,NA,NA,NA,NA,NA,NA,NA,NA,NA,NA,NA,NA,NA,7.41039780521262,11.6106933470831,0.843936899862826,1.32228968081884,0.0135390946502058,0.0212132034355964,0.315912208504801,0.494974746830583,0,0,2017,1970-01-01,NA,NA,NA,NA
"Carl Lawson","CIN","DL","13202","weighted",NA,NA,NA,NA,NA,NA,NA,NA,NA,NA,NA,NA,NA,NA,NA,NA,NA,NA,NA,NA,NA,NA,NA,NA,NA,NA,NA,NA,NA,NA,NA,NA,NA,NA,NA,NA,NA,NA,NA,NA,NA,NA,NA,NA,13.6690508940853,3.25269119345812,3.22049518569463,1.69705627484771,0,0,0.134938101788171,0.212132034355964,0,0,2017,1995-06-29,NA,NA,NA,NA
"Dontari Poe","CAR","DL","10761","weighted",NA,NA,NA,NA,NA,NA,NA,NA,NA,NA,NA,NA,NA,NA,NA,NA,NA,NA,NA,NA,NA,NA,NA,NA,NA,NA,NA,NA,NA,NA,NA,NA,NA,NA,NA,NA,NA,NA,NA,NA,NA,NA,NA,NA,15.8781481481481,0.190918830920368,2.12636488340192,0.197989898732233,0,0,0.0180521262002743,0.0282842712474619,0,0,2012,1990-08-18,NA,NA,NA,NA
"Dontari Poe","DAL","DL","10761","weighted",NA,NA,NA,NA,NA,NA,NA,NA,NA,NA,NA,NA,NA,NA,NA,NA,NA,NA,NA,NA,NA,NA,NA,NA,NA,NA,NA,NA,NA,NA,NA,NA,NA,NA,NA,NA,NA,NA,NA,NA,NA,NA,NA,NA,15.8781481481481,0.190918830920368,2.12636488340192,0.197989898732233,0,0,0.0180521262002743,0.0282842712474619,0,0,2012,1990-08-18,NA,NA,NA,NA
"Nick Williams","CHI","DL","11412","weighted",NA,NA,NA,NA,NA,NA,NA,NA,NA,NA,NA,NA,NA,NA,NA,NA,NA,NA,NA,NA,NA,NA,NA,NA,NA,NA,NA,NA,NA,NA,NA,NA,NA,NA,NA,NA,NA,NA,NA,NA,NA,NA,NA,NA,7.35034090909091,8.0482991796378,0.873570075757576,0.924551775524966,0.0031155303030303,0.00568537704654402,0.503200757575758,0.482463816631471,0,0,2013,1990-02-21,NA,NA,NA,NA
"Nick Williams","DET","DL","11412","weighted",NA,NA,NA,NA,NA,NA,NA,NA,NA,NA,NA,NA,NA,NA,NA,NA,NA,NA,NA,NA,NA,NA,NA,NA,NA,NA,NA,NA,NA,NA,NA,NA,NA,NA,NA,NA,NA,NA,NA,NA,NA,NA,NA,NA,7.35034090909091,8.0482991796378,0.873570075757576,0.924551775524966,0.0031155303030303,0.00568537704654402,0.503200757575758,0.482463816631471,0,0,2013,1990-02-21,NA,NA,NA,NA
"Jordan Willis","CIN","DL","13207","weighted",NA,NA,NA,NA,NA,NA,NA,NA,NA,NA,NA,NA,NA,NA,NA,NA,NA,NA,NA,NA,NA,NA,NA,NA,NA,NA,NA,NA,NA,NA,NA,NA,NA,NA,NA,NA,NA,NA,NA,NA,NA,NA,NA,NA,8.91806818181818,8.64659148120481,0.563532196969697,0.870122594774312,0.0498484848484849,0.0909660327447043,0.754801136363636,0.723695724947206,0,0,2017,1995-05-02,NA,NA,NA,NA
"Jordan Willis","NYJ","DL","13207","weighted",NA,NA,NA,NA,NA,NA,NA,NA,NA,NA,NA,NA,NA,NA,NA,NA,NA,NA,NA,NA,NA,NA,NA,NA,NA,NA,NA,NA,NA,NA,NA,NA,NA,NA,NA,NA,NA,NA,NA,NA,NA,NA,NA,NA,8.91806818181818,8.64659148120481,0.563532196969697,0.870122594774312,0.0498484848484849,0.0909660327447043,0.754801136363636,0.723695724947206,0,0,2017,1995-05-02,NA,NA,NA,NA
"Wes Horton","NO","DL","11515","weighted",NA,NA,NA,NA,NA,NA,NA,NA,NA,NA,NA,NA,NA,NA,NA,NA,NA,NA,NA,NA,NA,NA,NA,NA,NA,NA,NA,NA,NA,NA,NA,NA,NA,NA,NA,NA,NA,NA,NA,NA,NA,NA,NA,NA,8.64720643939394,8.44613206536173,0.464214015151515,0.847121179935059,0.0249242424242424,0.0454830163723521,0.6671875,0.712688179920698,0,0,2013,1990-01-18,NA,NA,NA,NA
"Wes Horton","FA","DL","11515","weighted",NA,NA,NA,NA,NA,NA,NA,NA,NA,NA,NA,NA,NA,NA,NA,NA,NA,NA,NA,NA,NA,NA,NA,NA,NA,NA,NA,NA,NA,NA,NA,NA,NA,NA,NA,NA,NA,NA,NA,NA,NA,NA,NA,NA,8.64720643939394,8.44613206536173,0.464214015151515,0.847121179935059,0.0249242424242424,0.0454830163723521,0.6671875,0.712688179920698,0,0,2013,1990-01-18,NA,NA,NA,NA
"Jordan Phillips","BUF","DL","12229","weighted",NA,NA,NA,NA,NA,NA,NA,NA,NA,NA,NA,NA,NA,NA,NA,NA,NA,NA,NA,NA,NA,NA,NA,NA,NA,NA,NA,NA,NA,NA,NA,NA,NA,NA,NA,NA,NA,NA,NA,NA,NA,NA,NA,NA,12.2092455418381,3.9315137033972,1.8023731138546,0.473761543394987,0.121851851851852,0.190918830920368,0.762702331961591,1.19501046020527,0,0,2015,1992-09-21,NA,NA,NA,NA
"Jordan Phillips","ARI","DL","12229","weighted",NA,NA,NA,NA,NA,NA,NA,NA,NA,NA,NA,NA,NA,NA,NA,NA,NA,NA,NA,NA,NA,NA,NA,NA,NA,NA,NA,NA,NA,NA,NA,NA,NA,NA,NA,NA,NA,NA,NA,NA,NA,NA,NA,NA,12.2092455418381,3.9315137033972,1.8023731138546,0.473761543394987,0.121851851851852,0.190918830920368,0.762702331961591,1.19501046020527,0,0,2015,1992-09-21,NA,NA,NA,NA
"Chris Smith","CLE","DL","11821","weighted",NA,NA,NA,NA,NA,NA,NA,NA,NA,NA,NA,NA,NA,NA,NA,NA,NA,NA,NA,NA,NA,NA,NA,NA,NA,NA,NA,NA,NA,NA,NA,NA,NA,NA,NA,NA,NA,NA,NA,NA,NA,NA,NA,NA,12.4847595818815,2.54076223107704,1.91464808362369,1.14961834264083,0.00917073170731707,0.0194409183048953,1.03754006968641,0.883970839399675,0,0,2014,1992-02-11,NA,NA,NA,NA
"Chris Smith","CAR","DL","11821","weighted",NA,NA,NA,NA,NA,NA,NA,NA,NA,NA,NA,NA,NA,NA,NA,NA,NA,NA,NA,NA,NA,NA,NA,NA,NA,NA,NA,NA,NA,NA,NA,NA,NA,NA,NA,NA,NA,NA,NA,NA,NA,NA,NA,NA,12.4847595818815,2.54076223107704,1.91464808362369,1.14961834264083,0.00917073170731707,0.0194409183048953,1.03754006968641,0.883970839399675,0,0,2014,1992-02-11,NA,NA,NA,NA
"Mario Edwards","NO","DL","12219","weighted",NA,NA,NA,NA,NA,NA,NA,NA,NA,NA,NA,NA,NA,NA,NA,NA,NA,NA,NA,NA,NA,NA,NA,NA,NA,NA,NA,NA,NA,NA,NA,NA,NA,NA,NA,NA,NA,NA,NA,NA,NA,NA,NA,NA,11.934606271777,2.31733765680846,2.3568362369338,0.986924550758857,0.0137560975609756,0.0291613774573429,0.251637630662021,0.338037722119219,0,0,NA,1994-01-25,NA,NA,NA,NA
"Kemoko Turay","IND","DL","13735","weighted",NA,NA,NA,NA,NA,NA,NA,NA,NA,NA,NA,NA,NA,NA,NA,NA,NA,NA,NA,NA,NA,NA,NA,NA,NA,NA,NA,NA,NA,NA,NA,NA,NA,NA,NA,NA,NA,NA,NA,NA,NA,NA,NA,NA,11.9259657039711,3.47498336625802,4.17443140794224,1.69428228451687,0,0,0.160342960288809,0.302672788842258,0,0,2018,1995-07-11,"Q","Ankle",2019,0
"Derek Rivers","NE","DL","13271","weighted",NA,NA,NA,NA,NA,NA,NA,NA,NA,NA,NA,NA,NA,NA,NA,NA,NA,NA,NA,NA,NA,NA,NA,NA,NA,NA,NA,NA,NA,NA,NA,NA,NA,NA,NA,NA,NA,NA,NA,NA,NA,NA,NA,NA,14.4621309370988,0.636396103067893,3.5,0,0,0,0.486521181001284,0.707106781186547,0,0,2017,1994-01-01,NA,NA,NA,NA
"Austin Johnson","TEN","DL","12700","weighted",NA,NA,NA,NA,NA,NA,NA,NA,NA,NA,NA,NA,NA,NA,NA,NA,NA,NA,NA,NA,NA,NA,NA,NA,NA,NA,NA,NA,NA,NA,NA,NA,NA,NA,NA,NA,NA,NA,NA,NA,NA,NA,NA,NA,13.7035416666667,1.89526386227356,1.13066287878788,0.164365182333662,0.0155776515151515,0.0284268852327201,1.09542613636364,1.17072858885522,0,0,2016,1994-05-08,NA,NA,NA,NA
"Austin Johnson","NYG","DL","12700","weighted",NA,NA,NA,NA,NA,NA,NA,NA,NA,NA,NA,NA,NA,NA,NA,NA,NA,NA,NA,NA,NA,NA,NA,NA,NA,NA,NA,NA,NA,NA,NA,NA,NA,NA,NA,NA,NA,NA,NA,NA,NA,NA,NA,NA,13.7035416666667,1.89526386227356,1.13066287878788,0.164365182333662,0.0155776515151515,0.0284268852327201,1.09542613636364,1.17072858885522,0,0,2016,1994-05-08,NA,NA,NA,NA
"Dawuane Smoot","JAC","DL","13267","weighted",NA,NA,NA,NA,NA,NA,NA,NA,NA,NA,NA,NA,NA,NA,NA,NA,NA,NA,NA,NA,NA,NA,NA,NA,NA,NA,NA,NA,NA,NA,NA,NA,NA,NA,NA,NA,NA,NA,NA,NA,NA,NA,NA,NA,10.9007407407407,6.10940258945177,0.329451303155007,0.51618795026618,0,0,0.153443072702332,0.240416305603426,0,0,2017,1995-03-02,NA,NA,NA,NA
"Adam Butler","NE","DL","13448","weighted",NA,NA,NA,NA,NA,NA,NA,NA,NA,NA,NA,NA,NA,NA,NA,NA,NA,NA,NA,NA,NA,NA,NA,NA,NA,NA,NA,NA,NA,NA,NA,NA,NA,NA,NA,NA,NA,NA,NA,NA,NA,NA,NA,NA,10.5659848484848,4.73211767963307,2.86170454545455,0.477571671909697,0,0,0.757537878787879,0.746766251313278,0,0,NA,1994-04-12,NA,NA,NA,NA
"Damion Square","LAC","DL","11492","weighted",NA,NA,NA,NA,NA,NA,NA,NA,NA,NA,NA,NA,NA,NA,NA,NA,NA,NA,NA,NA,NA,NA,NA,NA,NA,NA,NA,NA,NA,NA,NA,NA,NA,NA,NA,NA,NA,NA,NA,NA,NA,NA,NA,NA,13.5574897119342,1.63341666454092,1.87434842249657,0.353553390593274,0.00902606310013717,0.0141421356237309,0.306886145404664,0.480832611206852,0,0,2013,1989-02-06,NA,NA,NA,NA
"Brandon Dunn","HOU","DL","12111","weighted",NA,NA,NA,NA,NA,NA,NA,NA,NA,NA,NA,NA,NA,NA,NA,NA,NA,NA,NA,NA,NA,NA,NA,NA,NA,NA,NA,NA,NA,NA,NA,NA,NA,NA,NA,NA,NA,NA,NA,NA,NA,NA,NA,NA,7.54925189393939,7.6135476922487,0.0498484848484849,0.0909660327447043,0.325426136363636,0.478500222010911,0.580899621212121,0.557877466962731,0,0,2014,1992-09-05,NA,NA,NA,NA
"Daylon Mack","BAL","DL","14166","weighted",NA,NA,NA,NA,NA,NA,NA,NA,NA,NA,NA,NA,NA,NA,NA,NA,NA,NA,NA,NA,NA,NA,NA,NA,NA,NA,NA,NA,NA,NA,NA,NA,NA,NA,NA,NA,NA,NA,NA,NA,NA,NA,NA,NA,12.0714814814815,3.24562012564625,0.992866941015089,1.5556349186104,0.0180521262002743,0.0282842712474619,0.401659807956104,0.629325035256027,0,0,2019,1970-01-01,NA,NA,NA,NA
"William Hayes","FA","DL","9156","weighted",NA,NA,NA,NA,NA,NA,NA,NA,NA,NA,NA,NA,NA,NA,NA,NA,NA,NA,NA,NA,NA,NA,NA,NA,NA,NA,NA,NA,NA,NA,NA,NA,NA,NA,NA,NA,NA,NA,NA,NA,NA,NA,NA,NA,6.52200825309491,10.2530483272049,0.854607977991747,1.34350288425444,0,0,0.359834938101788,0.565685424949238,0,0,2008,1985-05-02,NA,NA,NA,NA
"Eli Ankou","JAC","DL","13460","weighted",NA,NA,NA,NA,NA,NA,NA,NA,NA,NA,NA,NA,NA,NA,NA,NA,NA,NA,NA,NA,NA,NA,NA,NA,NA,NA,NA,NA,NA,NA,NA,NA,NA,NA,NA,NA,NA,NA,NA,NA,NA,NA,NA,NA,10.318431911967,5.37401153701776,1.54497936726272,0.0707106781186548,0,0,0.404814305364512,0.636396103067893,0,0,2017,1994-06-08,NA,NA,NA,NA
"Eli Ankou","CLE","DL","13460","weighted",NA,NA,NA,NA,NA,NA,NA,NA,NA,NA,NA,NA,NA,NA,NA,NA,NA,NA,NA,NA,NA,NA,NA,NA,NA,NA,NA,NA,NA,NA,NA,NA,NA,NA,NA,NA,NA,NA,NA,NA,NA,NA,NA,NA,10.318431911967,5.37401153701776,1.54497936726272,0.0707106781186548,0,0,0.404814305364512,0.636396103067893,0,0,2017,1994-06-08,NA,NA,NA,NA
"RJ McIntosh","NYG","DL","13773","weighted",NA,NA,NA,NA,NA,NA,NA,NA,NA,NA,NA,NA,NA,NA,NA,NA,NA,NA,NA,NA,NA,NA,NA,NA,NA,NA,NA,NA,NA,NA,NA,NA,NA,NA,NA,NA,NA,NA,NA,NA,NA,NA,NA,NA,11.6668371212121,2.35991236711352,0.836714015151515,0.699855096395253,0.0155776515151515,0.0284268852327201,0.211856060606061,0.386605639164993,0,0,2018,1996-06-02,NA,NA,NA,NA
"Vernon Butler","CAR","DL","12740","weighted",NA,NA,NA,NA,NA,NA,NA,NA,NA,NA,NA,NA,NA,NA,NA,NA,NA,NA,NA,NA,NA,NA,NA,NA,NA,NA,NA,NA,NA,NA,NA,NA,NA,NA,NA,NA,NA,NA,NA,NA,NA,NA,NA,NA,11.3116382575758,2.39354373659503,1.15729166666667,1.02706147022475,0.0155776515151515,0.0284268852327201,0.183816287878788,0.335437245746097,0,0,2016,1994-06-14,NA,NA,NA,NA
"Vernon Butler","BUF","DL","12740","weighted",NA,NA,NA,NA,NA,NA,NA,NA,NA,NA,NA,NA,NA,NA,NA,NA,NA,NA,NA,NA,NA,NA,NA,NA,NA,NA,NA,NA,NA,NA,NA,NA,NA,NA,NA,NA,NA,NA,NA,NA,NA,NA,NA,NA,11.3116382575758,2.39354373659503,1.15729166666667,1.02706147022475,0.0155776515151515,0.0284268852327201,0.183816287878788,0.335437245746097,0,0,2016,1994-06-14,NA,NA,NA,NA
"Kingsley Keke","GB","DL","14248","weighted",NA,NA,NA,NA,NA,NA,NA,NA,NA,NA,NA,NA,NA,NA,NA,NA,NA,NA,NA,NA,NA,NA,NA,NA,NA,NA,NA,NA,NA,NA,NA,NA,NA,NA,NA,NA,NA,NA,NA,NA,NA,NA,NA,NA,12.0097256515775,2.83549819255806,0.952249657064472,1.49199530830361,0.0180521262002743,0.0282842712474619,0.388120713305898,0.608111831820431,0,0,2019,1970-01-01,NA,NA,NA,NA
"Beau Allen","TB","DL","11862","weighted",NA,NA,NA,NA,NA,NA,NA,NA,NA,NA,NA,NA,NA,NA,NA,NA,NA,NA,NA,NA,NA,NA,NA,NA,NA,NA,NA,NA,NA,NA,NA,NA,NA,NA,NA,NA,NA,NA,NA,NA,NA,NA,NA,NA,13.3047462277092,0.947523086789973,0.50997256515775,0.799030662740799,0,0,0.261755829903978,0.410121933088197,0,0,2014,1991-11-14,NA,NA,NA,NA
"Beau Allen","NE","DL","11862","weighted",NA,NA,NA,NA,NA,NA,NA,NA,NA,NA,NA,NA,NA,NA,NA,NA,NA,NA,NA,NA,NA,NA,NA,NA,NA,NA,NA,NA,NA,NA,NA,NA,NA,NA,NA,NA,NA,NA,NA,NA,NA,NA,NA,NA,13.3047462277092,0.947523086789973,0.50997256515775,0.799030662740799,0,0,0.261755829903978,0.410121933088197,0,0,2014,1991-11-14,NA,NA,NA,NA
"Dre'Mont Jones","DEN","DL","14164","weighted",NA,NA,NA,NA,NA,NA,NA,NA,NA,NA,NA,NA,NA,NA,NA,NA,NA,NA,NA,NA,NA,NA,NA,NA,NA,NA,NA,NA,NA,NA,NA,NA,NA,NA,NA,NA,NA,NA,NA,NA,NA,NA,NA,NA,12.248683127572,2.26981276760882,2.42327846364883,0.120208152801713,0.0180521262002743,0.0282842712474619,0.44679012345679,0.700035713374682,0,0,2019,1997-01-05,NA,NA,NA,NA
"Rashan Gary","GB","DL","14149","weighted",NA,NA,NA,NA,NA,NA,NA,NA,NA,NA,NA,NA,NA,NA,NA,NA,NA,NA,NA,NA,NA,NA,NA,NA,NA,NA,NA,NA,NA,NA,NA,NA,NA,NA,NA,NA,NA,NA,NA,NA,NA,NA,NA,NA,8.28060469314079,5.97218213049595,1.7548285198556,2.871385713262,0.00593862815884477,0.011210103290454,1.40980144404332,2.29213561975852,0,0,2019,1997-12-03,NA,NA,NA,NA
"Rakeem Nunez-Roches","TB","DL","12361","weighted",NA,NA,NA,NA,NA,NA,NA,NA,NA,NA,NA,NA,NA,NA,NA,NA,NA,NA,NA,NA,NA,NA,NA,NA,NA,NA,NA,NA,NA,NA,NA,NA,NA,NA,NA,NA,NA,NA,NA,NA,NA,NA,NA,NA,11.1313717421125,3.86787409309041,1.43515775034294,0.728319984622144,0.00902606310013717,0.0141421356237309,0.0722085048010974,0.113137084989848,0,0,2015,1993-07-03,NA,NA,NA,NA
"Ryan Glasgow","CIN","DL","13297","weighted",NA,NA,NA,NA,NA,NA,NA,NA,NA,NA,NA,NA,NA,NA,NA,NA,NA,NA,NA,NA,NA,NA,NA,NA,NA,NA,NA,NA,NA,NA,NA,NA,NA,NA,NA,NA,NA,NA,NA,NA,NA,NA,NA,NA,13.4375308641975,0.254558441227157,0.379094650205761,0.5939696961967,0.0225651577503429,0.0353553390593274,0.0631824417009602,0.0989949493661166,0,0,2017,1993-09-30,NA,NA,NA,NA
"Terrell McClain","FA","DL","10329","weighted",NA,NA,NA,NA,NA,NA,NA,NA,NA,NA,NA,NA,NA,NA,NA,NA,NA,NA,NA,NA,NA,NA,NA,NA,NA,NA,NA,NA,NA,NA,NA,NA,NA,NA,NA,NA,NA,NA,NA,NA,NA,NA,NA,NA,6.02723521320495,9.47523086789974,0.674690508940853,1.06066017177982,0,0,0.179917469050894,0.282842712474619,0,0,2011,1988-07-20,NA,NA,NA,NA
"Jihad Ward","IND","DL","12744","weighted",NA,NA,NA,NA,NA,NA,NA,NA,NA,NA,NA,NA,NA,NA,NA,NA,NA,NA,NA,NA,NA,NA,NA,NA,NA,NA,NA,NA,NA,NA,NA,NA,NA,NA,NA,NA,NA,NA,NA,NA,NA,NA,NA,NA,10.4313617606602,4.66690475583121,3.8353507565337,1.20208152801713,0,0,0,0,0,0,2016,1994-03-11,NA,NA,NA,NA
"Jihad Ward","BAL","DL","12744","weighted",NA,NA,NA,NA,NA,NA,NA,NA,NA,NA,NA,NA,NA,NA,NA,NA,NA,NA,NA,NA,NA,NA,NA,NA,NA,NA,NA,NA,NA,NA,NA,NA,NA,NA,NA,NA,NA,NA,NA,NA,NA,NA,NA,NA,10.4313617606602,4.66690475583121,3.8353507565337,1.20208152801713,0,0,0,0,0,0,2016,1994-03-11,NA,NA,NA,NA
"Christian Covington","DAL","DL","12360","weighted",NA,NA,NA,NA,NA,NA,NA,NA,NA,NA,NA,NA,NA,NA,NA,NA,NA,NA,NA,NA,NA,NA,NA,NA,NA,NA,NA,NA,NA,NA,NA,NA,NA,NA,NA,NA,NA,NA,NA,NA,NA,NA,NA,NA,9.28203598484849,7.05608793779063,2.02144886363636,1.54518827512474,0,0,0.146429924242424,0.267212721187569,0,0,2015,1993-10-16,NA,NA,NA,NA
"Christian Covington","DEN","DL","12360","weighted",NA,NA,NA,NA,NA,NA,NA,NA,NA,NA,NA,NA,NA,NA,NA,NA,NA,NA,NA,NA,NA,NA,NA,NA,NA,NA,NA,NA,NA,NA,NA,NA,NA,NA,NA,NA,NA,NA,NA,NA,NA,NA,NA,NA,9.28203598484849,7.05608793779063,2.02144886363636,1.54518827512474,0,0,0.146429924242424,0.267212721187569,0,0,2015,1993-10-16,NA,NA,NA,NA
"Rasheem Green","SEA","DL","13746","weighted",NA,NA,NA,NA,NA,NA,NA,NA,NA,NA,NA,NA,NA,NA,NA,NA,NA,NA,NA,NA,NA,NA,NA,NA,NA,NA,NA,NA,NA,NA,NA,NA,NA,NA,NA,NA,NA,NA,NA,NA,NA,NA,NA,NA,10.9541953232462,2.75771644662754,1.74016506189821,0.565685424949238,0,0,0.179917469050894,0.282842712474619,0,0,2018,1997-05-15,NA,NA,NA,NA
"Jake Martin","HOU","DL","13802","weighted",NA,NA,NA,NA,NA,NA,NA,NA,NA,NA,NA,NA,NA,NA,NA,NA,NA,NA,NA,NA,NA,NA,NA,NA,NA,NA,NA,NA,NA,NA,NA,NA,NA,NA,NA,NA,NA,NA,NA,NA,NA,NA,NA,NA,6.32477535301669,9.19238815542512,2.18934531450578,3.18198051533946,0,0,0.486521181001284,0.707106781186547,0,0,2018,1995-12-11,NA,NA,NA,NA
"Trey Hendrickson","NO","DL","13284","weighted",NA,NA,NA,NA,NA,NA,NA,NA,NA,NA,NA,NA,NA,NA,NA,NA,NA,NA,NA,NA,NA,NA,NA,NA,NA,NA,NA,NA,NA,NA,NA,NA,NA,NA,NA,NA,NA,NA,NA,NA,NA,NA,NA,NA,11.6252556818182,1.18745448751329,1.86261363636364,1.90128056018019,0.0155776515151515,0.0284268852327201,0.224318181818182,0.409347147351169,0,0,2017,1994-12-05,NA,NA,NA,NA
"Mike Pennel","FA","DL","11970","weighted",NA,NA,NA,NA,NA,NA,NA,NA,NA,NA,NA,NA,NA,NA,NA,NA,NA,NA,NA,NA,NA,NA,NA,NA,NA,NA,NA,NA,NA,NA,NA,NA,NA,NA,NA,NA,NA,NA,NA,NA,NA,NA,NA,NA,5.62242090784044,8.83883476483184,0.404814305364512,0.636396103067893,0,0,0.449793672627235,0.707106781186547,0,0,2014,1991-05-09,NA,NA,NA,NA
"Mike Pennel","KC","DL","11970","weighted",NA,NA,NA,NA,NA,NA,NA,NA,NA,NA,NA,NA,NA,NA,NA,NA,NA,NA,NA,NA,NA,NA,NA,NA,NA,NA,NA,NA,NA,NA,NA,NA,NA,NA,NA,NA,NA,NA,NA,NA,NA,NA,NA,NA,5.62242090784044,8.83883476483184,0.404814305364512,0.636396103067893,0,0,0.449793672627235,0.707106781186547,0,0,2014,1991-05-09,NA,NA,NA,NA
"D.J. Jones","SF","DL","13332","weighted",NA,NA,NA,NA,NA,NA,NA,NA,NA,NA,NA,NA,NA,NA,NA,NA,NA,NA,NA,NA,NA,NA,NA,NA,NA,NA,NA,NA,NA,NA,NA,NA,NA,NA,NA,NA,NA,NA,NA,NA,NA,NA,NA,NA,8.09242798353909,6.27910821693654,0.108312757201646,0.169705627484771,0.00451303155006859,0.00707106781186547,0.0361042524005487,0.0565685424949238,0,0,2017,1995-01-19,NA,NA,NA,NA
"Danny Shelton","NE","DL","12226","weighted",NA,NA,NA,NA,NA,NA,NA,NA,NA,NA,NA,NA,NA,NA,NA,NA,NA,NA,NA,NA,NA,NA,NA,NA,NA,NA,NA,NA,NA,NA,NA,NA,NA,NA,NA,NA,NA,NA,NA,NA,NA,NA,NA,NA,6.67273674242424,6.49335389645652,0.112159090909091,0.204673573675585,0.0218087121212121,0.0397976393258081,0.0280397727272727,0.0511683934188962,0,0,2015,1993-08-20,NA,NA,NA,NA
"Danny Shelton","DET","DL","12226","weighted",NA,NA,NA,NA,NA,NA,NA,NA,NA,NA,NA,NA,NA,NA,NA,NA,NA,NA,NA,NA,NA,NA,NA,NA,NA,NA,NA,NA,NA,NA,NA,NA,NA,NA,NA,NA,NA,NA,NA,NA,NA,NA,NA,NA,6.67273674242424,6.49335389645652,0.112159090909091,0.204673573675585,0.0218087121212121,0.0397976393258081,0.0280397727272727,0.0511683934188962,0,0,2015,1993-08-20,NA,NA,NA,NA
"Nathan Shepherd","NYJ","DL","13744","weighted",NA,NA,NA,NA,NA,NA,NA,NA,NA,NA,NA,NA,NA,NA,NA,NA,NA,NA,NA,NA,NA,NA,NA,NA,NA,NA,NA,NA,NA,NA,NA,NA,NA,NA,NA,NA,NA,NA,NA,NA,NA,NA,NA,NA,10.7137973484848,1.19778508660319,0.571742424242424,0.560234039069858,0.0186931818181818,0.0341122622792641,0.582689393939394,0.848402737712511,0,0,2018,1993-10-09,NA,NA,NA,NA
"Bronson Kaufusi","NYJ","DL","12757","weighted",NA,NA,NA,NA,NA,NA,NA,NA,NA,NA,NA,NA,NA,NA,NA,NA,NA,NA,NA,NA,NA,NA,NA,NA,NA,NA,NA,NA,NA,NA,NA,NA,NA,NA,NA,NA,NA,NA,NA,NA,NA,NA,NA,NA,11.0282716049383,1.209152595829,1.19857338820302,0.311126983722081,0.0135390946502058,0.0212132034355964,0.329451303155007,0.51618795026618,0,0,2016,NA,NA,NA,NA,NA
"Caleb Brantley","WAS","DL","13209","weighted",NA,NA,NA,NA,NA,NA,NA,NA,NA,NA,NA,NA,NA,NA,NA,NA,NA,NA,NA,NA,NA,NA,NA,NA,NA,NA,NA,NA,NA,NA,NA,NA,NA,NA,NA,NA,NA,NA,NA,NA,NA,NA,NA,NA,10.8289849108368,1.36471608769004,1.57672153635117,0.120208152801713,0.054156378600823,0.0848528137423857,0.315912208504801,0.494974746830583,0,0,2017,NA,NA,NA,NA,NA
"Tim Settle","WAS","DL","13694","weighted",NA,NA,NA,NA,NA,NA,NA,NA,NA,NA,NA,NA,NA,NA,NA,NA,NA,NA,NA,NA,NA,NA,NA,NA,NA,NA,NA,NA,NA,NA,NA,NA,NA,NA,NA,NA,NA,NA,NA,NA,NA,NA,NA,NA,11.438244170096,0.410121933088198,1.09928669410151,0.15556349186104,0,0,0.266268861454047,0.417193000900063,0,0,2018,1997-07-11,NA,NA,NA,NA
"DeMarcus Walker","DEN","DL","13258","weighted",NA,NA,NA,NA,NA,NA,NA,NA,NA,NA,NA,NA,NA,NA,NA,NA,NA,NA,NA,NA,NA,NA,NA,NA,NA,NA,NA,NA,NA,NA,NA,NA,NA,NA,NA,NA,NA,NA,NA,NA,NA,NA,NA,NA,10.4950068587106,1.08894444302728,2.47292181069959,0.0424264068711929,0.054156378600823,0.0848528137423857,0.469355281207133,0.735391052434009,0,0,2017,1994-09-30,NA,NA,NA,NA
"Hassan Ridgeway","PHI","DL","12780","weighted",NA,NA,NA,NA,NA,NA,NA,NA,NA,NA,NA,NA,NA,NA,NA,NA,NA,NA,NA,NA,NA,NA,NA,NA,NA,NA,NA,NA,NA,NA,NA,NA,NA,NA,NA,NA,NA,NA,NA,NA,NA,NA,NA,NA,10.2258984910837,1.68291413922398,2.79216735253772,1.26572113832392,0.00902606310013717,0.0141421356237309,0.12636488340192,0.197989898732233,0,0,2016,NA,NA,NA,NA,NA
"Kyle Love","CAR","DL","10111","weighted",NA,NA,NA,NA,NA,NA,NA,NA,NA,NA,NA,NA,NA,NA,NA,NA,NA,NA,NA,NA,NA,NA,NA,NA,NA,NA,NA,NA,NA,NA,NA,NA,NA,NA,NA,NA,NA,NA,NA,NA,NA,NA,NA,NA,10.5821810699588,0.912167747730646,2.59477366255144,0.148492424049175,0,0,0.370068587105624,0.579827560572969,0,0,2010,1986-11-18,NA,NA,NA,NA
"Kyle Love","FA","DL","10111","weighted",NA,NA,NA,NA,NA,NA,NA,NA,NA,NA,NA,NA,NA,NA,NA,NA,NA,NA,NA,NA,NA,NA,NA,NA,NA,NA,NA,NA,NA,NA,NA,NA,NA,NA,NA,NA,NA,NA,NA,NA,NA,NA,NA,NA,10.5821810699588,0.912167747730646,2.59477366255144,0.148492424049175,0,0,0.370068587105624,0.579827560572969,0,0,2010,1986-11-18,NA,NA,NA,NA
"Jullian Taylor","SF","DL","13828","weighted",NA,NA,NA,NA,NA,NA,NA,NA,NA,NA,NA,NA,NA,NA,NA,NA,NA,NA,NA,NA,NA,NA,NA,NA,NA,NA,NA,NA,NA,NA,NA,NA,NA,NA,NA,NA,NA,NA,NA,NA,NA,NA,NA,NA,9.5339780521262,2.45366053071732,0.442277091906721,0.692964645562816,0.00902606310013717,0.0141421356237309,0.144417009602195,0.226274169979695,0,0,2018,1995-01-30,"Q","Knee - ACL",2019,0
"Charles Omenihu","HOU","DL","14254","weighted",NA,NA,NA,NA,NA,NA,NA,NA,NA,NA,NA,NA,NA,NA,NA,NA,NA,NA,NA,NA,NA,NA,NA,NA,NA,NA,NA,NA,NA,NA,NA,NA,NA,NA,NA,NA,NA,NA,NA,NA,NA,NA,NA,NA,7.32173314993122,5.939696961967,0.550206327372765,0.707106781186547,0,0,0,0,0,0,2019,1997-08-20,NA,NA,NA,NA
"Jalen Jelks","DAL","DL","14300","weighted",NA,NA,NA,NA,NA,NA,NA,NA,NA,NA,NA,NA,NA,NA,NA,NA,NA,NA,NA,NA,NA,NA,NA,NA,NA,NA,NA,NA,NA,NA,NA,NA,NA,NA,NA,NA,NA,NA,NA,NA,NA,NA,NA,NA,4.98689986282579,7.81352993211135,0.73562414266118,1.15258405333407,0.00902606310013717,0.0141421356237309,0.293347050754458,0.459619407771256,0,0,2019,1970-01-01,NA,NA,NA,NA
"Zach Moore","ARI","DL","11845","weighted",NA,NA,NA,NA,NA,NA,NA,NA,NA,NA,NA,NA,NA,NA,NA,NA,NA,NA,NA,NA,NA,NA,NA,NA,NA,NA,NA,NA,NA,NA,NA,NA,NA,NA,NA,NA,NA,NA,NA,NA,NA,NA,NA,NA,4.85777166437414,7.63675323681471,1.25942228335626,1.97989898732233,0,0,0.359834938101788,0.565685424949238,0,0,2014,1990-09-05,NA,NA,NA,NA
"Branden Jackson","SEA","DL","13072","weighted",NA,NA,NA,NA,NA,NA,NA,NA,NA,NA,NA,NA,NA,NA,NA,NA,NA,NA,NA,NA,NA,NA,NA,NA,NA,NA,NA,NA,NA,NA,NA,NA,NA,NA,NA,NA,NA,NA,NA,NA,NA,NA,NA,NA,4.81279229711142,7.56604255869606,0.089958734525447,0.14142135623731,0,0,0,0,0,0,2016,1992-11-11,NA,NA,NA,NA
"Austin Bryant","DET","DL","14150","weighted",NA,NA,NA,NA,NA,NA,NA,NA,NA,NA,NA,NA,NA,NA,NA,NA,NA,NA,NA,NA,NA,NA,NA,NA,NA,NA,NA,NA,NA,NA,NA,NA,NA,NA,NA,NA,NA,NA,NA,NA,NA,NA,NA,NA,9.53053645116919,1.83847763108502,0,0,0,0,0.089958734525447,0.14142135623731,0,0,2019,1970-01-01,NA,NA,NA,NA
"Al Woods","SEA","DL","9940","weighted",NA,NA,NA,NA,NA,NA,NA,NA,NA,NA,NA,NA,NA,NA,NA,NA,NA,NA,NA,NA,NA,NA,NA,NA,NA,NA,NA,NA,NA,NA,NA,NA,NA,NA,NA,NA,NA,NA,NA,NA,NA,NA,NA,NA,3.70775568181818,5.58683456703834,0.227433712121212,0.415032524397713,0.00934659090909091,0.0170561311396321,0.201941287878788,0.19508574513715,0,0,2010,1987-03-25,NA,NA,NA,NA
"Al Woods","JAC","DL","9940","weighted",NA,NA,NA,NA,NA,NA,NA,NA,NA,NA,NA,NA,NA,NA,NA,NA,NA,NA,NA,NA,NA,NA,NA,NA,NA,NA,NA,NA,NA,NA,NA,NA,NA,NA,NA,NA,NA,NA,NA,NA,NA,NA,NA,NA,3.70775568181818,5.58683456703834,0.227433712121212,0.415032524397713,0.00934659090909091,0.0170561311396321,0.201941287878788,0.19508574513715,0,0,2010,1987-03-25,NA,NA,NA,NA
"Jonathan Bullard","FA","DL","12758","weighted",NA,NA,NA,NA,NA,NA,NA,NA,NA,NA,NA,NA,NA,NA,NA,NA,NA,NA,NA,NA,NA,NA,NA,NA,NA,NA,NA,NA,NA,NA,NA,NA,NA,NA,NA,NA,NA,NA,NA,NA,NA,NA,NA,NA,4.68903978052126,7.34683945652823,0.491920438957476,0.770746391493337,0.0361042524005487,0.0565685424949238,0.370068587105624,0.579827560572969,0,0,2016,1993-10-22,NA,NA,NA,NA
"Jonathan Bullard","ARI","DL","12758","weighted",NA,NA,NA,NA,NA,NA,NA,NA,NA,NA,NA,NA,NA,NA,NA,NA,NA,NA,NA,NA,NA,NA,NA,NA,NA,NA,NA,NA,NA,NA,NA,NA,NA,NA,NA,NA,NA,NA,NA,NA,NA,NA,NA,NA,4.68903978052126,7.34683945652823,0.491920438957476,0.770746391493337,0.0361042524005487,0.0565685424949238,0.370068587105624,0.579827560572969,0,0,2016,1993-10-22,NA,NA,NA,NA
"John Franklin-Myers","FA","DL","13770","weighted",NA,NA,NA,NA,NA,NA,NA,NA,NA,NA,NA,NA,NA,NA,NA,NA,NA,NA,NA,NA,NA,NA,NA,NA,NA,NA,NA,NA,NA,NA,NA,NA,NA,NA,NA,NA,NA,NA,NA,NA,NA,NA,NA,NA,5.25878787878788,5.32091493552585,1.38338068181818,1.45747822836399,0.0124621212121212,0.0227415081861761,0.273787878787879,0.350434360866554,0,0,2018,1996-09-26,NA,NA,NA,NA
"John Franklin-Myers","NYJ","DL","13770","weighted",NA,NA,NA,NA,NA,NA,NA,NA,NA,NA,NA,NA,NA,NA,NA,NA,NA,NA,NA,NA,NA,NA,NA,NA,NA,NA,NA,NA,NA,NA,NA,NA,NA,NA,NA,NA,NA,NA,NA,NA,NA,NA,NA,NA,5.25878787878788,5.32091493552585,1.38338068181818,1.45747822836399,0.0124621212121212,0.0227415081861761,0.273787878787879,0.350434360866554,0,0,2018,1996-09-26,NA,NA,NA,NA
"Trysten Hill","DAL","DL","14206","weighted",NA,NA,NA,NA,NA,NA,NA,NA,NA,NA,NA,NA,NA,NA,NA,NA,NA,NA,NA,NA,NA,NA,NA,NA,NA,NA,NA,NA,NA,NA,NA,NA,NA,NA,NA,NA,NA,NA,NA,NA,NA,NA,NA,NA,7.60880658436214,3.90322943214974,0.869122085048011,0.205060966544099,0.00451303155006859,0.00707106781186547,0.148930041152263,0.233345237791561,0,0,2019,NA,NA,NA,NA,NA
"Bryan Cox","FA","DL","13512","weighted",NA,NA,NA,NA,NA,NA,NA,NA,NA,NA,NA,NA,NA,NA,NA,NA,NA,NA,NA,NA,NA,NA,NA,NA,NA,NA,NA,NA,NA,NA,NA,NA,NA,NA,NA,NA,NA,NA,NA,NA,NA,NA,NA,NA,4.50400548696845,7.05692567624174,0.455816186556927,0.714177848998413,0.0225651577503429,0.0353553390593274,0.166982167352538,0.261629509039023,0,0,2017,1994-06-25,NA,NA,NA,NA
"Bryan Cox","BUF","DL","13512","weighted",NA,NA,NA,NA,NA,NA,NA,NA,NA,NA,NA,NA,NA,NA,NA,NA,NA,NA,NA,NA,NA,NA,NA,NA,NA,NA,NA,NA,NA,NA,NA,NA,NA,NA,NA,NA,NA,NA,NA,NA,NA,NA,NA,NA,4.50400548696845,7.05692567624174,0.455816186556927,0.714177848998413,0.0225651577503429,0.0353553390593274,0.166982167352538,0.261629509039023,0,0,2017,1994-06-25,NA,NA,NA,NA
"Terry Beckner","TB","DL","14285","weighted",NA,NA,NA,NA,NA,NA,NA,NA,NA,NA,NA,NA,NA,NA,NA,NA,NA,NA,NA,NA,NA,NA,NA,NA,NA,NA,NA,NA,NA,NA,NA,NA,NA,NA,NA,NA,NA,NA,NA,NA,NA,NA,NA,NA,6.6537037037037,4.77297077300919,0.194060356652949,0.304055915910215,0.00451303155006859,0.00707106781186547,0.0812345679012346,0.127279220613579,0,0,2019,NA,NA,NA,NA,NA
"Justin Hamilton",NA,"DL","13502","weighted",NA,NA,NA,NA,NA,NA,NA,NA,NA,NA,NA,NA,NA,NA,NA,NA,NA,NA,NA,NA,NA,NA,NA,NA,NA,NA,NA,NA,NA,NA,NA,NA,NA,NA,NA,NA,NA,NA,NA,NA,NA,NA,NA,NA,7.62780521262003,3.09005663378521,1.00071330589849,0.155563491861041,0.00902606310013717,0.0141421356237309,0.0812345679012346,0.127279220613579,0,0,NA,NA,NA,NA,NA,NA
"Jaleel Johnson","MIN","DL","13286","weighted",NA,NA,NA,NA,NA,NA,NA,NA,NA,NA,NA,NA,NA,NA,NA,NA,NA,NA,NA,NA,NA,NA,NA,NA,NA,NA,NA,NA,NA,NA,NA,NA,NA,NA,NA,NA,NA,NA,NA,NA,NA,NA,NA,NA,7.60283950617284,2.3546655813512,1.20308641975309,0.318198051533946,0.00451303155006859,0.00707106781186547,0.176008230452675,0.275771644662754,0,0,2017,1994-07-12,NA,NA,NA,NA
"Josh Sweat","PHI","DL","13690","weighted",NA,NA,NA,NA,NA,NA,NA,NA,NA,NA,NA,NA,NA,NA,NA,NA,NA,NA,NA,NA,NA,NA,NA,NA,NA,NA,NA,NA,NA,NA,NA,NA,NA,NA,NA,NA,NA,NA,NA,NA,NA,NA,NA,NA,6.77721536351166,3.9527269068328,0.230164609053498,0.360624458405139,0.00451303155006859,0.00707106781186547,0.0902606310013717,0.14142135623731,0,0,2018,1997-03-29,NA,NA,NA,NA
"T.Y. McGill","LAC","DL","12474","weighted",NA,NA,NA,NA,NA,NA,NA,NA,NA,NA,NA,NA,NA,NA,NA,NA,NA,NA,NA,NA,NA,NA,NA,NA,NA,NA,NA,NA,NA,NA,NA,NA,NA,NA,NA,NA,NA,NA,NA,NA,NA,NA,NA,NA,4.04367626886145,6.33567675943147,0.604746227709191,0.947523086789974,0.00902606310013717,0.0141421356237309,0.166982167352538,0.261629509039023,0,0,NA,NA,NA,NA,NA,NA
"Dontavius Russell","JAC","DL","14296","weighted",NA,NA,NA,NA,NA,NA,NA,NA,NA,NA,NA,NA,NA,NA,NA,NA,NA,NA,NA,NA,NA,NA,NA,NA,NA,NA,NA,NA,NA,NA,NA,NA,NA,NA,NA,NA,NA,NA,NA,NA,NA,NA,NA,NA,6.17412894375857,4.27092495836675,0.189547325102881,0.29698484809835,0.00451303155006859,0.00707106781186547,0.076721536351166,0.120208152801713,0,0,2019,1970-01-01,NA,NA,NA,NA
"John Jenkins","FA","DL","11286","weighted",NA,NA,NA,NA,NA,NA,NA,NA,NA,NA,NA,NA,NA,NA,NA,NA,NA,NA,NA,NA,NA,NA,NA,NA,NA,NA,NA,NA,NA,NA,NA,NA,NA,NA,NA,NA,NA,NA,NA,NA,NA,NA,NA,NA,6.69296401515152,2.79978359672875,0.338267045454545,0.35726329521553,0.00623106060606061,0.011370754093088,0.216950757575758,0.319000148007274,0,0,2013,1989-07-11,NA,NA,NA,NA
"John Jenkins","CHI","DL","11286","weighted",NA,NA,NA,NA,NA,NA,NA,NA,NA,NA,NA,NA,NA,NA,NA,NA,NA,NA,NA,NA,NA,NA,NA,NA,NA,NA,NA,NA,NA,NA,NA,NA,NA,NA,NA,NA,NA,NA,NA,NA,NA,NA,NA,NA,6.69296401515152,2.79978359672875,0.338267045454545,0.35726329521553,0.00623106060606061,0.011370754093088,0.216950757575758,0.319000148007274,0,0,2013,1989-07-11,NA,NA,NA,NA
"Ifeadi Odenigbo","MIN","DL","13343","weighted",NA,NA,NA,NA,NA,NA,NA,NA,NA,NA,NA,NA,NA,NA,NA,NA,NA,NA,NA,NA,NA,NA,NA,NA,NA,NA,NA,NA,NA,NA,NA,NA,NA,NA,NA,NA,NA,NA,NA,NA,NA,NA,NA,NA,3.61042524005487,5.65685424949238,0.518998628257887,0.813172798364529,0,0,0.162469135802469,0.254558441227157,0,0,2017,NA,NA,NA,NA,NA
"Foley Fatukasi","NYJ","DL","13798","weighted",NA,NA,NA,NA,NA,NA,NA,NA,NA,NA,NA,NA,NA,NA,NA,NA,NA,NA,NA,NA,NA,NA,NA,NA,NA,NA,NA,NA,NA,NA,NA,NA,NA,NA,NA,NA,NA,NA,NA,NA,NA,NA,NA,NA,7.71004126547455,0.14142135623731,0.550206327372765,0.707106781186547,0,0,0,0,0,0,2018,1995-03-04,NA,NA,NA,NA
"Jamie Meder","SEA","DL","12136","weighted",NA,NA,NA,NA,NA,NA,NA,NA,NA,NA,NA,NA,NA,NA,NA,NA,NA,NA,NA,NA,NA,NA,NA,NA,NA,NA,NA,NA,NA,NA,NA,NA,NA,NA,NA,NA,NA,NA,NA,NA,NA,NA,NA,NA,3.49759945130315,5.48007755419574,0.12636488340192,0.197989898732233,0.0180521262002743,0.0282842712474619,0.0631824417009602,0.0989949493661166,0,0,NA,NA,NA,NA,NA,NA
"Jamie Meder","FA","DL","12136","weighted",NA,NA,NA,NA,NA,NA,NA,NA,NA,NA,NA,NA,NA,NA,NA,NA,NA,NA,NA,NA,NA,NA,NA,NA,NA,NA,NA,NA,NA,NA,NA,NA,NA,NA,NA,NA,NA,NA,NA,NA,NA,NA,NA,NA,3.49759945130315,5.48007755419574,0.12636488340192,0.197989898732233,0.0180521262002743,0.0282842712474619,0.0631824417009602,0.0989949493661166,0,0,NA,NA,NA,NA,NA,NA
"Joel Heath","HOU","DL","12950","weighted",NA,NA,NA,NA,NA,NA,NA,NA,NA,NA,NA,NA,NA,NA,NA,NA,NA,NA,NA,NA,NA,NA,NA,NA,NA,NA,NA,NA,NA,NA,NA,NA,NA,NA,NA,NA,NA,NA,NA,NA,NA,NA,NA,NA,4.48462121212121,4.3074728647738,0.196278409090909,0.358178753932273,0.0155776515151515,0.0284268852327201,0.1028125,0.187617442535953,0,0,2016,1993-06-18,NA,NA,NA,NA
"Joel Heath","DEN","DL","12950","weighted",NA,NA,NA,NA,NA,NA,NA,NA,NA,NA,NA,NA,NA,NA,NA,NA,NA,NA,NA,NA,NA,NA,NA,NA,NA,NA,NA,NA,NA,NA,NA,NA,NA,NA,NA,NA,NA,NA,NA,NA,NA,NA,NA,NA,4.48462121212121,4.3074728647738,0.196278409090909,0.358178753932273,0.0155776515151515,0.0284268852327201,0.1028125,0.187617442535953,0,0,2016,1993-06-18,NA,NA,NA,NA
"Vincent Valentine","FA","DL","12766","weighted",NA,NA,NA,NA,NA,NA,NA,NA,NA,NA,NA,NA,NA,NA,NA,NA,NA,NA,NA,NA,NA,NA,NA,NA,NA,NA,NA,NA,NA,NA,NA,NA,NA,NA,NA,NA,NA,NA,NA,NA,NA,NA,NA,NA,3.0585969738652,4.80832611206852,0,0,0,0,0.944566712517194,1.48492424049175,0,0,2016,1994-02-23,NA,NA,NA,NA
"Bruce Hector","ARI","DL","13922","weighted",NA,NA,NA,NA,NA,NA,NA,NA,NA,NA,NA,NA,NA,NA,NA,NA,NA,NA,NA,NA,NA,NA,NA,NA,NA,NA,NA,NA,NA,NA,NA,NA,NA,NA,NA,NA,NA,NA,NA,NA,NA,NA,NA,NA,6.239670781893,0.721248916810279,1.23753086419753,0.254558441227157,0,0,0.108312757201646,0.169705627484771,0,0,2018,1970-01-01,NA,NA,NA,NA
"Bruce Hector","PHI","DL","13922","weighted",NA,NA,NA,NA,NA,NA,NA,NA,NA,NA,NA,NA,NA,NA,NA,NA,NA,NA,NA,NA,NA,NA,NA,NA,NA,NA,NA,NA,NA,NA,NA,NA,NA,NA,NA,NA,NA,NA,NA,NA,NA,NA,NA,NA,6.239670781893,0.721248916810279,1.23753086419753,0.254558441227157,0,0,0.108312757201646,0.169705627484771,0,0,2018,1970-01-01,NA,NA,NA,NA
"Jeremiah Ledbetter","TB","DL","13336","weighted",NA,NA,NA,NA,NA,NA,NA,NA,NA,NA,NA,NA,NA,NA,NA,NA,NA,NA,NA,NA,NA,NA,NA,NA,NA,NA,NA,NA,NA,NA,NA,NA,NA,NA,NA,NA,NA,NA,NA,NA,NA,NA,NA,NA,2.73941015089163,4.29213816180234,0.342990397805213,0.537401153701776,0,0,0.0676954732510288,0.106066017177982,0,0,2017,1994-06-02,NA,NA,NA,NA
"Dan McCullers-Sanders","PIT","DL","11719","weighted",NA,NA,NA,NA,NA,NA,NA,NA,NA,NA,NA,NA,NA,NA,NA,NA,NA,NA,NA,NA,NA,NA,NA,NA,NA,NA,NA,NA,NA,NA,NA,NA,NA,NA,NA,NA,NA,NA,NA,NA,NA,NA,NA,NA,5.54299039780521,0.537401153701776,0.941330589849108,0.0919238815542512,0.00451303155006859,0.00707106781186547,0.108312757201646,0.169705627484771,0,0,2014,1992-08-11,NA,NA,NA,NA
"Marquis Haynes","CAR","DL","13771","weighted",NA,NA,NA,NA,NA,NA,NA,NA,NA,NA,NA,NA,NA,NA,NA,NA,NA,NA,NA,NA,NA,NA,NA,NA,NA,NA,NA,NA,NA,NA,NA,NA,NA,NA,NA,NA,NA,NA,NA,NA,NA,NA,NA,NA,2.47314128943759,3.87494516090228,0.361042524005487,0.565685424949238,0.00451303155006859,0.00707106781186547,0.130877914951989,0.205060966544099,0,0,2018,1993-12-16,NA,NA,NA,NA
"Muhammad Wilkerson","FA","DL","10314","weighted",NA,NA,NA,NA,NA,NA,NA,NA,NA,NA,NA,NA,NA,NA,NA,NA,NA,NA,NA,NA,NA,NA,NA,NA,NA,NA,NA,NA,NA,NA,NA,NA,NA,NA,NA,NA,NA,NA,NA,NA,NA,NA,NA,NA,2.02407152682256,3.18198051533946,0.134938101788171,0.212132034355964,0,0,0.269876203576341,0.424264068711928,0,0,2011,1989-10-22,NA,NA,NA,NA
"Carl Davis","CLE","DL","12227","weighted",NA,NA,NA,NA,NA,NA,NA,NA,NA,NA,NA,NA,NA,NA,NA,NA,NA,NA,NA,NA,NA,NA,NA,NA,NA,NA,NA,NA,NA,NA,NA,NA,NA,NA,NA,NA,NA,NA,NA,NA,NA,NA,NA,NA,1.67433470507545,2.62336615820209,0.252729766803841,0.395979797464467,0.0270781893004115,0.0424264068711928,0.0496433470507545,0.0777817459305202,0,0,2015,1992-03-02,"S","Suspension",2019,0
"Carl Davis","FA","DL","12227","weighted",NA,NA,NA,NA,NA,NA,NA,NA,NA,NA,NA,NA,NA,NA,NA,NA,NA,NA,NA,NA,NA,NA,NA,NA,NA,NA,NA,NA,NA,NA,NA,NA,NA,NA,NA,NA,NA,NA,NA,NA,NA,NA,NA,NA,1.67433470507545,2.62336615820209,0.252729766803841,0.395979797464467,0.0270781893004115,0.0424264068711928,0.0496433470507545,0.0777817459305202,0,0,2015,1992-03-02,"S","Suspension",2019,0
"Datone Jones","FA","DL","11272","weighted",NA,NA,NA,NA,NA,NA,NA,NA,NA,NA,NA,NA,NA,NA,NA,NA,NA,NA,NA,NA,NA,NA,NA,NA,NA,NA,NA,NA,NA,NA,NA,NA,NA,NA,NA,NA,NA,NA,NA,NA,NA,NA,NA,NA,1.61925722145805,2.54558441227157,0.0449793672627235,0.0707106781186548,0,0,0.134938101788171,0.212132034355964,0,0,2013,1990-07-24,NA,NA,NA,NA
"Anthony Lanier","LAC","DL","12953","weighted",NA,NA,NA,NA,NA,NA,NA,NA,NA,NA,NA,NA,NA,NA,NA,NA,NA,NA,NA,NA,NA,NA,NA,NA,NA,NA,NA,NA,NA,NA,NA,NA,NA,NA,NA,NA,NA,NA,NA,NA,NA,NA,NA,NA,1.61925722145805,2.54558441227157,0,0,0,0,0,0,0,0,2016,1993-05-08,NA,NA,NA,NA
"Anthony Zettel","CLE","DL","12695","weighted",NA,NA,NA,NA,NA,NA,NA,NA,NA,NA,NA,NA,NA,NA,NA,NA,NA,NA,NA,NA,NA,NA,NA,NA,NA,NA,NA,NA,NA,NA,NA,NA,NA,NA,NA,NA,NA,NA,NA,NA,NA,NA,NA,NA,1.51186556927298,2.36880771697493,0.108312757201646,0.169705627484771,0,0,0.0135390946502058,0.0212132034355964,0,0,2016,1992-08-09,NA,NA,NA,NA
"Anthony Zettel","MIN","DL","12695","weighted",NA,NA,NA,NA,NA,NA,NA,NA,NA,NA,NA,NA,NA,NA,NA,NA,NA,NA,NA,NA,NA,NA,NA,NA,NA,NA,NA,NA,NA,NA,NA,NA,NA,NA,NA,NA,NA,NA,NA,NA,NA,NA,NA,NA,1.51186556927298,2.36880771697493,0.108312757201646,0.169705627484771,0,0,0.0135390946502058,0.0212132034355964,0,0,2016,1992-08-09,NA,NA,NA,NA
"Gerri Green","IND","DL","14274","weighted",NA,NA,NA,NA,NA,NA,NA,NA,NA,NA,NA,NA,NA,NA,NA,NA,NA,NA,NA,NA,NA,NA,NA,NA,NA,NA,NA,NA,NA,NA,NA,NA,NA,NA,NA,NA,NA,NA,NA,NA,NA,NA,NA,NA,1.39436038514443,2.1920310216783,0,0,0,0,0.179917469050894,0.282842712474619,0,0,2019,1970-01-01,NA,NA,NA,NA
"Jachai Polite","FA","DL","14173","weighted",NA,NA,NA,NA,NA,NA,NA,NA,NA,NA,NA,NA,NA,NA,NA,NA,NA,NA,NA,NA,NA,NA,NA,NA,NA,NA,NA,NA,NA,NA,NA,NA,NA,NA,NA,NA,NA,NA,NA,NA,NA,NA,NA,NA,1.29524005486968,2.02939646200539,0.207599451303155,0.325269119345812,0.00451303155006859,0.00707106781186547,0.0902606310013717,0.14142135623731,0,0,2019,1970-01-01,NA,NA,NA,NA
"Jachai Polite","LAR","DL","14173","weighted",NA,NA,NA,NA,NA,NA,NA,NA,NA,NA,NA,NA,NA,NA,NA,NA,NA,NA,NA,NA,NA,NA,NA,NA,NA,NA,NA,NA,NA,NA,NA,NA,NA,NA,NA,NA,NA,NA,NA,NA,NA,NA,NA,NA,1.29524005486968,2.02939646200539,0.207599451303155,0.325269119345812,0.00451303155006859,0.00707106781186547,0.0902606310013717,0.14142135623731,0,0,2019,1970-01-01,NA,NA,NA,NA
"Anthony Nelson","TB","DL","14154","weighted",NA,NA,NA,NA,NA,NA,NA,NA,NA,NA,NA,NA,NA,NA,NA,NA,NA,NA,NA,NA,NA,NA,NA,NA,NA,NA,NA,NA,NA,NA,NA,NA,NA,NA,NA,NA,NA,NA,NA,NA,NA,NA,NA,NA,1.2636488340192,1.97989898732233,0.198573388203018,0.311126983722081,0.00451303155006859,0.00707106781186547,0.0857475994513032,0.134350288425444,0,0,2019,1997-03-04,NA,NA,NA,NA
"John Cominsky","ATL","DL","14238","weighted",NA,NA,NA,NA,NA,NA,NA,NA,NA,NA,NA,NA,NA,NA,NA,NA,NA,NA,NA,NA,NA,NA,NA,NA,NA,NA,NA,NA,NA,NA,NA,NA,NA,NA,NA,NA,NA,NA,NA,NA,NA,NA,NA,NA,1.24559670781893,1.95161471607487,0.198573388203018,0.311126983722081,0.00451303155006859,0.00707106781186547,0.0857475994513032,0.134350288425444,0,0,2019,1970-01-01,NA,NA,NA,NA
"Blake Martinez","GB","LB","12788","weighted",NA,NA,NA,NA,NA,NA,NA,NA,NA,NA,NA,NA,NA,NA,NA,NA,NA,NA,NA,NA,NA,NA,NA,NA,NA,NA,NA,NA,NA,NA,NA,NA,NA,NA,NA,NA,NA,NA,NA,NA,NA,NA,NA,NA,103.406579396699,24.0691813425828,3.2093625498008,0.496083808931853,0.753892999430848,0.407966941205924,4.32029595902106,1.30228651433756,0,0,2016,1994-01-09,NA,NA,NA,NA
"Blake Martinez","NYG","LB","12788","weighted",NA,NA,NA,NA,NA,NA,NA,NA,NA,NA,NA,NA,NA,NA,NA,NA,NA,NA,NA,NA,NA,NA,NA,NA,NA,NA,NA,NA,NA,NA,NA,NA,NA,NA,NA,NA,NA,NA,NA,NA,NA,NA,NA,NA,103.406579396699,24.0691813425828,3.2093625498008,0.496083808931853,0.753892999430848,0.407966941205924,4.32029595902106,1.30228651433756,0,0,2016,1994-01-09,NA,NA,NA,NA
"Lavonte David","TB","LB","10768","weighted",NA,NA,NA,NA,NA,NA,NA,NA,NA,NA,NA,NA,NA,NA,NA,NA,NA,NA,NA,NA,NA,NA,NA,NA,NA,NA,NA,NA,NA,NA,NA,NA,NA,NA,NA,NA,NA,NA,NA,NA,NA,NA,NA,NA,102.985364145658,25.5028299237605,3.98414565826331,1.42157272260665,1.37490196078431,0.822260329979529,4.9378431372549,2.05873133670741,1,0,2012,1990-01-23,NA,NA,NA,NA
"Todd Davis","DEN","LB","12087","weighted",NA,NA,NA,NA,NA,NA,NA,NA,NA,NA,NA,NA,NA,NA,NA,NA,NA,NA,NA,NA,NA,NA,NA,NA,NA,NA,NA,NA,NA,NA,NA,NA,NA,NA,NA,NA,NA,NA,NA,NA,NA,NA,NA,NA,82.1406886738759,31.488038859642,1.12656801365965,0.66856935541723,1.03933978372225,0.652716128172296,3.90072851451337,1.03024157788082,0,0,2014,1992-05-17,NA,NA,NA,NA
"Jaylon Smith","DAL","LB","12701","weighted",NA,NA,NA,NA,NA,NA,NA,NA,NA,NA,NA,NA,NA,NA,NA,NA,NA,NA,NA,NA,NA,NA,NA,NA,NA,NA,NA,NA,NA,NA,NA,NA,NA,NA,NA,NA,NA,NA,NA,NA,NA,NA,NA,NA,92.1024188958452,24.3232874639003,3.01750711439954,0.38330121787873,0.656664769493455,0.622455340656438,4.15106431417188,0.819991638280212,0,0,2016,1995-06-14,NA,NA,NA,NA
"Bobby Wagner","SEA","LB","10775","weighted",NA,NA,NA,NA,NA,NA,NA,NA,NA,NA,NA,NA,NA,NA,NA,NA,NA,NA,NA,NA,NA,NA,NA,NA,NA,NA,NA,NA,NA,NA,NA,NA,NA,NA,NA,NA,NA,NA,NA,NA,NA,NA,NA,NA,99.8318881118881,22.3977609509639,2.36985314685315,0.195537003541088,1.82482517482517,0.398095464032184,6.81998601398601,1.82006851772673,0,0,2012,1990-06-27,NA,NA,NA,NA
"Zach Cunningham","HOU","LB","13216","weighted",NA,NA,NA,NA,NA,NA,NA,NA,NA,NA,NA,NA,NA,NA,NA,NA,NA,NA,NA,NA,NA,NA,NA,NA,NA,NA,NA,NA,NA,NA,NA,NA,NA,NA,NA,NA,NA,NA,NA,NA,NA,NA,NA,NA,87.7874103585657,25.7511006009991,1.35718838929994,0.941859499324936,1.2398406374502,0.673293278864448,5.3544906089926,2.35352927351789,0,0,2017,1994-12-12,NA,NA,NA,NA
"Jordan Hicks","ARI","LB","12287","weighted",NA,NA,NA,NA,NA,NA,NA,NA,NA,NA,NA,NA,NA,NA,NA,NA,NA,NA,NA,NA,NA,NA,NA,NA,NA,NA,NA,NA,NA,NA,NA,NA,NA,NA,NA,NA,NA,NA,NA,NA,NA,NA,NA,NA,87.7769550369949,26.8146539127294,2.73292544109277,1.13509796579058,0.760421172453045,0.859743529115598,4.33476949345475,2.06463296853087,0,0,2015,1992-06-27,NA,NA,NA,NA
"Anthony Walker","IND","LB","13306","weighted",NA,NA,NA,NA,NA,NA,NA,NA,NA,NA,NA,NA,NA,NA,NA,NA,NA,NA,NA,NA,NA,NA,NA,NA,NA,NA,NA,NA,NA,NA,NA,NA,NA,NA,NA,NA,NA,NA,NA,NA,NA,NA,NA,NA,81.2176607854297,26.3256281747232,1.400796812749,0.845659124703138,0.484536141149687,0.516826866881424,2.64182128628344,0.818212838357563,0,0,2017,1995-08-08,NA,NA,NA,NA
"Joe Schobert","CLE","LB","12768","weighted",NA,NA,NA,NA,NA,NA,NA,NA,NA,NA,NA,NA,NA,NA,NA,NA,NA,NA,NA,NA,NA,NA,NA,NA,NA,NA,NA,NA,NA,NA,NA,NA,NA,NA,NA,NA,NA,NA,NA,NA,NA,NA,NA,NA,85.1669607285145,22.8407914402999,2.9731531018782,0.740310562275193,1.2348890153671,0.562149607624236,5.3624359704041,1.35026843528813,0,0,2016,NA,NA,NA,NA,NA
"Joe Schobert","JAC","LB","12768","weighted",NA,NA,NA,NA,NA,NA,NA,NA,NA,NA,NA,NA,NA,NA,NA,NA,NA,NA,NA,NA,NA,NA,NA,NA,NA,NA,NA,NA,NA,NA,NA,NA,NA,NA,NA,NA,NA,NA,NA,NA,NA,NA,NA,NA,85.1669607285145,22.8407914402999,2.9731531018782,0.740310562275193,1.2348890153671,0.562149607624236,5.3624359704041,1.35026843528813,0,0,2016,NA,NA,NA,NA,NA
"Fred Warner","SF","LB","13743","weighted",NA,NA,NA,NA,NA,NA,NA,NA,NA,NA,NA,NA,NA,NA,NA,NA,NA,NA,NA,NA,NA,NA,NA,NA,NA,NA,NA,NA,NA,NA,NA,NA,NA,NA,NA,NA,NA,NA,NA,NA,NA,NA,NA,NA,82.6991519635743,25.8162883164145,0.716175298804781,1.13737657819854,0.960939100739898,0.921323044552518,5.37343198634035,1.29758217018971,0,0,2018,1996-11-19,NA,NA,NA,NA
"Cory Littleton","LAR","LB","12985","weighted",NA,NA,NA,NA,NA,NA,NA,NA,NA,NA,NA,NA,NA,NA,NA,NA,NA,NA,NA,NA,NA,NA,NA,NA,NA,NA,NA,NA,NA,NA,NA,NA,NA,NA,NA,NA,NA,NA,NA,NA,NA,NA,NA,NA,98.3763146853147,17.2434088264465,3.56033566433566,0.623223227556269,1.72496503496503,0.580380138090558,7.78975524475524,3.00890016867496,0,0,2016,1993-11-18,NA,NA,NA,NA
"Cory Littleton","LVR","LB","12985","weighted",NA,NA,NA,NA,NA,NA,NA,NA,NA,NA,NA,NA,NA,NA,NA,NA,NA,NA,NA,NA,NA,NA,NA,NA,NA,NA,NA,NA,NA,NA,NA,NA,NA,NA,NA,NA,NA,NA,NA,NA,NA,NA,NA,NA,98.3763146853147,17.2434088264465,3.56033566433566,0.623223227556269,1.72496503496503,0.580380138090558,7.78975524475524,3.00890016867496,0,0,2016,1993-11-18,NA,NA,NA,NA
"Demario Davis","NO","LB","10816","weighted",NA,NA,NA,NA,NA,NA,NA,NA,NA,NA,NA,NA,NA,NA,NA,NA,NA,NA,NA,NA,NA,NA,NA,NA,NA,NA,NA,NA,NA,NA,NA,NA,NA,NA,NA,NA,NA,NA,NA,NA,NA,NA,NA,NA,89.1806772908366,19.1585919531526,4.10647125782584,0.781742550326064,0.677313602731929,0.73779365800242,4.6323562891292,2.11960943328044,0,0,2012,1989-01-11,NA,NA,NA,NA
"Darius Leonard","IND","LB","13733","weighted",NA,NA,NA,NA,NA,NA,NA,NA,NA,NA,NA,NA,NA,NA,NA,NA,NA,NA,NA,NA,NA,NA,NA,NA,NA,NA,NA,NA,NA,NA,NA,NA,NA,NA,NA,NA,NA,NA,NA,NA,NA,NA,NA,NA,105.514820717131,14.6777833735268,5.2135344336938,0.607973578084597,2.02969265793967,0.675915506665038,6.059140580535,0.903406933182392,0,0,2018,NA,NA,NA,NA,NA
"Thomas Davis","LAC","LB","7826","weighted",NA,NA,NA,NA,NA,NA,NA,NA,NA,NA,NA,NA,NA,NA,NA,NA,NA,NA,NA,NA,NA,NA,NA,NA,NA,NA,NA,NA,NA,NA,NA,NA,NA,NA,NA,NA,NA,NA,NA,NA,NA,NA,NA,NA,72.3448833238475,27.835562503612,1.92862265224815,0.531554296164942,0.601365964712578,0.568315563796227,2.96615253272624,1.98228005996469,0,0,2005,1983-03-22,NA,NA,NA,NA
"Thomas Davis","WAS","LB","7826","weighted",NA,NA,NA,NA,NA,NA,NA,NA,NA,NA,NA,NA,NA,NA,NA,NA,NA,NA,NA,NA,NA,NA,NA,NA,NA,NA,NA,NA,NA,NA,NA,NA,NA,NA,NA,NA,NA,NA,NA,NA,NA,NA,NA,NA,72.3448833238475,27.835562503612,1.92862265224815,0.531554296164942,0.601365964712578,0.568315563796227,2.96615253272624,1.98228005996469,0,0,2005,1983-03-22,NA,NA,NA,NA
"Tremaine Edmunds","BUF","LB","13697","weighted",NA,NA,NA,NA,NA,NA,NA,NA,NA,NA,NA,NA,NA,NA,NA,NA,NA,NA,NA,NA,NA,NA,NA,NA,NA,NA,NA,NA,NA,NA,NA,NA,NA,NA,NA,NA,NA,NA,NA,NA,NA,NA,NA,NA,94.3019920318725,14.2796561809589,2.38068867387592,0.729825450179498,1.96342060330108,0.225303911213685,7.37714854866249,1.78158789901528,0,0,2018,1998-05-02,NA,NA,NA,NA
"K.J. Wright","SEA","LB","10350","weighted",NA,NA,NA,NA,NA,NA,NA,NA,NA,NA,NA,NA,NA,NA,NA,NA,NA,NA,NA,NA,NA,NA,NA,NA,NA,NA,NA,NA,NA,NA,NA,NA,NA,NA,NA,NA,NA,NA,NA,NA,NA,NA,NA,NA,82.6123356643356,23.5766927839665,1.14141958041958,0.446942490674736,1.42605594405594,1.44476718548267,4.8869020979021,2.13835287512816,0,0,2011,1989-07-23,"Q","Shoulder",2019,0
"Eric Kendricks","MIN","LB","12239","weighted",NA,NA,NA,NA,NA,NA,NA,NA,NA,NA,NA,NA,NA,NA,NA,NA,NA,NA,NA,NA,NA,NA,NA,NA,NA,NA,NA,NA,NA,NA,NA,NA,NA,NA,NA,NA,NA,NA,NA,NA,NA,NA,NA,NA,78.5449288560046,22.2190749309456,1.60989186112692,0.40877827535258,1.43328969834946,0.6382116174681,6.02545816733068,2.17108647845732,0,0,2015,1992-02-29,NA,NA,NA,NA
"Roquan Smith","CHI","LB","13696","weighted",NA,NA,NA,NA,NA,NA,NA,NA,NA,NA,NA,NA,NA,NA,NA,NA,NA,NA,NA,NA,NA,NA,NA,NA,NA,NA,NA,NA,NA,NA,NA,NA,NA,NA,NA,NA,NA,NA,NA,NA,NA,NA,NA,NA,96.4598601398601,17.0954877888076,3.7690979020979,1.65135545556276,1.13663636363636,0.641684760944472,5.14970629370629,1.90267309991083,0,0,2018,1997-04-08,"Q","Pectoral",2019,0
"Leighton Vander Esch","DAL","LB","13727","weighted",NA,NA,NA,NA,NA,NA,NA,NA,NA,NA,NA,NA,NA,NA,NA,NA,NA,NA,NA,NA,NA,NA,NA,NA,NA,NA,NA,NA,NA,NA,NA,NA,NA,NA,NA,NA,NA,NA,NA,NA,NA,NA,NA,NA,105.246353790614,12.7572252520413,0.509476534296029,0.514174552469816,1.46379963898917,0.515905019974109,5.98928700361011,2.0051232344048,0,0,2018,1997-02-09,NA,NA,NA,NA
"Deion Jones","ATL","LB","12745","weighted",NA,NA,NA,NA,NA,NA,NA,NA,NA,NA,NA,NA,NA,NA,NA,NA,NA,NA,NA,NA,NA,NA,NA,NA,NA,NA,NA,NA,NA,NA,NA,NA,NA,NA,NA,NA,NA,NA,NA,NA,NA,NA,NA,NA,90.0502845759818,16.7106987180261,0.933955606146841,0.298517159765553,2.32038702333523,0.990939668133589,7.18336937962436,2.02401108617565,1,0,2016,1994-11-04,NA,NA,NA,NA
"Tahir Whitehead","OAK","LB","10847","weighted",NA,NA,NA,NA,NA,NA,NA,NA,NA,NA,NA,NA,NA,NA,NA,NA,NA,NA,NA,NA,NA,NA,NA,NA,NA,NA,NA,NA,NA,NA,NA,NA,NA,NA,NA,NA,NA,NA,NA,NA,NA,NA,NA,NA,84.9657996585088,19.7036461663905,0.443830392714855,0.393932586342392,0.803972680705748,0.233003026491429,3.49212293682413,1.20318991539348,0,0,2012,1990-04-02,NA,NA,NA,NA
"Tahir Whitehead","CAR","LB","10847","weighted",NA,NA,NA,NA,NA,NA,NA,NA,NA,NA,NA,NA,NA,NA,NA,NA,NA,NA,NA,NA,NA,NA,NA,NA,NA,NA,NA,NA,NA,NA,NA,NA,NA,NA,NA,NA,NA,NA,NA,NA,NA,NA,NA,NA,84.9657996585088,19.7036461663905,0.443830392714855,0.393932586342392,0.803972680705748,0.233003026491429,3.49212293682413,1.20318991539348,0,0,2012,1990-04-02,NA,NA,NA,NA
"Nick Vigil","CIN","LB","12762","weighted",NA,NA,NA,NA,NA,NA,NA,NA,NA,NA,NA,NA,NA,NA,NA,NA,NA,NA,NA,NA,NA,NA,NA,NA,NA,NA,NA,NA,NA,NA,NA,NA,NA,NA,NA,NA,NA,NA,NA,NA,NA,NA,NA,NA,82.6376152532726,22.6599266563654,0.931747296528173,0.670085716544989,1.24847467273762,0.519374374459893,4.2619749573136,1.35140196330262,0,0,2016,1993-08-20,NA,NA,NA,NA
"Nick Vigil","LAC","LB","12762","weighted",NA,NA,NA,NA,NA,NA,NA,NA,NA,NA,NA,NA,NA,NA,NA,NA,NA,NA,NA,NA,NA,NA,NA,NA,NA,NA,NA,NA,NA,NA,NA,NA,NA,NA,NA,NA,NA,NA,NA,NA,NA,NA,NA,NA,82.6376152532726,22.6599266563654,0.931747296528173,0.670085716544989,1.24847467273762,0.519374374459893,4.2619749573136,1.35140196330262,0,0,2016,1993-08-20,NA,NA,NA,NA
"DeVondre Campbell","ATL","LB","12779","weighted",NA,NA,NA,NA,NA,NA,NA,NA,NA,NA,NA,NA,NA,NA,NA,NA,NA,NA,NA,NA,NA,NA,NA,NA,NA,NA,NA,NA,NA,NA,NA,NA,NA,NA,NA,NA,NA,NA,NA,NA,NA,NA,NA,NA,71.4211383039272,22.9988405314938,1.85525327262379,0.618086755279071,0.14609561752988,0.217672450631352,2.06906659077974,0.936671984397454,0,0,2016,1993-07-01,NA,NA,NA,NA
"DeVondre Campbell","ARI","LB","12779","weighted",NA,NA,NA,NA,NA,NA,NA,NA,NA,NA,NA,NA,NA,NA,NA,NA,NA,NA,NA,NA,NA,NA,NA,NA,NA,NA,NA,NA,NA,NA,NA,NA,NA,NA,NA,NA,NA,NA,NA,NA,NA,NA,NA,NA,71.4211383039272,22.9988405314938,1.85525327262379,0.618086755279071,0.14609561752988,0.217672450631352,2.06906659077974,0.936671984397454,0,0,2016,1993-07-01,NA,NA,NA,NA
"Shaq Green-Thompson","CAR","LB","12231","weighted",NA,NA,NA,NA,NA,NA,NA,NA,NA,NA,NA,NA,NA,NA,NA,NA,NA,NA,NA,NA,NA,NA,NA,NA,NA,NA,NA,NA,NA,NA,NA,NA,NA,NA,NA,NA,NA,NA,NA,NA,NA,NA,NA,NA,66.6125384615385,31.4204948645463,3.00108391608392,0.844275634992275,0.749566433566434,0.938321007422418,2.67306993006993,1.83058012530804,0,0,NA,1994-04-21,"Q","Shoulder",2019,0
"Rashaan Evans","TEN","LB","13699","weighted",NA,NA,NA,NA,NA,NA,NA,NA,NA,NA,NA,NA,NA,NA,NA,NA,NA,NA,NA,NA,NA,NA,NA,NA,NA,NA,NA,NA,NA,NA,NA,NA,NA,NA,NA,NA,NA,NA,NA,NA,NA,NA,NA,NA,66.4402517482517,29.7036245152466,1.15184615384615,1.07338755298406,0.399699300699301,0.46235731010106,2.89325174825175,1.2089825517448,0,0,2018,1996-11-08,NA,NA,NA,NA
"Matt Milano","BUF","LB","13307","weighted",NA,NA,NA,NA,NA,NA,NA,NA,NA,NA,NA,NA,NA,NA,NA,NA,NA,NA,NA,NA,NA,NA,NA,NA,NA,NA,NA,NA,NA,NA,NA,NA,NA,NA,NA,NA,NA,NA,NA,NA,NA,NA,NA,NA,70.3325839499146,22.1920238543717,1.38207171314741,0.912222353621583,2.01364257256688,0.560948995972729,6.37046670461013,1.72435957093059,0,0,2017,NA,NA,NA,NA,NA
"Jayon Brown","TEN","LB","13304","weighted",NA,NA,NA,NA,NA,NA,NA,NA,NA,NA,NA,NA,NA,NA,NA,NA,NA,NA,NA,NA,NA,NA,NA,NA,NA,NA,NA,NA,NA,NA,NA,NA,NA,NA,NA,NA,NA,NA,NA,NA,NA,NA,NA,NA,73.7674545454545,22.7619621941983,4.10451748251748,1.49493185263364,1.12976923076923,0.164194053158302,5.27425174825175,1.03934477657173,0,0,2017,1995-02-26,NA,NA,NA,NA
"Benardrick McKinney","HOU","LB","12272","weighted",NA,NA,NA,NA,NA,NA,NA,NA,NA,NA,NA,NA,NA,NA,NA,NA,NA,NA,NA,NA,NA,NA,NA,NA,NA,NA,NA,NA,NA,NA,NA,NA,NA,NA,NA,NA,NA,NA,NA,NA,NA,NA,NA,NA,74.6311326124075,18.6526756373414,2.01035856573705,1.32000453074622,0.769288560045532,0.791638419202864,4.72328400682982,2.0278935869888,0,0,2015,1992-11-19,NA,NA,NA,NA
"Devin White","TB","LB","14168","weighted",NA,NA,NA,NA,NA,NA,NA,NA,NA,NA,NA,NA,NA,NA,NA,NA,NA,NA,NA,NA,NA,NA,NA,NA,NA,NA,NA,NA,NA,NA,NA,NA,NA,NA,NA,NA,NA,NA,NA,NA,NA,NA,NA,NA,75.8132043255549,20.6744506324533,2.35152532726238,1.06462560218912,0.979032441661924,0.616149994845142,4.08288560045532,1.46342806461943,0,0,2019,1998-02-17,NA,NA,NA,NA
"Jordan Evans","CIN","LB","13327","weighted",NA,NA,NA,NA,NA,NA,NA,NA,NA,NA,NA,NA,NA,NA,NA,NA,NA,NA,NA,NA,NA,NA,NA,NA,NA,NA,NA,NA,NA,NA,NA,NA,NA,NA,NA,NA,NA,NA,NA,NA,NA,NA,NA,NA,60.1771371656232,26.1980409449034,1.2821172453045,0.809421758333236,0.412629482071713,0.607913714436031,2.30893568582812,1.97266197471497,0,0,2017,NA,NA,NA,NA,NA
"Anthony Hitchens","KC","LB","11795","weighted",NA,NA,NA,NA,NA,NA,NA,NA,NA,NA,NA,NA,NA,NA,NA,NA,NA,NA,NA,NA,NA,NA,NA,NA,NA,NA,NA,NA,NA,NA,NA,NA,NA,NA,NA,NA,NA,NA,NA,NA,NA,NA,NA,NA,86.9799430848036,6.18238954258342,0.621013090495162,0.693013251791422,0.295110984632897,0.359524650254408,1.88032441661924,0.857717466010492,0,0,2014,1992-06-10,NA,NA,NA,NA
"Devin Bush","PIT","LB","14170","weighted",NA,NA,NA,NA,NA,NA,NA,NA,NA,NA,NA,NA,NA,NA,NA,NA,NA,NA,NA,NA,NA,NA,NA,NA,NA,NA,NA,NA,NA,NA,NA,NA,NA,NA,NA,NA,NA,NA,NA,NA,NA,NA,NA,NA,69.0971314741036,37.3149754963403,3.31640295959021,4.75252388023239,1.19001138303927,0.751253677823129,4.09380762663631,2.95115872519343,0,0,2019,1998-07-18,NA,NA,NA,NA
"Luke Kuechly","CAR","LB","10773","weighted",NA,NA,NA,NA,NA,NA,NA,NA,NA,NA,NA,NA,NA,NA,NA,NA,NA,NA,NA,NA,NA,NA,NA,NA,NA,NA,NA,NA,NA,NA,NA,NA,NA,NA,NA,NA,NA,NA,NA,NA,NA,NA,NA,NA,88.9872613240418,6.29973647625601,1.63969337979094,0.619497753488394,1.89455052264808,0.895196337651967,5.94868292682927,0.854410280180487,0,0,2012,1991-04-20,NA,NA,NA,NA
"Luke Kuechly","FA","LB","10773","weighted",NA,NA,NA,NA,NA,NA,NA,NA,NA,NA,NA,NA,NA,NA,NA,NA,NA,NA,NA,NA,NA,NA,NA,NA,NA,NA,NA,NA,NA,NA,NA,NA,NA,NA,NA,NA,NA,NA,NA,NA,NA,NA,NA,NA,88.9872613240418,6.29973647625601,1.63969337979094,0.619497753488394,1.89455052264808,0.895196337651967,5.94868292682927,0.854410280180487,0,0,2012,1991-04-20,NA,NA,NA,NA
"Myles Jack","JAC","LB","12702","weighted",NA,NA,NA,NA,NA,NA,NA,NA,NA,NA,NA,NA,NA,NA,NA,NA,NA,NA,NA,NA,NA,NA,NA,NA,NA,NA,NA,NA,NA,NA,NA,NA,NA,NA,NA,NA,NA,NA,NA,NA,NA,NA,NA,NA,81.7832027972028,11.9474046810174,2.9538041958042,1.40650118717264,0.846,0.231360043797471,3.82237062937063,1.55349651144499,0,0,2016,1995-09-03,NA,NA,NA,NA
"Sean Lee","DAL","LB","9866","weighted",NA,NA,NA,NA,NA,NA,NA,NA,NA,NA,NA,NA,NA,NA,NA,NA,NA,NA,NA,NA,NA,NA,NA,NA,NA,NA,NA,NA,NA,NA,NA,NA,NA,NA,NA,NA,NA,NA,NA,NA,NA,NA,NA,NA,68.4608881118881,17.7405726628277,0.729328671328671,0.654558607991677,0.38034965034965,0.582094290413589,1.42724475524476,1.22805186723425,0,0,2010,1986-07-22,NA,NA,NA,NA
"Jamie Collins","NE","LB","11349","weighted",NA,NA,NA,NA,NA,NA,NA,NA,NA,NA,NA,NA,NA,NA,NA,NA,NA,NA,NA,NA,NA,NA,NA,NA,NA,NA,NA,NA,NA,NA,NA,NA,NA,NA,NA,NA,NA,NA,NA,NA,NA,NA,NA,NA,60.9268650217707,33.8234755768143,3.58684325108853,1.75440526409369,0.82866473149492,0.341343150775595,2.10047895500726,2.19642685063538,0,0,2013,1990-05-02,NA,NA,NA,NA
"Jamie Collins","DET","LB","11349","weighted",NA,NA,NA,NA,NA,NA,NA,NA,NA,NA,NA,NA,NA,NA,NA,NA,NA,NA,NA,NA,NA,NA,NA,NA,NA,NA,NA,NA,NA,NA,NA,NA,NA,NA,NA,NA,NA,NA,NA,NA,NA,NA,NA,NA,60.9268650217707,33.8234755768143,3.58684325108853,1.75440526409369,0.82866473149492,0.341343150775595,2.10047895500726,2.19642685063538,0,0,2013,1990-05-02,NA,NA,NA,NA
"Kwon Alexander","SF","LB","12233","weighted",NA,NA,NA,NA,NA,NA,NA,NA,NA,NA,NA,NA,NA,NA,NA,NA,NA,NA,NA,NA,NA,NA,NA,NA,NA,NA,NA,NA,NA,NA,NA,NA,NA,NA,NA,NA,NA,NA,NA,NA,NA,NA,NA,NA,87.7523636363636,4.1314566721504,1.72821678321678,0.647257597464085,1.17751048951049,0.72171948990607,4.43636363636364,0.506313051934597,0,0,2015,1994-08-03,"Q","Biceps",2019,0
"Raekwon McMillan","MIA","LB","13222","weighted",NA,NA,NA,NA,NA,NA,NA,NA,NA,NA,NA,NA,NA,NA,NA,NA,NA,NA,NA,NA,NA,NA,NA,NA,NA,NA,NA,NA,NA,NA,NA,NA,NA,NA,NA,NA,NA,NA,NA,NA,NA,NA,NA,NA,74.3672517482517,11.3402816064383,0.682342657342657,0.832818759363174,0.432594405594406,0.485858449097607,1.87109090909091,0.610172897120622,0,0,2017,1996-11-17,NA,NA,NA,NA
"C.J. Mosley","NYJ","LB","11728","weighted",NA,NA,NA,NA,NA,NA,NA,NA,NA,NA,NA,NA,NA,NA,NA,NA,NA,NA,NA,NA,NA,NA,NA,NA,NA,NA,NA,NA,NA,NA,NA,NA,NA,NA,NA,NA,NA,NA,NA,NA,NA,NA,NA,NA,86.8377622377622,3.42062139248142,1.94656643356643,1.36073814551958,1.58504195804196,0.58292059085004,4.65963636363636,1.91263368864871,0,0,2014,1992-06-19,NA,NA,NA,NA
"Ja'Whaun Bentley","NE","LB","13775","weighted",NA,NA,NA,NA,NA,NA,NA,NA,NA,NA,NA,NA,NA,NA,NA,NA,NA,NA,NA,NA,NA,NA,NA,NA,NA,NA,NA,NA,NA,NA,NA,NA,NA,NA,NA,NA,NA,NA,NA,NA,NA,NA,NA,NA,43.1836993006993,30.9971502325565,0.471902097902098,0.533501122390778,0.772524475524475,0.907203491957744,2.03574825174825,2.19205312124434,0,0,2018,1996-08-24,NA,NA,NA,NA
"Chris Kirksey","CLE","LB","11772","weighted",NA,NA,NA,NA,NA,NA,NA,NA,NA,NA,NA,NA,NA,NA,NA,NA,NA,NA,NA,NA,NA,NA,NA,NA,NA,NA,NA,NA,NA,NA,NA,NA,NA,NA,NA,NA,NA,NA,NA,NA,NA,NA,NA,NA,80.1233216783217,6.74986692606874,1.71051048951049,0.915111099853365,0.837972027972028,0.984343959026386,4.38920979020979,2.08007837736527,0,0,2014,1992-08-31,NA,NA,NA,NA
"Chris Kirksey","GB","LB","11772","weighted",NA,NA,NA,NA,NA,NA,NA,NA,NA,NA,NA,NA,NA,NA,NA,NA,NA,NA,NA,NA,NA,NA,NA,NA,NA,NA,NA,NA,NA,NA,NA,NA,NA,NA,NA,NA,NA,NA,NA,NA,NA,NA,NA,NA,80.1233216783217,6.74986692606874,1.71051048951049,0.915111099853365,0.837972027972028,0.984343959026386,4.38920979020979,2.08007837736527,0,0,2014,1992-08-31,NA,NA,NA,NA
"Harvey Langi","NYJ","LB","13388","weighted",NA,NA,NA,NA,NA,NA,NA,NA,NA,NA,NA,NA,NA,NA,NA,NA,NA,NA,NA,NA,NA,NA,NA,NA,NA,NA,NA,NA,NA,NA,NA,NA,NA,NA,NA,NA,NA,NA,NA,NA,NA,NA,NA,NA,42.1064985727878,45.9761927151397,0.802835394862036,0.948914830167954,0.204738344433873,0.202890696793658,1.04247383444339,1.0391875617027,0,0,2017,1992-09-24,NA,NA,NA,NA
"Ben Gedeon","MIN","LB","13291","weighted",NA,NA,NA,NA,NA,NA,NA,NA,NA,NA,NA,NA,NA,NA,NA,NA,NA,NA,NA,NA,NA,NA,NA,NA,NA,NA,NA,NA,NA,NA,NA,NA,NA,NA,NA,NA,NA,NA,NA,NA,NA,NA,NA,NA,58.4436917221694,26.0484020955082,1.1390199809705,0.942646558018181,0.385033301617507,0.700350876198297,2.00862036156042,2.24936518307533,0,0,2017,1994-10-16,NA,NA,NA,NA
"Kiko Alonso","MIA","LB","11308","weighted",NA,NA,NA,NA,NA,NA,NA,NA,NA,NA,NA,NA,NA,NA,NA,NA,NA,NA,NA,NA,NA,NA,NA,NA,NA,NA,NA,NA,NA,NA,NA,NA,NA,NA,NA,NA,NA,NA,NA,NA,NA,NA,NA,NA,68.6515454545455,15.655568968858,0.243188811188811,0.432668028246971,1.33266433566434,0.462374679908621,3.75703496503496,1.31057449351383,0,0,2013,1990-08-14,"Q","Knee - ACL",2019,0
"Kiko Alonso","NO","LB","11308","weighted",NA,NA,NA,NA,NA,NA,NA,NA,NA,NA,NA,NA,NA,NA,NA,NA,NA,NA,NA,NA,NA,NA,NA,NA,NA,NA,NA,NA,NA,NA,NA,NA,NA,NA,NA,NA,NA,NA,NA,NA,NA,NA,NA,NA,68.6515454545455,15.655568968858,0.243188811188811,0.432668028246971,1.33266433566434,0.462374679908621,3.75703496503496,1.31057449351383,0,0,2013,1990-08-14,"Q","Knee - ACL",2019,0
"Christian Jones","DET","LB","11724","weighted",NA,NA,NA,NA,NA,NA,NA,NA,NA,NA,NA,NA,NA,NA,NA,NA,NA,NA,NA,NA,NA,NA,NA,NA,NA,NA,NA,NA,NA,NA,NA,NA,NA,NA,NA,NA,NA,NA,NA,NA,NA,NA,NA,NA,59.0194125874126,19.8021757019231,1.50768531468531,0.663202541420784,0.248230769230769,0.314597264153946,2.50692307692308,1.97405604803337,0,0,2014,1991-02-18,NA,NA,NA,NA
"Anthony Barr","MIN","LB","11720","weighted",NA,NA,NA,NA,NA,NA,NA,NA,NA,NA,NA,NA,NA,NA,NA,NA,NA,NA,NA,NA,NA,NA,NA,NA,NA,NA,NA,NA,NA,NA,NA,NA,NA,NA,NA,NA,NA,NA,NA,NA,NA,NA,NA,NA,58.2996642003415,16.4363738462013,2.75525896414343,1.06002307786521,0.334570290267501,0.358704469389709,3.46162777461582,0.985243863849769,0,0,2014,1992-03-18,NA,NA,NA,NA
"Steve Longa","DET","LB","13015","weighted",NA,NA,NA,NA,NA,NA,NA,NA,NA,NA,NA,NA,NA,NA,NA,NA,NA,NA,NA,NA,NA,NA,NA,NA,NA,NA,NA,NA,NA,NA,NA,NA,NA,NA,NA,NA,NA,NA,NA,NA,NA,NA,NA,NA,23.9303628447025,41.6987539773132,0.114804063860668,0.203225248973606,0.072489114658926,0.145353213003689,0.369641993226899,0.549331759916352,0,0,2016,1994-09-29,NA,NA,NA,NA
"Nicholas Morrow","OAK","LB","13426","weighted",NA,NA,NA,NA,NA,NA,NA,NA,NA,NA,NA,NA,NA,NA,NA,NA,NA,NA,NA,NA,NA,NA,NA,NA,NA,NA,NA,NA,NA,NA,NA,NA,NA,NA,NA,NA,NA,NA,NA,NA,NA,NA,NA,NA,49.6613155386082,32.1077964612797,0.942421353670162,0.87101373545356,0.392907530981888,0.724947826240179,2.14650142993327,2.07036842879403,0,0,2017,1995-07-10,NA,NA,NA,NA
"Nicholas Morrow","LVR","LB","13426","weighted",NA,NA,NA,NA,NA,NA,NA,NA,NA,NA,NA,NA,NA,NA,NA,NA,NA,NA,NA,NA,NA,NA,NA,NA,NA,NA,NA,NA,NA,NA,NA,NA,NA,NA,NA,NA,NA,NA,NA,NA,NA,NA,NA,NA,49.6613155386082,32.1077964612797,0.942421353670162,0.87101373545356,0.392907530981888,0.724947826240179,2.14650142993327,2.07036842879403,0,0,2017,1995-07-10,NA,NA,NA,NA
"Brennan Scarlett","HOU","LB","12964","weighted",NA,NA,NA,NA,NA,NA,NA,NA,NA,NA,NA,NA,NA,NA,NA,NA,NA,NA,NA,NA,NA,NA,NA,NA,NA,NA,NA,NA,NA,NA,NA,NA,NA,NA,NA,NA,NA,NA,NA,NA,NA,NA,NA,NA,35.9841727140784,34.6306735301299,2.1260740203193,1.14123808732003,0.219005805515239,0.226267095371643,1.30799709724238,1.26307585499841,0,0,2016,1993-07-31,NA,NA,NA,NA
"David Mayo","SF","LB","12326","weighted",NA,NA,NA,NA,NA,NA,NA,NA,NA,NA,NA,NA,NA,NA,NA,NA,NA,NA,NA,NA,NA,NA,NA,NA,NA,NA,NA,NA,NA,NA,NA,NA,NA,NA,NA,NA,NA,NA,NA,NA,NA,NA,NA,NA,27.7638534107402,39.4644836208357,0.684506531204644,0.840245685111834,0.115058055152395,0.176864772218241,1.09822206095791,0.944144854984398,0,0,2015,1993-08-18,NA,NA,NA,NA
"David Mayo","NYG","LB","12326","weighted",NA,NA,NA,NA,NA,NA,NA,NA,NA,NA,NA,NA,NA,NA,NA,NA,NA,NA,NA,NA,NA,NA,NA,NA,NA,NA,NA,NA,NA,NA,NA,NA,NA,NA,NA,NA,NA,NA,NA,NA,NA,NA,NA,NA,27.7638534107402,39.4644836208357,0.684506531204644,0.840245685111834,0.115058055152395,0.176864772218241,1.09822206095791,0.944144854984398,0,0,2015,1993-08-18,NA,NA,NA,NA
"Nate Gerry","PHI","LB","13321","weighted",NA,NA,NA,NA,NA,NA,NA,NA,NA,NA,NA,NA,NA,NA,NA,NA,NA,NA,NA,NA,NA,NA,NA,NA,NA,NA,NA,NA,NA,NA,NA,NA,NA,NA,NA,NA,NA,NA,NA,NA,NA,NA,NA,NA,34.4428449096099,43.7549722771469,0.81895337773549,1.39809705236429,0.48802093244529,0.512296249416564,1.26686013320647,2.15192998443907,0,0,2017,1995-02-23,NA,NA,NA,NA
"Vince Biegel","NO","LB","13285","weighted",NA,NA,NA,NA,NA,NA,NA,NA,NA,NA,NA,NA,NA,NA,NA,NA,NA,NA,NA,NA,NA,NA,NA,NA,NA,NA,NA,NA,NA,NA,NA,NA,NA,NA,NA,NA,NA,NA,NA,NA,NA,NA,NA,NA,29.7265651760228,46.2710522061752,0.793577545195052,1.457799241206,0.0981731684110371,0.165012717934988,0.655775451950523,1.19490765144704,0,0,2017,1993-07-02,NA,NA,NA,NA
"Vince Biegel","MIA","LB","13285","weighted",NA,NA,NA,NA,NA,NA,NA,NA,NA,NA,NA,NA,NA,NA,NA,NA,NA,NA,NA,NA,NA,NA,NA,NA,NA,NA,NA,NA,NA,NA,NA,NA,NA,NA,NA,NA,NA,NA,NA,NA,NA,NA,NA,NA,29.7265651760228,46.2710522061752,0.793577545195052,1.457799241206,0.0981731684110371,0.165012717934988,0.655775451950523,1.19490765144704,0,0,2017,1993-07-02,NA,NA,NA,NA
"Micah Kiser","LAR","LB","13779","weighted",NA,NA,NA,NA,NA,NA,NA,NA,NA,NA,NA,NA,NA,NA,NA,NA,NA,NA,NA,NA,NA,NA,NA,NA,NA,NA,NA,NA,NA,NA,NA,NA,NA,NA,NA,NA,NA,NA,NA,NA,NA,NA,NA,NA,61.4339105613701,20.6464232298653,1.21572787821123,0.772476199460381,0.165509039010466,0.254195983230406,1.24941008563273,1.2171903508854,0,0,2018,1995-01-25,NA,NA,NA,NA
"Elandon Roberts","NE","LB","12831","weighted",NA,NA,NA,NA,NA,NA,NA,NA,NA,NA,NA,NA,NA,NA,NA,NA,NA,NA,NA,NA,NA,NA,NA,NA,NA,NA,NA,NA,NA,NA,NA,NA,NA,NA,NA,NA,NA,NA,NA,NA,NA,NA,NA,NA,54.8867745004757,25.5470997776825,1.19738344433873,0.387505493521651,0.220123691722169,0.214544441691982,2.29781160799239,0.199019494331805,0,0,2016,1994-04-22,NA,NA,NA,NA
"Elandon Roberts","MIA","LB","12831","weighted",NA,NA,NA,NA,NA,NA,NA,NA,NA,NA,NA,NA,NA,NA,NA,NA,NA,NA,NA,NA,NA,NA,NA,NA,NA,NA,NA,NA,NA,NA,NA,NA,NA,NA,NA,NA,NA,NA,NA,NA,NA,NA,NA,NA,54.8867745004757,25.5470997776825,1.19738344433873,0.387505493521651,0.220123691722169,0.214544441691982,2.29781160799239,0.199019494331805,0,0,2016,1994-04-22,NA,NA,NA,NA
"Alex Anzalone","NO","LB","13268","weighted",NA,NA,NA,NA,NA,NA,NA,NA,NA,NA,NA,NA,NA,NA,NA,NA,NA,NA,NA,NA,NA,NA,NA,NA,NA,NA,NA,NA,NA,NA,NA,NA,NA,NA,NA,NA,NA,NA,NA,NA,NA,NA,NA,NA,58.9335244755245,17.0810413272265,2.351,1.0123975884791,0.329356643356643,0.479848250108688,1.70362237762238,1.26736979613803,0,0,2017,1994-09-22,NA,NA,NA,NA
"Elijah Lee","SF","LB","13353","weighted",NA,NA,NA,NA,NA,NA,NA,NA,NA,NA,NA,NA,NA,NA,NA,NA,NA,NA,NA,NA,NA,NA,NA,NA,NA,NA,NA,NA,NA,NA,NA,NA,NA,NA,NA,NA,NA,NA,NA,NA,NA,NA,NA,NA,47.4549242424242,35.2796398086636,1.32013257575758,0.46115092394646,0.333361742424242,0.60833534398021,2.14630681818182,2.60418515827045,0,0,2017,1996-02-08,NA,NA,NA,NA
"Elijah Lee","DET","LB","13353","weighted",NA,NA,NA,NA,NA,NA,NA,NA,NA,NA,NA,NA,NA,NA,NA,NA,NA,NA,NA,NA,NA,NA,NA,NA,NA,NA,NA,NA,NA,NA,NA,NA,NA,NA,NA,NA,NA,NA,NA,NA,NA,NA,NA,NA,47.4549242424242,35.2796398086636,1.32013257575758,0.46115092394646,0.333361742424242,0.60833534398021,2.14630681818182,2.60418515827045,0,0,2017,1996-02-08,NA,NA,NA,NA
"Jarrad Davis","DET","LB","13221","weighted",NA,NA,NA,NA,NA,NA,NA,NA,NA,NA,NA,NA,NA,NA,NA,NA,NA,NA,NA,NA,NA,NA,NA,NA,NA,NA,NA,NA,NA,NA,NA,NA,NA,NA,NA,NA,NA,NA,NA,NA,NA,NA,NA,NA,70.267020979021,10.8163509111931,4.0645034965035,1.20168749147953,0.81141958041958,0.239855944869144,3.51893006993007,1.1316303795194,0,0,2017,NA,NA,NA,NA,NA
"Jerome Baker","MIA","LB","13706","weighted",NA,NA,NA,NA,NA,NA,NA,NA,NA,NA,NA,NA,NA,NA,NA,NA,NA,NA,NA,NA,NA,NA,NA,NA,NA,NA,NA,NA,NA,NA,NA,NA,NA,NA,NA,NA,NA,NA,NA,NA,NA,NA,NA,NA,70.6256167247387,10.3146384849187,3.38494076655052,0.463957827417363,1.01722648083624,0.594511592500043,4.70557491289199,0.973909320448556,0,0,2018,1996-12-25,NA,NA,NA,NA
"Danny Trevathan","CHI","LB","10879","weighted",NA,NA,NA,NA,NA,NA,NA,NA,NA,NA,NA,NA,NA,NA,NA,NA,NA,NA,NA,NA,NA,NA,NA,NA,NA,NA,NA,NA,NA,NA,NA,NA,NA,NA,NA,NA,NA,NA,NA,NA,NA,NA,NA,NA,75.4600489510489,5.3966032951726,1.90014685314685,0.586340008270608,1.07538461538462,0.416737851574936,4.49023076923077,2.53433582145796,0,0,2012,1990-03-24,NA,NA,NA,NA
"Mason Foster","FA","LB","10339","weighted",NA,NA,NA,NA,NA,NA,NA,NA,NA,NA,NA,NA,NA,NA,NA,NA,NA,NA,NA,NA,NA,NA,NA,NA,NA,NA,NA,NA,NA,NA,NA,NA,NA,NA,NA,NA,NA,NA,NA,NA,NA,NA,NA,NA,37.3778541953232,58.7605735166021,0.629711141678129,0.989949493661166,0.719669876203576,1.13137084989848,1.66423658872077,2.61629509039023,0,0,2011,1989-03-01,NA,NA,NA,NA
"Leonard Floyd","CHI","LB","12734","weighted",NA,NA,NA,NA,NA,NA,NA,NA,NA,NA,NA,NA,NA,NA,NA,NA,NA,NA,NA,NA,NA,NA,NA,NA,NA,NA,NA,NA,NA,NA,NA,NA,NA,NA,NA,NA,NA,NA,NA,NA,NA,NA,NA,NA,47.5991888111888,22.7275417161665,4.85962937062937,1.1310506098635,0.572692307692308,0.444153933253184,2.24082517482517,1.97780383933613,0,0,2016,1992-09-08,NA,NA,NA,NA
"Leonard Floyd","LAR","LB","12734","weighted",NA,NA,NA,NA,NA,NA,NA,NA,NA,NA,NA,NA,NA,NA,NA,NA,NA,NA,NA,NA,NA,NA,NA,NA,NA,NA,NA,NA,NA,NA,NA,NA,NA,NA,NA,NA,NA,NA,NA,NA,NA,NA,NA,NA,47.5991888111888,22.7275417161665,4.85962937062937,1.1310506098635,0.572692307692308,0.444153933253184,2.24082517482517,1.97780383933613,0,0,2016,1992-09-08,NA,NA,NA,NA
"Vince Williams","PIT","LB","11403","weighted",NA,NA,NA,NA,NA,NA,NA,NA,NA,NA,NA,NA,NA,NA,NA,NA,NA,NA,NA,NA,NA,NA,NA,NA,NA,NA,NA,NA,NA,NA,NA,NA,NA,NA,NA,NA,NA,NA,NA,NA,NA,NA,NA,NA,56.0265338645418,18.0678737041217,4.01780876494024,0.655451115361451,0.628150256118384,0.64680275651912,1.89729083665339,0.856023196299947,0,0,2013,1989-12-27,NA,NA,NA,NA
"Damien Wilson","KC","LB","12302","weighted",NA,NA,NA,NA,NA,NA,NA,NA,NA,NA,NA,NA,NA,NA,NA,NA,NA,NA,NA,NA,NA,NA,NA,NA,NA,NA,NA,NA,NA,NA,NA,NA,NA,NA,NA,NA,NA,NA,NA,NA,NA,NA,NA,NA,40.8215524475524,27.8303145099973,1.23543356643357,0.544732834228918,0.127174825174825,0.167538032652053,0.713916083916084,0.589937661275104,0,0,2015,1993-05-28,NA,NA,NA,NA
"Samson Ebukam","LAR","LB","13294","weighted",NA,NA,NA,NA,NA,NA,NA,NA,NA,NA,NA,NA,NA,NA,NA,NA,NA,NA,NA,NA,NA,NA,NA,NA,NA,NA,NA,NA,NA,NA,NA,NA,NA,NA,NA,NA,NA,NA,NA,NA,NA,NA,NA,NA,37.9587132867133,28.7854456134687,3.58899300699301,1.88428683202115,0.25013986013986,0.318802394271595,2.11727972027972,0.956338533408747,0,0,2017,1995-05-09,NA,NA,NA,NA
"Nick Kwiatkoski","CHI","LB","12778","weighted",NA,NA,NA,NA,NA,NA,NA,NA,NA,NA,NA,NA,NA,NA,NA,NA,NA,NA,NA,NA,NA,NA,NA,NA,NA,NA,NA,NA,NA,NA,NA,NA,NA,NA,NA,NA,NA,NA,NA,NA,NA,NA,NA,NA,33.5621979067555,39.42370107449,1.00379638439581,0.797203637534888,0.303644148430067,0.51991413719445,0.843663177925785,1.41955691440148,0,0,2016,1993-05-26,NA,NA,NA,NA
"Nick Kwiatkoski","LVR","LB","12778","weighted",NA,NA,NA,NA,NA,NA,NA,NA,NA,NA,NA,NA,NA,NA,NA,NA,NA,NA,NA,NA,NA,NA,NA,NA,NA,NA,NA,NA,NA,NA,NA,NA,NA,NA,NA,NA,NA,NA,NA,NA,NA,NA,NA,NA,33.5621979067555,39.42370107449,1.00379638439581,0.797203637534888,0.303644148430067,0.51991413719445,0.843663177925785,1.41955691440148,0,0,2016,1993-05-26,NA,NA,NA,NA
"Patrick Onwuasor","BAL","LB","13026","weighted",NA,NA,NA,NA,NA,NA,NA,NA,NA,NA,NA,NA,NA,NA,NA,NA,NA,NA,NA,NA,NA,NA,NA,NA,NA,NA,NA,NA,NA,NA,NA,NA,NA,NA,NA,NA,NA,NA,NA,NA,NA,NA,NA,NA,67.0981393728223,12.6316048769997,4.15789547038328,2.12152609372555,0.641707317073171,0.532981085956819,3.94215331010453,1.93513675699371,0,0,2016,1992-08-22,NA,NA,NA,NA
"Patrick Onwuasor","NYJ","LB","13026","weighted",NA,NA,NA,NA,NA,NA,NA,NA,NA,NA,NA,NA,NA,NA,NA,NA,NA,NA,NA,NA,NA,NA,NA,NA,NA,NA,NA,NA,NA,NA,NA,NA,NA,NA,NA,NA,NA,NA,NA,NA,NA,NA,NA,NA,67.0981393728223,12.6316048769997,4.15789547038328,2.12152609372555,0.641707317073171,0.532981085956819,3.94215331010453,1.93513675699371,0,0,2016,1992-08-22,NA,NA,NA,NA
"A.J. Klein","NO","LB","11375","weighted",NA,NA,NA,NA,NA,NA,NA,NA,NA,NA,NA,NA,NA,NA,NA,NA,NA,NA,NA,NA,NA,NA,NA,NA,NA,NA,NA,NA,NA,NA,NA,NA,NA,NA,NA,NA,NA,NA,NA,NA,NA,NA,NA,NA,50.5436783216783,18.5562174700248,2.1219020979021,0.508071211372458,0.288076923076923,0.397946645749559,1.14846853146853,0.915153103861253,0,0,2013,1991-07-30,NA,NA,NA,NA
"A.J. Klein","BUF","LB","11375","weighted",NA,NA,NA,NA,NA,NA,NA,NA,NA,NA,NA,NA,NA,NA,NA,NA,NA,NA,NA,NA,NA,NA,NA,NA,NA,NA,NA,NA,NA,NA,NA,NA,NA,NA,NA,NA,NA,NA,NA,NA,NA,NA,NA,NA,50.5436783216783,18.5562174700248,2.1219020979021,0.508071211372458,0.288076923076923,0.397946645749559,1.14846853146853,0.915153103861253,0,0,2013,1991-07-30,NA,NA,NA,NA
"Zach Brown","PHI","LB","10770","weighted",NA,NA,NA,NA,NA,NA,NA,NA,NA,NA,NA,NA,NA,NA,NA,NA,NA,NA,NA,NA,NA,NA,NA,NA,NA,NA,NA,NA,NA,NA,NA,NA,NA,NA,NA,NA,NA,NA,NA,NA,NA,NA,NA,NA,74.9750757575758,3.50579728914325,2.3029071969697,0.968460361985939,0.323068181818182,0.310296210808377,2.2878125,2.29961651230936,0,0,2012,1989-10-23,NA,NA,NA,NA
"Zach Brown","FA","LB","10770","weighted",NA,NA,NA,NA,NA,NA,NA,NA,NA,NA,NA,NA,NA,NA,NA,NA,NA,NA,NA,NA,NA,NA,NA,NA,NA,NA,NA,NA,NA,NA,NA,NA,NA,NA,NA,NA,NA,NA,NA,NA,NA,NA,NA,NA,74.9750757575758,3.50579728914325,2.3029071969697,0.968460361985939,0.323068181818182,0.310296210808377,2.2878125,2.29961651230936,0,0,2012,1989-10-23,NA,NA,NA,NA
"Kyler Fackrell","GB","LB","12763","weighted",NA,NA,NA,NA,NA,NA,NA,NA,NA,NA,NA,NA,NA,NA,NA,NA,NA,NA,NA,NA,NA,NA,NA,NA,NA,NA,NA,NA,NA,NA,NA,NA,NA,NA,NA,NA,NA,NA,NA,NA,NA,NA,NA,NA,36.2453776223776,26.9571560615508,6.45736363636364,1.875400159104,0.138857808857809,0.212510613960517,1.60562237762238,1.29861052080579,0,0,2016,1991-11-25,NA,NA,NA,NA
"Kyler Fackrell","NYG","LB","12763","weighted",NA,NA,NA,NA,NA,NA,NA,NA,NA,NA,NA,NA,NA,NA,NA,NA,NA,NA,NA,NA,NA,NA,NA,NA,NA,NA,NA,NA,NA,NA,NA,NA,NA,NA,NA,NA,NA,NA,NA,NA,NA,NA,NA,NA,36.2453776223776,26.9571560615508,6.45736363636364,1.875400159104,0.138857808857809,0.212510613960517,1.60562237762238,1.29861052080579,0,0,2016,1991-11-25,NA,NA,NA,NA
"Brandon Copeland","NYJ","LB","12489","weighted",NA,NA,NA,NA,NA,NA,NA,NA,NA,NA,NA,NA,NA,NA,NA,NA,NA,NA,NA,NA,NA,NA,NA,NA,NA,NA,NA,NA,NA,NA,NA,NA,NA,NA,NA,NA,NA,NA,NA,NA,NA,NA,NA,NA,40.45648905804,31.1639420424376,3.22982873453853,0.837637288405336,0.172635585156993,0.202616884451776,0.727640342530923,0.700746964550887,0,0,NA,NA,NA,NA,NA,NA
"Brandon Copeland","NE","LB","12489","weighted",NA,NA,NA,NA,NA,NA,NA,NA,NA,NA,NA,NA,NA,NA,NA,NA,NA,NA,NA,NA,NA,NA,NA,NA,NA,NA,NA,NA,NA,NA,NA,NA,NA,NA,NA,NA,NA,NA,NA,NA,NA,NA,NA,NA,40.45648905804,31.1639420424376,3.22982873453853,0.837637288405336,0.172635585156993,0.202616884451776,0.727640342530923,0.700746964550887,0,0,NA,NA,NA,NA,NA,NA
"Lorenzo Carter","NYG","LB","13703","weighted",NA,NA,NA,NA,NA,NA,NA,NA,NA,NA,NA,NA,NA,NA,NA,NA,NA,NA,NA,NA,NA,NA,NA,NA,NA,NA,NA,NA,NA,NA,NA,NA,NA,NA,NA,NA,NA,NA,NA,NA,NA,NA,NA,NA,42.2330392714855,20.0016687051172,5.05235059760956,1.00434189413538,0.404234490608993,0.437358738513128,3.68306203756403,1.396088171154,0,0,2018,1995-12-10,NA,NA,NA,NA
"Duke Riley","ATL","LB","13220","weighted",NA,NA,NA,NA,NA,NA,NA,NA,NA,NA,NA,NA,NA,NA,NA,NA,NA,NA,NA,NA,NA,NA,NA,NA,NA,NA,NA,NA,NA,NA,NA,NA,NA,NA,NA,NA,NA,NA,NA,NA,NA,NA,NA,NA,46.6996918767507,20.6378409927239,0.0450980392156863,0.0966519322501397,0.0586274509803922,0.125647511925182,1.09074229691877,0.965688729686231,0,0,2017,1994-08-09,NA,NA,NA,NA
"Duke Riley","PHI","LB","13220","weighted",NA,NA,NA,NA,NA,NA,NA,NA,NA,NA,NA,NA,NA,NA,NA,NA,NA,NA,NA,NA,NA,NA,NA,NA,NA,NA,NA,NA,NA,NA,NA,NA,NA,NA,NA,NA,NA,NA,NA,NA,NA,NA,NA,NA,46.6996918767507,20.6378409927239,0.0450980392156863,0.0966519322501397,0.0586274509803922,0.125647511925182,1.09074229691877,0.965688729686231,0,0,2017,1994-08-09,NA,NA,NA,NA
"Uchenna Nwosu","LAC","LB","13704","weighted",NA,NA,NA,NA,NA,NA,NA,NA,NA,NA,NA,NA,NA,NA,NA,NA,NA,NA,NA,NA,NA,NA,NA,NA,NA,NA,NA,NA,NA,NA,NA,NA,NA,NA,NA,NA,NA,NA,NA,NA,NA,NA,NA,NA,34.6635230506545,24.3309909347232,4.65021058622652,1.71515263596247,0.0782270916334661,0.143409143647462,1.25721684689812,1.17395239763188,0,0,2018,1996-12-28,NA,NA,NA,NA
"Kenny Young","BAL","LB","13765","weighted",NA,NA,NA,NA,NA,NA,NA,NA,NA,NA,NA,NA,NA,NA,NA,NA,NA,NA,NA,NA,NA,NA,NA,NA,NA,NA,NA,NA,NA,NA,NA,NA,NA,NA,NA,NA,NA,NA,NA,NA,NA,NA,NA,NA,53.7958885017422,30.271656293799,3.02411149825784,2.18638302212352,0.661965156794425,0.638696483643163,2.6577212543554,1.60434551324651,0,0,2018,1995-11-15,NA,NA,NA,NA
"Kenny Young","LAR","LB","13765","weighted",NA,NA,NA,NA,NA,NA,NA,NA,NA,NA,NA,NA,NA,NA,NA,NA,NA,NA,NA,NA,NA,NA,NA,NA,NA,NA,NA,NA,NA,NA,NA,NA,NA,NA,NA,NA,NA,NA,NA,NA,NA,NA,NA,NA,53.7958885017422,30.271656293799,3.02411149825784,2.18638302212352,0.661965156794425,0.638696483643163,2.6577212543554,1.60434551324651,0,0,2018,1995-11-15,NA,NA,NA,NA
"Germaine Pratt","CIN","LB","14210","weighted",NA,NA,NA,NA,NA,NA,NA,NA,NA,NA,NA,NA,NA,NA,NA,NA,NA,NA,NA,NA,NA,NA,NA,NA,NA,NA,NA,NA,NA,NA,NA,NA,NA,NA,NA,NA,NA,NA,NA,NA,NA,NA,NA,NA,27.8383832752613,34.2882114679308,1.26642508710801,0.38122676670709,0.29391637630662,0.492708725088384,1.77486411149826,2.94579690932863,0,0,2019,1970-01-01,NA,NA,NA,NA
"Vic Beasley","ATL","LB","12230","weighted",NA,NA,NA,NA,NA,NA,NA,NA,NA,NA,NA,NA,NA,NA,NA,NA,NA,NA,NA,NA,NA,NA,NA,NA,NA,NA,NA,NA,NA,NA,NA,NA,NA,NA,NA,NA,NA,NA,NA,NA,NA,NA,NA,NA,39.1014489990467,30.9162741552486,7.85151572926597,1.25969225389933,0.0982268827454719,0.181236956560045,2.86779790276454,0.802165936169582,0,0,2015,1992-07-08,NA,NA,NA,NA
"Vic Beasley","TEN","LB","12230","weighted",NA,NA,NA,NA,NA,NA,NA,NA,NA,NA,NA,NA,NA,NA,NA,NA,NA,NA,NA,NA,NA,NA,NA,NA,NA,NA,NA,NA,NA,NA,NA,NA,NA,NA,NA,NA,NA,NA,NA,NA,NA,NA,NA,NA,39.1014489990467,30.9162741552486,7.85151572926597,1.25969225389933,0.0982268827454719,0.181236956560045,2.86779790276454,0.802165936169582,0,0,2015,1992-07-08,NA,NA,NA,NA
"Nigel Bradham","PHI","LB","10827","weighted",NA,NA,NA,NA,NA,NA,NA,NA,NA,NA,NA,NA,NA,NA,NA,NA,NA,NA,NA,NA,NA,NA,NA,NA,NA,NA,NA,NA,NA,NA,NA,NA,NA,NA,NA,NA,NA,NA,NA,NA,NA,NA,NA,NA,70.7467317073171,4.98336561949048,1.66507317073171,0.349936529488115,0.836320557491289,0.541144150494065,5.38081533101045,1.67824701875816,0,0,2012,1989-09-04,NA,NA,NA,NA
"Nigel Bradham","FA","LB","10827","weighted",NA,NA,NA,NA,NA,NA,NA,NA,NA,NA,NA,NA,NA,NA,NA,NA,NA,NA,NA,NA,NA,NA,NA,NA,NA,NA,NA,NA,NA,NA,NA,NA,NA,NA,NA,NA,NA,NA,NA,NA,NA,NA,NA,NA,70.7467317073171,4.98336561949048,1.66507317073171,0.349936529488115,0.836320557491289,0.541144150494065,5.38081533101045,1.67824701875816,0,0,2012,1989-09-04,NA,NA,NA,NA
"Preston Brown","CIN","LB","11775","weighted",NA,NA,NA,NA,NA,NA,NA,NA,NA,NA,NA,NA,NA,NA,NA,NA,NA,NA,NA,NA,NA,NA,NA,NA,NA,NA,NA,NA,NA,NA,NA,NA,NA,NA,NA,NA,NA,NA,NA,NA,NA,NA,NA,NA,65.423094076655,12.014947532548,0.216885017421603,0.25950352320942,1.21224390243902,0.324436045644249,3.50805574912892,0.927847081316838,0,0,2014,1992-10-27,NA,NA,NA,NA
"Preston Brown","FA","LB","11775","weighted",NA,NA,NA,NA,NA,NA,NA,NA,NA,NA,NA,NA,NA,NA,NA,NA,NA,NA,NA,NA,NA,NA,NA,NA,NA,NA,NA,NA,NA,NA,NA,NA,NA,NA,NA,NA,NA,NA,NA,NA,NA,NA,NA,NA,65.423094076655,12.014947532548,0.216885017421603,0.25950352320942,1.21224390243902,0.324436045644249,3.50805574912892,0.927847081316838,0,0,2014,1992-10-27,NA,NA,NA,NA
"Donta Hightower","NE","LB","10774","weighted",NA,NA,NA,NA,NA,NA,NA,NA,NA,NA,NA,NA,NA,NA,NA,NA,NA,NA,NA,NA,NA,NA,NA,NA,NA,NA,NA,NA,NA,NA,NA,NA,NA,NA,NA,NA,NA,NA,NA,NA,NA,NA,NA,NA,57.1162727272727,16.4197658470339,3.76337762237762,1.23505127312715,0.409230769230769,0.523490217509596,1.54159440559441,1.12463438476183,0,0,2012,1990-03-12,NA,NA,NA,NA
"Alec Ogletree","NYG","LB","11293","weighted",NA,NA,NA,NA,NA,NA,NA,NA,NA,NA,NA,NA,NA,NA,NA,NA,NA,NA,NA,NA,NA,NA,NA,NA,NA,NA,NA,NA,NA,NA,NA,NA,NA,NA,NA,NA,NA,NA,NA,NA,NA,NA,NA,NA,68.9335609756098,7.9428199891473,2.5855331010453,0.769523233100488,2.50018118466899,1.01611351399481,6.40319163763066,2.01416001917829,0,0,2013,1991-09-25,NA,NA,NA,NA
"Alec Ogletree","FA","LB","11293","weighted",NA,NA,NA,NA,NA,NA,NA,NA,NA,NA,NA,NA,NA,NA,NA,NA,NA,NA,NA,NA,NA,NA,NA,NA,NA,NA,NA,NA,NA,NA,NA,NA,NA,NA,NA,NA,NA,NA,NA,NA,NA,NA,NA,NA,68.9335609756098,7.9428199891473,2.5855331010453,0.769523233100488,2.50018118466899,1.01611351399481,6.40319163763066,2.01416001917829,0,0,2013,1991-09-25,NA,NA,NA,NA
"Jatavis Brown","LAC","LB","12805","weighted",NA,NA,NA,NA,NA,NA,NA,NA,NA,NA,NA,NA,NA,NA,NA,NA,NA,NA,NA,NA,NA,NA,NA,NA,NA,NA,NA,NA,NA,NA,NA,NA,NA,NA,NA,NA,NA,NA,NA,NA,NA,NA,NA,NA,58.6480836236934,11.3321219848564,1.27114982578397,0.69118144620881,0.648864111498258,0.63350306868887,2.93719163763066,2.12358964940285,0,0,2016,1994-02-18,NA,NA,NA,NA
"Jatavis Brown","PHI","LB","12805","weighted",NA,NA,NA,NA,NA,NA,NA,NA,NA,NA,NA,NA,NA,NA,NA,NA,NA,NA,NA,NA,NA,NA,NA,NA,NA,NA,NA,NA,NA,NA,NA,NA,NA,NA,NA,NA,NA,NA,NA,NA,NA,NA,NA,NA,58.6480836236934,11.3321219848564,1.27114982578397,0.69118144620881,0.648864111498258,0.63350306868887,2.93719163763066,2.12358964940285,0,0,2016,1994-02-18,NA,NA,NA,NA
"Shaquil Barrett","TB","LB","12075","weighted",NA,NA,NA,NA,NA,NA,NA,NA,NA,NA,NA,NA,NA,NA,NA,NA,NA,NA,NA,NA,NA,NA,NA,NA,NA,NA,NA,NA,NA,NA,NA,NA,NA,NA,NA,NA,NA,NA,NA,NA,NA,NA,NA,NA,34.2492743105951,25.2748735714225,5.52406386066763,5.52953741651314,0.267148040638607,0.328412607680709,1.25736574746009,1.07824758267871,0,0,2014,1992-11-17,NA,NA,NA,NA
"Lorenzo Alexander","BUF","LB","8951","weighted",NA,NA,NA,NA,NA,NA,NA,NA,NA,NA,NA,NA,NA,NA,NA,NA,NA,NA,NA,NA,NA,NA,NA,NA,NA,NA,NA,NA,NA,NA,NA,NA,NA,NA,NA,NA,NA,NA,NA,NA,NA,NA,NA,NA,51.8319024390244,18.5959788664035,5.81997212543554,0.72508928964096,1.1488850174216,0.257149129215507,5.2978118466899,1.31051551017901,0,0,2006,1983-05-31,NA,NA,NA,NA
"Lorenzo Alexander","FA","LB","8951","weighted",NA,NA,NA,NA,NA,NA,NA,NA,NA,NA,NA,NA,NA,NA,NA,NA,NA,NA,NA,NA,NA,NA,NA,NA,NA,NA,NA,NA,NA,NA,NA,NA,NA,NA,NA,NA,NA,NA,NA,NA,NA,NA,NA,NA,51.8319024390244,18.5959788664035,5.81997212543554,0.72508928964096,1.1488850174216,0.257149129215507,5.2978118466899,1.31051551017901,0,0,2006,1983-05-31,NA,NA,NA,NA
"Kamu Grugier-Hill","PHI","LB","12828","weighted",NA,NA,NA,NA,NA,NA,NA,NA,NA,NA,NA,NA,NA,NA,NA,NA,NA,NA,NA,NA,NA,NA,NA,NA,NA,NA,NA,NA,NA,NA,NA,NA,NA,NA,NA,NA,NA,NA,NA,NA,NA,NA,NA,NA,46.6421931407942,24.7039793572838,1.07007220216606,0.415880583220375,0.994061371841155,0.011210103290454,2.88907942238267,0.929314777911255,0,0,2016,1994-05-16,NA,NA,NA,NA
"Kamu Grugier-Hill","MIA","LB","12828","weighted",NA,NA,NA,NA,NA,NA,NA,NA,NA,NA,NA,NA,NA,NA,NA,NA,NA,NA,NA,NA,NA,NA,NA,NA,NA,NA,NA,NA,NA,NA,NA,NA,NA,NA,NA,NA,NA,NA,NA,NA,NA,NA,NA,NA,46.6421931407942,24.7039793572838,1.07007220216606,0.415880583220375,0.994061371841155,0.011210103290454,2.88907942238267,0.929314777911255,0,0,2016,1994-05-16,NA,NA,NA,NA
"Whitney Mercilus","HOU","LB","10754","weighted",NA,NA,NA,NA,NA,NA,NA,NA,NA,NA,NA,NA,NA,NA,NA,NA,NA,NA,NA,NA,NA,NA,NA,NA,NA,NA,NA,NA,NA,NA,NA,NA,NA,NA,NA,NA,NA,NA,NA,NA,NA,NA,NA,NA,40.539020979021,20.6626998172222,5.61053146853147,0.63314223598646,0.0586433566433566,0.113433502238904,0.947216783216783,1.10380978912511,0,0,2012,1990-07-21,NA,NA,NA,NA
"Kyle Van Noy","NE","LB","11723","weighted",NA,NA,NA,NA,NA,NA,NA,NA,NA,NA,NA,NA,NA,NA,NA,NA,NA,NA,NA,NA,NA,NA,NA,NA,NA,NA,NA,NA,NA,NA,NA,NA,NA,NA,NA,NA,NA,NA,NA,NA,NA,NA,NA,NA,62.7946784291406,6.71852099220483,5.60244735344337,0.91705148118853,0.530756972111554,0.381031924285806,2.97212293682413,0.643046837596126,0,0,2014,1991-03-26,NA,NA,NA,NA
"Kyle Van Noy","MIA","LB","11723","weighted",NA,NA,NA,NA,NA,NA,NA,NA,NA,NA,NA,NA,NA,NA,NA,NA,NA,NA,NA,NA,NA,NA,NA,NA,NA,NA,NA,NA,NA,NA,NA,NA,NA,NA,NA,NA,NA,NA,NA,NA,NA,NA,NA,NA,62.7946784291406,6.71852099220483,5.60244735344337,0.91705148118853,0.530756972111554,0.381031924285806,2.97212293682413,0.643046837596126,0,0,2014,1991-03-26,NA,NA,NA,NA
"Bud Dupree","PIT","LB","12234","weighted",NA,NA,NA,NA,NA,NA,NA,NA,NA,NA,NA,NA,NA,NA,NA,NA,NA,NA,NA,NA,NA,NA,NA,NA,NA,NA,NA,NA,NA,NA,NA,NA,NA,NA,NA,NA,NA,NA,NA,NA,NA,NA,NA,NA,39.671109846329,17.770038211057,6.61677290836653,2.81584402263946,0.503898690950484,0.397625092337209,2.73856004553216,1.12631433945489,0,0,2015,1993-02-12,NA,NA,NA,NA
"Justin Houston","IND","LB","10277","weighted",NA,NA,NA,NA,NA,NA,NA,NA,NA,NA,NA,NA,NA,NA,NA,NA,NA,NA,NA,NA,NA,NA,NA,NA,NA,NA,NA,NA,NA,NA,NA,NA,NA,NA,NA,NA,NA,NA,NA,NA,NA,NA,NA,NA,49.650727532097,30.2500280991605,10.661455064194,1.01823376490863,0.715206847360913,0.438406204335659,3.15480741797432,1.30107647738325,NA,NA,2011,1989-01-21,NA,NA,NA,NA
"Jordan Jenkins","NYJ","LB","12707","weighted",NA,NA,NA,NA,NA,NA,NA,NA,NA,NA,NA,NA,NA,NA,NA,NA,NA,NA,NA,NA,NA,NA,NA,NA,NA,NA,NA,NA,NA,NA,NA,NA,NA,NA,NA,NA,NA,NA,NA,NA,NA,NA,NA,NA,41.4716257947321,24.3816831630744,5.94070844686649,0.494320216465302,0.0584922797456857,0.111650885425427,2.54339691189827,0.489582164918842,0,0,2016,1994-07-01,NA,NA,NA,NA
"Matt Judon","BAL","LB","12795","weighted",NA,NA,NA,NA,NA,NA,NA,NA,NA,NA,NA,NA,NA,NA,NA,NA,NA,NA,NA,NA,NA,NA,NA,NA,NA,NA,NA,NA,NA,NA,NA,NA,NA,NA,NA,NA,NA,NA,NA,NA,NA,NA,NA,NA,44.427859988617,14.9703215502501,7.40827546955037,1.33626315105332,0.15961297666477,0.168733732051275,2.96026180990324,0.753095756401862,0,0,2016,NA,NA,NA,NA,NA
"Oren Burks","GB","LB","13750","weighted",NA,NA,NA,NA,NA,NA,NA,NA,NA,NA,NA,NA,NA,NA,NA,NA,NA,NA,NA,NA,NA,NA,NA,NA,NA,NA,NA,NA,NA,NA,NA,NA,NA,NA,NA,NA,NA,NA,NA,NA,NA,NA,NA,NA,52.8348916967509,16.643569282131,0.532093862815885,0.521266543326609,0.00296931407942238,0.00560505164522701,1.30048736462094,0.622605499957076,0,0,2018,1995-03-21,NA,NA,NA,NA
"Mark Barron","PIT","LB","10782","weighted",NA,NA,NA,NA,NA,NA,NA,NA,NA,NA,NA,NA,NA,NA,NA,NA,NA,NA,NA,NA,NA,NA,NA,NA,NA,NA,NA,NA,NA,NA,NA,NA,NA,NA,NA,NA,NA,NA,NA,NA,NA,NA,NA,NA,55.9854425087108,19.5376460367079,2.45770731707317,1.46246289400046,1.04894076655052,0.870332782387331,3.70020905923345,1.80019200163311,0,0,2012,1989-10-27,NA,NA,NA,NA
"Mark Barron","FA","LB","10782","weighted",NA,NA,NA,NA,NA,NA,NA,NA,NA,NA,NA,NA,NA,NA,NA,NA,NA,NA,NA,NA,NA,NA,NA,NA,NA,NA,NA,NA,NA,NA,NA,NA,NA,NA,NA,NA,NA,NA,NA,NA,NA,NA,NA,NA,55.9854425087108,19.5376460367079,2.45770731707317,1.46246289400046,1.04894076655052,0.870332782387331,3.70020905923345,1.80019200163311,0,0,2012,1989-10-27,NA,NA,NA,NA
"Devon Kennard","DET","LB","11830","weighted",NA,NA,NA,NA,NA,NA,NA,NA,NA,NA,NA,NA,NA,NA,NA,NA,NA,NA,NA,NA,NA,NA,NA,NA,NA,NA,NA,NA,NA,NA,NA,NA,NA,NA,NA,NA,NA,NA,NA,NA,NA,NA,NA,NA,44.8510559440559,16.0235199509954,6.10388811188811,0.857200717255302,0.164377622377622,0.222078992756949,1.76962237762238,1.33930028834803,0,0,2014,1991-06-24,NA,NA,NA,NA
"Devon Kennard","ARI","LB","11830","weighted",NA,NA,NA,NA,NA,NA,NA,NA,NA,NA,NA,NA,NA,NA,NA,NA,NA,NA,NA,NA,NA,NA,NA,NA,NA,NA,NA,NA,NA,NA,NA,NA,NA,NA,NA,NA,NA,NA,NA,NA,NA,NA,NA,NA,44.8510559440559,16.0235199509954,6.10388811188811,0.857200717255302,0.164377622377622,0.222078992756949,1.76962237762238,1.33930028834803,0,0,2014,1991-06-24,NA,NA,NA,NA
"Von Miller","DEN","LB","10267","weighted",NA,NA,NA,NA,NA,NA,NA,NA,NA,NA,NA,NA,NA,NA,NA,NA,NA,NA,NA,NA,NA,NA,NA,NA,NA,NA,NA,NA,NA,NA,NA,NA,NA,NA,NA,NA,NA,NA,NA,NA,NA,NA,NA,NA,44.6205577689243,14.3919984715776,12.157609561753,1.2164052490446,0.319282868525896,0.327642918259075,3.43871371656232,1.00214090350547,0,0,2011,1989-03-26,NA,NA,NA,NA
"Khalil Mack","CHI","LB","11721","weighted",NA,NA,NA,NA,NA,NA,NA,NA,NA,NA,NA,NA,NA,NA,NA,NA,NA,NA,NA,NA,NA,NA,NA,NA,NA,NA,NA,NA,NA,NA,NA,NA,NA,NA,NA,NA,NA,NA,NA,NA,NA,NA,NA,NA,53.8357622377622,9.59040959620785,13.4078741258741,2.87561039731285,0.572496503496503,0.441067731697468,4.92716783216783,2.59169323994751,1.2,0,2014,1991-02-22,NA,NA,NA,NA
"Harold Landry","TEN","LB","13700","weighted",NA,NA,NA,NA,NA,NA,NA,NA,NA,NA,NA,NA,NA,NA,NA,NA,NA,NA,NA,NA,NA,NA,NA,NA,NA,NA,NA,NA,NA,NA,NA,NA,NA,NA,NA,NA,NA,NA,NA,NA,NA,NA,NA,NA,39.9009020979021,17.5494967211811,6.27714685314685,1.22535787646438,0.408314685314685,0.438331754733846,2.42639160839161,0.725568794750297,0,0,2018,1996-06-05,NA,NA,NA,NA
"T.J. Watt","PIT","LB","13214","weighted",NA,NA,NA,NA,NA,NA,NA,NA,NA,NA,NA,NA,NA,NA,NA,NA,NA,NA,NA,NA,NA,NA,NA,NA,NA,NA,NA,NA,NA,NA,NA,NA,NA,NA,NA,NA,NA,NA,NA,NA,NA,NA,NA,NA,52.4749003984064,8.4267002974823,10.860984632897,1.74187362610605,0.674723961297667,0.409226856903152,5.37326693227092,0.612965523261311,0,0,2017,1994-10-11,NA,NA,NA,NA
"Preston Smith","GB","LB","12270","weighted",NA,NA,NA,NA,NA,NA,NA,NA,NA,NA,NA,NA,NA,NA,NA,NA,NA,NA,NA,NA,NA,NA,NA,NA,NA,NA,NA,NA,NA,NA,NA,NA,NA,NA,NA,NA,NA,NA,NA,NA,NA,NA,NA,NA,40.4263146853147,16.3957516872089,6.99695104895105,1.73931961556659,0.744475524475524,0.336503200572394,3.00664335664336,1.17886818721192,0,0,2015,1992-11-17,NA,NA,NA,NA
"Wesley Woodyard","TEN","LB","9330","weighted",NA,NA,NA,NA,NA,NA,NA,NA,NA,NA,NA,NA,NA,NA,NA,NA,NA,NA,NA,NA,NA,NA,NA,NA,NA,NA,NA,NA,NA,NA,NA,NA,NA,NA,NA,NA,NA,NA,NA,NA,NA,NA,NA,NA,57.8526624548736,13.6660706181959,4.0386642599278,1.27524428054854,0.487554151624549,0.514122743387076,1.45969314079422,1.54235715656505,0,0,2008,1986-07-21,NA,NA,NA,NA
"Wesley Woodyard","FA","LB","9330","weighted",NA,NA,NA,NA,NA,NA,NA,NA,NA,NA,NA,NA,NA,NA,NA,NA,NA,NA,NA,NA,NA,NA,NA,NA,NA,NA,NA,NA,NA,NA,NA,NA,NA,NA,NA,NA,NA,NA,NA,NA,NA,NA,NA,NA,57.8526624548736,13.6660706181959,4.0386642599278,1.27524428054854,0.487554151624549,0.514122743387076,1.45969314079422,1.54235715656505,0,0,2008,1986-07-21,NA,NA,NA,NA
"Jon Bostic","WAS","LB","11299","weighted",NA,NA,NA,NA,NA,NA,NA,NA,NA,NA,NA,NA,NA,NA,NA,NA,NA,NA,NA,NA,NA,NA,NA,NA,NA,NA,NA,NA,NA,NA,NA,NA,NA,NA,NA,NA,NA,NA,NA,NA,NA,NA,NA,NA,48.759700348432,25.1782779741147,2.39188850174216,1.7287060483778,0.155066202090592,0.281924831343532,1.71356097560976,1.80543334229146,0,0,2013,1991-05-05,NA,NA,NA,NA
"Ryan Kerrigan","WAS","LB","10280","weighted",NA,NA,NA,NA,NA,NA,NA,NA,NA,NA,NA,NA,NA,NA,NA,NA,NA,NA,NA,NA,NA,NA,NA,NA,NA,NA,NA,NA,NA,NA,NA,NA,NA,NA,NA,NA,NA,NA,NA,NA,NA,NA,NA,NA,39.8350769230769,16.1104520502999,11.2680489510489,2.27324001273636,0.383986013986014,0.455581439353986,2.18058741258741,1.97395819642716,0,0,2011,1988-08-16,NA,NA,NA,NA
"Tae Davis","NYG","LB","13943","weighted",NA,NA,NA,NA,NA,NA,NA,NA,NA,NA,NA,NA,NA,NA,NA,NA,NA,NA,NA,NA,NA,NA,NA,NA,NA,NA,NA,NA,NA,NA,NA,NA,NA,NA,NA,NA,NA,NA,NA,NA,NA,NA,NA,NA,33.8622020905923,19.2132969318008,2.81618118466899,0.848899806095625,0.160487804878049,0.340216070335667,1.69797212543554,1.58805151042878,0,0,2018,1970-01-01,NA,NA,NA,NA
"Tae Davis","CLE","LB","13943","weighted",NA,NA,NA,NA,NA,NA,NA,NA,NA,NA,NA,NA,NA,NA,NA,NA,NA,NA,NA,NA,NA,NA,NA,NA,NA,NA,NA,NA,NA,NA,NA,NA,NA,NA,NA,NA,NA,NA,NA,NA,NA,NA,NA,NA,33.8622020905923,19.2132969318008,2.81618118466899,0.848899806095625,0.160487804878049,0.340216070335667,1.69797212543554,1.58805151042878,0,0,2018,1970-01-01,NA,NA,NA,NA
"Josh Allen","JAC","LB","14167","weighted",NA,NA,NA,NA,NA,NA,NA,NA,NA,NA,NA,NA,NA,NA,NA,NA,NA,NA,NA,NA,NA,NA,NA,NA,NA,NA,NA,NA,NA,NA,NA,NA,NA,NA,NA,NA,NA,NA,NA,NA,NA,NA,NA,NA,41.8669514563107,17.8583851020574,6.70511650485437,2.4239082407476,0.0638834951456311,0.114364054563665,2.99480582524272,1.88917900566787,NA,NA,2019,1997-07-13,NA,NA,NA,NA
"Neville Hewitt","NYJ","LB","12481","weighted",NA,NA,NA,NA,NA,NA,NA,NA,NA,NA,NA,NA,NA,NA,NA,NA,NA,NA,NA,NA,NA,NA,NA,NA,NA,NA,NA,NA,NA,NA,NA,NA,NA,NA,NA,NA,NA,NA,NA,NA,NA,NA,NA,NA,36.0031588447653,33.6706881214007,1.92706678700361,1.85798116033101,0.195974729241877,0.369933408584982,1.81601083032491,1.68273402032022,0,0,NA,NA,NA,NA,NA,NA
"Mychal Kendricks","SEA","LB","10807","weighted",NA,NA,NA,NA,NA,NA,NA,NA,NA,NA,NA,NA,NA,NA,NA,NA,NA,NA,NA,NA,NA,NA,NA,NA,NA,NA,NA,NA,NA,NA,NA,NA,NA,NA,NA,NA,NA,NA,NA,NA,NA,NA,NA,NA,39.164214801444,21.5296197211147,2.0659476534296,0.66114332045327,0.466768953068592,0.515469299872492,2.43718411552347,2.25576490429547,0,0,2012,1990-09-28,NA,NA,NA,NA
"Mychal Kendricks","FA","LB","10807","weighted",NA,NA,NA,NA,NA,NA,NA,NA,NA,NA,NA,NA,NA,NA,NA,NA,NA,NA,NA,NA,NA,NA,NA,NA,NA,NA,NA,NA,NA,NA,NA,NA,NA,NA,NA,NA,NA,NA,NA,NA,NA,NA,NA,NA,39.164214801444,21.5296197211147,2.0659476534296,0.66114332045327,0.466768953068592,0.515469299872492,2.43718411552347,2.25576490429547,0,0,2012,1990-09-28,NA,NA,NA,NA
"Shaun Dion Hamilton","WAS","LB","13812","weighted",NA,NA,NA,NA,NA,NA,NA,NA,NA,NA,NA,NA,NA,NA,NA,NA,NA,NA,NA,NA,NA,NA,NA,NA,NA,NA,NA,NA,NA,NA,NA,NA,NA,NA,NA,NA,NA,NA,NA,NA,NA,NA,NA,NA,47.1903693379791,17.9342276705353,3.49495470383275,1.14281013756011,0.551317073170732,0.621693801778849,1.9171637630662,1.79287322679202,0,0,2018,1995-09-11,NA,NA,NA,NA
"Foyesade Oluokun","ATL","LB","13813","weighted",NA,NA,NA,NA,NA,NA,NA,NA,NA,NA,NA,NA,NA,NA,NA,NA,NA,NA,NA,NA,NA,NA,NA,NA,NA,NA,NA,NA,NA,NA,NA,NA,NA,NA,NA,NA,NA,NA,NA,NA,NA,NA,NA,NA,54.3800209059233,9.95273579002868,0.786991869918699,0.324495997363627,0.132975609756098,0.281893315420981,0.947533101045296,0.720201423711362,0,0,2018,1995-08-02,NA,NA,NA,NA
"Kyzir White","LAC","LB","13762","weighted",NA,NA,NA,NA,NA,NA,NA,NA,NA,NA,NA,NA,NA,NA,NA,NA,NA,NA,NA,NA,NA,NA,NA,NA,NA,NA,NA,NA,NA,NA,NA,NA,NA,NA,NA,NA,NA,NA,NA,NA,NA,NA,NA,NA,30.2709375,29.8857946936137,0.338267045454545,0.35726329521553,0.910350378787879,1.14048702781967,1.58142992424242,1.46340176579645,0,0,2018,1996-03-24,NA,NA,NA,NA
"Haason Reddick","ARI","LB","13245","weighted",NA,NA,NA,NA,NA,NA,NA,NA,NA,NA,NA,NA,NA,NA,NA,NA,NA,NA,NA,NA,NA,NA,NA,NA,NA,NA,NA,NA,NA,NA,NA,NA,NA,NA,NA,NA,NA,NA,NA,NA,NA,NA,NA,NA,56.5593519163763,6.68770092317825,4.36050174216028,0.61065072559759,0.470452961672474,0.552674538484866,3.64822299651568,0.623853459545838,0,0,2017,1994-09-22,NA,NA,NA,NA
"Deone Bucannon","TB","LB","11767","weighted",NA,NA,NA,NA,NA,NA,NA,NA,NA,NA,NA,NA,NA,NA,NA,NA,NA,NA,NA,NA,NA,NA,NA,NA,NA,NA,NA,NA,NA,NA,NA,NA,NA,NA,NA,NA,NA,NA,NA,NA,NA,NA,NA,NA,38.0553379790941,19.8301576317912,1.30955400696864,1.24358773028159,0.383331010452962,0.489392503432625,1.7428362369338,1.4563154202003,0,0,2014,1992-08-30,NA,NA,NA,NA
"Deone Bucannon","ATL","LB","11767","weighted",NA,NA,NA,NA,NA,NA,NA,NA,NA,NA,NA,NA,NA,NA,NA,NA,NA,NA,NA,NA,NA,NA,NA,NA,NA,NA,NA,NA,NA,NA,NA,NA,NA,NA,NA,NA,NA,NA,NA,NA,NA,NA,NA,NA,38.0553379790941,19.8301576317912,1.30955400696864,1.24358773028159,0.383331010452962,0.489392503432625,1.7428362369338,1.4563154202003,0,0,2014,1992-08-30,NA,NA,NA,NA
"Leon Jacobs","JAC","LB","13834","weighted",NA,NA,NA,NA,NA,NA,NA,NA,NA,NA,NA,NA,NA,NA,NA,NA,NA,NA,NA,NA,NA,NA,NA,NA,NA,NA,NA,NA,NA,NA,NA,NA,NA,NA,NA,NA,NA,NA,NA,NA,NA,NA,NA,NA,41.1053882575758,19.1952399299411,1.09622159090909,0.867452753153368,0.534564393939394,0.507517151227156,0.460151515151515,0.498489897880862,0,0,2018,NA,NA,NA,NA,NA
"Jermaine Carter","CAR","LB","13787","weighted",NA,NA,NA,NA,NA,NA,NA,NA,NA,NA,NA,NA,NA,NA,NA,NA,NA,NA,NA,NA,NA,NA,NA,NA,NA,NA,NA,NA,NA,NA,NA,NA,NA,NA,NA,NA,NA,NA,NA,NA,NA,NA,NA,NA,39.4815523465704,19.7802672420912,1.02375451263538,0.0448404131618161,0.0475090252707581,0.0896808263236321,0.71322202166065,0.668913857214778,0,0,2018,NA,NA,NA,NA,NA
"Denzel Perryman","LAC","LB","12238","weighted",NA,NA,NA,NA,NA,NA,NA,NA,NA,NA,NA,NA,NA,NA,NA,NA,NA,NA,NA,NA,NA,NA,NA,NA,NA,NA,NA,NA,NA,NA,NA,NA,NA,NA,NA,NA,NA,NA,NA,NA,NA,NA,NA,NA,51.6167456445993,6.39604336213779,1.15220905923345,0.843243833530614,0.810264808362369,0.239342436162293,2.69856445993031,0.456268179577465,0,0,NA,1992-12-05,NA,NA,NA,NA
"Josey Jewell","DEN","LB","13702","weighted",NA,NA,NA,NA,NA,NA,NA,NA,NA,NA,NA,NA,NA,NA,NA,NA,NA,NA,NA,NA,NA,NA,NA,NA,NA,NA,NA,NA,NA,NA,NA,NA,NA,NA,NA,NA,NA,NA,NA,NA,NA,NA,NA,NA,51.1468013937282,7.09579956893237,1.19063414634146,0.802865617976762,0.422306620209059,0.510463854524105,3.62808362369338,1.75354948689008,0,0,2018,1994-12-25,NA,NA,NA,NA
"Vontaze Burfict","OAK","LB","10772","weighted",NA,NA,NA,NA,NA,NA,NA,NA,NA,NA,NA,NA,NA,NA,NA,NA,NA,NA,NA,NA,NA,NA,NA,NA,NA,NA,NA,NA,NA,NA,NA,NA,NA,NA,NA,NA,NA,NA,NA,NA,NA,NA,NA,NA,50.2229602888087,9.18364947553693,1.47446750902527,0.484765506501966,0.555848375451263,0.530513265693745,2.91938628158845,3.08471431313009,0,0,2012,1990-09-24,NA,NA,NA,NA
"Vontaze Burfict","FA","LB","10772","weighted",NA,NA,NA,NA,NA,NA,NA,NA,NA,NA,NA,NA,NA,NA,NA,NA,NA,NA,NA,NA,NA,NA,NA,NA,NA,NA,NA,NA,NA,NA,NA,NA,NA,NA,NA,NA,NA,NA,NA,NA,NA,NA,NA,NA,50.2229602888087,9.18364947553693,1.47446750902527,0.484765506501966,0.555848375451263,0.530513265693745,2.91938628158845,3.08471431313009,0,0,2012,1990-09-24,NA,NA,NA,NA
"Chris Board","BAL","LB","13926","weighted",NA,NA,NA,NA,NA,NA,NA,NA,NA,NA,NA,NA,NA,NA,NA,NA,NA,NA,NA,NA,NA,NA,NA,NA,NA,NA,NA,NA,NA,NA,NA,NA,NA,NA,NA,NA,NA,NA,NA,NA,NA,NA,NA,NA,27.2683275261324,20.142886036589,1.95090592334495,1.48046216085216,0.130682926829268,0.277033085844757,1.81650174216028,1.83828269845257,0,0,2018,1970-01-01,NA,NA,NA,NA
"Jahlani Tavai","DET","LB","14200","weighted",NA,NA,NA,NA,NA,NA,NA,NA,NA,NA,NA,NA,NA,NA,NA,NA,NA,NA,NA,NA,NA,NA,NA,NA,NA,NA,NA,NA,NA,NA,NA,NA,NA,NA,NA,NA,NA,NA,NA,NA,NA,NA,NA,NA,39.0431407942238,23.4863608739322,1.64197653429603,1.65476912596722,0.71677797833935,1.13634399330397,2.64085740072202,3.87759815605119,0,0,2019,1996-09-28,NA,NA,NA,NA
"Reggie Ragland","KC","LB","12703","weighted",NA,NA,NA,NA,NA,NA,NA,NA,NA,NA,NA,NA,NA,NA,NA,NA,NA,NA,NA,NA,NA,NA,NA,NA,NA,NA,NA,NA,NA,NA,NA,NA,NA,NA,NA,NA,NA,NA,NA,NA,NA,NA,NA,NA,53.5408222996516,2.56296797872938,1.87011846689895,2.61807975434579,0.347512195121951,0.440349739789376,1.88183972125436,0.2592775668938,0,0,2016,1993-09-24,NA,NA,NA,NA
"Reggie Ragland","DET","LB","12703","weighted",NA,NA,NA,NA,NA,NA,NA,NA,NA,NA,NA,NA,NA,NA,NA,NA,NA,NA,NA,NA,NA,NA,NA,NA,NA,NA,NA,NA,NA,NA,NA,NA,NA,NA,NA,NA,NA,NA,NA,NA,NA,NA,NA,NA,53.5408222996516,2.56296797872938,1.87011846689895,2.61807975434579,0.347512195121951,0.440349739789376,1.88183972125436,0.2592775668938,0,0,2016,1993-09-24,NA,NA,NA,NA
"Blake Cashman","NYJ","LB","14251","weighted",NA,NA,NA,NA,NA,NA,NA,NA,NA,NA,NA,NA,NA,NA,NA,NA,NA,NA,NA,NA,NA,NA,NA,NA,NA,NA,NA,NA,NA,NA,NA,NA,NA,NA,NA,NA,NA,NA,NA,NA,NA,NA,NA,NA,24.7893682310469,26.8877087484403,0.46379963898917,0.515905019974109,0.0267238267148014,0.050445464807043,0.805857400722022,1.07557866017179,0,0,2019,1996-05-10,NA,NA,NA,NA
"Quincy Williams","JAC","LB","14221","weighted",NA,NA,NA,NA,NA,NA,NA,NA,NA,NA,NA,NA,NA,NA,NA,NA,NA,NA,NA,NA,NA,NA,NA,NA,NA,NA,NA,NA,NA,NA,NA,NA,NA,NA,NA,NA,NA,NA,NA,NA,NA,NA,NA,NA,48.5889079422383,7.51092677906723,0.694819494584837,1.31158208498312,0.505370036101083,0.515348759797009,2.62186823104693,2.59530276718184,0,0,2019,1996-08-28,NA,NA,NA,NA
"Darron Lee","KC","LB","12705","weighted",NA,NA,NA,NA,NA,NA,NA,NA,NA,NA,NA,NA,NA,NA,NA,NA,NA,NA,NA,NA,NA,NA,NA,NA,NA,NA,NA,NA,NA,NA,NA,NA,NA,NA,NA,NA,NA,NA,NA,NA,NA,NA,NA,NA,33.1494133574007,16.7214956601023,1.74391696750903,1.05966402205767,0.92326714801444,0.247178538504464,2.23585740072202,2.59728576714053,0,0,2016,1994-10-18,NA,NA,NA,NA
"Darron Lee","FA","LB","12705","weighted",NA,NA,NA,NA,NA,NA,NA,NA,NA,NA,NA,NA,NA,NA,NA,NA,NA,NA,NA,NA,NA,NA,NA,NA,NA,NA,NA,NA,NA,NA,NA,NA,NA,NA,NA,NA,NA,NA,NA,NA,NA,NA,NA,NA,33.1494133574007,16.7214956601023,1.74391696750903,1.05966402205767,0.92326714801444,0.247178538504464,2.23585740072202,2.59728576714053,0,0,2016,1994-10-18,NA,NA,NA,NA
"Shaquem Griffin","SEA","LB","13705","weighted",NA,NA,NA,NA,NA,NA,NA,NA,NA,NA,NA,NA,NA,NA,NA,NA,NA,NA,NA,NA,NA,NA,NA,NA,NA,NA,NA,NA,NA,NA,NA,NA,NA,NA,NA,NA,NA,NA,NA,NA,NA,NA,NA,NA,32.1053497942387,24.6073159852919,1.13728395061728,1.7819090885901,0.257242798353909,0.403050865276332,1.10117969821674,1.72534054609518,0,0,2018,1995-07-20,NA,NA,NA,NA
"Ryan Anderson","WAS","LB","13218","weighted",NA,NA,NA,NA,NA,NA,NA,NA,NA,NA,NA,NA,NA,NA,NA,NA,NA,NA,NA,NA,NA,NA,NA,NA,NA,NA,NA,NA,NA,NA,NA,NA,NA,NA,NA,NA,NA,NA,NA,NA,NA,NA,NA,NA,39.2305761316872,14.1492066915428,5.05083676268861,1.17379725676967,0.139903978052126,0.21920310216783,2.36294924554184,0.841457069611991,0,0,2017,NA,NA,NA,NA,NA
"Kareem Martin","NYG","LB","11779","weighted",NA,NA,NA,NA,NA,NA,NA,NA,NA,NA,NA,NA,NA,NA,NA,NA,NA,NA,NA,NA,NA,NA,NA,NA,NA,NA,NA,NA,NA,NA,NA,NA,NA,NA,NA,NA,NA,NA,NA,NA,NA,NA,NA,NA,27.1035540069686,12.2930834159325,2.04661324041812,0.64426954255631,0.201198606271777,0.255419502915642,1.48551219512195,1.09495033276444,0,0,2014,1992-02-19,NA,NA,NA,NA
"Kareem Martin","FA","LB","11779","weighted",NA,NA,NA,NA,NA,NA,NA,NA,NA,NA,NA,NA,NA,NA,NA,NA,NA,NA,NA,NA,NA,NA,NA,NA,NA,NA,NA,NA,NA,NA,NA,NA,NA,NA,NA,NA,NA,NA,NA,NA,NA,NA,NA,NA,27.1035540069686,12.2930834159325,2.04661324041812,0.64426954255631,0.201198606271777,0.255419502915642,1.48551219512195,1.09495033276444,0,0,2014,1992-02-19,NA,NA,NA,NA
"Marquel Lee","OAK","LB","13310","weighted",NA,NA,NA,NA,NA,NA,NA,NA,NA,NA,NA,NA,NA,NA,NA,NA,NA,NA,NA,NA,NA,NA,NA,NA,NA,NA,NA,NA,NA,NA,NA,NA,NA,NA,NA,NA,NA,NA,NA,NA,NA,NA,NA,NA,39.3821389891697,7.48952380255542,0,0,0.679972924187726,1.28355682675698,3.6183844765343,4.35722911831682,0,0,2017,1995-10-21,NA,NA,NA,NA
"Marquel Lee","LVR","LB","13310","weighted",NA,NA,NA,NA,NA,NA,NA,NA,NA,NA,NA,NA,NA,NA,NA,NA,NA,NA,NA,NA,NA,NA,NA,NA,NA,NA,NA,NA,NA,NA,NA,NA,NA,NA,NA,NA,NA,NA,NA,NA,NA,NA,NA,NA,39.3821389891697,7.48952380255542,0,0,0.679972924187726,1.28355682675698,3.6183844765343,4.35722911831682,0,0,2017,1995-10-21,NA,NA,NA,NA
"Bradley Chubb","DEN","LB","13681","weighted",NA,NA,NA,NA,NA,NA,NA,NA,NA,NA,NA,NA,NA,NA,NA,NA,NA,NA,NA,NA,NA,NA,NA,NA,NA,NA,NA,NA,NA,NA,NA,NA,NA,NA,NA,NA,NA,NA,NA,NA,NA,NA,NA,NA,39.5812274368231,5.89450625483767,10.5422563176895,0.768857410234503,0,0,3.02126353790614,2.15898671890249,0,0,2018,1996-06-24,"Q","Knee - ACL",2019,0
"Adarius Glanton","CLE","LB","12072","weighted",NA,NA,NA,NA,NA,NA,NA,NA,NA,NA,NA,NA,NA,NA,NA,NA,NA,NA,NA,NA,NA,NA,NA,NA,NA,NA,NA,NA,NA,NA,NA,NA,NA,NA,NA,NA,NA,NA,NA,NA,NA,NA,NA,NA,29.1491477272727,11.6725347825175,0.779744318181818,0.253498427921456,0.233494318181818,0.355159738341951,1.77989583333333,1.7073616858837,0,0,2014,1990-09-21,NA,NA,NA,NA
"Adarius Glanton","FA","LB","12072","weighted",NA,NA,NA,NA,NA,NA,NA,NA,NA,NA,NA,NA,NA,NA,NA,NA,NA,NA,NA,NA,NA,NA,NA,NA,NA,NA,NA,NA,NA,NA,NA,NA,NA,NA,NA,NA,NA,NA,NA,NA,NA,NA,NA,NA,29.1491477272727,11.6725347825175,0.779744318181818,0.253498427921456,0.233494318181818,0.355159738341951,1.77989583333333,1.7073616858837,0,0,2014,1990-09-21,NA,NA,NA,NA
"B.J. Goodson","NYG","LB","12774","weighted",NA,NA,NA,NA,NA,NA,NA,NA,NA,NA,NA,NA,NA,NA,NA,NA,NA,NA,NA,NA,NA,NA,NA,NA,NA,NA,NA,NA,NA,NA,NA,NA,NA,NA,NA,NA,NA,NA,NA,NA,NA,NA,NA,NA,35.3789801444043,11.7325475256029,0.266046931407942,0.260633271663304,0.833718411552346,0.313882892132712,2.40738267148014,0.535382778093732,0,0,2016,1993-05-29,NA,NA,NA,NA
"B.J. Goodson","CLE","LB","12774","weighted",NA,NA,NA,NA,NA,NA,NA,NA,NA,NA,NA,NA,NA,NA,NA,NA,NA,NA,NA,NA,NA,NA,NA,NA,NA,NA,NA,NA,NA,NA,NA,NA,NA,NA,NA,NA,NA,NA,NA,NA,NA,NA,NA,NA,35.3789801444043,11.7325475256029,0.266046931407942,0.260633271663304,0.833718411552346,0.313882892132712,2.40738267148014,0.535382778093732,0,0,2016,1993-05-29,NA,NA,NA,NA
"ZaDarius Smith","GB","LB","12301","weighted",NA,NA,NA,NA,NA,NA,NA,NA,NA,NA,NA,NA,NA,NA,NA,NA,NA,NA,NA,NA,NA,NA,NA,NA,NA,NA,NA,NA,NA,NA,NA,NA,NA,NA,NA,NA,NA,NA,NA,NA,NA,NA,NA,NA,31.0947108013937,6.42318305448803,6.58801393728223,0.8940555254529,0.0389756097560976,0.0826239027958048,1.8328362369338,1.00670489599475,0,0,NA,1992-09-08,NA,NA,NA,NA
"Genard Avery","CLE","LB","13781","weighted",NA,NA,NA,NA,NA,NA,NA,NA,NA,NA,NA,NA,NA,NA,NA,NA,NA,NA,NA,NA,NA,NA,NA,NA,NA,NA,NA,NA,NA,NA,NA,NA,NA,NA,NA,NA,NA,NA,NA,NA,NA,NA,NA,NA,27.3878842676311,21.1202906137304,4.824773960217,3.76832375486282,0.704339963833635,0.559869178916663,3.91112115732369,3.37708348471732,0,0,2018,1995-04-26,NA,NA,NA,NA
"Genard Avery","PHI","LB","13781","weighted",NA,NA,NA,NA,NA,NA,NA,NA,NA,NA,NA,NA,NA,NA,NA,NA,NA,NA,NA,NA,NA,NA,NA,NA,NA,NA,NA,NA,NA,NA,NA,NA,NA,NA,NA,NA,NA,NA,NA,NA,NA,NA,NA,NA,27.3878842676311,21.1202906137304,4.824773960217,3.76832375486282,0.704339963833635,0.559869178916663,3.91112115732369,3.37708348471732,0,0,2018,1995-04-26,NA,NA,NA,NA
"Chandler Jones","ARI","LB","10753","weighted",NA,NA,NA,NA,NA,NA,NA,NA,NA,NA,NA,NA,NA,NA,NA,NA,NA,NA,NA,NA,NA,NA,NA,NA,NA,NA,NA,NA,NA,NA,NA,NA,NA,NA,NA,NA,NA,NA,NA,NA,NA,NA,NA,NA,38.5648267008986,0.777817459305203,12.3459563543004,0.212132034355965,0.486521181001284,0.707106781186547,4.48908857509628,2.05060966544099,0,0,2012,1990-02-27,NA,NA,NA,NA
"Matthew Adams","IND","LB","13826","weighted",NA,NA,NA,NA,NA,NA,NA,NA,NA,NA,NA,NA,NA,NA,NA,NA,NA,NA,NA,NA,NA,NA,NA,NA,NA,NA,NA,NA,NA,NA,NA,NA,NA,NA,NA,NA,NA,NA,NA,NA,NA,NA,NA,NA,29.2308238636364,7.30844758105355,0.460151515151515,0.498489897880862,0.0031155303030303,0.00568537704654402,0.541155303030303,0.630287490945034,0,0,2018,NA,NA,NA,NA,NA
"Kyle Wilber","OAK","LB","10831","weighted",NA,NA,NA,NA,NA,NA,NA,NA,NA,NA,NA,NA,NA,NA,NA,NA,NA,NA,NA,NA,NA,NA,NA,NA,NA,NA,NA,NA,NA,NA,NA,NA,NA,NA,NA,NA,NA,NA,NA,NA,NA,NA,NA,NA,21.9794608472401,22.0617315730203,1.21630295250321,1.76776695296637,0.486521181001284,0.707106781186547,1.45956354300385,2.12132034355964,0,0,2012,1989-04-26,NA,NA,NA,NA
"Kyle Wilber","LVR","LB","10831","weighted",NA,NA,NA,NA,NA,NA,NA,NA,NA,NA,NA,NA,NA,NA,NA,NA,NA,NA,NA,NA,NA,NA,NA,NA,NA,NA,NA,NA,NA,NA,NA,NA,NA,NA,NA,NA,NA,NA,NA,NA,NA,NA,NA,NA,21.9794608472401,22.0617315730203,1.21630295250321,1.76776695296637,0.486521181001284,0.707106781186547,1.45956354300385,2.12132034355964,0,0,2012,1989-04-26,NA,NA,NA,NA
"L.J. Fort","PHI","LB","10989","weighted",NA,NA,NA,NA,NA,NA,NA,NA,NA,NA,NA,NA,NA,NA,NA,NA,NA,NA,NA,NA,NA,NA,NA,NA,NA,NA,NA,NA,NA,NA,NA,NA,NA,NA,NA,NA,NA,NA,NA,NA,NA,NA,NA,NA,28.8307456445993,11.3403449747112,0.798940766550523,0.257628277789164,0.0366829268292683,0.077763673219581,0.849198606271777,1.02418329012112,0,0,2012,1990-01-03,NA,NA,NA,NA
"L.J. Fort","BAL","LB","10989","weighted",NA,NA,NA,NA,NA,NA,NA,NA,NA,NA,NA,NA,NA,NA,NA,NA,NA,NA,NA,NA,NA,NA,NA,NA,NA,NA,NA,NA,NA,NA,NA,NA,NA,NA,NA,NA,NA,NA,NA,NA,NA,NA,NA,NA,28.8307456445993,11.3403449747112,0.798940766550523,0.257628277789164,0.0366829268292683,0.077763673219581,0.849198606271777,1.02418329012112,0,0,2012,1990-01-03,NA,NA,NA,NA
"Kevin Minter","TB","LB","11310","weighted",NA,NA,NA,NA,NA,NA,NA,NA,NA,NA,NA,NA,NA,NA,NA,NA,NA,NA,NA,NA,NA,NA,NA,NA,NA,NA,NA,NA,NA,NA,NA,NA,NA,NA,NA,NA,NA,NA,NA,NA,NA,NA,NA,NA,22.3217146776406,21.5879700296253,1.19145404663923,1.11015764646288,0.0315912208504801,0.0494974746830583,0.076721536351166,0.120208152801713,0,0,2013,1990-12-03,NA,NA,NA,NA
"Dorian O'Daniel","KC","LB","13701","weighted",NA,NA,NA,NA,NA,NA,NA,NA,NA,NA,NA,NA,NA,NA,NA,NA,NA,NA,NA,NA,NA,NA,NA,NA,NA,NA,NA,NA,NA,NA,NA,NA,NA,NA,NA,NA,NA,NA,NA,NA,NA,NA,NA,NA,31.0734525447043,5.30330085889911,0.359834938101788,0.565685424949238,0.0404814305364512,0.0636396103067893,0.0404814305364512,0.0636396103067893,0,0,2018,1994-09-04,NA,NA,NA,NA
"Pernell McPhee","BAL","LB","10402","weighted",NA,NA,NA,NA,NA,NA,NA,NA,NA,NA,NA,NA,NA,NA,NA,NA,NA,NA,NA,NA,NA,NA,NA,NA,NA,NA,NA,NA,NA,NA,NA,NA,NA,NA,NA,NA,NA,NA,NA,NA,NA,NA,NA,NA,20.4585871056241,17.9534411743264,2.29145404663923,1.11015764646288,0.207599451303155,0.325269119345812,1.49832647462277,2.34759451353934,0,0,2011,1988-12-17,NA,NA,NA,NA
"Barkevious Mingo","HOU","LB","11295","weighted",NA,NA,NA,NA,NA,NA,NA,NA,NA,NA,NA,NA,NA,NA,NA,NA,NA,NA,NA,NA,NA,NA,NA,NA,NA,NA,NA,NA,NA,NA,NA,NA,NA,NA,NA,NA,NA,NA,NA,NA,NA,NA,NA,NA,27.853164556962,5.68992143634414,1.45777576853526,0.540297890460686,0,0,0.756600361663653,0.725542679084587,0,0,2013,1990-10-04,NA,NA,NA,NA
"Barkevious Mingo","CHI","LB","11295","weighted",NA,NA,NA,NA,NA,NA,NA,NA,NA,NA,NA,NA,NA,NA,NA,NA,NA,NA,NA,NA,NA,NA,NA,NA,NA,NA,NA,NA,NA,NA,NA,NA,NA,NA,NA,NA,NA,NA,NA,NA,NA,NA,NA,NA,27.853164556962,5.68992143634414,1.45777576853526,0.540297890460686,0,0,0.756600361663653,0.725542679084587,0,0,2013,1990-10-04,NA,NA,NA,NA
"Ben Banogu","IND","LB","14204","weighted",NA,NA,NA,NA,NA,NA,NA,NA,NA,NA,NA,NA,NA,NA,NA,NA,NA,NA,NA,NA,NA,NA,NA,NA,NA,NA,NA,NA,NA,NA,NA,NA,NA,NA,NA,NA,NA,NA,NA,NA,NA,NA,NA,NA,29.6213093709884,6.36396103067893,4.25417201540436,2.40416305603426,0,0,1.94608472400513,2.82842712474619,0,0,2019,1970-01-01,NA,NA,NA,NA
"Markus Golden","NYG","LB","12278","weighted",NA,NA,NA,NA,NA,NA,NA,NA,NA,NA,NA,NA,NA,NA,NA,NA,NA,NA,NA,NA,NA,NA,NA,NA,NA,NA,NA,NA,NA,NA,NA,NA,NA,NA,NA,NA,NA,NA,NA,NA,NA,NA,NA,NA,29.2968363136176,6.29325035256027,6.10123796423659,4.24264068711928,0,0,2.95543328748281,1.48492424049175,0,0,NA,NA,NA,NA,NA,NA
"Jeremiah Attaochu","KC","LB","11725","weighted",NA,NA,NA,NA,NA,NA,NA,NA,NA,NA,NA,NA,NA,NA,NA,NA,NA,NA,NA,NA,NA,NA,NA,NA,NA,NA,NA,NA,NA,NA,NA,NA,NA,NA,NA,NA,NA,NA,NA,NA,NA,NA,NA,NA,14.5229355281207,22.7546962185831,1.45319615912209,2.27688383542068,0.054156378600823,0.0848528137423857,0.600233196159122,0.940452018978108,0,0,2014,1993-01-17,NA,NA,NA,NA
"Jeremiah Attaochu","DEN","LB","11725","weighted",NA,NA,NA,NA,NA,NA,NA,NA,NA,NA,NA,NA,NA,NA,NA,NA,NA,NA,NA,NA,NA,NA,NA,NA,NA,NA,NA,NA,NA,NA,NA,NA,NA,NA,NA,NA,NA,NA,NA,NA,NA,NA,NA,NA,14.5229355281207,22.7546962185831,1.45319615912209,2.27688383542068,0.054156378600823,0.0848528137423857,0.600233196159122,0.940452018978108,0,0,2014,1993-01-17,NA,NA,NA,NA
"Dante Fowler","LAR","LB","12217","weighted",NA,NA,NA,NA,NA,NA,NA,NA,NA,NA,NA,NA,NA,NA,NA,NA,NA,NA,NA,NA,NA,NA,NA,NA,NA,NA,NA,NA,NA,NA,NA,NA,NA,NA,NA,NA,NA,NA,NA,NA,NA,NA,NA,NA,28.6456996148909,5.02045814642449,7.09178433889602,2.1920310216783,0,0,2.69448010269576,2.33345237791561,0,0,NA,1994-08-03,NA,NA,NA,NA
"Dante Fowler","ATL","LB","12217","weighted",NA,NA,NA,NA,NA,NA,NA,NA,NA,NA,NA,NA,NA,NA,NA,NA,NA,NA,NA,NA,NA,NA,NA,NA,NA,NA,NA,NA,NA,NA,NA,NA,NA,NA,NA,NA,NA,NA,NA,NA,NA,NA,NA,NA,28.6456996148909,5.02045814642449,7.09178433889602,2.1920310216783,0,0,2.69448010269576,2.33345237791561,0,0,NA,1994-08-03,NA,NA,NA,NA
"Tim Williams","BAL","LB","13213","weighted",NA,NA,NA,NA,NA,NA,NA,NA,NA,NA,NA,NA,NA,NA,NA,NA,NA,NA,NA,NA,NA,NA,NA,NA,NA,NA,NA,NA,NA,NA,NA,NA,NA,NA,NA,NA,NA,NA,NA,NA,NA,NA,NA,NA,21.3077935606061,9.40686647509191,3.90825757575758,1.69378719518833,0.114706439393939,0.156433271874515,1.65533143939394,1.29559665483969,0,0,2017,1993-11-12,NA,NA,NA,NA
"Tim Williams","GB","LB","13213","weighted",NA,NA,NA,NA,NA,NA,NA,NA,NA,NA,NA,NA,NA,NA,NA,NA,NA,NA,NA,NA,NA,NA,NA,NA,NA,NA,NA,NA,NA,NA,NA,NA,NA,NA,NA,NA,NA,NA,NA,NA,NA,NA,NA,NA,21.3077935606061,9.40686647509191,3.90825757575758,1.69378719518833,0.114706439393939,0.156433271874515,1.65533143939394,1.29559665483969,0,0,2017,1993-11-12,NA,NA,NA,NA
"Clay Matthews","LAR","LB","9464","weighted",NA,NA,NA,NA,NA,NA,NA,NA,NA,NA,NA,NA,NA,NA,NA,NA,NA,NA,NA,NA,NA,NA,NA,NA,NA,NA,NA,NA,NA,NA,NA,NA,NA,NA,NA,NA,NA,NA,NA,NA,NA,NA,NA,NA,28.5747653429603,3.19748967186315,6.14243682310469,1.72273351925645,0.759954873646209,0.552448004870832,0.936507220216606,1.03054833230135,0,0,2009,1986-05-14,NA,NA,NA,NA
"Clay Matthews","FA","LB","9464","weighted",NA,NA,NA,NA,NA,NA,NA,NA,NA,NA,NA,NA,NA,NA,NA,NA,NA,NA,NA,NA,NA,NA,NA,NA,NA,NA,NA,NA,NA,NA,NA,NA,NA,NA,NA,NA,NA,NA,NA,NA,NA,NA,NA,NA,28.5747653429603,3.19748967186315,6.14243682310469,1.72273351925645,0.759954873646209,0.552448004870832,0.936507220216606,1.03054833230135,0,0,2009,1986-05-14,NA,NA,NA,NA
"Eric Wilson","MIN","LB","13447","weighted",NA,NA,NA,NA,NA,NA,NA,NA,NA,NA,NA,NA,NA,NA,NA,NA,NA,NA,NA,NA,NA,NA,NA,NA,NA,NA,NA,NA,NA,NA,NA,NA,NA,NA,NA,NA,NA,NA,NA,NA,NA,NA,NA,NA,20.2947064393939,10.4153555926498,1.64842803030303,0.857097190655765,0.0031155303030303,0.00568537704654402,0.22686553030303,0.226383838084171,0,0,2017,1994-09-26,NA,NA,NA,NA
"Andre Smith","CAR","LB","13836","weighted",NA,NA,NA,NA,NA,NA,NA,NA,NA,NA,NA,NA,NA,NA,NA,NA,NA,NA,NA,NA,NA,NA,NA,NA,NA,NA,NA,NA,NA,NA,NA,NA,NA,NA,NA,NA,NA,NA,NA,NA,NA,NA,NA,NA,16.5612104539202,21.2839141137151,1.37551581843191,1.76776695296637,0,0,0,0,0,0,2018,1997-04-20,NA,NA,NA,NA
"Jake Ryan","JAC","LB","12232","weighted",NA,NA,NA,NA,NA,NA,NA,NA,NA,NA,NA,NA,NA,NA,NA,NA,NA,NA,NA,NA,NA,NA,NA,NA,NA,NA,NA,NA,NA,NA,NA,NA,NA,NA,NA,NA,NA,NA,NA,NA,NA,NA,NA,NA,22.4832310469314,8.92357882852662,0.714476534296029,0.44502327484559,0.0653249097472924,0.123311136194994,0.419259927797834,0.529564757544509,0,0,2015,1992-02-27,"Q","Hamstring",2019,0
"Jake Ryan","FA","LB","12232","weighted",NA,NA,NA,NA,NA,NA,NA,NA,NA,NA,NA,NA,NA,NA,NA,NA,NA,NA,NA,NA,NA,NA,NA,NA,NA,NA,NA,NA,NA,NA,NA,NA,NA,NA,NA,NA,NA,NA,NA,NA,NA,NA,NA,NA,22.4832310469314,8.92357882852662,0.714476534296029,0.44502327484559,0.0653249097472924,0.123311136194994,0.419259927797834,0.529564757544509,0,0,2015,1992-02-27,"Q","Hamstring",2019,0
"Jalen Reeves-Maybin","DET","LB","13293","weighted",NA,NA,NA,NA,NA,NA,NA,NA,NA,NA,NA,NA,NA,NA,NA,NA,NA,NA,NA,NA,NA,NA,NA,NA,NA,NA,NA,NA,NA,NA,NA,NA,NA,NA,NA,NA,NA,NA,NA,NA,NA,NA,NA,NA,19.3345130315501,15.4573542367379,0.814965706447188,0.289913780286484,0.0361042524005487,0.0565685424949238,0.275294924554184,0.431335136523794,0,0,2017,1995-01-31,NA,NA,NA,NA
"Kamalei Correa","TEN","LB","12743","weighted",NA,NA,NA,NA,NA,NA,NA,NA,NA,NA,NA,NA,NA,NA,NA,NA,NA,NA,NA,NA,NA,NA,NA,NA,NA,NA,NA,NA,NA,NA,NA,NA,NA,NA,NA,NA,NA,NA,NA,NA,NA,NA,NA,NA,22.1328257887517,10.1328401744032,4.37008230452675,2.3970919882224,0.0586694101508916,0.0919238815542512,2.14252400548697,1.34350288425444,0,0,2016,1994-04-27,NA,NA,NA,NA
"Terrell Suggs","ARI","LB","6938","weighted",NA,NA,NA,NA,NA,NA,NA,NA,NA,NA,NA,NA,NA,NA,NA,NA,NA,NA,NA,NA,NA,NA,NA,NA,NA,NA,NA,NA,NA,NA,NA,NA,NA,NA,NA,NA,NA,NA,NA,NA,NA,NA,NA,NA,22.9157003484321,6.94154907763496,6.29123344947735,2.01678820972455,0.128390243902439,0.272172856268534,3.75243205574913,0.650917223676842,0,0,2003,1982-10-11,NA,NA,NA,NA
"Terrell Suggs","FA","LB","6938","weighted",NA,NA,NA,NA,NA,NA,NA,NA,NA,NA,NA,NA,NA,NA,NA,NA,NA,NA,NA,NA,NA,NA,NA,NA,NA,NA,NA,NA,NA,NA,NA,NA,NA,NA,NA,NA,NA,NA,NA,NA,NA,NA,NA,NA,22.9157003484321,6.94154907763496,6.29123344947735,2.01678820972455,0.128390243902439,0.272172856268534,3.75243205574913,0.650917223676842,0,0,2003,1982-10-11,NA,NA,NA,NA
"Tyus Bowser","BAL","LB","13256","weighted",NA,NA,NA,NA,NA,NA,NA,NA,NA,NA,NA,NA,NA,NA,NA,NA,NA,NA,NA,NA,NA,NA,NA,NA,NA,NA,NA,NA,NA,NA,NA,NA,NA,NA,NA,NA,NA,NA,NA,NA,NA,NA,NA,NA,22.501637630662,7.81868534399874,3.55177003484321,2.42102494041216,0.0229268292682927,0.0486022957622381,1.99934494773519,1.22747358004859,0,0,2017,1995-05-23,NA,NA,NA,NA
"Austin Calitro","SEA","LB","13915","weighted",NA,NA,NA,NA,NA,NA,NA,NA,NA,NA,NA,NA,NA,NA,NA,NA,NA,NA,NA,NA,NA,NA,NA,NA,NA,NA,NA,NA,NA,NA,NA,NA,NA,NA,NA,NA,NA,NA,NA,NA,NA,NA,NA,NA,20.0125946969697,10.7928842803536,0.785511363636364,0.686613171396485,0.0155776515151515,0.0284268852327201,0.334962121212121,0.407904235448118,0,0,2018,1970-01-01,NA,NA,NA,NA
"Austin Calitro","CIN","LB","13915","weighted",NA,NA,NA,NA,NA,NA,NA,NA,NA,NA,NA,NA,NA,NA,NA,NA,NA,NA,NA,NA,NA,NA,NA,NA,NA,NA,NA,NA,NA,NA,NA,NA,NA,NA,NA,NA,NA,NA,NA,NA,NA,NA,NA,NA,20.0125946969697,10.7928842803536,0.785511363636364,0.686613171396485,0.0155776515151515,0.0284268852327201,0.334962121212121,0.407904235448118,0,0,2018,1970-01-01,NA,NA,NA,NA
"Hardy Nickerson","CIN","LB","13446","weighted",NA,NA,NA,NA,NA,NA,NA,NA,NA,NA,NA,NA,NA,NA,NA,NA,NA,NA,NA,NA,NA,NA,NA,NA,NA,NA,NA,NA,NA,NA,NA,NA,NA,NA,NA,NA,NA,NA,NA,NA,NA,NA,NA,NA,21.2387784090909,6.47440985820772,0.4940625,0.516967821930794,0.00934659090909091,0.0170561311396321,0.415965909090909,0.418112093147156,0,0,2017,1994-01-05,NA,NA,NA,NA
"Hardy Nickerson","FA","LB","13446","weighted",NA,NA,NA,NA,NA,NA,NA,NA,NA,NA,NA,NA,NA,NA,NA,NA,NA,NA,NA,NA,NA,NA,NA,NA,NA,NA,NA,NA,NA,NA,NA,NA,NA,NA,NA,NA,NA,NA,NA,NA,NA,NA,NA,NA,21.2387784090909,6.47440985820772,0.4940625,0.516967821930794,0.00934659090909091,0.0170561311396321,0.415965909090909,0.418112093147156,0,0,2017,1994-01-05,NA,NA,NA,NA
"Mack Wilson","CLE","LB","14169","weighted",NA,NA,NA,NA,NA,NA,NA,NA,NA,NA,NA,NA,NA,NA,NA,NA,NA,NA,NA,NA,NA,NA,NA,NA,NA,NA,NA,NA,NA,NA,NA,NA,NA,NA,NA,NA,NA,NA,NA,NA,NA,NA,NA,NA,14.3200418118467,8.21352175534838,1.18321254355401,1.10082743657743,0.0275121951219512,0.0583227549146858,1.48165853658537,1.38684526401368,0,0,2019,1998-02-14,NA,NA,NA,NA
"Cody Barton","SEA","LB","14217","weighted",NA,NA,NA,NA,NA,NA,NA,NA,NA,NA,NA,NA,NA,NA,NA,NA,NA,NA,NA,NA,NA,NA,NA,NA,NA,NA,NA,NA,NA,NA,NA,NA,NA,NA,NA,NA,NA,NA,NA,NA,NA,NA,NA,NA,14.8239440433213,9.49896182085263,0.460830324909747,0.516401213559598,0.0326624548736462,0.0616555680974971,1.15385379061372,1.64677924523515,0,0,2019,1996-11-13,NA,NA,NA,NA
"Ben Niemann","KC","LB","13913","weighted",NA,NA,NA,NA,NA,NA,NA,NA,NA,NA,NA,NA,NA,NA,NA,NA,NA,NA,NA,NA,NA,NA,NA,NA,NA,NA,NA,NA,NA,NA,NA,NA,NA,NA,NA,NA,NA,NA,NA,NA,NA,NA,NA,NA,11.2714488636364,12.1429887473475,0,0,0.00623106060606061,0.011370754093088,0.0960132575757576,0.16779108443132,0,0,2018,1970-01-01,NA,NA,NA,NA
"Cameron Wake","TEN","LB","9425","weighted",NA,NA,NA,NA,NA,NA,NA,NA,NA,NA,NA,NA,NA,NA,NA,NA,NA,NA,NA,NA,NA,NA,NA,NA,NA,NA,NA,NA,NA,NA,NA,NA,NA,NA,NA,NA,NA,NA,NA,NA,NA,NA,NA,NA,22.3594351732991,0.494974746830583,7.93517329910141,0.777817459305202,0,0,0.973042362002567,1.41421356237309,0,0,2009,1982-01-30,NA,NA,NA,NA
"Cameron Wake","FA","LB","9425","weighted",NA,NA,NA,NA,NA,NA,NA,NA,NA,NA,NA,NA,NA,NA,NA,NA,NA,NA,NA,NA,NA,NA,NA,NA,NA,NA,NA,NA,NA,NA,NA,NA,NA,NA,NA,NA,NA,NA,NA,NA,NA,NA,NA,NA,22.3594351732991,0.494974746830583,7.93517329910141,0.777817459305202,0,0,0.973042362002567,1.41421356237309,0,0,2009,1982-01-30,NA,NA,NA,NA
"James Crawford","GB","LB","13937","weighted",NA,NA,NA,NA,NA,NA,NA,NA,NA,NA,NA,NA,NA,NA,NA,NA,NA,NA,NA,NA,NA,NA,NA,NA,NA,NA,NA,NA,NA,NA,NA,NA,NA,NA,NA,NA,NA,NA,NA,NA,NA,NA,NA,NA,12.6029218106996,15.506851711421,3.6,0,0.0135390946502058,0.0212132034355964,0.0225651577503429,0.0353553390593274,0,0,2018,1970-01-01,NA,NA,NA,NA
"James Crawford","MIA","LB","13937","weighted",NA,NA,NA,NA,NA,NA,NA,NA,NA,NA,NA,NA,NA,NA,NA,NA,NA,NA,NA,NA,NA,NA,NA,NA,NA,NA,NA,NA,NA,NA,NA,NA,NA,NA,NA,NA,NA,NA,NA,NA,NA,NA,NA,NA,12.6029218106996,15.506851711421,3.6,0,0.0135390946502058,0.0212132034355964,0.0225651577503429,0.0353553390593274,0,0,2018,1970-01-01,NA,NA,NA,NA
"Jason Cabinda","FA","LB","13906","weighted",NA,NA,NA,NA,NA,NA,NA,NA,NA,NA,NA,NA,NA,NA,NA,NA,NA,NA,NA,NA,NA,NA,NA,NA,NA,NA,NA,NA,NA,NA,NA,NA,NA,NA,NA,NA,NA,NA,NA,NA,NA,NA,NA,NA,9.92434659090909,11.3013751872527,0.236212121212121,0.239296919888862,0.0529640151515152,0.0966514097912483,0.456089015151515,0.506844022850358,0,0,2018,1970-01-01,NA,NA,NA,NA
"Jason Cabinda","DET","LB","13906","weighted",NA,NA,NA,NA,NA,NA,NA,NA,NA,NA,NA,NA,NA,NA,NA,NA,NA,NA,NA,NA,NA,NA,NA,NA,NA,NA,NA,NA,NA,NA,NA,NA,NA,NA,NA,NA,NA,NA,NA,NA,NA,NA,NA,NA,9.92434659090909,11.3013751872527,0.236212121212121,0.239296919888862,0.0529640151515152,0.0966514097912483,0.456089015151515,0.506844022850358,0,0,2018,1970-01-01,NA,NA,NA,NA
"Frankie Luvu","NYJ","LB","13952","weighted",NA,NA,NA,NA,NA,NA,NA,NA,NA,NA,NA,NA,NA,NA,NA,NA,NA,NA,NA,NA,NA,NA,NA,NA,NA,NA,NA,NA,NA,NA,NA,NA,NA,NA,NA,NA,NA,NA,NA,NA,NA,NA,NA,NA,18.2516046213094,5.1618795026618,2.24326059050064,0.353553390593274,0,0,0.486521181001284,0.707106781186547,0,0,2018,1996-09-19,NA,NA,NA,NA
"Craig Robertson","NO","LB","11012","weighted",NA,NA,NA,NA,NA,NA,NA,NA,NA,NA,NA,NA,NA,NA,NA,NA,NA,NA,NA,NA,NA,NA,NA,NA,NA,NA,NA,NA,NA,NA,NA,NA,NA,NA,NA,NA,NA,NA,NA,NA,NA,NA,NA,NA,13.7549245541838,11.9783888733001,0.698340192043896,0.629325035256027,0.626131687242798,0.742462120245875,0.0992866941015089,0.15556349186104,0,0,2011,1988-02-11,NA,NA,NA,NA
"Josh Harvey-Clemons","WAS","LB","13352","weighted",NA,NA,NA,NA,NA,NA,NA,NA,NA,NA,NA,NA,NA,NA,NA,NA,NA,NA,NA,NA,NA,NA,NA,NA,NA,NA,NA,NA,NA,NA,NA,NA,NA,NA,NA,NA,NA,NA,NA,NA,NA,NA,NA,NA,18.8811554332875,3.95979797464466,1.90522696011004,0.777817459305202,0,0,1.03452544704264,1.62634559672906,0,0,2017,1994-02-20,NA,NA,NA,NA
"Malcolm Smith","FA","LB","10465","weighted",NA,NA,NA,NA,NA,NA,NA,NA,NA,NA,NA,NA,NA,NA,NA,NA,NA,NA,NA,NA,NA,NA,NA,NA,NA,NA,NA,NA,NA,NA,NA,NA,NA,NA,NA,NA,NA,NA,NA,NA,NA,NA,NA,NA,9.40068775790921,14.7785317267988,0,0,0,0,0.134938101788171,0.212132034355964,0,0,2011,1989-07-05,NA,NA,NA,NA
"Zaire Franklin","IND","LB","13837","weighted",NA,NA,NA,NA,NA,NA,NA,NA,NA,NA,NA,NA,NA,NA,NA,NA,NA,NA,NA,NA,NA,NA,NA,NA,NA,NA,NA,NA,NA,NA,NA,NA,NA,NA,NA,NA,NA,NA,NA,NA,NA,NA,NA,NA,14.2652556818182,6.53471549697349,0.137083333333333,0.250156590047937,0,0,0.533977272727273,0.529489146199278,0,0,2018,1996-07-02,NA,NA,NA,NA
"Devante Bond","TB","LB","12812","weighted",NA,NA,NA,NA,NA,NA,NA,NA,NA,NA,NA,NA,NA,NA,NA,NA,NA,NA,NA,NA,NA,NA,NA,NA,NA,NA,NA,NA,NA,NA,NA,NA,NA,NA,NA,NA,NA,NA,NA,NA,NA,NA,NA,NA,14.643134469697,5.70129427212103,0.162007575757576,0.295639606420289,0.031155303030303,0.0568537704654402,0.174469696969697,0.318381114606465,0,0,2016,1993-07-03,NA,NA,NA,NA
"Devante Bond","CHI","LB","12812","weighted",NA,NA,NA,NA,NA,NA,NA,NA,NA,NA,NA,NA,NA,NA,NA,NA,NA,NA,NA,NA,NA,NA,NA,NA,NA,NA,NA,NA,NA,NA,NA,NA,NA,NA,NA,NA,NA,NA,NA,NA,NA,NA,NA,NA,14.643134469697,5.70129427212103,0.162007575757576,0.295639606420289,0.031155303030303,0.0568537704654402,0.174469696969697,0.318381114606465,0,0,2016,1993-07-03,NA,NA,NA,NA
"Brooks Reed","ARI","LB","10315","weighted",NA,NA,NA,NA,NA,NA,NA,NA,NA,NA,NA,NA,NA,NA,NA,NA,NA,NA,NA,NA,NA,NA,NA,NA,NA,NA,NA,NA,NA,NA,NA,NA,NA,NA,NA,NA,NA,NA,NA,NA,NA,NA,NA,NA,18.1026957637997,0.141421356237309,3.15404364569961,0.212132034355964,0,0,0,0,0,0,2011,1987-02-28,"Q","Hamstring",2019,0
"Brooks Reed","FA","LB","10315","weighted",NA,NA,NA,NA,NA,NA,NA,NA,NA,NA,NA,NA,NA,NA,NA,NA,NA,NA,NA,NA,NA,NA,NA,NA,NA,NA,NA,NA,NA,NA,NA,NA,NA,NA,NA,NA,NA,NA,NA,NA,NA,NA,NA,NA,18.1026957637997,0.141421356237309,3.15404364569961,0.212132034355964,0,0,0,0,0,0,2011,1987-02-28,"Q","Hamstring",2019,0
"Tyler Matakevich","PIT","LB","12851","weighted",NA,NA,NA,NA,NA,NA,NA,NA,NA,NA,NA,NA,NA,NA,NA,NA,NA,NA,NA,NA,NA,NA,NA,NA,NA,NA,NA,NA,NA,NA,NA,NA,NA,NA,NA,NA,NA,NA,NA,NA,NA,NA,NA,NA,9.83307270233196,12.1693077042205,0,0,0.00451303155006859,0.00707106781186547,0,0,0,0,2016,1992-12-22,NA,NA,NA,NA
"Tyler Matakevich","BUF","LB","12851","weighted",NA,NA,NA,NA,NA,NA,NA,NA,NA,NA,NA,NA,NA,NA,NA,NA,NA,NA,NA,NA,NA,NA,NA,NA,NA,NA,NA,NA,NA,NA,NA,NA,NA,NA,NA,NA,NA,NA,NA,NA,NA,NA,NA,NA,9.83307270233196,12.1693077042205,0,0,0.00451303155006859,0.00707106781186547,0,0,0,0,2016,1992-12-22,NA,NA,NA,NA
"Bobby Okereke","IND","LB","14218","weighted",NA,NA,NA,NA,NA,NA,NA,NA,NA,NA,NA,NA,NA,NA,NA,NA,NA,NA,NA,NA,NA,NA,NA,NA,NA,NA,NA,NA,NA,NA,NA,NA,NA,NA,NA,NA,NA,NA,NA,NA,NA,NA,NA,NA,9.45181818181818,7.83976374951302,0.121505681818182,0.221729704815217,0.0342708333333333,0.0625391475119842,0.251600378787879,0.241231908315735,0,0,2019,1996-07-29,NA,NA,NA,NA
"Cole Holcomb","WAS","LB","14260","weighted",NA,NA,NA,NA,NA,NA,NA,NA,NA,NA,NA,NA,NA,NA,NA,NA,NA,NA,NA,NA,NA,NA,NA,NA,NA,NA,NA,NA,NA,NA,NA,NA,NA,NA,NA,NA,NA,NA,NA,NA,NA,NA,NA,NA,10.3508333333333,9.949489715487,0.958721590909091,1.06441247301989,0.0685416666666667,0.125078295023968,1.18813446969697,1.36896937724782,0,0,2019,1996-07-30,NA,NA,NA,NA
"Dylan Cole","HOU","LB","13423","weighted",NA,NA,NA,NA,NA,NA,NA,NA,NA,NA,NA,NA,NA,NA,NA,NA,NA,NA,NA,NA,NA,NA,NA,NA,NA,NA,NA,NA,NA,NA,NA,NA,NA,NA,NA,NA,NA,NA,NA,NA,NA,NA,NA,NA,14.7396844993141,3.69816846560565,1.03064471879287,0.735391052434009,0.657009602194787,0.537401153701776,0.491920438957476,0.770746391493337,0,0,2017,1994-05-19,"Q","Knee - ACL",2019,0
"Manti Teo","FA","LB","11292","weighted",NA,NA,NA,NA,NA,NA,NA,NA,NA,NA,NA,NA,NA,NA,NA,NA,NA,NA,NA,NA,NA,NA,NA,NA,NA,NA,NA,NA,NA,NA,NA,NA,NA,NA,NA,NA,NA,NA,NA,NA,NA,NA,NA,NA,7.24167812929849,11.3844191771034,0.0359834938101788,0.0565685424949238,0,0,0.629711141678129,0.989949493661166,0,0,2013,1991-01-26,NA,NA,NA,NA
"Joseph Jones","DEN","LB","13543","weighted",NA,NA,NA,NA,NA,NA,NA,NA,NA,NA,NA,NA,NA,NA,NA,NA,NA,NA,NA,NA,NA,NA,NA,NA,NA,NA,NA,NA,NA,NA,NA,NA,NA,NA,NA,NA,NA,NA,NA,NA,NA,NA,NA,NA,10.3479545454545,7.26174620997395,0.507916666666667,0.89812114238404,0.0186931818181818,0.0341122622792641,0.167291666666667,0.274299306252189,0,0,2017,1970-01-01,NA,NA,NA,NA
"Corey Thompson","BUF","LB","14016","weighted",NA,NA,NA,NA,NA,NA,NA,NA,NA,NA,NA,NA,NA,NA,NA,NA,NA,NA,NA,NA,NA,NA,NA,NA,NA,NA,NA,NA,NA,NA,NA,NA,NA,NA,NA,NA,NA,NA,NA,NA,NA,NA,NA,NA,9.68452651515151,7.23181846664572,0.20250946969697,0.369549508025361,0.031155303030303,0.0568537704654402,0.218087121212121,0.397976393258081,0,0,2018,1970-01-01,NA,NA,NA,NA
"Anthony Chickillo","PIT","LB","12358","weighted",NA,NA,NA,NA,NA,NA,NA,NA,NA,NA,NA,NA,NA,NA,NA,NA,NA,NA,NA,NA,NA,NA,NA,NA,NA,NA,NA,NA,NA,NA,NA,NA,NA,NA,NA,NA,NA,NA,NA,NA,NA,NA,NA,NA,13.5567764060357,1.47785317267988,2.16674897119342,0.678822509939086,0.117338820301783,0.183847763108502,0.518998628257887,0.813172798364529,0,0,2015,1992-12-10,NA,NA,NA,NA
"Anthony Chickillo","NO","LB","12358","weighted",NA,NA,NA,NA,NA,NA,NA,NA,NA,NA,NA,NA,NA,NA,NA,NA,NA,NA,NA,NA,NA,NA,NA,NA,NA,NA,NA,NA,NA,NA,NA,NA,NA,NA,NA,NA,NA,NA,NA,NA,NA,NA,NA,NA,13.5567764060357,1.47785317267988,2.16674897119342,0.678822509939086,0.117338820301783,0.183847763108502,0.518998628257887,0.813172798364529,0,0,2015,1992-12-10,NA,NA,NA,NA
"Brandon Marshall","FA","LB","10850","weighted",NA,NA,NA,NA,NA,NA,NA,NA,NA,NA,NA,NA,NA,NA,NA,NA,NA,NA,NA,NA,NA,NA,NA,NA,NA,NA,NA,NA,NA,NA,NA,NA,NA,NA,NA,NA,NA,NA,NA,NA,NA,NA,NA,NA,6.16217331499312,9.6873629022557,0,0,0,0,0.224896836313618,0.353553390593274,0,0,2012,1989-09-10,NA,NA,NA,NA
"Ty Summers","GB","LB","14292","weighted",NA,NA,NA,NA,NA,NA,NA,NA,NA,NA,NA,NA,NA,NA,NA,NA,NA,NA,NA,NA,NA,NA,NA,NA,NA,NA,NA,NA,NA,NA,NA,NA,NA,NA,NA,NA,NA,NA,NA,NA,NA,NA,NA,NA,10.1183049242424,3.72764132678142,0.263873106060606,0.263151307705244,0.0249242424242424,0.0454830163723521,0.421818181818182,0.509279001766031,0,0,2019,NA,NA,NA,NA,NA
"Kentrell Brothers","MIN","LB","12710","weighted",NA,NA,NA,NA,NA,NA,NA,NA,NA,NA,NA,NA,NA,NA,NA,NA,NA,NA,NA,NA,NA,NA,NA,NA,NA,NA,NA,NA,NA,NA,NA,NA,NA,NA,NA,NA,NA,NA,NA,NA,NA,NA,NA,NA,5.55711174242424,7.34903414582376,0.676657196969697,0.798466955249053,0.0031155303030303,0.00568537704654402,0.00934659090909091,0.0170561311396321,0,0,2016,NA,"O","Suspension",2019,0
"Kentrell Brothers","FA","LB","12710","weighted",NA,NA,NA,NA,NA,NA,NA,NA,NA,NA,NA,NA,NA,NA,NA,NA,NA,NA,NA,NA,NA,NA,NA,NA,NA,NA,NA,NA,NA,NA,NA,NA,NA,NA,NA,NA,NA,NA,NA,NA,NA,NA,NA,NA,5.55711174242424,7.34903414582376,0.676657196969697,0.798466955249053,0.0031155303030303,0.00568537704654402,0.00934659090909091,0.0170561311396321,0,0,2016,NA,"O","Suspension",2019,0
"Sione Takitaki","CLE","LB","14212","weighted",NA,NA,NA,NA,NA,NA,NA,NA,NA,NA,NA,NA,NA,NA,NA,NA,NA,NA,NA,NA,NA,NA,NA,NA,NA,NA,NA,NA,NA,NA,NA,NA,NA,NA,NA,NA,NA,NA,NA,NA,NA,NA,NA,NA,12.5790946502058,0.5939696961967,0.35201646090535,0.551543289325507,0.0722085048010974,0.113137084989848,0.424224965706447,0.664680374315355,0,0,2019,NA,NA,NA,NA,NA
"Rashan Gary","GB","LB","14149","weighted",NA,NA,NA,NA,NA,NA,NA,NA,NA,NA,NA,NA,NA,NA,NA,NA,NA,NA,NA,NA,NA,NA,NA,NA,NA,NA,NA,NA,NA,NA,NA,NA,NA,NA,NA,NA,NA,NA,NA,NA,NA,NA,NA,NA,10.3590096286107,3.39411254969543,0.269876203576341,0.424264068711928,0,0,0.539752407152682,0.848528137423857,0,0,2019,1997-12-03,NA,NA,NA,NA
"Ryan Connelly","NYG","LB","14242","weighted",NA,NA,NA,NA,NA,NA,NA,NA,NA,NA,NA,NA,NA,NA,NA,NA,NA,NA,NA,NA,NA,NA,NA,NA,NA,NA,NA,NA,NA,NA,NA,NA,NA,NA,NA,NA,NA,NA,NA,NA,NA,NA,NA,NA,7.6860219478738,7.85595633898254,0.593827160493827,0.636396103067893,0.00902606310013717,0.0141421356237309,0.0496433470507545,0.0777817459305202,0,0,2019,NA,"Q","Knee - ACL",2019,0
"Julian Stanford","BUF","LB","11000","weighted",NA,NA,NA,NA,NA,NA,NA,NA,NA,NA,NA,NA,NA,NA,NA,NA,NA,NA,NA,NA,NA,NA,NA,NA,NA,NA,NA,NA,NA,NA,NA,NA,NA,NA,NA,NA,NA,NA,NA,NA,NA,NA,NA,NA,7.71659090909091,4.69416280173319,0.689498106060606,0.782363119389393,0.00934659090909091,0.0170561311396321,0.276145833333333,0.304243486859545,0,0,2012,1990-09-02,NA,NA,NA,NA
"Julian Stanford","FA","LB","11000","weighted",NA,NA,NA,NA,NA,NA,NA,NA,NA,NA,NA,NA,NA,NA,NA,NA,NA,NA,NA,NA,NA,NA,NA,NA,NA,NA,NA,NA,NA,NA,NA,NA,NA,NA,NA,NA,NA,NA,NA,NA,NA,NA,NA,NA,7.71659090909091,4.69416280173319,0.689498106060606,0.782363119389393,0.00934659090909091,0.0170561311396321,0.276145833333333,0.304243486859545,0,0,2012,1990-09-02,NA,NA,NA,NA
"Peter Kalambayi","HOU","LB","13820","weighted",NA,NA,NA,NA,NA,NA,NA,NA,NA,NA,NA,NA,NA,NA,NA,NA,NA,NA,NA,NA,NA,NA,NA,NA,NA,NA,NA,NA,NA,NA,NA,NA,NA,NA,NA,NA,NA,NA,NA,NA,NA,NA,NA,NA,11.2244841815681,1.76776695296637,0.179917469050894,0.282842712474619,0,0,0.404814305364512,0.636396103067893,0,0,2018,1995-06-26,NA,NA,NA,NA
"Nick Deluca","MIA","LB","13993","weighted",NA,NA,NA,NA,NA,NA,NA,NA,NA,NA,NA,NA,NA,NA,NA,NA,NA,NA,NA,NA,NA,NA,NA,NA,NA,NA,NA,NA,NA,NA,NA,NA,NA,NA,NA,NA,NA,NA,NA,NA,NA,NA,NA,NA,8.00206327372765,7.07106781186547,1.68555708390646,1.90918830920368,0,0,0,0,0,0,2018,1970-01-01,NA,NA,NA,NA
"Ray-Ray Armstrong","CLE","LB","11487","weighted",NA,NA,NA,NA,NA,NA,NA,NA,NA,NA,NA,NA,NA,NA,NA,NA,NA,NA,NA,NA,NA,NA,NA,NA,NA,NA,NA,NA,NA,NA,NA,NA,NA,NA,NA,NA,NA,NA,NA,NA,NA,NA,NA,NA,7.78403409090909,4.3308187969528,0.409943181818182,0.567691850316005,0.0249242424242424,0.0454830163723521,0.0591950757575758,0.108022163884336,0,0,2013,1989-05-06,NA,NA,NA,NA
"Ray-Ray Armstrong","FA","LB","11487","weighted",NA,NA,NA,NA,NA,NA,NA,NA,NA,NA,NA,NA,NA,NA,NA,NA,NA,NA,NA,NA,NA,NA,NA,NA,NA,NA,NA,NA,NA,NA,NA,NA,NA,NA,NA,NA,NA,NA,NA,NA,NA,NA,NA,NA,7.78403409090909,4.3308187969528,0.409943181818182,0.567691850316005,0.0249242424242424,0.0454830163723521,0.0591950757575758,0.108022163884336,0,0,2013,1989-05-06,NA,NA,NA,NA
"Aaron Lynch","CHI","LB","11712","weighted",NA,NA,NA,NA,NA,NA,NA,NA,NA,NA,NA,NA,NA,NA,NA,NA,NA,NA,NA,NA,NA,NA,NA,NA,NA,NA,NA,NA,NA,NA,NA,NA,NA,NA,NA,NA,NA,NA,NA,NA,NA,NA,NA,NA,11.6422770919067,0.692964645562817,1.91876543209877,0.127279220613578,0.0270781893004115,0.0424264068711928,0.406172839506173,0.636396103067893,0,0,2014,1993-03-08,NA,NA,NA,NA
"Aaron Lynch","JAC","LB","11712","weighted",NA,NA,NA,NA,NA,NA,NA,NA,NA,NA,NA,NA,NA,NA,NA,NA,NA,NA,NA,NA,NA,NA,NA,NA,NA,NA,NA,NA,NA,NA,NA,NA,NA,NA,NA,NA,NA,NA,NA,NA,NA,NA,NA,NA,11.6422770919067,0.692964645562817,1.91876543209877,0.127279220613578,0.0270781893004115,0.0424264068711928,0.406172839506173,0.636396103067893,0,0,2014,1993-03-08,NA,NA,NA,NA
"Joe Thomas","DAL","LB","12525","weighted",NA,NA,NA,NA,NA,NA,NA,NA,NA,NA,NA,NA,NA,NA,NA,NA,NA,NA,NA,NA,NA,NA,NA,NA,NA,NA,NA,NA,NA,NA,NA,NA,NA,NA,NA,NA,NA,NA,NA,NA,NA,NA,NA,NA,8.81902606310014,5.1406662992262,0.575775034293553,0.664680374315355,0.0180521262002743,0.0282842712474619,0.103799725651577,0.162634559672906,0,0,NA,NA,NA,NA,NA,NA
"Justin March-Lillard","DAL","LB","12733","weighted",NA,NA,NA,NA,NA,NA,NA,NA,NA,NA,NA,NA,NA,NA,NA,NA,NA,NA,NA,NA,NA,NA,NA,NA,NA,NA,NA,NA,NA,NA,NA,NA,NA,NA,NA,NA,NA,NA,NA,NA,NA,NA,NA,NA,7.66368998628258,6.95085965906376,0.00902606310013717,0.0141421356237309,0.00451303155006859,0.00707106781186547,0.0315912208504801,0.0494974746830583,0,0,NA,NA,NA,NA,NA,NA
"Ramik Wilson","FA","LB","12237","weighted",NA,NA,NA,NA,NA,NA,NA,NA,NA,NA,NA,NA,NA,NA,NA,NA,NA,NA,NA,NA,NA,NA,NA,NA,NA,NA,NA,NA,NA,NA,NA,NA,NA,NA,NA,NA,NA,NA,NA,NA,NA,NA,NA,NA,5.30756533700138,8.34386001800126,0.0224896836313618,0.0353553390593274,0,0,0.494773039889959,0.777817459305202,0,0,2015,1992-08-19,NA,NA,NA,NA
"Breeland Speaks","KC","LB","13734","weighted",NA,NA,NA,NA,NA,NA,NA,NA,NA,NA,NA,NA,NA,NA,NA,NA,NA,NA,NA,NA,NA,NA,NA,NA,NA,NA,NA,NA,NA,NA,NA,NA,NA,NA,NA,NA,NA,NA,NA,NA,NA,NA,NA,NA,11.3384773662551,0.530330085889911,2.29145404663923,1.11015764646288,0.0722085048010974,0.113137084989848,0.379094650205761,0.5939696961967,0,0,2018,1995-12-18,"S","Suspension",2019,0
"Nick Dzubnar","LAC","LB","12494","weighted",NA,NA,NA,NA,NA,NA,NA,NA,NA,NA,NA,NA,NA,NA,NA,NA,NA,NA,NA,NA,NA,NA,NA,NA,NA,NA,NA,NA,NA,NA,NA,NA,NA,NA,NA,NA,NA,NA,NA,NA,NA,NA,NA,NA,6.42212620027435,7.79938779648762,0,0,0.00451303155006859,0.00707106781186547,0,0,0,0,NA,NA,NA,NA,NA,NA
"Nick Dzubnar","TEN","LB","12494","weighted",NA,NA,NA,NA,NA,NA,NA,NA,NA,NA,NA,NA,NA,NA,NA,NA,NA,NA,NA,NA,NA,NA,NA,NA,NA,NA,NA,NA,NA,NA,NA,NA,NA,NA,NA,NA,NA,NA,NA,NA,NA,NA,NA,NA,6.42212620027435,7.79938779648762,0,0,0.00451303155006859,0.00707106781186547,0,0,0,0,NA,NA,NA,NA,NA,NA
"Sharif Finch","TEN","LB","13954","weighted",NA,NA,NA,NA,NA,NA,NA,NA,NA,NA,NA,NA,NA,NA,NA,NA,NA,NA,NA,NA,NA,NA,NA,NA,NA,NA,NA,NA,NA,NA,NA,NA,NA,NA,NA,NA,NA,NA,NA,NA,NA,NA,NA,NA,5.05008230452675,7.91252488147747,0.618285322359396,0.96873629022557,0.0361042524005487,0.0565685424949238,0.293347050754458,0.459619407771256,0,0,2018,1970-01-01,"Q","Undisclosed",2019,0
"Sharif Finch","FA","LB","13954","weighted",NA,NA,NA,NA,NA,NA,NA,NA,NA,NA,NA,NA,NA,NA,NA,NA,NA,NA,NA,NA,NA,NA,NA,NA,NA,NA,NA,NA,NA,NA,NA,NA,NA,NA,NA,NA,NA,NA,NA,NA,NA,NA,NA,NA,5.05008230452675,7.91252488147747,0.618285322359396,0.96873629022557,0.0361042524005487,0.0565685424949238,0.293347050754458,0.459619407771256,0,0,2018,1970-01-01,"Q","Undisclosed",2019,0
"Te'von Coney","OAK","LB","14172","weighted",NA,NA,NA,NA,NA,NA,NA,NA,NA,NA,NA,NA,NA,NA,NA,NA,NA,NA,NA,NA,NA,NA,NA,NA,NA,NA,NA,NA,NA,NA,NA,NA,NA,NA,NA,NA,NA,NA,NA,NA,NA,NA,NA,NA,4.90566529492455,7.68625071149777,0.297860082304527,0.466690475583121,0.0406172839506173,0.0636396103067893,0.324938271604938,0.509116882454314,0,0,2019,1970-01-01,NA,NA,NA,NA
"Te'von Coney","FA","LB","14172","weighted",NA,NA,NA,NA,NA,NA,NA,NA,NA,NA,NA,NA,NA,NA,NA,NA,NA,NA,NA,NA,NA,NA,NA,NA,NA,NA,NA,NA,NA,NA,NA,NA,NA,NA,NA,NA,NA,NA,NA,NA,NA,NA,NA,NA,4.90566529492455,7.68625071149777,0.297860082304527,0.466690475583121,0.0406172839506173,0.0636396103067893,0.324938271604938,0.509116882454314,0,0,2019,1970-01-01,NA,NA,NA,NA
"Dre Greenlaw","SF","LB","14247","weighted",NA,NA,NA,NA,NA,NA,NA,NA,NA,NA,NA,NA,NA,NA,NA,NA,NA,NA,NA,NA,NA,NA,NA,NA,NA,NA,NA,NA,NA,NA,NA,NA,NA,NA,NA,NA,NA,NA,NA,NA,NA,NA,NA,NA,8.02183813443073,3.16783837971573,0.338477366255144,0.530330085889911,0.0496433470507545,0.0777817459305202,0.356529492455418,0.558614357137373,0,0,2019,1997-05-25,NA,NA,NA,NA
"Chris Covington","DAL","LB","13808","weighted",NA,NA,NA,NA,NA,NA,NA,NA,NA,NA,NA,NA,NA,NA,NA,NA,NA,NA,NA,NA,NA,NA,NA,NA,NA,NA,NA,NA,NA,NA,NA,NA,NA,NA,NA,NA,NA,NA,NA,NA,NA,NA,NA,NA,5.57507565337001,7.11349421873667,0,0,0,0,0,0,0,0,2018,1996-01-03,NA,NA,NA,NA
"Chris Covington","FA","LB","13808","weighted",NA,NA,NA,NA,NA,NA,NA,NA,NA,NA,NA,NA,NA,NA,NA,NA,NA,NA,NA,NA,NA,NA,NA,NA,NA,NA,NA,NA,NA,NA,NA,NA,NA,NA,NA,NA,NA,NA,NA,NA,NA,NA,NA,NA,5.57507565337001,7.11349421873667,0,0,0,0,0,0,0,0,2018,1996-01-03,NA,NA,NA,NA
"D.J. Alexander","JAC","LB","12329","weighted",NA,NA,NA,NA,NA,NA,NA,NA,NA,NA,NA,NA,NA,NA,NA,NA,NA,NA,NA,NA,NA,NA,NA,NA,NA,NA,NA,NA,NA,NA,NA,NA,NA,NA,NA,NA,NA,NA,NA,NA,NA,NA,NA,NA,5.55395061728395,6.80943830282645,0.00451303155006859,0.00707106781186547,0.0180521262002743,0.0282842712474619,0.0180521262002743,0.0282842712474619,0,0,2015,1991-09-30,"Q","Foot",2019,0
"D.J. Alexander","FA","LB","12329","weighted",NA,NA,NA,NA,NA,NA,NA,NA,NA,NA,NA,NA,NA,NA,NA,NA,NA,NA,NA,NA,NA,NA,NA,NA,NA,NA,NA,NA,NA,NA,NA,NA,NA,NA,NA,NA,NA,NA,NA,NA,NA,NA,NA,NA,5.55395061728395,6.80943830282645,0.00451303155006859,0.00707106781186547,0.0180521262002743,0.0282842712474619,0.0180521262002743,0.0282842712474619,0,0,2015,1991-09-30,"Q","Foot",2019,0
"Bryce Hager","LAR","LB","12244","weighted",NA,NA,NA,NA,NA,NA,NA,NA,NA,NA,NA,NA,NA,NA,NA,NA,NA,NA,NA,NA,NA,NA,NA,NA,NA,NA,NA,NA,NA,NA,NA,NA,NA,NA,NA,NA,NA,NA,NA,NA,NA,NA,NA,NA,6.61688614540466,4.67397582364308,0.0270781893004115,0.0424264068711928,0.0135390946502058,0.0212132034355964,0.054156378600823,0.0848528137423857,0,0,2015,1992-05-04,"Q","Shoulder",2019,0
"Bryce Hager","FA","LB","12244","weighted",NA,NA,NA,NA,NA,NA,NA,NA,NA,NA,NA,NA,NA,NA,NA,NA,NA,NA,NA,NA,NA,NA,NA,NA,NA,NA,NA,NA,NA,NA,NA,NA,NA,NA,NA,NA,NA,NA,NA,NA,NA,NA,NA,NA,6.61688614540466,4.67397582364308,0.0270781893004115,0.0424264068711928,0.0135390946502058,0.0212132034355964,0.054156378600823,0.0848528137423857,0,0,2015,1992-05-04,"Q","Shoulder",2019,0
"James Burgess","NYJ","LB","13466","weighted",NA,NA,NA,NA,NA,NA,NA,NA,NA,NA,NA,NA,NA,NA,NA,NA,NA,NA,NA,NA,NA,NA,NA,NA,NA,NA,NA,NA,NA,NA,NA,NA,NA,NA,NA,NA,NA,NA,NA,NA,NA,NA,NA,NA,3.05524621212121,4.75377878665781,0.278882575757576,0.431449472557662,0.00623106060606061,0.011370754093088,0.102244318181818,0.163302684491887,0,0,2016,1994-03-09,NA,NA,NA,NA
"Bruce Carter","ATL","LB","10321","weighted",NA,NA,NA,NA,NA,NA,NA,NA,NA,NA,NA,NA,NA,NA,NA,NA,NA,NA,NA,NA,NA,NA,NA,NA,NA,NA,NA,NA,NA,NA,NA,NA,NA,NA,NA,NA,NA,NA,NA,NA,NA,NA,NA,NA,3.394375,3.75161024212053,0.0685416666666667,0.125078295023968,0.0280397727272727,0.0511683934188962,0.071657196969697,0.130763672070512,0,0,2011,1988-02-19,NA,NA,NA,NA
"Ola Adeniyi","PIT","LB","13923","weighted",NA,NA,NA,NA,NA,NA,NA,NA,NA,NA,NA,NA,NA,NA,NA,NA,NA,NA,NA,NA,NA,NA,NA,NA,NA,NA,NA,NA,NA,NA,NA,NA,NA,NA,NA,NA,NA,NA,NA,NA,NA,NA,NA,NA,3.27646090534979,5.13359523141433,0.203086419753086,0.318198051533946,0.0225651577503429,0.0353553390593274,0.194060356652949,0.304055915910215,0,0,2018,1970-01-01,NA,NA,NA,NA
"Isaiah Irving","CHI","LB","13536","weighted",NA,NA,NA,NA,NA,NA,NA,NA,NA,NA,NA,NA,NA,NA,NA,NA,NA,NA,NA,NA,NA,NA,NA,NA,NA,NA,NA,NA,NA,NA,NA,NA,NA,NA,NA,NA,NA,NA,NA,NA,NA,NA,NA,NA,7.16318244170096,0.0989949493661171,1.07577503429355,0.664680374315355,0.0496433470507545,0.0777817459305202,0.248216735253772,0.388908729652601,0,0,2017,1994-06-09,NA,NA,NA,NA
"E.J. Speed","IND","LB","14257","weighted",NA,NA,NA,NA,NA,NA,NA,NA,NA,NA,NA,NA,NA,NA,NA,NA,NA,NA,NA,NA,NA,NA,NA,NA,NA,NA,NA,NA,NA,NA,NA,NA,NA,NA,NA,NA,NA,NA,NA,NA,NA,NA,NA,NA,6.40119341563786,1.25157900270019,0.176008230452675,0.275771644662754,0.0361042524005487,0.0565685424949238,0.171495198902606,0.268700576850888,0,0,2019,1995-06-01,NA,NA,NA,NA
"Dekoda Watson","FA","LB","10005","weighted",NA,NA,NA,NA,NA,NA,NA,NA,NA,NA,NA,NA,NA,NA,NA,NA,NA,NA,NA,NA,NA,NA,NA,NA,NA,NA,NA,NA,NA,NA,NA,NA,NA,NA,NA,NA,NA,NA,NA,NA,NA,NA,NA,NA,3.19353507565337,5.02045814642449,0.539752407152682,0.848528137423857,0,0,0.134938101788171,0.212132034355964,0,0,2010,1988-03-03,NA,NA,NA,NA
NA,NA,"LB","13541","weighted",NA,NA,NA,NA,NA,NA,NA,NA,NA,NA,NA,NA,NA,NA,NA,NA,NA,NA,NA,NA,NA,NA,NA,NA,NA,NA,NA,NA,NA,NA,NA,NA,NA,NA,NA,NA,NA,NA,NA,NA,NA,NA,NA,NA,3.19071330589849,4.99924494298889,0.176008230452675,0.275771644662754,0.0406172839506173,0.0636396103067893,0.198573388203018,0.311126983722081,0,0,NA,NA,NA,NA,NA,NA
"Daren Bates","TEN","LB","11511","weighted",NA,NA,NA,NA,NA,NA,NA,NA,NA,NA,NA,NA,NA,NA,NA,NA,NA,NA,NA,NA,NA,NA,NA,NA,NA,NA,NA,NA,NA,NA,NA,NA,NA,NA,NA,NA,NA,NA,NA,NA,NA,NA,NA,NA,4.83754458161866,3.23147799002252,0.00451303155006859,0.00707106781186547,0.00902606310013717,0.0141421356237309,0.0315912208504801,0.0494974746830583,0,0,2013,1990-11-27,NA,NA,NA,NA
"Daren Bates","FA","LB","11511","weighted",NA,NA,NA,NA,NA,NA,NA,NA,NA,NA,NA,NA,NA,NA,NA,NA,NA,NA,NA,NA,NA,NA,NA,NA,NA,NA,NA,NA,NA,NA,NA,NA,NA,NA,NA,NA,NA,NA,NA,NA,NA,NA,NA,NA,4.83754458161866,3.23147799002252,0.00451303155006859,0.00707106781186547,0.00902606310013717,0.0141421356237309,0.0315912208504801,0.0494974746830583,0,0,2013,1990-11-27,NA,NA,NA,NA
"Christian Sam","NE","LB","13796","weighted",NA,NA,NA,NA,NA,NA,NA,NA,NA,NA,NA,NA,NA,NA,NA,NA,NA,NA,NA,NA,NA,NA,NA,NA,NA,NA,NA,NA,NA,NA,NA,NA,NA,NA,NA,NA,NA,NA,NA,NA,NA,NA,NA,NA,3.0598353909465,4.79418397644479,0.221138545953361,0.346482322781408,0.0406172839506173,0.0636396103067893,0.216625514403292,0.339411254969543,0,0,2018,1996-06-02,NA,NA,NA,NA
"Christian Sam","DET","LB","13796","weighted",NA,NA,NA,NA,NA,NA,NA,NA,NA,NA,NA,NA,NA,NA,NA,NA,NA,NA,NA,NA,NA,NA,NA,NA,NA,NA,NA,NA,NA,NA,NA,NA,NA,NA,NA,NA,NA,NA,NA,NA,NA,NA,NA,NA,3.0598353909465,4.79418397644479,0.221138545953361,0.346482322781408,0.0406172839506173,0.0636396103067893,0.216625514403292,0.339411254969543,0,0,2018,1996-06-02,NA,NA,NA,NA
"Joe Walker","ARI","LB","12854","weighted",NA,NA,NA,NA,NA,NA,NA,NA,NA,NA,NA,NA,NA,NA,NA,NA,NA,NA,NA,NA,NA,NA,NA,NA,NA,NA,NA,NA,NA,NA,NA,NA,NA,NA,NA,NA,NA,NA,NA,NA,NA,NA,NA,NA,3.84325102880658,4.47598592491085,0,0,0,0,0,0,0,0,2016,1992-12-11,NA,NA,NA,NA
"Joe Walker","SF","LB","12854","weighted",NA,NA,NA,NA,NA,NA,NA,NA,NA,NA,NA,NA,NA,NA,NA,NA,NA,NA,NA,NA,NA,NA,NA,NA,NA,NA,NA,NA,NA,NA,NA,NA,NA,NA,NA,NA,NA,NA,NA,NA,NA,NA,NA,NA,3.84325102880658,4.47598592491085,0,0,0,0,0,0,0,0,2016,1992-12-11,NA,NA,NA,NA
"Travin Howard","LAR","LB","13833","weighted",NA,NA,NA,NA,NA,NA,NA,NA,NA,NA,NA,NA,NA,NA,NA,NA,NA,NA,NA,NA,NA,NA,NA,NA,NA,NA,NA,NA,NA,NA,NA,NA,NA,NA,NA,NA,NA,NA,NA,NA,NA,NA,NA,NA,5.81068587105624,0.643467170879758,0.166982167352538,0.261629509039023,0.0361042524005487,0.0565685424949238,0.176008230452675,0.275771644662754,0,0,2018,NA,NA,NA,NA,NA
"Martrell Spaight","KC","LB","12307","weighted",NA,NA,NA,NA,NA,NA,NA,NA,NA,NA,NA,NA,NA,NA,NA,NA,NA,NA,NA,NA,NA,NA,NA,NA,NA,NA,NA,NA,NA,NA,NA,NA,NA,NA,NA,NA,NA,NA,NA,NA,NA,NA,NA,NA,2.83370013755158,4.45477272147525,0,0,0,0,0,0,0,0,2015,1993-08-05,NA,NA,NA,NA
"Terrance Smith","MIA","LB","13045","weighted",NA,NA,NA,NA,NA,NA,NA,NA,NA,NA,NA,NA,NA,NA,NA,NA,NA,NA,NA,NA,NA,NA,NA,NA,NA,NA,NA,NA,NA,NA,NA,NA,NA,NA,NA,NA,NA,NA,NA,NA,NA,NA,NA,NA,2.83370013755158,4.45477272147525,0,0,0,0,0,0,0,0,2016,1970-01-01,NA,NA,NA,NA
"Skai Moore","IND","LB","13853","weighted",NA,NA,NA,NA,NA,NA,NA,NA,NA,NA,NA,NA,NA,NA,NA,NA,NA,NA,NA,NA,NA,NA,NA,NA,NA,NA,NA,NA,NA,NA,NA,NA,NA,NA,NA,NA,NA,NA,NA,NA,NA,NA,NA,NA,2.83370013755158,4.45477272147525,0,0,0,0,0.179917469050894,0.282842712474619,0,0,2018,1995-01-08,NA,NA,NA,NA
"Joel Iyiegbuniwe","CHI","LB","13758","weighted",NA,NA,NA,NA,NA,NA,NA,NA,NA,NA,NA,NA,NA,NA,NA,NA,NA,NA,NA,NA,NA,NA,NA,NA,NA,NA,NA,NA,NA,NA,NA,NA,NA,NA,NA,NA,NA,NA,NA,NA,NA,NA,NA,NA,3.63137174211248,3.86787409309041,0.00451303155006859,0.00707106781186547,0.00902606310013717,0.0141421356237309,0.00451303155006859,0.00707106781186547,0,0,2018,1995-10-12,NA,NA,NA,NA
"Will Compton","NO","LB","11632","weighted",NA,NA,NA,NA,NA,NA,NA,NA,NA,NA,NA,NA,NA,NA,NA,NA,NA,NA,NA,NA,NA,NA,NA,NA,NA,NA,NA,NA,NA,NA,NA,NA,NA,NA,NA,NA,NA,NA,NA,NA,NA,NA,NA,NA,2.69876203576341,4.24264068711928,0.089958734525447,0.14142135623731,0,0,0.179917469050894,0.282842712474619,0,0,2013,1989-09-19,NA,NA,NA,NA
"Will Compton","FA","LB","11632","weighted",NA,NA,NA,NA,NA,NA,NA,NA,NA,NA,NA,NA,NA,NA,NA,NA,NA,NA,NA,NA,NA,NA,NA,NA,NA,NA,NA,NA,NA,NA,NA,NA,NA,NA,NA,NA,NA,NA,NA,NA,NA,NA,NA,NA,2.69876203576341,4.24264068711928,0.089958734525447,0.14142135623731,0,0,0.179917469050894,0.282842712474619,0,0,2013,1989-09-19,NA,NA,NA,NA
"Justin Hollins","DEN","LB","14250","weighted",NA,NA,NA,NA,NA,NA,NA,NA,NA,NA,NA,NA,NA,NA,NA,NA,NA,NA,NA,NA,NA,NA,NA,NA,NA,NA,NA,NA,NA,NA,NA,NA,NA,NA,NA,NA,NA,NA,NA,NA,NA,NA,NA,NA,3.96390946502058,3.03348809129029,0.868175582990398,0.989949493661166,0.00902606310013717,0.0141421356237309,0.0496433470507545,0.0777817459305202,0,0,2019,NA,NA,NA,NA,NA
"Deshaun Davis","FA","LB","14282","weighted",NA,NA,NA,NA,NA,NA,NA,NA,NA,NA,NA,NA,NA,NA,NA,NA,NA,NA,NA,NA,NA,NA,NA,NA,NA,NA,NA,NA,NA,NA,NA,NA,NA,NA,NA,NA,NA,NA,NA,NA,NA,NA,NA,NA,2.63561042524005,4.12950360212944,0.189547325102881,0.29698484809835,0.0406172839506173,0.0636396103067893,0.185034293552812,0.289913780286484,0,0,2019,1970-01-01,NA,NA,NA,NA
"Kaden Elliss","NO","LB","14303","weighted",NA,NA,NA,NA,NA,NA,NA,NA,NA,NA,NA,NA,NA,NA,NA,NA,NA,NA,NA,NA,NA,NA,NA,NA,NA,NA,NA,NA,NA,NA,NA,NA,NA,NA,NA,NA,NA,NA,NA,NA,NA,NA,NA,NA,2.49570644718793,3.91030049996161,0.144417009602195,0.226274169979695,0.0361042524005487,0.0565685424949238,0.148930041152263,0.233345237791561,0,0,2019,1995-06-10,NA,NA,NA,NA
"Andrew Van Ginkel","MIA","LB","14249","weighted",NA,NA,NA,NA,NA,NA,NA,NA,NA,NA,NA,NA,NA,NA,NA,NA,NA,NA,NA,NA,NA,NA,NA,NA,NA,NA,NA,NA,NA,NA,NA,NA,NA,NA,NA,NA,NA,NA,NA,NA,NA,NA,NA,NA,2.45057613168724,3.83958982184295,0.176008230452675,0.275771644662754,0.0361042524005487,0.0565685424949238,0.171495198902606,0.268700576850888,0,0,2019,1995-07-01,NA,NA,NA,NA
"Donald Payne","BAL","LB","13461","weighted",NA,NA,NA,NA,NA,NA,NA,NA,NA,NA,NA,NA,NA,NA,NA,NA,NA,NA,NA,NA,NA,NA,NA,NA,NA,NA,NA,NA,NA,NA,NA,NA,NA,NA,NA,NA,NA,NA,NA,NA,NA,NA,NA,NA,2.02407152682256,3.18198051533946,0.674690508940853,1.06066017177982,0,0,0.134938101788171,0.212132034355964,0,0,2017,1994-07-12,NA,NA,NA,NA
"Donald Payne","FA","LB","13461","weighted",NA,NA,NA,NA,NA,NA,NA,NA,NA,NA,NA,NA,NA,NA,NA,NA,NA,NA,NA,NA,NA,NA,NA,NA,NA,NA,NA,NA,NA,NA,NA,NA,NA,NA,NA,NA,NA,NA,NA,NA,NA,NA,NA,NA,2.02407152682256,3.18198051533946,0.674690508940853,1.06066017177982,0,0,0.134938101788171,0.212132034355964,0,0,2017,1994-07-12,NA,NA,NA,NA
"Malik Jefferson","FA","LB","13698","weighted",NA,NA,NA,NA,NA,NA,NA,NA,NA,NA,NA,NA,NA,NA,NA,NA,NA,NA,NA,NA,NA,NA,NA,NA,NA,NA,NA,NA,NA,NA,NA,NA,NA,NA,NA,NA,NA,NA,NA,NA,NA,NA,NA,NA,2.02407152682256,3.18198051533946,0.449793672627235,0.707106781186547,0,0,0.0269876203576341,0.0424264068711928,0,0,2018,1996-11-15,NA,NA,NA,NA
"Malik Jefferson","LAC","LB","13698","weighted",NA,NA,NA,NA,NA,NA,NA,NA,NA,NA,NA,NA,NA,NA,NA,NA,NA,NA,NA,NA,NA,NA,NA,NA,NA,NA,NA,NA,NA,NA,NA,NA,NA,NA,NA,NA,NA,NA,NA,NA,NA,NA,NA,NA,2.02407152682256,3.18198051533946,0.449793672627235,0.707106781186547,0,0,0.0269876203576341,0.0424264068711928,0,0,2018,1996-11-15,NA,NA,NA,NA
"Paul Worrilow","FA","LB","11457","weighted",NA,NA,NA,NA,NA,NA,NA,NA,NA,NA,NA,NA,NA,NA,NA,NA,NA,NA,NA,NA,NA,NA,NA,NA,NA,NA,NA,NA,NA,NA,NA,NA,NA,NA,NA,NA,NA,NA,NA,NA,NA,NA,NA,NA,1.79917469050894,2.82842712474619,0.629711141678129,0.989949493661166,0,0,0.089958734525447,0.14142135623731,0,0,2013,1990-05-01,NA,NA,NA,NA
"Devante Downs","MIN","LB","13829","weighted",NA,NA,NA,NA,NA,NA,NA,NA,NA,NA,NA,NA,NA,NA,NA,NA,NA,NA,NA,NA,NA,NA,NA,NA,NA,NA,NA,NA,NA,NA,NA,NA,NA,NA,NA,NA,NA,NA,NA,NA,NA,NA,NA,NA,0.871015089163237,1.36471608769004,0.0135390946502058,0.0212132034355964,0.00451303155006859,0.00707106781186547,0.0225651577503429,0.0353553390593274,0,0,2018,1995-10-18,NA,NA,NA,NA
"Devante Downs","NYG","LB","13829","weighted",NA,NA,NA,NA,NA,NA,NA,NA,NA,NA,NA,NA,NA,NA,NA,NA,NA,NA,NA,NA,NA,NA,NA,NA,NA,NA,NA,NA,NA,NA,NA,NA,NA,NA,NA,NA,NA,NA,NA,NA,NA,NA,NA,NA,0.871015089163237,1.36471608769004,0.0135390946502058,0.0212132034355964,0.00451303155006859,0.00707106781186547,0.0225651577503429,0.0353553390593274,0,0,2018,1995-10-18,NA,NA,NA,NA
"A.J. Johnson","DEN","LB","12241","weighted",NA,NA,NA,NA,NA,NA,NA,NA,NA,NA,NA,NA,NA,NA,NA,NA,NA,NA,NA,NA,NA,NA,NA,NA,NA,NA,NA,NA,NA,NA,NA,NA,NA,NA,NA,NA,NA,NA,NA,NA,NA,NA,NA,NA,0.79880658436214,1.25157900270019,0.0315912208504801,0.0494974746830583,0.0270781893004115,0.0424264068711928,0.0270781893004115,0.0424264068711928,0,0,2018,1970-01-01,NA,NA,NA,NA
"Najee Goode","JAC","LB","10849","weighted",NA,NA,NA,NA,NA,NA,NA,NA,NA,NA,NA,NA,NA,NA,NA,NA,NA,NA,NA,NA,NA,NA,NA,NA,NA,NA,NA,NA,NA,NA,NA,NA,NA,NA,NA,NA,NA,NA,NA,NA,NA,NA,NA,NA,0.347503429355281,0.544472221513641,0.0496433470507545,0.0777817459305202,0.0225651577503429,0.0353553390593274,0,0,0,0,2012,1989-06-04,"Q","Knee",2019,0
"Najee Goode","FA","LB","10849","weighted",NA,NA,NA,NA,NA,NA,NA,NA,NA,NA,NA,NA,NA,NA,NA,NA,NA,NA,NA,NA,NA,NA,NA,NA,NA,NA,NA,NA,NA,NA,NA,NA,NA,NA,NA,NA,NA,NA,NA,NA,NA,NA,NA,NA,0.347503429355281,0.544472221513641,0.0496433470507545,0.0777817459305202,0.0225651577503429,0.0353553390593274,0,0,0,0,2012,1989-06-04,"Q","Knee",2019,0
"Jared Norris","FA","LB","12958","weighted",NA,NA,NA,NA,NA,NA,NA,NA,NA,NA,NA,NA,NA,NA,NA,NA,NA,NA,NA,NA,NA,NA,NA,NA,NA,NA,NA,NA,NA,NA,NA,NA,NA,NA,NA,NA,NA,NA,NA,NA,NA,NA,NA,NA,0.224896836313618,0.353553390593274,0,0,0,0,0.269876203576341,0.424264068711928,0,0,2016,1993-07-19,NA,NA,NA,NA
"Tarell Basham","NYJ","LB","13269","weighted",NA,NA,NA,NA,NA,NA,NA,NA,NA,NA,NA,NA,NA,NA,NA,NA,NA,NA,NA,NA,NA,NA,NA,NA,NA,NA,NA,NA,NA,NA,NA,NA,NA,NA,NA,NA,NA,NA,NA,NA,NA,NA,NA,NA,0.185034293552812,0.289913780286484,0.00902606310013717,0.0141421356237309,0.00451303155006859,0.00707106781186547,0.0135390946502058,0.0212132034355964,0,0,2017,1994-03-18,NA,NA,NA,NA
"LaRoy Reynolds","SF","LB","11462","weighted",NA,NA,NA,NA,NA,NA,NA,NA,NA,NA,NA,NA,NA,NA,NA,NA,NA,NA,NA,NA,NA,NA,NA,NA,NA,NA,NA,NA,NA,NA,NA,NA,NA,NA,NA,NA,NA,NA,NA,NA,NA,NA,NA,NA,0.112825788751715,0.176776695296637,0,0,0,0,0,0,0,0,2013,1990-11-03,NA,NA,NA,NA
"LaRoy Reynolds","ATL","LB","11462","weighted",NA,NA,NA,NA,NA,NA,NA,NA,NA,NA,NA,NA,NA,NA,NA,NA,NA,NA,NA,NA,NA,NA,NA,NA,NA,NA,NA,NA,NA,NA,NA,NA,NA,NA,NA,NA,NA,NA,NA,NA,NA,NA,NA,NA,0.112825788751715,0.176776695296637,0,0,0,0,0,0,0,0,2013,1990-11-03,NA,NA,NA,NA
"Budda Baker","ARI","DB","13251","weighted",NA,NA,NA,NA,NA,NA,NA,NA,NA,NA,NA,NA,NA,NA,NA,NA,NA,NA,NA,NA,NA,NA,NA,NA,NA,NA,NA,NA,NA,NA,NA,NA,NA,NA,NA,NA,NA,NA,NA,NA,NA,NA,NA,NA,92.3414285714286,25.5385641472102,1.92517928286853,0.923199701885611,1.21365395560615,0.699199315629759,8.19627205463859,4.40424631433267,0,0,2017,1996-01-10,NA,NA,NA,NA
"Shawn Williams","CIN","DB","11330","weighted",NA,NA,NA,NA,NA,NA,NA,NA,NA,NA,NA,NA,NA,NA,NA,NA,NA,NA,NA,NA,NA,NA,NA,NA,NA,NA,NA,NA,NA,NA,NA,NA,NA,NA,NA,NA,NA,NA,NA,NA,NA,NA,NA,NA,80.9965395560615,21.8510538380758,0.473824701195219,0.470338432179583,2.42019920318725,1.09032387713799,9.3235344336938,3.91266846440973,0,0,2013,1991-05-13,NA,NA,NA,NA
"Landon Collins","WAS","DB","12250","weighted",NA,NA,NA,NA,NA,NA,NA,NA,NA,NA,NA,NA,NA,NA,NA,NA,NA,NA,NA,NA,NA,NA,NA,NA,NA,NA,NA,NA,NA,NA,NA,NA,NA,NA,NA,NA,NA,NA,NA,NA,NA,NA,NA,NA,89.0093356643357,19.8434292418062,0.789118881118881,0.354869657953171,1.77687412587413,1.00188841166943,8.96348251748252,4.59996049553577,0,0,2015,1994-01-10,NA,NA,NA,NA
"Jessie Bates","CIN","DB","13737","weighted",NA,NA,NA,NA,NA,NA,NA,NA,NA,NA,NA,NA,NA,NA,NA,NA,NA,NA,NA,NA,NA,NA,NA,NA,NA,NA,NA,NA,NA,NA,NA,NA,NA,NA,NA,NA,NA,NA,NA,NA,NA,NA,NA,NA,76.4655947638019,17.3567872760988,0.0465850882185544,0.0848109173138526,2.3529937393284,0.621431615840627,9.65161639157655,3.70774295202448,0,0,2018,1997-02-26,NA,NA,NA,NA
"Terrell Edmunds","PIT","DB","13716","weighted",NA,NA,NA,NA,NA,NA,NA,NA,NA,NA,NA,NA,NA,NA,NA,NA,NA,NA,NA,NA,NA,NA,NA,NA,NA,NA,NA,NA,NA,NA,NA,NA,NA,NA,NA,NA,NA,NA,NA,NA,NA,NA,NA,NA,64.9449459305635,16.1953607059002,0.641923733636881,0.468591487483503,2.12076835515083,1.29681453954133,7.73014228799089,5.53855793137739,0,0,2018,1997-01-20,NA,NA,NA,NA
"Antoine Bethea","NYG","DB","8448","weighted",NA,NA,NA,NA,NA,NA,NA,NA,NA,NA,NA,NA,NA,NA,NA,NA,NA,NA,NA,NA,NA,NA,NA,NA,NA,NA,NA,NA,NA,NA,NA,NA,NA,NA,NA,NA,NA,NA,NA,NA,NA,NA,NA,NA,82.3256167247387,7.48490576276418,1.34521951219512,0.43707585063896,1.9835331010453,0.262700320418933,9.14882229965157,3.50877080641055,0,0,2006,1984-07-07,NA,NA,NA,NA
"Antoine Bethea","FA","DB","8448","weighted",NA,NA,NA,NA,NA,NA,NA,NA,NA,NA,NA,NA,NA,NA,NA,NA,NA,NA,NA,NA,NA,NA,NA,NA,NA,NA,NA,NA,NA,NA,NA,NA,NA,NA,NA,NA,NA,NA,NA,NA,NA,NA,NA,NA,82.3256167247387,7.48490576276418,1.34521951219512,0.43707585063896,1.9835331010453,0.262700320418933,9.14882229965157,3.50877080641055,0,0,2006,1984-07-07,NA,NA,NA,NA
"Ha Ha Clinton-Dix","CHI","DB","11740","weighted",NA,NA,NA,NA,NA,NA,NA,NA,NA,NA,NA,NA,NA,NA,NA,NA,NA,NA,NA,NA,NA,NA,NA,NA,NA,NA,NA,NA,NA,NA,NA,NA,NA,NA,NA,NA,NA,NA,NA,NA,NA,NA,NA,NA,73.7728856004553,13.8080915846018,0.54164484917473,0.618190054238739,3.37006829823563,1.59828776532054,10.3054126351736,5.192846202504,0,0,2014,1992-12-21,NA,NA,NA,NA
"Ha Ha Clinton-Dix","DAL","DB","11740","weighted",NA,NA,NA,NA,NA,NA,NA,NA,NA,NA,NA,NA,NA,NA,NA,NA,NA,NA,NA,NA,NA,NA,NA,NA,NA,NA,NA,NA,NA,NA,NA,NA,NA,NA,NA,NA,NA,NA,NA,NA,NA,NA,NA,NA,73.7728856004553,13.8080915846018,0.54164484917473,0.618190054238739,3.37006829823563,1.59828776532054,10.3054126351736,5.192846202504,0,0,2014,1992-12-21,NA,NA,NA,NA
"Malcolm Jenkins","PHI","DB","9430","weighted",NA,NA,NA,NA,NA,NA,NA,NA,NA,NA,NA,NA,NA,NA,NA,NA,NA,NA,NA,NA,NA,NA,NA,NA,NA,NA,NA,NA,NA,NA,NA,NA,NA,NA,NA,NA,NA,NA,NA,NA,NA,NA,NA,NA,76.8284632896983,8.73255482181887,1.13500284575982,0.776839595768979,1.78549800796813,0.449690788930813,9.15194649971542,2.9813359022226,0,0,2009,1987-12-20,NA,NA,NA,NA
"Malcolm Jenkins","NO","DB","9430","weighted",NA,NA,NA,NA,NA,NA,NA,NA,NA,NA,NA,NA,NA,NA,NA,NA,NA,NA,NA,NA,NA,NA,NA,NA,NA,NA,NA,NA,NA,NA,NA,NA,NA,NA,NA,NA,NA,NA,NA,NA,NA,NA,NA,NA,76.8284632896983,8.73255482181887,1.13500284575982,0.776839595768979,1.78549800796813,0.449690788930813,9.15194649971542,2.9813359022226,0,0,2009,1987-12-20,NA,NA,NA,NA
"Jordan Poyer","BUF","DB","11317","weighted",NA,NA,NA,NA,NA,NA,NA,NA,NA,NA,NA,NA,NA,NA,NA,NA,NA,NA,NA,NA,NA,NA,NA,NA,NA,NA,NA,NA,NA,NA,NA,NA,NA,NA,NA,NA,NA,NA,NA,NA,NA,NA,NA,NA,74.6221855435401,10.3799908711297,1.47664200341491,0.524747648653764,3.25579965850882,0.828627940355712,8.98567444507684,5.75236589125883,0,0,2013,1991-04-25,NA,NA,NA,NA
"Justin Simmons","DEN","DB","12767","weighted",NA,NA,NA,NA,NA,NA,NA,NA,NA,NA,NA,NA,NA,NA,NA,NA,NA,NA,NA,NA,NA,NA,NA,NA,NA,NA,NA,NA,NA,NA,NA,NA,NA,NA,NA,NA,NA,NA,NA,NA,NA,NA,NA,NA,69.7338929994308,11.656975634688,0.525224815025612,0.497295039069008,2.59669322709163,0.850143066228005,8.77545247581104,5.15838456793037,0,0,2016,1993-11-19,NA,NA,NA,NA
"Justin Reid","HOU","DB","13717","weighted",NA,NA,NA,NA,NA,NA,NA,NA,NA,NA,NA,NA,NA,NA,NA,NA,NA,NA,NA,NA,NA,NA,NA,NA,NA,NA,NA,NA,NA,NA,NA,NA,NA,NA,NA,NA,NA,NA,NA,NA,NA,NA,NA,NA,72.7512797202797,11.2633608180484,0.796909090909091,0.636716974536763,2.86525174825175,1.02223248758331,10.7028111888112,4.3137650842109,0,0,2018,1997-02-15,"Q","Shoulder - Labrum",2019,0
"Justin Reid","HOU","DB","13717","weighted",NA,NA,NA,NA,NA,NA,NA,NA,NA,NA,NA,NA,NA,NA,NA,NA,NA,NA,NA,NA,NA,NA,NA,NA,NA,NA,NA,NA,NA,NA,NA,NA,NA,NA,NA,NA,NA,NA,NA,NA,NA,NA,NA,NA,72.7512797202797,11.2633608180484,0.796909090909091,0.636716974536763,2.86525174825175,1.02223248758331,10.7028111888112,4.3137650842109,0,0,2018,2002-05-24,"Q","Shoulder - Labrum",2019,0
"Tracy Walker","DET","DB","13747","weighted",NA,NA,NA,NA,NA,NA,NA,NA,NA,NA,NA,NA,NA,NA,NA,NA,NA,NA,NA,NA,NA,NA,NA,NA,NA,NA,NA,NA,NA,NA,NA,NA,NA,NA,NA,NA,NA,NA,NA,NA,NA,NA,NA,NA,53.3575979680697,24.68187029904,0.0237735849056604,0.0375831774730934,1.89013062409289,0.904997383465238,6.60538461538462,4.77880293282299,0,0,2018,1995-02-01,NA,NA,NA,NA
"Harrison Smith","MIN","DB","10783","weighted",NA,NA,NA,NA,NA,NA,NA,NA,NA,NA,NA,NA,NA,NA,NA,NA,NA,NA,NA,NA,NA,NA,NA,NA,NA,NA,NA,NA,NA,NA,NA,NA,NA,NA,NA,NA,NA,NA,NA,NA,NA,NA,NA,NA,70.6873363688105,10.3493402256794,2.06520204894707,0.661775361038171,3.11529311326124,0.898715975711029,9.69020489470689,4.67966957850764,0,0,2012,1989-02-02,NA,NA,NA,NA
"Marcus Maye","NYJ","DB","13252","weighted",NA,NA,NA,NA,NA,NA,NA,NA,NA,NA,NA,NA,NA,NA,NA,NA,NA,NA,NA,NA,NA,NA,NA,NA,NA,NA,NA,NA,NA,NA,NA,NA,NA,NA,NA,NA,NA,NA,NA,NA,NA,NA,NA,NA,66.4884325108853,15.0281397161913,0.535653120464441,0.476798006371843,1.86283018867925,0.101859255080768,6.19732220609579,3.47877248015804,0,0,2017,1994-01-01,NA,NA,NA,NA
"Tre Flowers","SEA","DB","13778","weighted",NA,NA,NA,NA,NA,NA,NA,NA,NA,NA,NA,NA,NA,NA,NA,NA,NA,NA,NA,NA,NA,NA,NA,NA,NA,NA,NA,NA,NA,NA,NA,NA,NA,NA,NA,NA,NA,NA,NA,NA,NA,NA,NA,NA,65.9730629370629,13.9813549652525,0.642090909090909,0.877265767602562,1.76817482517483,0.592141335907885,8.54987412587413,2.4958078610742,0,0,2018,1995-06-02,NA,NA,NA,NA
"Jamal Adams","NYJ","DB","13230","weighted",NA,NA,NA,NA,NA,NA,NA,NA,NA,NA,NA,NA,NA,NA,NA,NA,NA,NA,NA,NA,NA,NA,NA,NA,NA,NA,NA,NA,NA,NA,NA,NA,NA,NA,NA,NA,NA,NA,NA,NA,NA,NA,NA,NA,77.2207455890723,7.40312778782496,2.66128059191804,0.955592876374167,1.68631189527604,0.975236491847592,9.85685258964143,2.90212982309915,0,0,2017,1995-10-17,NA,NA,NA,NA
"Levi Wallace","BUF","DB","13711","weighted",NA,NA,NA,NA,NA,NA,NA,NA,NA,NA,NA,NA,NA,NA,NA,NA,NA,NA,NA,NA,NA,NA,NA,NA,NA,NA,NA,NA,NA,NA,NA,NA,NA,NA,NA,NA,NA,NA,NA,NA,NA,NA,NA,NA,55.1861084681256,28.5718748128406,0.527716460513796,0.508122023335779,1.43236917221694,1.53560785660936,4.05680304471931,3.99606472067279,0,0,2018,NA,"Q","Shoulder",2019,0
"Adrian Amos","GB","DB","12308","weighted",NA,NA,NA,NA,NA,NA,NA,NA,NA,NA,NA,NA,NA,NA,NA,NA,NA,NA,NA,NA,NA,NA,NA,NA,NA,NA,NA,NA,NA,NA,NA,NA,NA,NA,NA,NA,NA,NA,NA,NA,NA,NA,NA,NA,72.7829300699301,10.0897255607987,0.57420979020979,0.445159015814239,2.23464335664336,0.925833659400451,10.1893846153846,4.07918644371182,0,0,2015,1993-04-29,NA,NA,NA,NA
"Kevin Byard","TEN","DB","12752","weighted",NA,NA,NA,NA,NA,NA,NA,NA,NA,NA,NA,NA,NA,NA,NA,NA,NA,NA,NA,NA,NA,NA,NA,NA,NA,NA,NA,NA,NA,NA,NA,NA,NA,NA,NA,NA,NA,NA,NA,NA,NA,NA,NA,NA,65.2198975526466,10.4644101884176,1.17254410927718,0.681503197847566,4.11069436539556,1.51077997848242,10.4085600455322,5.47489807968733,0,0,2016,1993-08-17,NA,NA,NA,NA
"John Johnson","LAR","DB","13274","weighted",NA,NA,NA,NA,NA,NA,NA,NA,NA,NA,NA,NA,NA,NA,NA,NA,NA,NA,NA,NA,NA,NA,NA,NA,NA,NA,NA,NA,NA,NA,NA,NA,NA,NA,NA,NA,NA,NA,NA,NA,NA,NA,NA,NA,77.0816713286713,6.1735859380454,0,0,3.06300699300699,0.786124592475367,11.6156293706294,5.75488519758083,0,0,2017,1994-01-01,"Q","Shoulder",2019,0
"Kyle Fuller","CHI","DB","11764","weighted",NA,NA,NA,NA,NA,NA,NA,NA,NA,NA,NA,NA,NA,NA,NA,NA,NA,NA,NA,NA,NA,NA,NA,NA,NA,NA,NA,NA,NA,NA,NA,NA,NA,NA,NA,NA,NA,NA,NA,NA,NA,NA,NA,NA,56.7191633466135,14.1630951711475,0.02300796812749,0.0421791598963125,4.67944792259533,1.55659334593333,16.9378429140581,4.69590651602887,0,0,2014,1992-02-16,NA,NA,NA,NA
"Jabrill Peppers","NYG","DB","13231","weighted",NA,NA,NA,NA,NA,NA,NA,NA,NA,NA,NA,NA,NA,NA,NA,NA,NA,NA,NA,NA,NA,NA,NA,NA,NA,NA,NA,NA,NA,NA,NA,NA,NA,NA,NA,NA,NA,NA,NA,NA,NA,NA,NA,NA,66.1451048951049,11.9699272348937,0.588510489510489,0.739043268333801,1.72977622377622,0.516827498877574,8.19351048951049,3.31882727760857,0,0,2017,1995-10-04,NA,NA,NA,NA
"Ricardo Allen","ATL","DB","11814","weighted",NA,NA,NA,NA,NA,NA,NA,NA,NA,NA,NA,NA,NA,NA,NA,NA,NA,NA,NA,NA,NA,NA,NA,NA,NA,NA,NA,NA,NA,NA,NA,NA,NA,NA,NA,NA,NA,NA,NA,NA,NA,NA,NA,NA,58.8449772933697,19.2067853891177,0,0,1.64406902815622,0.573013192341285,7.08980926430518,3.78975648774812,0,0,2014,1991-12-18,"Q","Shoulder",2019,0
"Tyrann Mathieu","KC","DB","11313","weighted",NA,NA,NA,NA,NA,NA,NA,NA,NA,NA,NA,NA,NA,NA,NA,NA,NA,NA,NA,NA,NA,NA,NA,NA,NA,NA,NA,NA,NA,NA,NA,NA,NA,NA,NA,NA,NA,NA,NA,NA,NA,NA,NA,NA,74.7683210017074,5.67111076459089,1.84322709163347,0.539841028601413,2.72996015936255,0.843798391581996,11.9496755833808,4.11970898304298,0,0,2013,1992-05-13,NA,NA,NA,NA
"Derwin James","LAC","DB","13714","weighted",NA,NA,NA,NA,NA,NA,NA,NA,NA,NA,NA,NA,NA,NA,NA,NA,NA,NA,NA,NA,NA,NA,NA,NA,NA,NA,NA,NA,NA,NA,NA,NA,NA,NA,NA,NA,NA,NA,NA,NA,NA,NA,NA,NA,47.4378301886792,32.5571737553199,1.81429608127721,1.0022172596323,3.3522496371553,4.49981945102177,17.7600580551524,26.1086107498276,0,0,2018,1996-08-03,NA,NA,NA,NA
"Xavier Woods","DAL","DB","13325","weighted",NA,NA,NA,NA,NA,NA,NA,NA,NA,NA,NA,NA,NA,NA,NA,NA,NA,NA,NA,NA,NA,NA,NA,NA,NA,NA,NA,NA,NA,NA,NA,NA,NA,NA,NA,NA,NA,NA,NA,NA,NA,NA,NA,NA,50.5969552806851,22.2846765044403,0.169039010466223,0.30747111637974,1.49954329210276,0.515477473087646,3.45570884871551,3.34568971231452,0,0,2017,1995-07-26,NA,NA,NA,NA
"Chidobe Awuzie","DAL","DB","13263","weighted",NA,NA,NA,NA,NA,NA,NA,NA,NA,NA,NA,NA,NA,NA,NA,NA,NA,NA,NA,NA,NA,NA,NA,NA,NA,NA,NA,NA,NA,NA,NA,NA,NA,NA,NA,NA,NA,NA,NA,NA,NA,NA,NA,NA,61.6267622377622,10.6112053306848,0.288041958041958,0.496508905756584,2.7168041958042,0.61165341865037,12.4931818181818,1.02732943235058,0,0,2017,1995-05-24,NA,NA,NA,NA
"Xavier Rhodes","MIN","DB","11314","weighted",NA,NA,NA,NA,NA,NA,NA,NA,NA,NA,NA,NA,NA,NA,NA,NA,NA,NA,NA,NA,NA,NA,NA,NA,NA,NA,NA,NA,NA,NA,NA,NA,NA,NA,NA,NA,NA,NA,NA,NA,NA,NA,NA,NA,54.0376380193512,12.9106576351785,0.0898804780876494,0.209572416416742,1.81414342629482,0.802577535294339,5.9818782014798,4.46491409835054,0,0,2013,1990-06-19,NA,NA,NA,NA
"Xavier Rhodes","IND","DB","11314","weighted",NA,NA,NA,NA,NA,NA,NA,NA,NA,NA,NA,NA,NA,NA,NA,NA,NA,NA,NA,NA,NA,NA,NA,NA,NA,NA,NA,NA,NA,NA,NA,NA,NA,NA,NA,NA,NA,NA,NA,NA,NA,NA,NA,NA,54.0376380193512,12.9106576351785,0.0898804780876494,0.209572416416742,1.81414342629482,0.802577535294339,5.9818782014798,4.46491409835054,0,0,2013,1990-06-19,NA,NA,NA,NA
"Micah Hyde","BUF","DB","11382","weighted",NA,NA,NA,NA,NA,NA,NA,NA,NA,NA,NA,NA,NA,NA,NA,NA,NA,NA,NA,NA,NA,NA,NA,NA,NA,NA,NA,NA,NA,NA,NA,NA,NA,NA,NA,NA,NA,NA,NA,NA,NA,NA,NA,NA,59.1270404097894,9.79484104922321,0.535156516789983,0.740739905036212,2.51196926579397,1.06189189168287,8.61095048377917,4.43904245424797,0,0,2013,1990-12-31,NA,NA,NA,NA
"Keanu Neal","ATL","DB","12736","weighted",NA,NA,NA,NA,NA,NA,NA,NA,NA,NA,NA,NA,NA,NA,NA,NA,NA,NA,NA,NA,NA,NA,NA,NA,NA,NA,NA,NA,NA,NA,NA,NA,NA,NA,NA,NA,NA,NA,NA,NA,NA,NA,NA,NA,70.5813706293706,7.85998266959785,0.133440559440559,0.282272409285281,1.49430769230769,0.695359432084366,9.83307692307692,3.07475498537493,0,0,2016,NA,"Q","Achilles",2019,0
"Deandre Baker","NYG","DB","14178","weighted",NA,NA,NA,NA,NA,NA,NA,NA,NA,NA,NA,NA,NA,NA,NA,NA,NA,NA,NA,NA,NA,NA,NA,NA,NA,NA,NA,NA,NA,NA,NA,NA,NA,NA,NA,NA,NA,NA,NA,NA,NA,NA,NA,NA,47.8706853146853,19.955187013355,0.0575174825174825,0.121669141933311,2.33939160839161,0.480860434632687,5.71847552447552,4.24211231033314,0,0,2019,1970-01-01,NA,NA,NA,NA
"Tre Boston","CAR","DB","11802","weighted",NA,NA,NA,NA,NA,NA,NA,NA,NA,NA,NA,NA,NA,NA,NA,NA,NA,NA,NA,NA,NA,NA,NA,NA,NA,NA,NA,NA,NA,NA,NA,NA,NA,NA,NA,NA,NA,NA,NA,NA,NA,NA,NA,NA,45.3473367198839,34.7396171543819,0.10266328011611,0.211985125656101,1.66507256894049,1.30154382015438,5.33251814223512,4.25504975829024,0,0,2014,1992-06-25,NA,NA,NA,NA
"Eric Rowe","MIA","DB","12275","weighted",NA,NA,NA,NA,NA,NA,NA,NA,NA,NA,NA,NA,NA,NA,NA,NA,NA,NA,NA,NA,NA,NA,NA,NA,NA,NA,NA,NA,NA,NA,NA,NA,NA,NA,NA,NA,NA,NA,NA,NA,NA,NA,NA,NA,35.8652539912917,30.2364972065439,0.0787880986937591,0.16268625922445,0.87544267053701,0.834328299658909,4.17261973875181,4.24371768730097,0,0,2015,1992-10-03,NA,NA,NA,NA
"Adrian Colbert","FA","DB","13351","weighted",NA,NA,NA,NA,NA,NA,NA,NA,NA,NA,NA,NA,NA,NA,NA,NA,NA,NA,NA,NA,NA,NA,NA,NA,NA,NA,NA,NA,NA,NA,NA,NA,NA,NA,NA,NA,NA,NA,NA,NA,NA,NA,NA,NA,36.7015128449096,38.5806690981892,0.172169362511893,0.313165025942328,0.781255946717412,0.760821965414065,2.80659372026641,3.57598992315739,0,0,2017,NA,NA,NA,NA,NA
"Adrian Colbert","MIA","DB","13351","weighted",NA,NA,NA,NA,NA,NA,NA,NA,NA,NA,NA,NA,NA,NA,NA,NA,NA,NA,NA,NA,NA,NA,NA,NA,NA,NA,NA,NA,NA,NA,NA,NA,NA,NA,NA,NA,NA,NA,NA,NA,NA,NA,NA,NA,36.7015128449096,38.5806690981892,0.172169362511893,0.313165025942328,0.781255946717412,0.760821965414065,2.80659372026641,3.57598992315739,0,0,2017,NA,NA,NA,NA,NA
"Bradley McDougald","SEA","DB","11517","weighted",NA,NA,NA,NA,NA,NA,NA,NA,NA,NA,NA,NA,NA,NA,NA,NA,NA,NA,NA,NA,NA,NA,NA,NA,NA,NA,NA,NA,NA,NA,NA,NA,NA,NA,NA,NA,NA,NA,NA,NA,NA,NA,NA,NA,67.9117074558907,6.9256712034717,0.559931701764371,0.530853690250518,2.20120660216278,0.494496435204192,9.45128628343768,3.90407097940303,0,0,2013,1990-11-15,NA,NA,NA,NA
"Eli Apple","NO","DB","12715","weighted",NA,NA,NA,NA,NA,NA,NA,NA,NA,NA,NA,NA,NA,NA,NA,NA,NA,NA,NA,NA,NA,NA,NA,NA,NA,NA,NA,NA,NA,NA,NA,NA,NA,NA,NA,NA,NA,NA,NA,NA,NA,NA,NA,NA,64.5513076923077,9.68784645170144,0.0874265734265734,0.184937095738632,2.77772727272727,1.10587530765104,11.6213916083916,4.7126151401625,0,0,2016,1995-08-09,NA,NA,NA,NA
"Eli Apple","CAR","DB","12715","weighted",NA,NA,NA,NA,NA,NA,NA,NA,NA,NA,NA,NA,NA,NA,NA,NA,NA,NA,NA,NA,NA,NA,NA,NA,NA,NA,NA,NA,NA,NA,NA,NA,NA,NA,NA,NA,NA,NA,NA,NA,NA,NA,NA,NA,64.5513076923077,9.68784645170144,0.0874265734265734,0.184937095738632,2.77772727272727,1.10587530765104,11.6213916083916,4.7126151401625,0,0,2016,1995-08-09,NA,NA,NA,NA
"Damontae Kazee","ATL","DB","13301","weighted",NA,NA,NA,NA,NA,NA,NA,NA,NA,NA,NA,NA,NA,NA,NA,NA,NA,NA,NA,NA,NA,NA,NA,NA,NA,NA,NA,NA,NA,NA,NA,NA,NA,NA,NA,NA,NA,NA,NA,NA,NA,NA,NA,NA,63.6449381541389,9.34790733870958,0.0156517602283539,0.0284695478129389,2.9174595623216,1.2540905111993,3.47069457659372,3.93889560049652,0,0,2017,1993-06-05,NA,NA,NA,NA
"Damarious Randall","CLE","DB","12269","weighted",NA,NA,NA,NA,NA,NA,NA,NA,NA,NA,NA,NA,NA,NA,NA,NA,NA,NA,NA,NA,NA,NA,NA,NA,NA,NA,NA,NA,NA,NA,NA,NA,NA,NA,NA,NA,NA,NA,NA,NA,NA,NA,NA,NA,70.2781331815595,4.08972741663578,0.425907797381901,0.660136223204618,3.41655093910074,1.27191055858525,11.3354126351736,5.1442567825444,1,0,2015,1992-08-29,NA,NA,NA,NA
"Damarious Randall","LVR","DB","12269","weighted",NA,NA,NA,NA,NA,NA,NA,NA,NA,NA,NA,NA,NA,NA,NA,NA,NA,NA,NA,NA,NA,NA,NA,NA,NA,NA,NA,NA,NA,NA,NA,NA,NA,NA,NA,NA,NA,NA,NA,NA,NA,NA,NA,NA,70.2781331815595,4.08972741663578,0.425907797381901,0.660136223204618,3.41655093910074,1.27191055858525,11.3354126351736,5.1442567825444,1,0,2015,1992-08-29,NA,NA,NA,NA
"Kenny Vaccaro","TEN","DB","11324","weighted",NA,NA,NA,NA,NA,NA,NA,NA,NA,NA,NA,NA,NA,NA,NA,NA,NA,NA,NA,NA,NA,NA,NA,NA,NA,NA,NA,NA,NA,NA,NA,NA,NA,NA,NA,NA,NA,NA,NA,NA,NA,NA,NA,NA,56.0871542401821,11.2678554492198,1.8347922595333,0.47417874407498,1.74367672168469,0.260323540840493,6.62933978372225,2.80930303645122,0,0,2013,1991-02-15,NA,NA,NA,NA
"Clayton Geathers","IND","DB","12295","weighted",NA,NA,NA,NA,NA,NA,NA,NA,NA,NA,NA,NA,NA,NA,NA,NA,NA,NA,NA,NA,NA,NA,NA,NA,NA,NA,NA,NA,NA,NA,NA,NA,NA,NA,NA,NA,NA,NA,NA,NA,NA,NA,NA,NA,70.6852055749129,5.64071755734337,0.0229268292682927,0.0486022957622381,1.64239024390244,0.495529630772608,8.92093379790941,4.02434253197772,0,0,NA,NA,NA,NA,NA,NA
"Clayton Geathers","FA","DB","12295","weighted",NA,NA,NA,NA,NA,NA,NA,NA,NA,NA,NA,NA,NA,NA,NA,NA,NA,NA,NA,NA,NA,NA,NA,NA,NA,NA,NA,NA,NA,NA,NA,NA,NA,NA,NA,NA,NA,NA,NA,NA,NA,NA,NA,NA,70.6852055749129,5.64071755734337,0.0229268292682927,0.0486022957622381,1.64239024390244,0.495529630772608,8.92093379790941,4.02434253197772,0,0,NA,NA,NA,NA,NA,NA
"Art Maulet","FA","DB","13547","weighted",NA,NA,NA,NA,NA,NA,NA,NA,NA,NA,NA,NA,NA,NA,NA,NA,NA,NA,NA,NA,NA,NA,NA,NA,NA,NA,NA,NA,NA,NA,NA,NA,NA,NA,NA,NA,NA,NA,NA,NA,NA,NA,NA,NA,33.1410249307479,52.5451049099724,0,0,0.196232686980609,0.311126983722081,0.954404432132964,1.51320851173921,0,0,2017,1970-01-01,NA,NA,NA,NA
"Art Maulet","NYJ","DB","13547","weighted",NA,NA,NA,NA,NA,NA,NA,NA,NA,NA,NA,NA,NA,NA,NA,NA,NA,NA,NA,NA,NA,NA,NA,NA,NA,NA,NA,NA,NA,NA,NA,NA,NA,NA,NA,NA,NA,NA,NA,NA,NA,NA,NA,NA,33.1410249307479,52.5451049099724,0,0,0.196232686980609,0.311126983722081,0.954404432132964,1.51320851173921,0,0,2017,1970-01-01,NA,NA,NA,NA
"Jarrod Wilson","JAC","DB","12906","weighted",NA,NA,NA,NA,NA,NA,NA,NA,NA,NA,NA,NA,NA,NA,NA,NA,NA,NA,NA,NA,NA,NA,NA,NA,NA,NA,NA,NA,NA,NA,NA,NA,NA,NA,NA,NA,NA,NA,NA,NA,NA,NA,NA,NA,55.8528229317852,14.9136251577429,0.447692307692308,0.554488577126488,1.6088824383164,0.534710622895195,6.99817126269956,3.84155979285472,0,0,2016,1994-02-09,NA,NA,NA,NA
"Jordan Whitehead","TB","DB","13760","weighted",NA,NA,NA,NA,NA,NA,NA,NA,NA,NA,NA,NA,NA,NA,NA,NA,NA,NA,NA,NA,NA,NA,NA,NA,NA,NA,NA,NA,NA,NA,NA,NA,NA,NA,NA,NA,NA,NA,NA,NA,NA,NA,NA,NA,55.7548014440433,20.4083853627218,0.00890794223826715,0.016815154935681,0.72326714801444,0.648954035137051,6.8736642599278,3.54117391520877,0,0,2018,1997-03-18,NA,NA,NA,NA
"Reshad Jones","MIA","DB","9966","weighted",NA,NA,NA,NA,NA,NA,NA,NA,NA,NA,NA,NA,NA,NA,NA,NA,NA,NA,NA,NA,NA,NA,NA,NA,NA,NA,NA,NA,NA,NA,NA,NA,NA,NA,NA,NA,NA,NA,NA,NA,NA,NA,NA,NA,66.8248916967509,6.54431475843853,1.16212093862816,0.299230347198436,2.4573916967509,0.567084017093679,9.7573916967509,3.5698092359197,0,0,2010,1988-02-25,"Q","Neck",2019,0
"Reshad Jones","FA","DB","9966","weighted",NA,NA,NA,NA,NA,NA,NA,NA,NA,NA,NA,NA,NA,NA,NA,NA,NA,NA,NA,NA,NA,NA,NA,NA,NA,NA,NA,NA,NA,NA,NA,NA,NA,NA,NA,NA,NA,NA,NA,NA,NA,NA,NA,NA,66.8248916967509,6.54431475843853,1.16212093862816,0.299230347198436,2.4573916967509,0.567084017093679,9.7573916967509,3.5698092359197,0,0,2010,1988-02-25,"Q","Neck",2019,0
"Quinton Dunbar","WAS","DB","12448","weighted",NA,NA,NA,NA,NA,NA,NA,NA,NA,NA,NA,NA,NA,NA,NA,NA,NA,NA,NA,NA,NA,NA,NA,NA,NA,NA,NA,NA,NA,NA,NA,NA,NA,NA,NA,NA,NA,NA,NA,NA,NA,NA,NA,NA,49.7669135802469,36.4018570954835,0.0451303155006859,0.0707106781186548,1.98836762688614,1.42835569799683,9.34872427983539,6.66094587877728,0,0,NA,NA,NA,NA,NA,NA
"Quinton Dunbar","SEA","DB","12448","weighted",NA,NA,NA,NA,NA,NA,NA,NA,NA,NA,NA,NA,NA,NA,NA,NA,NA,NA,NA,NA,NA,NA,NA,NA,NA,NA,NA,NA,NA,NA,NA,NA,NA,NA,NA,NA,NA,NA,NA,NA,NA,NA,NA,NA,49.7669135802469,36.4018570954835,0.0451303155006859,0.0707106781186548,1.98836762688614,1.42835569799683,9.34872427983539,6.66094587877728,0,0,NA,NA,NA,NA,NA,NA
"Adrian Phillips","LAC","DB","12088","weighted",NA,NA,NA,NA,NA,NA,NA,NA,NA,NA,NA,NA,NA,NA,NA,NA,NA,NA,NA,NA,NA,NA,NA,NA,NA,NA,NA,NA,NA,NA,NA,NA,NA,NA,NA,NA,NA,NA,NA,NA,NA,NA,NA,NA,67.1030034843206,6.20499787655288,0.431823461091754,0.434461027973247,2.04326829268293,0.834617109083143,11.2362648083624,1.06624786725355,0,0,2014,1992-03-28,NA,NA,NA,NA
"Adrian Phillips","NE","DB","12088","weighted",NA,NA,NA,NA,NA,NA,NA,NA,NA,NA,NA,NA,NA,NA,NA,NA,NA,NA,NA,NA,NA,NA,NA,NA,NA,NA,NA,NA,NA,NA,NA,NA,NA,NA,NA,NA,NA,NA,NA,NA,NA,NA,NA,NA,67.1030034843206,6.20499787655288,0.431823461091754,0.434461027973247,2.04326829268293,0.834617109083143,11.2362648083624,1.06624786725355,0,0,2014,1992-03-28,NA,NA,NA,NA
"Devin McCourty","NE","DB","9846","weighted",NA,NA,NA,NA,NA,NA,NA,NA,NA,NA,NA,NA,NA,NA,NA,NA,NA,NA,NA,NA,NA,NA,NA,NA,NA,NA,NA,NA,NA,NA,NA,NA,NA,NA,NA,NA,NA,NA,NA,NA,NA,NA,NA,NA,64.0029140580535,9.38470153716549,0.300700056915196,0.474344087941963,1.39413204325555,0.778120513852952,6.79605577689243,3.22530839161016,0,0,2010,1987-08-13,NA,NA,NA,NA
"T.J. Carrie","CLE","DB","11858","weighted",NA,NA,NA,NA,NA,NA,NA,NA,NA,NA,NA,NA,NA,NA,NA,NA,NA,NA,NA,NA,NA,NA,NA,NA,NA,NA,NA,NA,NA,NA,NA,NA,NA,NA,NA,NA,NA,NA,NA,NA,NA,NA,NA,NA,47.9558850313034,27.6309577836232,0.562157085941946,0.553314519790166,0.668776323278315,0.379462273677532,3.58634035287422,3.324973008922,0,0,NA,NA,NA,NA,NA,NA
"T.J. Carrie","IND","DB","11858","weighted",NA,NA,NA,NA,NA,NA,NA,NA,NA,NA,NA,NA,NA,NA,NA,NA,NA,NA,NA,NA,NA,NA,NA,NA,NA,NA,NA,NA,NA,NA,NA,NA,NA,NA,NA,NA,NA,NA,NA,NA,NA,NA,NA,NA,47.9558850313034,27.6309577836232,0.562157085941946,0.553314519790166,0.668776323278315,0.379462273677532,3.58634035287422,3.324973008922,0,0,NA,NA,NA,NA,NA,NA
"Vonn Bell","NO","DB","12718","weighted",NA,NA,NA,NA,NA,NA,NA,NA,NA,NA,NA,NA,NA,NA,NA,NA,NA,NA,NA,NA,NA,NA,NA,NA,NA,NA,NA,NA,NA,NA,NA,NA,NA,NA,NA,NA,NA,NA,NA,NA,NA,NA,NA,NA,67.3776585365854,3.73186930589858,1.60319860627178,0.569675749531009,1.49765853658537,0.82483023503404,7.97645993031359,2.88356042325476,0,0,2016,1994-12-12,NA,NA,NA,NA
"Vonn Bell","CIN","DB","12718","weighted",NA,NA,NA,NA,NA,NA,NA,NA,NA,NA,NA,NA,NA,NA,NA,NA,NA,NA,NA,NA,NA,NA,NA,NA,NA,NA,NA,NA,NA,NA,NA,NA,NA,NA,NA,NA,NA,NA,NA,NA,NA,NA,NA,NA,67.3776585365854,3.73186930589858,1.60319860627178,0.569675749531009,1.49765853658537,0.82483023503404,7.97645993031359,2.88356042325476,0,0,2016,1994-12-12,NA,NA,NA,NA
"Jaire Alexander","GB","DB","13730","weighted",NA,NA,NA,NA,NA,NA,NA,NA,NA,NA,NA,NA,NA,NA,NA,NA,NA,NA,NA,NA,NA,NA,NA,NA,NA,NA,NA,NA,NA,NA,NA,NA,NA,NA,NA,NA,NA,NA,NA,NA,NA,NA,NA,NA,65.627006993007,7.68913218615852,0.359363636363636,0.483132839314408,2.9922027972028,0.875018235478953,13.9687202797203,1.75418492549305,0,0,2018,1997-02-09,NA,NA,NA,NA
"Joe Haden","PIT","DB","9820","weighted",NA,NA,NA,NA,NA,NA,NA,NA,NA,NA,NA,NA,NA,NA,NA,NA,NA,NA,NA,NA,NA,NA,NA,NA,NA,NA,NA,NA,NA,NA,NA,NA,NA,NA,NA,NA,NA,NA,NA,NA,NA,NA,NA,NA,54.2076266363119,11.8577161759473,0.130796812749004,0.269791638810904,2.61890722822994,0.965280114155282,12.2116107000569,2.18473539072488,0,0,2010,1989-04-14,NA,NA,NA,NA
"Eddie Jackson","CHI","DB","13229","weighted",NA,NA,NA,NA,NA,NA,NA,NA,NA,NA,NA,NA,NA,NA,NA,NA,NA,NA,NA,NA,NA,NA,NA,NA,NA,NA,NA,NA,NA,NA,NA,NA,NA,NA,NA,NA,NA,NA,NA,NA,NA,NA,NA,NA,58.229561752988,9.49073298178369,0.713272623790552,0.478935903049373,3.56566306203756,1.28421488270166,11.6599601593625,4.37563563799291,0,0,2017,NA,NA,NA,NA,NA
"Trae Waynes","MIN","DB","12248","weighted",NA,NA,NA,NA,NA,NA,NA,NA,NA,NA,NA,NA,NA,NA,NA,NA,NA,NA,NA,NA,NA,NA,NA,NA,NA,NA,NA,NA,NA,NA,NA,NA,NA,NA,NA,NA,NA,NA,NA,NA,NA,NA,NA,NA,54.3093396226415,10.9107211543914,0.373969521044993,0.477091118664354,1.67510159651669,0.629503896689615,6.58209724238026,5.01255520277356,0,0,2015,1992-07-25,NA,NA,NA,NA
"Trae Waynes","CIN","DB","12248","weighted",NA,NA,NA,NA,NA,NA,NA,NA,NA,NA,NA,NA,NA,NA,NA,NA,NA,NA,NA,NA,NA,NA,NA,NA,NA,NA,NA,NA,NA,NA,NA,NA,NA,NA,NA,NA,NA,NA,NA,NA,NA,NA,NA,NA,54.3093396226415,10.9107211543914,0.373969521044993,0.477091118664354,1.67510159651669,0.629503896689615,6.58209724238026,5.01255520277356,0,0,2015,1992-07-25,NA,NA,NA,NA
"Kareem Jackson","DEN","DB","9861","weighted",NA,NA,NA,NA,NA,NA,NA,NA,NA,NA,NA,NA,NA,NA,NA,NA,NA,NA,NA,NA,NA,NA,NA,NA,NA,NA,NA,NA,NA,NA,NA,NA,NA,NA,NA,NA,NA,NA,NA,NA,NA,NA,NA,NA,63.6068013659647,7.5657015450623,0.73942515651679,0.318018722588479,2.77422310756972,1.1435166766419,9.4275640295959,5.92417831121074,0,0,2010,1988-04-10,NA,NA,NA,NA
"Xavien Howard","MIA","DB","12742","weighted",NA,NA,NA,NA,NA,NA,NA,NA,NA,NA,NA,NA,NA,NA,NA,NA,NA,NA,NA,NA,NA,NA,NA,NA,NA,NA,NA,NA,NA,NA,NA,NA,NA,NA,NA,NA,NA,NA,NA,NA,NA,NA,NA,NA,47.5036013986014,15.288305224359,0.506608391608392,0.591922049308725,3.84383216783217,1.64432644905165,12.2373076923077,4.46596222142311,0,0,2016,1993-07-04,NA,NA,NA,NA
"Chris Harris","DEN","DB","10592","weighted",NA,NA,NA,NA,NA,NA,NA,NA,NA,NA,NA,NA,NA,NA,NA,NA,NA,NA,NA,NA,NA,NA,NA,NA,NA,NA,NA,NA,NA,NA,NA,NA,NA,NA,NA,NA,NA,NA,NA,NA,NA,NA,NA,NA,52.5491048951049,12.8705186624653,0.530496503496503,0.602672791783562,2.36900699300699,0.642738649678339,7.04065734265734,5.23722687157009,0,0,2011,1989-06-18,NA,NA,NA,NA
"Chris Harris","LAC","DB","10592","weighted",NA,NA,NA,NA,NA,NA,NA,NA,NA,NA,NA,NA,NA,NA,NA,NA,NA,NA,NA,NA,NA,NA,NA,NA,NA,NA,NA,NA,NA,NA,NA,NA,NA,NA,NA,NA,NA,NA,NA,NA,NA,NA,NA,NA,52.5491048951049,12.8705186624653,0.530496503496503,0.602672791783562,2.36900699300699,0.642738649678339,7.04065734265734,5.23722687157009,0,0,2011,1989-06-18,NA,NA,NA,NA
"Charvarius Ward","KC","DB","13920","weighted",NA,NA,NA,NA,NA,NA,NA,NA,NA,NA,NA,NA,NA,NA,NA,NA,NA,NA,NA,NA,NA,NA,NA,NA,NA,NA,NA,NA,NA,NA,NA,NA,NA,NA,NA,NA,NA,NA,NA,NA,NA,NA,NA,NA,46.2519113573407,30.9995612872183,0.0089196675900277,0.014142135623731,1.40326869806094,0.480832611206852,3.06836565096953,4.86489465456345,0,0,2018,1996-05-16,NA,NA,NA,NA
"Rashaan Melvin","DET","DB","11537","weighted",NA,NA,NA,NA,NA,NA,NA,NA,NA,NA,NA,NA,NA,NA,NA,NA,NA,NA,NA,NA,NA,NA,NA,NA,NA,NA,NA,NA,NA,NA,NA,NA,NA,NA,NA,NA,NA,NA,NA,NA,NA,NA,NA,NA,45.5730245231608,23.9800184940429,0,0,1.77736603088102,0.760066551306582,6.57371480472298,6.13610763989095,0,0,NA,NA,NA,NA,NA,NA
"Rashaan Melvin","JAC","DB","11537","weighted",NA,NA,NA,NA,NA,NA,NA,NA,NA,NA,NA,NA,NA,NA,NA,NA,NA,NA,NA,NA,NA,NA,NA,NA,NA,NA,NA,NA,NA,NA,NA,NA,NA,NA,NA,NA,NA,NA,NA,NA,NA,NA,NA,NA,45.5730245231608,23.9800184940429,0,0,1.77736603088102,0.760066551306582,6.57371480472298,6.13610763989095,0,0,NA,NA,NA,NA,NA,NA
"Sean Davis","PIT","DB","12748","weighted",NA,NA,NA,NA,NA,NA,NA,NA,NA,NA,NA,NA,NA,NA,NA,NA,NA,NA,NA,NA,NA,NA,NA,NA,NA,NA,NA,NA,NA,NA,NA,NA,NA,NA,NA,NA,NA,NA,NA,NA,NA,NA,NA,NA,66.4128249097473,5.69342650348379,0.377689530685921,0.55364497671994,2.47431407942238,0.590776903520389,10.0472202166065,5.12975292686439,0,0,2016,NA,NA,NA,NA,NA
"Sean Davis","WAS","DB","12748","weighted",NA,NA,NA,NA,NA,NA,NA,NA,NA,NA,NA,NA,NA,NA,NA,NA,NA,NA,NA,NA,NA,NA,NA,NA,NA,NA,NA,NA,NA,NA,NA,NA,NA,NA,NA,NA,NA,NA,NA,NA,NA,NA,NA,NA,66.4128249097473,5.69342650348379,0.377689530685921,0.55364497671994,2.47431407942238,0.590776903520389,10.0472202166065,5.12975292686439,0,0,2016,NA,NA,NA,NA,NA
"Kenny Moore","IND","DB","13470","weighted",NA,NA,NA,NA,NA,NA,NA,NA,NA,NA,NA,NA,NA,NA,NA,NA,NA,NA,NA,NA,NA,NA,NA,NA,NA,NA,NA,NA,NA,NA,NA,NA,NA,NA,NA,NA,NA,NA,NA,NA,NA,NA,NA,NA,64.1407039711191,8.15820922117669,1.50516245487365,1.19829989327929,2.40132671480144,0.662638050121382,6.24677797833935,5.81761651321608,0,0,2017,1995-08-23,NA,NA,NA,NA
"Steven Nelson","PIT","DB","12291","weighted",NA,NA,NA,NA,NA,NA,NA,NA,NA,NA,NA,NA,NA,NA,NA,NA,NA,NA,NA,NA,NA,NA,NA,NA,NA,NA,NA,NA,NA,NA,NA,NA,NA,NA,NA,NA,NA,NA,NA,NA,NA,NA,NA,NA,56.4101593625498,7.22734819829014,0.0857370517928287,0.153249155658763,2.74070574843483,0.941211589412228,12.0324473534434,2.49719843440095,0,0,2015,1993-01-22,NA,NA,NA,NA
"A.J. Bouye","JAC","DB","11512","weighted",NA,NA,NA,NA,NA,NA,NA,NA,NA,NA,NA,NA,NA,NA,NA,NA,NA,NA,NA,NA,NA,NA,NA,NA,NA,NA,NA,NA,NA,NA,NA,NA,NA,NA,NA,NA,NA,NA,NA,NA,NA,NA,NA,NA,56.7596013986014,8.93461950916979,0.105244755244755,0.158389389611214,2.30776923076923,0.489696680556644,7.30246853146853,6.27684034730916,0,0,2013,1991-08-16,NA,NA,NA,NA
"A.J. Bouye","DEN","DB","11512","weighted",NA,NA,NA,NA,NA,NA,NA,NA,NA,NA,NA,NA,NA,NA,NA,NA,NA,NA,NA,NA,NA,NA,NA,NA,NA,NA,NA,NA,NA,NA,NA,NA,NA,NA,NA,NA,NA,NA,NA,NA,NA,NA,NA,NA,56.7596013986014,8.93461950916979,0.105244755244755,0.158389389611214,2.30776923076923,0.489696680556644,7.30246853146853,6.27684034730916,0,0,2013,1991-08-16,NA,NA,NA,NA
"Karl Joseph","OAK","DB","12717","weighted",NA,NA,NA,NA,NA,NA,NA,NA,NA,NA,NA,NA,NA,NA,NA,NA,NA,NA,NA,NA,NA,NA,NA,NA,NA,NA,NA,NA,NA,NA,NA,NA,NA,NA,NA,NA,NA,NA,NA,NA,NA,NA,NA,NA,54.3456612749762,13.9071377898992,1.29899143672693,0.529425838599547,1.18549000951475,0.438957896882172,5.41717411988582,2.35770522318642,0,0,2016,NA,NA,NA,NA,NA
"Karl Joseph","CLE","DB","12717","weighted",NA,NA,NA,NA,NA,NA,NA,NA,NA,NA,NA,NA,NA,NA,NA,NA,NA,NA,NA,NA,NA,NA,NA,NA,NA,NA,NA,NA,NA,NA,NA,NA,NA,NA,NA,NA,NA,NA,NA,NA,NA,NA,NA,NA,54.3456612749762,13.9071377898992,1.29899143672693,0.529425838599547,1.18549000951475,0.438957896882172,5.41717411988582,2.35770522318642,0,0,2016,NA,NA,NA,NA,NA
"Morgan Burnett","CLE","DB","9864","weighted",NA,NA,NA,NA,NA,NA,NA,NA,NA,NA,NA,NA,NA,NA,NA,NA,NA,NA,NA,NA,NA,NA,NA,NA,NA,NA,NA,NA,NA,NA,NA,NA,NA,NA,NA,NA,NA,NA,NA,NA,NA,NA,NA,NA,60.0180866425993,8.57934651262383,0.869350180505415,0.246622272389988,1.27614620938628,0.521269803006111,8.80176895306859,2.33990376881876,0,0,2010,1989-01-13,"Q","Achilles",2019,0
"Morgan Burnett","FA","DB","9864","weighted",NA,NA,NA,NA,NA,NA,NA,NA,NA,NA,NA,NA,NA,NA,NA,NA,NA,NA,NA,NA,NA,NA,NA,NA,NA,NA,NA,NA,NA,NA,NA,NA,NA,NA,NA,NA,NA,NA,NA,NA,NA,NA,NA,NA,60.0180866425993,8.57934651262383,0.869350180505415,0.246622272389988,1.27614620938628,0.521269803006111,8.80176895306859,2.33990376881876,0,0,2010,1989-01-13,"Q","Achilles",2019,0
"Johnathan Abram","OAK","DB","14184","weighted",NA,NA,NA,NA,NA,NA,NA,NA,NA,NA,NA,NA,NA,NA,NA,NA,NA,NA,NA,NA,NA,NA,NA,NA,NA,NA,NA,NA,NA,NA,NA,NA,NA,NA,NA,NA,NA,NA,NA,NA,NA,NA,NA,NA,48.0651895306859,29.4047343900039,1.10748194945848,0.8810527462867,1.85462093862816,1.23320257900972,3.42534296028881,4.20629369307579,0,0,2019,1970-01-01,NA,NA,NA,NA
"Johnathan Abram","LVR","DB","14184","weighted",NA,NA,NA,NA,NA,NA,NA,NA,NA,NA,NA,NA,NA,NA,NA,NA,NA,NA,NA,NA,NA,NA,NA,NA,NA,NA,NA,NA,NA,NA,NA,NA,NA,NA,NA,NA,NA,NA,NA,NA,NA,NA,NA,NA,48.0651895306859,29.4047343900039,1.10748194945848,0.8810527462867,1.85462093862816,1.23320257900972,3.42534296028881,4.20629369307579,0,0,2019,1970-01-01,NA,NA,NA,NA
"Daryl Worley","OAK","DB","12760","weighted",NA,NA,NA,NA,NA,NA,NA,NA,NA,NA,NA,NA,NA,NA,NA,NA,NA,NA,NA,NA,NA,NA,NA,NA,NA,NA,NA,NA,NA,NA,NA,NA,NA,NA,NA,NA,NA,NA,NA,NA,NA,NA,NA,NA,55.8427622377622,10.2365876431911,0.629881118881119,0.489913064159166,1.66078321678322,0.471661895113562,6.00033566433566,4.43262524911091,0,0,2016,NA,NA,NA,NA,NA
"Daryl Worley","DAL","DB","12760","weighted",NA,NA,NA,NA,NA,NA,NA,NA,NA,NA,NA,NA,NA,NA,NA,NA,NA,NA,NA,NA,NA,NA,NA,NA,NA,NA,NA,NA,NA,NA,NA,NA,NA,NA,NA,NA,NA,NA,NA,NA,NA,NA,NA,NA,55.8427622377622,10.2365876431911,0.629881118881119,0.489913064159166,1.66078321678322,0.471661895113562,6.00033566433566,4.43262524911091,0,0,2016,NA,NA,NA,NA,NA
"Ronnie Harrison","JAC","DB","13715","weighted",NA,NA,NA,NA,NA,NA,NA,NA,NA,NA,NA,NA,NA,NA,NA,NA,NA,NA,NA,NA,NA,NA,NA,NA,NA,NA,NA,NA,NA,NA,NA,NA,NA,NA,NA,NA,NA,NA,NA,NA,NA,NA,NA,NA,59.9256346044394,11.175853200533,1.0478030734206,0.799628417786442,2.25889015367103,0.753546814871347,9.30317586795674,3.9825622887633,0,0,2018,1997-04-18,NA,NA,NA,NA
"Richard Sherman","SF","DB","10393","weighted",NA,NA,NA,NA,NA,NA,NA,NA,NA,NA,NA,NA,NA,NA,NA,NA,NA,NA,NA,NA,NA,NA,NA,NA,NA,NA,NA,NA,NA,NA,NA,NA,NA,NA,NA,NA,NA,NA,NA,NA,NA,NA,NA,NA,43.7252727272727,15.529880907427,0.653853146853147,0.813238555482041,2.04053146853147,1.0651257235342,5.10303496503496,3.77524154785054,0,0,2011,1988-03-30,NA,NA,NA,NA
"Kendall Sheffield","ATL","DB","14228","weighted",NA,NA,NA,NA,NA,NA,NA,NA,NA,NA,NA,NA,NA,NA,NA,NA,NA,NA,NA,NA,NA,NA,NA,NA,NA,NA,NA,NA,NA,NA,NA,NA,NA,NA,NA,NA,NA,NA,NA,NA,NA,NA,NA,NA,25.7572216936251,35.1080854585128,0,0,0.573120837297812,1.03393549077066,1.04260704091342,1.81088101129522,0,0,2019,1970-01-01,NA,NA,NA,NA
"Jourdan Lewis","DAL","DB","13227","weighted",NA,NA,NA,NA,NA,NA,NA,NA,NA,NA,NA,NA,NA,NA,NA,NA,NA,NA,NA,NA,NA,NA,NA,NA,NA,NA,NA,NA,NA,NA,NA,NA,NA,NA,NA,NA,NA,NA,NA,NA,NA,NA,NA,NA,28.342093244529,32.4932985534958,1.74047573739296,1.905565085026,0.879980970504281,0.3573871435501,2.20789724072312,2.54006623932762,0,0,2017,1995-08-31,NA,NA,NA,NA
"Kendall Fuller","KC","DB","12714","weighted",NA,NA,NA,NA,NA,NA,NA,NA,NA,NA,NA,NA,NA,NA,NA,NA,NA,NA,NA,NA,NA,NA,NA,NA,NA,NA,NA,NA,NA,NA,NA,NA,NA,NA,NA,NA,NA,NA,NA,NA,NA,NA,NA,NA,65.0489300699301,3.02320748142569,0.444034965034965,0.654225009263737,2.60515384615385,0.723801196671056,6.70646153846154,5.83074003088718,0,0,2016,1995-02-13,NA,NA,NA,NA
"Kendall Fuller","WAS","DB","12714","weighted",NA,NA,NA,NA,NA,NA,NA,NA,NA,NA,NA,NA,NA,NA,NA,NA,NA,NA,NA,NA,NA,NA,NA,NA,NA,NA,NA,NA,NA,NA,NA,NA,NA,NA,NA,NA,NA,NA,NA,NA,NA,NA,NA,NA,65.0489300699301,3.02320748142569,0.444034965034965,0.654225009263737,2.60515384615385,0.723801196671056,6.70646153846154,5.83074003088718,0,0,2016,1995-02-13,NA,NA,NA,NA
"Eric Reid","CAR","DB","11323","weighted",NA,NA,NA,NA,NA,NA,NA,NA,NA,NA,NA,NA,NA,NA,NA,NA,NA,NA,NA,NA,NA,NA,NA,NA,NA,NA,NA,NA,NA,NA,NA,NA,NA,NA,NA,NA,NA,NA,NA,NA,NA,NA,NA,NA,63.4461742160279,4.30425793708031,0.733135888501742,0.585137173060824,2.2624181184669,0.561336281282717,9.20662020905923,4.17318575493148,0,0,2013,1991-12-10,NA,NA,NA,NA
"Eric Reid","FA","DB","11323","weighted",NA,NA,NA,NA,NA,NA,NA,NA,NA,NA,NA,NA,NA,NA,NA,NA,NA,NA,NA,NA,NA,NA,NA,NA,NA,NA,NA,NA,NA,NA,NA,NA,NA,NA,NA,NA,NA,NA,NA,NA,NA,NA,NA,NA,63.4461742160279,4.30425793708031,0.733135888501742,0.585137173060824,2.2624181184669,0.561336281282717,9.20662020905923,4.17318575493148,0,0,2013,1991-12-10,NA,NA,NA,NA
"Earl Thomas","BAL","DB","9829","weighted",NA,NA,NA,NA,NA,NA,NA,NA,NA,NA,NA,NA,NA,NA,NA,NA,NA,NA,NA,NA,NA,NA,NA,NA,NA,NA,NA,NA,NA,NA,NA,NA,NA,NA,NA,NA,NA,NA,NA,NA,NA,NA,NA,NA,59.0489160839161,8.05095811744807,0.298846153846154,0.457359799610677,3.3887972027972,1.23276597542646,11.140972027972,4.58959222564819,0,0,2010,1989-05-07,NA,NA,NA,NA
"Jaquiski Tartt","SF","DB","12274","weighted",NA,NA,NA,NA,NA,NA,NA,NA,NA,NA,NA,NA,NA,NA,NA,NA,NA,NA,NA,NA,NA,NA,NA,NA,NA,NA,NA,NA,NA,NA,NA,NA,NA,NA,NA,NA,NA,NA,NA,NA,NA,NA,NA,NA,60.015,7.5913551141651,1.370559566787,1.02689872081505,1.39253610108303,0.543868848680131,7.00505415162455,2.95911640740106,0,0,2015,1992-02-18,NA,NA,NA,NA
"Adoree Jackson","TEN","DB","13226","weighted",NA,NA,NA,NA,NA,NA,NA,NA,NA,NA,NA,NA,NA,NA,NA,NA,NA,NA,NA,NA,NA,NA,NA,NA,NA,NA,NA,NA,NA,NA,NA,NA,NA,NA,NA,NA,NA,NA,NA,NA,NA,NA,NA,NA,57.8661748251748,12.8655730329125,0.110433566433566,0.233604752511956,3.07885314685315,0.941520029789711,10.0669090909091,4.0120959960325,0,0,2017,1995-09-18,NA,NA,NA,NA
"Jalen Ramsey","JAC","DB","12711","weighted",NA,NA,NA,NA,NA,NA,NA,NA,NA,NA,NA,NA,NA,NA,NA,NA,NA,NA,NA,NA,NA,NA,NA,NA,NA,NA,NA,NA,NA,NA,NA,NA,NA,NA,NA,NA,NA,NA,NA,NA,NA,NA,NA,NA,58.8727692307692,6.95474609079958,0,0,2.98198601398601,0.038639956704441,8.18926573426573,6.96529882700692,0,0,2016,1994-10-24,NA,NA,NA,NA
"Jalen Ramsey","LAR","DB","12711","weighted",NA,NA,NA,NA,NA,NA,NA,NA,NA,NA,NA,NA,NA,NA,NA,NA,NA,NA,NA,NA,NA,NA,NA,NA,NA,NA,NA,NA,NA,NA,NA,NA,NA,NA,NA,NA,NA,NA,NA,NA,NA,NA,NA,NA,58.8727692307692,6.95474609079958,0,0,2.98198601398601,0.038639956704441,8.18926573426573,6.96529882700692,0,0,2016,1994-10-24,NA,NA,NA,NA
"Nevin Lawson","OAK","DB","11806","weighted",NA,NA,NA,NA,NA,NA,NA,NA,NA,NA,NA,NA,NA,NA,NA,NA,NA,NA,NA,NA,NA,NA,NA,NA,NA,NA,NA,NA,NA,NA,NA,NA,NA,NA,NA,NA,NA,NA,NA,NA,NA,NA,NA,NA,38.7650692520776,37.0453242663632,0.498614958448754,0.636396103067893,0.963324099722992,1.52735064736294,1.46282548476454,2.31931024229188,0,0,2014,1991-04-23,"S","Suspension",2019,0
"Nevin Lawson","LVR","DB","11806","weighted",NA,NA,NA,NA,NA,NA,NA,NA,NA,NA,NA,NA,NA,NA,NA,NA,NA,NA,NA,NA,NA,NA,NA,NA,NA,NA,NA,NA,NA,NA,NA,NA,NA,NA,NA,NA,NA,NA,NA,NA,NA,NA,NA,NA,38.7650692520776,37.0453242663632,0.498614958448754,0.636396103067893,0.963324099722992,1.52735064736294,1.46282548476454,2.31931024229188,0,0,2014,1991-04-23,"S","Suspension",2019,0
"Janoris Jenkins","NYG","DB","10779","weighted",NA,NA,NA,NA,NA,NA,NA,NA,NA,NA,NA,NA,NA,NA,NA,NA,NA,NA,NA,NA,NA,NA,NA,NA,NA,NA,NA,NA,NA,NA,NA,NA,NA,NA,NA,NA,NA,NA,NA,NA,NA,NA,NA,NA,55.2483210017075,7.2006255865349,0.160637450199203,0.324727106444451,2.64846898121798,0.956125086517054,13.2627888446215,1.37626890359456,1,0,2012,1988-10-29,NA,NA,NA,NA
"Janoris Jenkins","NO","DB","10779","weighted",NA,NA,NA,NA,NA,NA,NA,NA,NA,NA,NA,NA,NA,NA,NA,NA,NA,NA,NA,NA,NA,NA,NA,NA,NA,NA,NA,NA,NA,NA,NA,NA,NA,NA,NA,NA,NA,NA,NA,NA,NA,NA,NA,NA,55.2483210017075,7.2006255865349,0.160637450199203,0.324727106444451,2.64846898121798,0.956125086517054,13.2627888446215,1.37626890359456,1,0,2012,1988-10-29,NA,NA,NA,NA
"Jeff Heath","DAL","DB","11543","weighted",NA,NA,NA,NA,NA,NA,NA,NA,NA,NA,NA,NA,NA,NA,NA,NA,NA,NA,NA,NA,NA,NA,NA,NA,NA,NA,NA,NA,NA,NA,NA,NA,NA,NA,NA,NA,NA,NA,NA,NA,NA,NA,NA,NA,64.4633844765343,4.07391436091128,0.26129963898917,0.493244544779976,2.35507220216607,0.594751997176335,9.07503610108303,4.81256964041624,0,0,2013,1991-05-14,"Q","Shoulder",2019,0
"Jeff Heath","LVR","DB","11543","weighted",NA,NA,NA,NA,NA,NA,NA,NA,NA,NA,NA,NA,NA,NA,NA,NA,NA,NA,NA,NA,NA,NA,NA,NA,NA,NA,NA,NA,NA,NA,NA,NA,NA,NA,NA,NA,NA,NA,NA,NA,NA,NA,NA,NA,64.4633844765343,4.07391436091128,0.26129963898917,0.493244544779976,2.35507220216607,0.594751997176335,9.07503610108303,4.81256964041624,0,0,2013,1991-05-14,"Q","Shoulder",2019,0
"Mike Hughes","MIN","DB","13731","weighted",NA,NA,NA,NA,NA,NA,NA,NA,NA,NA,NA,NA,NA,NA,NA,NA,NA,NA,NA,NA,NA,NA,NA,NA,NA,NA,NA,NA,NA,NA,NA,NA,NA,NA,NA,NA,NA,NA,NA,NA,NA,NA,NA,NA,42.8519113573407,30.9995612872182,0,0,1.55202216066482,2.46073159852919,3.21108033240997,5.09116882454314,0,0,2018,1997-02-11,"Q","Neck",2019,0
"Donte Jackson","CAR","DB","13738","weighted",NA,NA,NA,NA,NA,NA,NA,NA,NA,NA,NA,NA,NA,NA,NA,NA,NA,NA,NA,NA,NA,NA,NA,NA,NA,NA,NA,NA,NA,NA,NA,NA,NA,NA,NA,NA,NA,NA,NA,NA,NA,NA,NA,NA,63.7822196926579,3.69496408356187,0.504923164484917,0.488645249471762,2.32127490039841,0.692014762137866,10.4118383608423,2.56304505834572,0,0,2018,1995-11-08,NA,NA,NA,NA
"Anthony Brown","DAL","DB","12817","weighted",NA,NA,NA,NA,NA,NA,NA,NA,NA,NA,NA,NA,NA,NA,NA,NA,NA,NA,NA,NA,NA,NA,NA,NA,NA,NA,NA,NA,NA,NA,NA,NA,NA,NA,NA,NA,NA,NA,NA,NA,NA,NA,NA,NA,36.5509324452902,31.5888237519844,0.828639391056137,0.733851550113408,1.38358705994291,1.08895500206498,2.2148239771646,3.7477814861526,0,0,2016,1993-12-15,NA,NA,NA,NA
"James Bradberry","CAR","DB","12750","weighted",NA,NA,NA,NA,NA,NA,NA,NA,NA,NA,NA,NA,NA,NA,NA,NA,NA,NA,NA,NA,NA,NA,NA,NA,NA,NA,NA,NA,NA,NA,NA,NA,NA,NA,NA,NA,NA,NA,NA,NA,NA,NA,NA,NA,60.3018895845191,4.17701708820218,0.809817871371656,0.255210989959678,1.63122367672168,0.801513404251889,8.72432555492316,5.52028972027468,0,0,2016,1993-08-04,NA,NA,NA,NA
"James Bradberry","NYG","DB","12750","weighted",NA,NA,NA,NA,NA,NA,NA,NA,NA,NA,NA,NA,NA,NA,NA,NA,NA,NA,NA,NA,NA,NA,NA,NA,NA,NA,NA,NA,NA,NA,NA,NA,NA,NA,NA,NA,NA,NA,NA,NA,NA,NA,NA,NA,60.3018895845191,4.17701708820218,0.809817871371656,0.255210989959678,1.63122367672168,0.801513404251889,8.72432555492316,5.52028972027468,0,0,2016,1993-08-04,NA,NA,NA,NA
"Marlon Humphrey","BAL","DB","13223","weighted",NA,NA,NA,NA,NA,NA,NA,NA,NA,NA,NA,NA,NA,NA,NA,NA,NA,NA,NA,NA,NA,NA,NA,NA,NA,NA,NA,NA,NA,NA,NA,NA,NA,NA,NA,NA,NA,NA,NA,NA,NA,NA,NA,NA,45.7365080875357,18.2974768641511,0.256555661274976,0.450547596146253,3.01143672692674,1.16378143160344,8.54732635585157,8.26742794177387,0,0,2017,1996-07-08,NA,NA,NA,NA
"Quandre Diggs","DET","DB","12349","weighted",NA,NA,NA,NA,NA,NA,NA,NA,NA,NA,NA,NA,NA,NA,NA,NA,NA,NA,NA,NA,NA,NA,NA,NA,NA,NA,NA,NA,NA,NA,NA,NA,NA,NA,NA,NA,NA,NA,NA,NA,NA,NA,NA,NA,50.2703471826978,25.8592619363013,0.0299601593625498,0.069857472138914,2.38127490039841,1.43280932787837,8.00097894137735,5.86161649625792,0,0,2015,1991-11-07,NA,NA,NA,NA
"Quandre Diggs","SEA","DB","12349","weighted",NA,NA,NA,NA,NA,NA,NA,NA,NA,NA,NA,NA,NA,NA,NA,NA,NA,NA,NA,NA,NA,NA,NA,NA,NA,NA,NA,NA,NA,NA,NA,NA,NA,NA,NA,NA,NA,NA,NA,NA,NA,NA,NA,NA,50.2703471826978,25.8592619363013,0.0299601593625498,0.069857472138914,2.38127490039841,1.43280932787837,8.00097894137735,5.86161649625792,0,0,2015,1991-11-07,NA,NA,NA,NA
"Prince Amukamara","CHI","DB","10264","weighted",NA,NA,NA,NA,NA,NA,NA,NA,NA,NA,NA,NA,NA,NA,NA,NA,NA,NA,NA,NA,NA,NA,NA,NA,NA,NA,NA,NA,NA,NA,NA,NA,NA,NA,NA,NA,NA,NA,NA,NA,NA,NA,NA,NA,56.4430221969266,7.45204787179799,0.108377916903813,0.168762756130673,2.07868525896414,0.734052506966482,9.01001707455891,5.69853734638364,0,0,2011,1989-06-06,NA,NA,NA,NA
"Prince Amukamara","LVR","DB","10264","weighted",NA,NA,NA,NA,NA,NA,NA,NA,NA,NA,NA,NA,NA,NA,NA,NA,NA,NA,NA,NA,NA,NA,NA,NA,NA,NA,NA,NA,NA,NA,NA,NA,NA,NA,NA,NA,NA,NA,NA,NA,NA,NA,NA,NA,56.4430221969266,7.45204787179799,0.108377916903813,0.168762756130673,2.07868525896414,0.734052506966482,9.01001707455891,5.69853734638364,0,0,2011,1989-06-06,NA,NA,NA,NA
"Malcolm Butler","TEN","DB","11965","weighted",NA,NA,NA,NA,NA,NA,NA,NA,NA,NA,NA,NA,NA,NA,NA,NA,NA,NA,NA,NA,NA,NA,NA,NA,NA,NA,NA,NA,NA,NA,NA,NA,NA,NA,NA,NA,NA,NA,NA,NA,NA,NA,NA,NA,57.4878741258741,5.61042974029864,0.698412587412587,0.423252268750452,2.97821678321678,0.208569795853126,7.96881118881119,5.9350942594569,0,0,2014,1990-03-02,NA,NA,NA,NA
"Tony Jefferson","BAL","DB","11327","weighted",NA,NA,NA,NA,NA,NA,NA,NA,NA,NA,NA,NA,NA,NA,NA,NA,NA,NA,NA,NA,NA,NA,NA,NA,NA,NA,NA,NA,NA,NA,NA,NA,NA,NA,NA,NA,NA,NA,NA,NA,NA,NA,NA,NA,57.2282220216606,7.17366017988367,1.68884476534296,0.27682248835997,1.19597472924188,0.369933408584982,6.89537906137184,2.07813671272798,0,0,2013,1992-01-27,"Q","Knee - ACL",2019,0
"Tony Jefferson","FA","DB","11327","weighted",NA,NA,NA,NA,NA,NA,NA,NA,NA,NA,NA,NA,NA,NA,NA,NA,NA,NA,NA,NA,NA,NA,NA,NA,NA,NA,NA,NA,NA,NA,NA,NA,NA,NA,NA,NA,NA,NA,NA,NA,NA,NA,NA,NA,57.2282220216606,7.17366017988367,1.68884476534296,0.27682248835997,1.19597472924188,0.369933408584982,6.89537906137184,2.07813671272798,0,0,2013,1992-01-27,"Q","Knee - ACL",2019,0
"Casey Hayward","LAC","DB","10793","weighted",NA,NA,NA,NA,NA,NA,NA,NA,NA,NA,NA,NA,NA,NA,NA,NA,NA,NA,NA,NA,NA,NA,NA,NA,NA,NA,NA,NA,NA,NA,NA,NA,NA,NA,NA,NA,NA,NA,NA,NA,NA,NA,NA,NA,46.099979020979,12.8685314803342,0.39341958041958,0.832216930823845,2.40932867132867,0.816956208144307,7.69035664335664,6.09749855591897,0,0,2012,1989-09-09,NA,NA,NA,NA
"Eric Weddle","LAR","DB","8713","weighted",NA,NA,NA,NA,NA,NA,NA,NA,NA,NA,NA,NA,NA,NA,NA,NA,NA,NA,NA,NA,NA,NA,NA,NA,NA,NA,NA,NA,NA,NA,NA,NA,NA,NA,NA,NA,NA,NA,NA,NA,NA,NA,NA,NA,61.0195938628159,4.21246517254424,1.25286101083032,0.383846619748238,2.23129963898917,0.953120647270729,10.1683754512635,4.74853569618663,0,0,2007,1985-01-04,NA,NA,NA,NA
"Eric Weddle","FA","DB","8713","weighted",NA,NA,NA,NA,NA,NA,NA,NA,NA,NA,NA,NA,NA,NA,NA,NA,NA,NA,NA,NA,NA,NA,NA,NA,NA,NA,NA,NA,NA,NA,NA,NA,NA,NA,NA,NA,NA,NA,NA,NA,NA,NA,NA,NA,61.0195938628159,4.21246517254424,1.25286101083032,0.383846619748238,2.23129963898917,0.953120647270729,10.1683754512635,4.74853569618663,0,0,2007,1985-01-04,NA,NA,NA,NA
"Tashaun Gipson","HOU","DB","11010","weighted",NA,NA,NA,NA,NA,NA,NA,NA,NA,NA,NA,NA,NA,NA,NA,NA,NA,NA,NA,NA,NA,NA,NA,NA,NA,NA,NA,NA,NA,NA,NA,NA,NA,NA,NA,NA,NA,NA,NA,NA,NA,NA,NA,NA,55.7667972027972,8.79168896304029,0.39341958041958,0.832216930823845,2.51923776223776,0.772192094780888,8.70058041958042,3.34292184791474,0,0,2012,1990-08-07,NA,NA,NA,NA
"Tashaun Gipson","CHI","DB","11010","weighted",NA,NA,NA,NA,NA,NA,NA,NA,NA,NA,NA,NA,NA,NA,NA,NA,NA,NA,NA,NA,NA,NA,NA,NA,NA,NA,NA,NA,NA,NA,NA,NA,NA,NA,NA,NA,NA,NA,NA,NA,NA,NA,NA,NA,55.7667972027972,8.79168896304029,0.39341958041958,0.832216930823845,2.51923776223776,0.772192094780888,8.70058041958042,3.34292184791474,0,0,2012,1990-08-07,NA,NA,NA,NA
"Vernon Hargreaves","TB","DB","12712","weighted",NA,NA,NA,NA,NA,NA,NA,NA,NA,NA,NA,NA,NA,NA,NA,NA,NA,NA,NA,NA,NA,NA,NA,NA,NA,NA,NA,NA,NA,NA,NA,NA,NA,NA,NA,NA,NA,NA,NA,NA,NA,NA,NA,NA,59.0965923344948,7.29660024213871,0.0871219512195122,0.184688723896505,1.14485714285714,0.514241906084129,6.19018118466899,4.62688779050202,0,0,2016,NA,NA,NA,NA,NA
"Vernon Hargreaves","HOU","DB","12712","weighted",NA,NA,NA,NA,NA,NA,NA,NA,NA,NA,NA,NA,NA,NA,NA,NA,NA,NA,NA,NA,NA,NA,NA,NA,NA,NA,NA,NA,NA,NA,NA,NA,NA,NA,NA,NA,NA,NA,NA,NA,NA,NA,NA,NA,59.0965923344948,7.29660024213871,0.0871219512195122,0.184688723896505,1.14485714285714,0.514241906084129,6.19018118466899,4.62688779050202,0,0,2016,NA,NA,NA,NA,NA
"Daniel Sorensen","KC","DB","11956","weighted",NA,NA,NA,NA,NA,NA,NA,NA,NA,NA,NA,NA,NA,NA,NA,NA,NA,NA,NA,NA,NA,NA,NA,NA,NA,NA,NA,NA,NA,NA,NA,NA,NA,NA,NA,NA,NA,NA,NA,NA,NA,NA,NA,NA,53.49440433213,11.2112965587572,0.917328519855596,0.25815400547031,2.19347472924188,0.273168610615253,4.06851083032491,3.77131520388302,0,0,2014,1990-03-05,NA,NA,NA,NA
"Patrick Peterson","ARI","DB","10260","weighted",NA,NA,NA,NA,NA,NA,NA,NA,NA,NA,NA,NA,NA,NA,NA,NA,NA,NA,NA,NA,NA,NA,NA,NA,NA,NA,NA,NA,NA,NA,NA,NA,NA,NA,NA,NA,NA,NA,NA,NA,NA,NA,NA,NA,35.9485123367199,18.9472413892695,0.509564586357039,0.58161555625854,0.949586357039187,0.0466090582977364,3.12474600870827,2.59668472019502,0,0,2011,1990-07-11,NA,NA,NA,NA
"Desmond Trufant","ATL","DB","11312","weighted",NA,NA,NA,NA,NA,NA,NA,NA,NA,NA,NA,NA,NA,NA,NA,NA,NA,NA,NA,NA,NA,NA,NA,NA,NA,NA,NA,NA,NA,NA,NA,NA,NA,NA,NA,NA,NA,NA,NA,NA,NA,NA,NA,NA,53.1685594405594,7.81103874766147,0.834643356643357,0.534154064515043,1.48668531468531,0.656711080337924,7.22955244755245,5.69533919939914,0,0,2013,1990-09-10,NA,NA,NA,NA
"Desmond Trufant","DET","DB","11312","weighted",NA,NA,NA,NA,NA,NA,NA,NA,NA,NA,NA,NA,NA,NA,NA,NA,NA,NA,NA,NA,NA,NA,NA,NA,NA,NA,NA,NA,NA,NA,NA,NA,NA,NA,NA,NA,NA,NA,NA,NA,NA,NA,NA,NA,53.1685594405594,7.81103874766147,0.834643356643357,0.534154064515043,1.48668531468531,0.656711080337924,7.22955244755245,5.69533919939914,0,0,2013,1990-09-10,NA,NA,NA,NA
"Jason McCourty","NE","DB","9633","weighted",NA,NA,NA,NA,NA,NA,NA,NA,NA,NA,NA,NA,NA,NA,NA,NA,NA,NA,NA,NA,NA,NA,NA,NA,NA,NA,NA,NA,NA,NA,NA,NA,NA,NA,NA,NA,NA,NA,NA,NA,NA,NA,NA,NA,59.1139090909091,5.64692106672668,0.0345104895104895,0.0730014851599864,2.0218041958042,0.471517374329309,7.30787412587413,6.05423280026909,0,0,2009,1987-08-13,"Q","Groin",2019,0
"Lamarcus Joyner","OAK","DB","11742","weighted",NA,NA,NA,NA,NA,NA,NA,NA,NA,NA,NA,NA,NA,NA,NA,NA,NA,NA,NA,NA,NA,NA,NA,NA,NA,NA,NA,NA,NA,NA,NA,NA,NA,NA,NA,NA,NA,NA,NA,NA,NA,NA,NA,NA,60.4155191637631,3.59325881880162,1.01216027874564,0.410694459094297,1.67091289198606,0.551620983254351,8.04783275261324,3.37620317493297,0,0,2014,1990-11-27,NA,NA,NA,NA
"Lamarcus Joyner","LVR","DB","11742","weighted",NA,NA,NA,NA,NA,NA,NA,NA,NA,NA,NA,NA,NA,NA,NA,NA,NA,NA,NA,NA,NA,NA,NA,NA,NA,NA,NA,NA,NA,NA,NA,NA,NA,NA,NA,NA,NA,NA,NA,NA,NA,NA,NA,NA,60.4155191637631,3.59325881880162,1.01216027874564,0.410694459094297,1.67091289198606,0.551620983254351,8.04783275261324,3.37620317493297,0,0,2014,1990-11-27,NA,NA,NA,NA
"Byron Jones","DAL","DB","12268","weighted",NA,NA,NA,NA,NA,NA,NA,NA,NA,NA,NA,NA,NA,NA,NA,NA,NA,NA,NA,NA,NA,NA,NA,NA,NA,NA,NA,NA,NA,NA,NA,NA,NA,NA,NA,NA,NA,NA,NA,NA,NA,NA,NA,NA,56.1609300699301,5.46291601085261,0.248475524475524,0.525610693151902,1.89274825174825,1.01284295499438,11.672951048951,3.33263072304288,0,0,2015,1992-08-26,NA,NA,NA,NA
"Byron Jones","MIA","DB","12268","weighted",NA,NA,NA,NA,NA,NA,NA,NA,NA,NA,NA,NA,NA,NA,NA,NA,NA,NA,NA,NA,NA,NA,NA,NA,NA,NA,NA,NA,NA,NA,NA,NA,NA,NA,NA,NA,NA,NA,NA,NA,NA,NA,NA,NA,56.1609300699301,5.46291601085261,0.248475524475524,0.525610693151902,1.89274825174825,1.01284295499438,11.672951048951,3.33263072304288,0,0,2015,1992-08-26,NA,NA,NA,NA
"Phillip Gaines","CLE","DB","11781","weighted",NA,NA,NA,NA,NA,NA,NA,NA,NA,NA,NA,NA,NA,NA,NA,NA,NA,NA,NA,NA,NA,NA,NA,NA,NA,NA,NA,NA,NA,NA,NA,NA,NA,NA,NA,NA,NA,NA,NA,NA,NA,NA,NA,NA,33.6879423868313,39.3080659661602,0.279807956104252,0.438406204335659,0.681467764060357,1.06773123959169,3.14106995884774,4.92146319705837,0,0,2014,1991-04-04,NA,NA,NA,NA
"Phillip Gaines","HOU","DB","11781","weighted",NA,NA,NA,NA,NA,NA,NA,NA,NA,NA,NA,NA,NA,NA,NA,NA,NA,NA,NA,NA,NA,NA,NA,NA,NA,NA,NA,NA,NA,NA,NA,NA,NA,NA,NA,NA,NA,NA,NA,NA,NA,NA,NA,NA,33.6879423868313,39.3080659661602,0.279807956104252,0.438406204335659,0.681467764060357,1.06773123959169,3.14106995884774,4.92146319705837,0,0,2014,1991-04-04,NA,NA,NA,NA
"Rodney McLeod","PHI","DB","11017","weighted",NA,NA,NA,NA,NA,NA,NA,NA,NA,NA,NA,NA,NA,NA,NA,NA,NA,NA,NA,NA,NA,NA,NA,NA,NA,NA,NA,NA,NA,NA,NA,NA,NA,NA,NA,NA,NA,NA,NA,NA,NA,NA,NA,NA,56.4839385315879,8.18049628491686,0.392749003984064,0.447162798374912,2.2133921457029,0.523618679491684,5.43060899260102,3.54384066041805,0,0,2012,1990-06-23,NA,NA,NA,NA
"T.J. McDonald","FA","DB","11326","weighted",NA,NA,NA,NA,NA,NA,NA,NA,NA,NA,NA,NA,NA,NA,NA,NA,NA,NA,NA,NA,NA,NA,NA,NA,NA,NA,NA,NA,NA,NA,NA,NA,NA,NA,NA,NA,NA,NA,NA,NA,NA,NA,NA,NA,28.8317744154058,45.3255446740577,0,0,1.12448418156809,1.76776695296637,1.70921595598349,2.68700576850888,0,0,2013,1991-01-26,NA,NA,NA,NA
"Minkah Fitzpatrick","MIA","DB","13713","weighted",NA,NA,NA,NA,NA,NA,NA,NA,NA,NA,NA,NA,NA,NA,NA,NA,NA,NA,NA,NA,NA,NA,NA,NA,NA,NA,NA,NA,NA,NA,NA,NA,NA,NA,NA,NA,NA,NA,NA,NA,NA,NA,NA,NA,53.3298406374502,12.0176014940387,0.277990893568583,0.445913988159287,2.7926750142288,1.229142211984,10.5245361411497,4.95839625896993,0,0,2018,1996-11-17,NA,NA,NA,NA
"Minkah Fitzpatrick","PIT","DB","13713","weighted",NA,NA,NA,NA,NA,NA,NA,NA,NA,NA,NA,NA,NA,NA,NA,NA,NA,NA,NA,NA,NA,NA,NA,NA,NA,NA,NA,NA,NA,NA,NA,NA,NA,NA,NA,NA,NA,NA,NA,NA,NA,NA,NA,NA,53.3298406374502,12.0176014940387,0.277990893568583,0.445913988159287,2.7926750142288,1.229142211984,10.5245361411497,4.95839625896993,0,0,2018,1996-11-17,NA,NA,NA,NA
"Justin Evans","TB","DB","13257","weighted",NA,NA,NA,NA,NA,NA,NA,NA,NA,NA,NA,NA,NA,NA,NA,NA,NA,NA,NA,NA,NA,NA,NA,NA,NA,NA,NA,NA,NA,NA,NA,NA,NA,NA,NA,NA,NA,NA,NA,NA,NA,NA,NA,NA,61.0557272727273,4.55632864331028,0.357062937062937,0.482834837072934,2.32634965034965,0.612080126982891,9.50642657342657,4.59340997313697,0,0,2017,1995-08-26,"Q","Achilles",2019,0
"William Jackson","CIN","DB","12737","weighted",NA,NA,NA,NA,NA,NA,NA,NA,NA,NA,NA,NA,NA,NA,NA,NA,NA,NA,NA,NA,NA,NA,NA,NA,NA,NA,NA,NA,NA,NA,NA,NA,NA,NA,NA,NA,NA,NA,NA,NA,NA,NA,NA,NA,44.0182873453853,16.5816079907317,0.397155090390105,0.674410064649236,1.45270218839201,0.683509786941996,5.07310180780209,5.8185545304536,0,0,2016,1993-01-01,NA,NA,NA,NA
"Pierre Desir","IND","DB","11801","weighted",NA,NA,NA,NA,NA,NA,NA,NA,NA,NA,NA,NA,NA,NA,NA,NA,NA,NA,NA,NA,NA,NA,NA,NA,NA,NA,NA,NA,NA,NA,NA,NA,NA,NA,NA,NA,NA,NA,NA,NA,NA,NA,NA,NA,59.009986013986,6.66994042842856,0.0935454545454545,0.123425730849707,1.49641258741259,0.710086601827886,5.83497902097902,4.20541407220474,0,0,2014,1990-09-08,NA,NA,NA,NA
"Pierre Desir","NYJ","DB","11801","weighted",NA,NA,NA,NA,NA,NA,NA,NA,NA,NA,NA,NA,NA,NA,NA,NA,NA,NA,NA,NA,NA,NA,NA,NA,NA,NA,NA,NA,NA,NA,NA,NA,NA,NA,NA,NA,NA,NA,NA,NA,NA,NA,NA,NA,59.009986013986,6.66994042842856,0.0935454545454545,0.123425730849707,1.49641258741259,0.710086601827886,5.83497902097902,4.20541407220474,0,0,2014,1990-09-08,NA,NA,NA,NA
"Bashaud Breeland","KC","DB","11788","weighted",NA,NA,NA,NA,NA,NA,NA,NA,NA,NA,NA,NA,NA,NA,NA,NA,NA,NA,NA,NA,NA,NA,NA,NA,NA,NA,NA,NA,NA,NA,NA,NA,NA,NA,NA,NA,NA,NA,NA,NA,NA,NA,NA,NA,51.1080629370629,8.17417287095508,0.190958041958042,0.403941551218591,2.70488111888112,0.556648439695307,8.24534965034965,6.66910224433144,0,0,2014,1992-01-30,NA,NA,NA,NA
"Fabian Moreau","WAS","DB","13270","weighted",NA,NA,NA,NA,NA,NA,NA,NA,NA,NA,NA,NA,NA,NA,NA,NA,NA,NA,NA,NA,NA,NA,NA,NA,NA,NA,NA,NA,NA,NA,NA,NA,NA,NA,NA,NA,NA,NA,NA,NA,NA,NA,NA,NA,51.5498858230257,9.95004054669146,0.2786013320647,0.506757951070312,1.34573739295909,0.43816419372673,3.70753568030447,3.83360562426469,0,0,2017,1994-04-09,NA,NA,NA,NA
"Carlton Davis","TB","DB","13710","weighted",NA,NA,NA,NA,NA,NA,NA,NA,NA,NA,NA,NA,NA,NA,NA,NA,NA,NA,NA,NA,NA,NA,NA,NA,NA,NA,NA,NA,NA,NA,NA,NA,NA,NA,NA,NA,NA,NA,NA,NA,NA,NA,NA,NA,49.7235299714558,11.0618848786645,0.375176022835395,0.626637362248543,1.51291151284491,0.795082537026711,5.88599429115128,6.17775988535122,0,0,2018,1996-12-31,NA,NA,NA,NA
"Isaiah Oliver","ATL","DB","13709","weighted",NA,NA,NA,NA,NA,NA,NA,NA,NA,NA,NA,NA,NA,NA,NA,NA,NA,NA,NA,NA,NA,NA,NA,NA,NA,NA,NA,NA,NA,NA,NA,NA,NA,NA,NA,NA,NA,NA,NA,NA,NA,NA,NA,NA,33.896555661275,23.732819169384,0.0406945765937203,0.0740208243136411,1.2786013320647,0.539942954189073,3.78992388201713,4.12349787661046,0,0,2018,1996-09-30,NA,NA,NA,NA
"Terrance Mitchell","CLE","DB","11883","weighted",NA,NA,NA,NA,NA,NA,NA,NA,NA,NA,NA,NA,NA,NA,NA,NA,NA,NA,NA,NA,NA,NA,NA,NA,NA,NA,NA,NA,NA,NA,NA,NA,NA,NA,NA,NA,NA,NA,NA,NA,NA,NA,NA,NA,53.6460139372822,10.6354075077764,0.0275121951219512,0.0583227549146858,2.17861324041812,1.14235464735279,11.3606411149826,4.26869863418019,0,0,2014,1992-05-27,NA,NA,NA,NA
"TreDavious White","BUF","DB","13249","weighted",NA,NA,NA,NA,NA,NA,NA,NA,NA,NA,NA,NA,NA,NA,NA,NA,NA,NA,NA,NA,NA,NA,NA,NA,NA,NA,NA,NA,NA,NA,NA,NA,NA,NA,NA,NA,NA,NA,NA,NA,NA,NA,NA,NA,48.7288787706318,9.14048121378,0.172430278884462,0.252665205536515,3.42012521343199,1.24148610128684,10.9767729083665,3.00615336402998,0,0,2017,1995-01-16,NA,NA,NA,NA
"Patrick Chung","NE","DB","9465","weighted",NA,NA,NA,NA,NA,NA,NA,NA,NA,NA,NA,NA,NA,NA,NA,NA,NA,NA,NA,NA,NA,NA,NA,NA,NA,NA,NA,NA,NA,NA,NA,NA,NA,NA,NA,NA,NA,NA,NA,NA,NA,NA,NA,NA,55.8236281588448,6.41703518243763,0.346218411552347,0.322259555955658,1.10439530685921,0.112562379345588,8.87311371841155,3.17596987505336,0,0,2009,1987-08-19,NA,NA,NA,NA
"Jimmie Ward","SF","DB","11768","weighted",NA,NA,NA,NA,NA,NA,NA,NA,NA,NA,NA,NA,NA,NA,NA,NA,NA,NA,NA,NA,NA,NA,NA,NA,NA,NA,NA,NA,NA,NA,NA,NA,NA,NA,NA,NA,NA,NA,NA,NA,NA,NA,NA,NA,49.1968755676658,10.6442778109433,0.868392370572207,0.25121449220721,0.981798365122616,1.07702065927928,3.70230699364214,3.65579252791394,0,0,2014,1991-07-18,NA,NA,NA,NA
"Ronald Darby","PHI","DB","12276","weighted",NA,NA,NA,NA,NA,NA,NA,NA,NA,NA,NA,NA,NA,NA,NA,NA,NA,NA,NA,NA,NA,NA,NA,NA,NA,NA,NA,NA,NA,NA,NA,NA,NA,NA,NA,NA,NA,NA,NA,NA,NA,NA,NA,NA,56.8746299638989,6.28506599488357,0.00296931407942238,0.00560505164522701,2.66024368231047,0.517164964120498,8.93635379061372,8.30496413238279,0,0,2015,1994-01-02,NA,NA,NA,NA
"Ronald Darby","WAS","DB","12276","weighted",NA,NA,NA,NA,NA,NA,NA,NA,NA,NA,NA,NA,NA,NA,NA,NA,NA,NA,NA,NA,NA,NA,NA,NA,NA,NA,NA,NA,NA,NA,NA,NA,NA,NA,NA,NA,NA,NA,NA,NA,NA,NA,NA,NA,56.8746299638989,6.28506599488357,0.00296931407942238,0.00560505164522701,2.66024368231047,0.517164964120498,8.93635379061372,8.30496413238279,0,0,2015,1994-01-02,NA,NA,NA,NA
"D.J. Swearinger","ARI","DB","11350","weighted",NA,NA,NA,NA,NA,NA,NA,NA,NA,NA,NA,NA,NA,NA,NA,NA,NA,NA,NA,NA,NA,NA,NA,NA,NA,NA,NA,NA,NA,NA,NA,NA,NA,NA,NA,NA,NA,NA,NA,NA,NA,NA,NA,NA,43.3481533101045,26.4546510767756,0.945212543554007,1.01707929149259,2.34894076655052,1.58075844416181,9.1268362369338,6.09435631586815,1,0,2013,1991-09-01,NA,NA,NA,NA
"D.J. Swearinger","NO","DB","11350","weighted",NA,NA,NA,NA,NA,NA,NA,NA,NA,NA,NA,NA,NA,NA,NA,NA,NA,NA,NA,NA,NA,NA,NA,NA,NA,NA,NA,NA,NA,NA,NA,NA,NA,NA,NA,NA,NA,NA,NA,NA,NA,NA,NA,NA,43.3481533101045,26.4546510767756,0.945212543554007,1.01707929149259,2.34894076655052,1.58075844416181,9.1268362369338,6.09435631586815,1,0,2013,1991-09-01,NA,NA,NA,NA
"Shaq Griffin","SEA","DB","13273","weighted",NA,NA,NA,NA,NA,NA,NA,NA,NA,NA,NA,NA,NA,NA,NA,NA,NA,NA,NA,NA,NA,NA,NA,NA,NA,NA,NA,NA,NA,NA,NA,NA,NA,NA,NA,NA,NA,NA,NA,NA,NA,NA,NA,NA,56.9537062937063,3.44445897135716,0.508867132867133,0.413085687748844,2.26734265734266,0.411146847955056,8.34124475524475,6.11155689751309,0,0,2017,1994-01-01,NA,NA,NA,NA
"Kevin King","GB","DB","13250","weighted",NA,NA,NA,NA,NA,NA,NA,NA,NA,NA,NA,NA,NA,NA,NA,NA,NA,NA,NA,NA,NA,NA,NA,NA,NA,NA,NA,NA,NA,NA,NA,NA,NA,NA,NA,NA,NA,NA,NA,NA,NA,NA,NA,NA,45.274662226451,14.8514206765385,0.348268315889629,0.416020301701894,2.04180780209324,1.23719188073684,6.07061845861085,5.90294518851179,0,0,2017,1995-05-05,NA,NA,NA,NA
"Mackensie Alexander","MIN","DB","12713","weighted",NA,NA,NA,NA,NA,NA,NA,NA,NA,NA,NA,NA,NA,NA,NA,NA,NA,NA,NA,NA,NA,NA,NA,NA,NA,NA,NA,NA,NA,NA,NA,NA,NA,NA,NA,NA,NA,NA,NA,NA,NA,NA,NA,NA,33.6433396764986,28.6697747024307,1.50482397716461,1.48050730373383,0.669115128449096,0.493397434910948,1.9394862036156,3.19232968827055,0,0,2016,1993-11-12,NA,NA,NA,NA
"Mackensie Alexander","CIN","DB","12713","weighted",NA,NA,NA,NA,NA,NA,NA,NA,NA,NA,NA,NA,NA,NA,NA,NA,NA,NA,NA,NA,NA,NA,NA,NA,NA,NA,NA,NA,NA,NA,NA,NA,NA,NA,NA,NA,NA,NA,NA,NA,NA,NA,NA,NA,33.6433396764986,28.6697747024307,1.50482397716461,1.48050730373383,0.669115128449096,0.493397434910948,1.9394862036156,3.19232968827055,0,0,2016,1993-11-12,NA,NA,NA,NA
"Nasir Adderley","LAC","DB","14185","weighted",NA,NA,NA,NA,NA,NA,NA,NA,NA,NA,NA,NA,NA,NA,NA,NA,NA,NA,NA,NA,NA,NA,NA,NA,NA,NA,NA,NA,NA,NA,NA,NA,NA,NA,NA,NA,NA,NA,NA,NA,NA,NA,NA,NA,29.6777920410783,43.1335136523794,0,0,0.973042362002567,1.41421356237309,5.35173299101412,7.77817459305202,0,0,2019,1970-01-01,NA,NA,NA,NA
"Avonte Maddox","PHI","DB","13767","weighted",NA,NA,NA,NA,NA,NA,NA,NA,NA,NA,NA,NA,NA,NA,NA,NA,NA,NA,NA,NA,NA,NA,NA,NA,NA,NA,NA,NA,NA,NA,NA,NA,NA,NA,NA,NA,NA,NA,NA,NA,NA,NA,NA,NA,40.9556821480406,16.8418565064983,0.528599419448476,0.442975969262633,1.93047895500726,0.18863553594659,6.39246008708273,5.04179081743811,0,0,2018,1996-03-31,NA,NA,NA,NA
"Marcus Peters","LAR","DB","12245","weighted",NA,NA,NA,NA,NA,NA,NA,NA,NA,NA,NA,NA,NA,NA,NA,NA,NA,NA,NA,NA,NA,NA,NA,NA,NA,NA,NA,NA,NA,NA,NA,NA,NA,NA,NA,NA,NA,NA,NA,NA,NA,NA,NA,NA,46.5061818181818,9.63348254389584,0.193258741258741,0.408808316895924,4.38472027972028,1.38010215940238,12.128979020979,2.31337764004107,0,0,2015,1993-01-09,NA,NA,NA,NA
"Marcus Peters","BAL","DB","12245","weighted",NA,NA,NA,NA,NA,NA,NA,NA,NA,NA,NA,NA,NA,NA,NA,NA,NA,NA,NA,NA,NA,NA,NA,NA,NA,NA,NA,NA,NA,NA,NA,NA,NA,NA,NA,NA,NA,NA,NA,NA,NA,NA,NA,NA,46.5061818181818,9.63348254389584,0.193258741258741,0.408808316895924,4.38472027972028,1.38010215940238,12.128979020979,2.31337764004107,0,0,2015,1993-01-09,NA,NA,NA,NA
"Josh Norman","WAS","DB","10851","weighted",NA,NA,NA,NA,NA,NA,NA,NA,NA,NA,NA,NA,NA,NA,NA,NA,NA,NA,NA,NA,NA,NA,NA,NA,NA,NA,NA,NA,NA,NA,NA,NA,NA,NA,NA,NA,NA,NA,NA,NA,NA,NA,NA,NA,48.1064965034965,7.96453392997272,0.306090909090909,0.423517677533565,2.8060979020979,0.954912961005122,6.68802097902098,5.71058231602897,0,0,2012,1987-12-15,NA,NA,NA,NA
"Josh Norman","BUF","DB","10851","weighted",NA,NA,NA,NA,NA,NA,NA,NA,NA,NA,NA,NA,NA,NA,NA,NA,NA,NA,NA,NA,NA,NA,NA,NA,NA,NA,NA,NA,NA,NA,NA,NA,NA,NA,NA,NA,NA,NA,NA,NA,NA,NA,NA,NA,48.1064965034965,7.96453392997272,0.306090909090909,0.423517677533565,2.8060979020979,0.954912961005122,6.68802097902098,5.71058231602897,0,0,2012,1987-12-15,NA,NA,NA,NA
"Marshon Lattimore","NO","DB","13224","weighted",NA,NA,NA,NA,NA,NA,NA,NA,NA,NA,NA,NA,NA,NA,NA,NA,NA,NA,NA,NA,NA,NA,NA,NA,NA,NA,NA,NA,NA,NA,NA,NA,NA,NA,NA,NA,NA,NA,NA,NA,NA,NA,NA,NA,55.1751166761525,5.23126455899528,0.0990153671030165,0.15028849125381,3.50705748434832,1.23757492856528,14.0996186681844,3.15601424016359,1.1,2.48509398301907e-16,2017,1996-05-19,NA,NA,NA,NA
"Chuck Clark","BAL","DB","13322","weighted",NA,NA,NA,NA,NA,NA,NA,NA,NA,NA,NA,NA,NA,NA,NA,NA,NA,NA,NA,NA,NA,NA,NA,NA,NA,NA,NA,NA,NA,NA,NA,NA,NA,NA,NA,NA,NA,NA,NA,NA,NA,NA,NA,NA,32.8576454293629,34.6553033459527,0.267590027700831,0.424264068711929,1.10703601108033,0.169705627484771,2.12288088642659,3.36582827844797,0,0,2017,1995-04-19,NA,NA,NA,NA
"Marcus Williams","NO","DB","13253","weighted",NA,NA,NA,NA,NA,NA,NA,NA,NA,NA,NA,NA,NA,NA,NA,NA,NA,NA,NA,NA,NA,NA,NA,NA,NA,NA,NA,NA,NA,NA,NA,NA,NA,NA,NA,NA,NA,NA,NA,NA,NA,NA,NA,NA,53.3753500284576,5.26224607106784,0.631451337507114,1.01157925569171,3.46959590210586,1.49830733332899,8.92977233921457,5.87909559710002,0,0,2017,1996-09-08,NA,NA,NA,NA
"Anthony Harris","MIN","DB","12252","weighted",NA,NA,NA,NA,NA,NA,NA,NA,NA,NA,NA,NA,NA,NA,NA,NA,NA,NA,NA,NA,NA,NA,NA,NA,NA,NA,NA,NA,NA,NA,NA,NA,NA,NA,NA,NA,NA,NA,NA,NA,NA,NA,NA,NA,53.4965964712578,6.0701556289921,0.462097324985771,0.390999123752223,2.37865110984633,1.22830111377475,9.13838929994308,3.13065202584783,0,0,2015,1992-06-04,NA,NA,NA,NA
"Johnathan Joseph","HOU","DB","8265","weighted",NA,NA,NA,NA,NA,NA,NA,NA,NA,NA,NA,NA,NA,NA,NA,NA,NA,NA,NA,NA,NA,NA,NA,NA,NA,NA,NA,NA,NA,NA,NA,NA,NA,NA,NA,NA,NA,NA,NA,NA,NA,NA,NA,NA,48.5346433566434,11.3368467958734,0.158748251748252,0.335806831735937,2.43135664335664,0.574379055071888,8.62690909090909,6.22294381125338,0,0,2006,1984-04-16,NA,NA,NA,NA
"Johnathan Joseph","TEN","DB","8265","weighted",NA,NA,NA,NA,NA,NA,NA,NA,NA,NA,NA,NA,NA,NA,NA,NA,NA,NA,NA,NA,NA,NA,NA,NA,NA,NA,NA,NA,NA,NA,NA,NA,NA,NA,NA,NA,NA,NA,NA,NA,NA,NA,NA,NA,48.5346433566434,11.3368467958734,0.158748251748252,0.335806831735937,2.43135664335664,0.574379055071888,8.62690909090909,6.22294381125338,0,0,2006,1984-04-16,NA,NA,NA,NA
"Troy Hill","LAR","DB","12589","weighted",NA,NA,NA,NA,NA,NA,NA,NA,NA,NA,NA,NA,NA,NA,NA,NA,NA,NA,NA,NA,NA,NA,NA,NA,NA,NA,NA,NA,NA,NA,NA,NA,NA,NA,NA,NA,NA,NA,NA,NA,NA,NA,NA,NA,29.7631018078021,24.9915087770754,0.259219790675547,0.283807565854936,0.924034253092293,0.404368585189924,2.62623215984776,3.38821398465458,0,0,NA,NA,NA,NA,NA,NA
"Logan Ryan","TEN","DB","11316","weighted",NA,NA,NA,NA,NA,NA,NA,NA,NA,NA,NA,NA,NA,NA,NA,NA,NA,NA,NA,NA,NA,NA,NA,NA,NA,NA,NA,NA,NA,NA,NA,NA,NA,NA,NA,NA,NA,NA,NA,NA,NA,NA,NA,NA,55.0616696750903,5.5175648669425,1.14727436823105,0.314498228180787,1.9714440433213,1.03356406092526,10.3799729241877,3.30835985230844,0,0,2013,1991-02-09,NA,NA,NA,NA
"Logan Ryan","FA","DB","11316","weighted",NA,NA,NA,NA,NA,NA,NA,NA,NA,NA,NA,NA,NA,NA,NA,NA,NA,NA,NA,NA,NA,NA,NA,NA,NA,NA,NA,NA,NA,NA,NA,NA,NA,NA,NA,NA,NA,NA,NA,NA,NA,NA,NA,NA,55.0616696750903,5.5175648669425,1.14727436823105,0.314498228180787,1.9714440433213,1.03356406092526,10.3799729241877,3.30835985230844,0,0,2013,1991-02-09,NA,NA,NA,NA
"Tedric Thompson","SEA","DB","13287","weighted",NA,NA,NA,NA,NA,NA,NA,NA,NA,NA,NA,NA,NA,NA,NA,NA,NA,NA,NA,NA,NA,NA,NA,NA,NA,NA,NA,NA,NA,NA,NA,NA,NA,NA,NA,NA,NA,NA,NA,NA,NA,NA,NA,NA,57.104774368231,2.52375550034313,0.184097472924188,0.347513202004074,2.24453971119134,0.721587079679397,9.13550541516246,2.30067426600362,0,0,2017,1995-01-20,"Q","Shoulder - Labrum",2019,0
"Tedric Thompson","FA","DB","13287","weighted",NA,NA,NA,NA,NA,NA,NA,NA,NA,NA,NA,NA,NA,NA,NA,NA,NA,NA,NA,NA,NA,NA,NA,NA,NA,NA,NA,NA,NA,NA,NA,NA,NA,NA,NA,NA,NA,NA,NA,NA,NA,NA,NA,NA,57.104774368231,2.52375550034313,0.184097472924188,0.347513202004074,2.24453971119134,0.721587079679397,9.13550541516246,2.30067426600362,0,0,2017,1995-01-20,"Q","Shoulder - Labrum",2019,0
"Ahkello Witherspoon","SF","DB","13266","weighted",NA,NA,NA,NA,NA,NA,NA,NA,NA,NA,NA,NA,NA,NA,NA,NA,NA,NA,NA,NA,NA,NA,NA,NA,NA,NA,NA,NA,NA,NA,NA,NA,NA,NA,NA,NA,NA,NA,NA,NA,NA,NA,NA,NA,32.298173168411,31.7441414631065,0.284862036156042,0.518145770195488,1.65848715509039,1.73176185845685,4.57664129400571,4.89312801149945,0,0,2017,1995-03-21,NA,NA,NA,NA
"D.J. Hayden","JAC","DB","11346","weighted",NA,NA,NA,NA,NA,NA,NA,NA,NA,NA,NA,NA,NA,NA,NA,NA,NA,NA,NA,NA,NA,NA,NA,NA,NA,NA,NA,NA,NA,NA,NA,NA,NA,NA,NA,NA,NA,NA,NA,NA,NA,NA,NA,NA,45.0701118881119,9.47550546644079,0.964167832167832,0.272943912360244,1.4160979020979,0.455514265219119,6.12995104895105,4.81543287056639,0,0,2013,1990-06-27,NA,NA,NA,NA
"Bradley Roby","HOU","DB","11735","weighted",NA,NA,NA,NA,NA,NA,NA,NA,NA,NA,NA,NA,NA,NA,NA,NA,NA,NA,NA,NA,NA,NA,NA,NA,NA,NA,NA,NA,NA,NA,NA,NA,NA,NA,NA,NA,NA,NA,NA,NA,NA,NA,NA,NA,43.6134265734266,10.0068239228694,0.833027972027972,0.247342813304948,1.98446853146853,0.888884201627865,7.44602797202797,5.7514958035342,0,0,2014,1992-05-01,NA,NA,NA,NA
"Denzel Ward","CLE","DB","13707","weighted",NA,NA,NA,NA,NA,NA,NA,NA,NA,NA,NA,NA,NA,NA,NA,NA,NA,NA,NA,NA,NA,NA,NA,NA,NA,NA,NA,NA,NA,NA,NA,NA,NA,NA,NA,NA,NA,NA,NA,NA,NA,NA,NA,NA,46.7683949914627,9.42422914861016,0.215110984632897,0.403785790198177,3.54304496300512,1.12930240911215,12.9230848036426,3.57161196485433,1,0,2018,1997-04-28,NA,NA,NA,NA
"Bobby McCain","MIA","DB","12311","weighted",NA,NA,NA,NA,NA,NA,NA,NA,NA,NA,NA,NA,NA,NA,NA,NA,NA,NA,NA,NA,NA,NA,NA,NA,NA,NA,NA,NA,NA,NA,NA,NA,NA,NA,NA,NA,NA,NA,NA,NA,NA,NA,NA,NA,52.6498491083676,6.97207286249936,1.34584362139918,0.0848528137423856,2.2681755829904,0.989949493661166,10.5007270233196,3.13248304065641,0,0,2015,1993-08-18,"Q","Shoulder",2019,0
"Darius Slay","DET","DB","11348","weighted",NA,NA,NA,NA,NA,NA,NA,NA,NA,NA,NA,NA,NA,NA,NA,NA,NA,NA,NA,NA,NA,NA,NA,NA,NA,NA,NA,NA,NA,NA,NA,NA,NA,NA,NA,NA,NA,NA,NA,NA,NA,NA,NA,NA,47.7831587933978,6.6238068118037,0.181326124075128,0.316489209591608,2.74622083096187,0.845227903338117,11.5107911212294,7.2570085924255,0,0,2013,1991-01-01,NA,NA,NA,NA
"Darius Slay","PHI","DB","11348","weighted",NA,NA,NA,NA,NA,NA,NA,NA,NA,NA,NA,NA,NA,NA,NA,NA,NA,NA,NA,NA,NA,NA,NA,NA,NA,NA,NA,NA,NA,NA,NA,NA,NA,NA,NA,NA,NA,NA,NA,NA,NA,NA,NA,NA,47.7831587933978,6.6238068118037,0.181326124075128,0.316489209591608,2.74622083096187,0.845227903338117,11.5107911212294,7.2570085924255,0,0,2013,1991-01-01,NA,NA,NA,NA
"Jimmy Smith","BAL","DB","10294","weighted",NA,NA,NA,NA,NA,NA,NA,NA,NA,NA,NA,NA,NA,NA,NA,NA,NA,NA,NA,NA,NA,NA,NA,NA,NA,NA,NA,NA,NA,NA,NA,NA,NA,NA,NA,NA,NA,NA,NA,NA,NA,NA,NA,NA,44.2272307692308,14.8644415110956,0.135153846153846,0.283573641841035,2.56696503496503,0.497091908522544,6.8184965034965,5.7729179139819,0,0,2011,1988-07-26,NA,NA,NA,NA
"Rayshawn Jenkins","LAC","DB","13288","weighted",NA,NA,NA,NA,NA,NA,NA,NA,NA,NA,NA,NA,NA,NA,NA,NA,NA,NA,NA,NA,NA,NA,NA,NA,NA,NA,NA,NA,NA,NA,NA,NA,NA,NA,NA,NA,NA,NA,NA,NA,NA,NA,NA,NA,46.790438957476,12.9895515703969,1.57743484224966,0.0353553390593274,1.11282578875171,0.176776695296637,1.99927297668038,3.1324830406564,0,0,2017,1994-01-25,NA,NA,NA,NA
"Jalen Mills","PHI","DB","12716","weighted",NA,NA,NA,NA,NA,NA,NA,NA,NA,NA,NA,NA,NA,NA,NA,NA,NA,NA,NA,NA,NA,NA,NA,NA,NA,NA,NA,NA,NA,NA,NA,NA,NA,NA,NA,NA,NA,NA,NA,NA,NA,NA,NA,NA,48.8959803921569,8.16914442807324,0.0638375350140056,0.0934284255580803,2.11124649859944,0.699249034764865,7.50704481792717,5.95319401820962,0,0,2016,1994-04-06,NA,NA,NA,NA
"Rock Ya-Sin","IND","DB","14198","weighted",NA,NA,NA,NA,NA,NA,NA,NA,NA,NA,NA,NA,NA,NA,NA,NA,NA,NA,NA,NA,NA,NA,NA,NA,NA,NA,NA,NA,NA,NA,NA,NA,NA,NA,NA,NA,NA,NA,NA,NA,NA,NA,NA,NA,25.7671022727273,25.2398595933533,0.266420454545454,0.439755438613568,0.800606060606061,0.363864130978817,3.58025568181818,5.04732057398041,0,0,2019,1996-05-23,NA,NA,NA,NA
"Buster Skrine","CHI","DB","10379","weighted",NA,NA,NA,NA,NA,NA,NA,NA,NA,NA,NA,NA,NA,NA,NA,NA,NA,NA,NA,NA,NA,NA,NA,NA,NA,NA,NA,NA,NA,NA,NA,NA,NA,NA,NA,NA,NA,NA,NA,NA,NA,NA,NA,NA,45.4785606060606,11.6633587957436,0.583844696969697,0.399979895192656,0.777575757575758,0.654914900867498,3.62229166666667,3.48696753541499,0,0,2011,1989-04-26,NA,NA,NA,NA
"Rasul Douglas","PHI","DB","13281","weighted",NA,NA,NA,NA,NA,NA,NA,NA,NA,NA,NA,NA,NA,NA,NA,NA,NA,NA,NA,NA,NA,NA,NA,NA,NA,NA,NA,NA,NA,NA,NA,NA,NA,NA,NA,NA,NA,NA,NA,NA,NA,NA,NA,NA,29.2601799242424,22.2155900889614,0,0,1.74737689393939,0.902619087914036,2.01345643939394,2.28029443616636,0,0,2017,1994-08-29,NA,NA,NA,NA
"Stephon Gilmore","NE","DB","10789","weighted",NA,NA,NA,NA,NA,NA,NA,NA,NA,NA,NA,NA,NA,NA,NA,NA,NA,NA,NA,NA,NA,NA,NA,NA,NA,NA,NA,NA,NA,NA,NA,NA,NA,NA,NA,NA,NA,NA,NA,NA,NA,NA,NA,NA,46.6284335664336,6.39817992700518,0.351027972027972,0.625660230770344,3.58574125874126,1.02238592111726,10.9413566433566,7.88622274800028,0,0,2012,1990-09-19,NA,NA,NA,NA
"Justin Coleman","DET","DB","12523","weighted",NA,NA,NA,NA,NA,NA,NA,NA,NA,NA,NA,NA,NA,NA,NA,NA,NA,NA,NA,NA,NA,NA,NA,NA,NA,NA,NA,NA,NA,NA,NA,NA,NA,NA,NA,NA,NA,NA,NA,NA,NA,NA,NA,NA,46.0422859216255,7.30489304323608,0.659034833091437,0.446420744945837,1.55252539912917,0.73152816279021,6.00193033381713,4.52519549628052,0,0,NA,NA,NA,NA,NA,NA
"Brian Poole","NYJ","DB","12938","weighted",NA,NA,NA,NA,NA,NA,NA,NA,NA,NA,NA,NA,NA,NA,NA,NA,NA,NA,NA,NA,NA,NA,NA,NA,NA,NA,NA,NA,NA,NA,NA,NA,NA,NA,NA,NA,NA,NA,NA,NA,NA,NA,NA,NA,50.4642857142857,8.33627966172756,1.39089198606272,1.13537422222106,1.33016724738676,0.981990730773541,4.48989547038328,3.48939705475163,0,0,2016,1992-10-20,NA,NA,NA,NA
"Artie Burns","PIT","DB","12738","weighted",NA,NA,NA,NA,NA,NA,NA,NA,NA,NA,NA,NA,NA,NA,NA,NA,NA,NA,NA,NA,NA,NA,NA,NA,NA,NA,NA,NA,NA,NA,NA,NA,NA,NA,NA,NA,NA,NA,NA,NA,NA,NA,NA,NA,28.7666473149492,21.8507828805799,0,0,1.30705370101597,1.53428112272539,5.11210449927431,6.43397484235012,0,0,2016,1995-05-01,NA,NA,NA,NA
"Artie Burns","CHI","DB","12738","weighted",NA,NA,NA,NA,NA,NA,NA,NA,NA,NA,NA,NA,NA,NA,NA,NA,NA,NA,NA,NA,NA,NA,NA,NA,NA,NA,NA,NA,NA,NA,NA,NA,NA,NA,NA,NA,NA,NA,NA,NA,NA,NA,NA,NA,28.7666473149492,21.8507828805799,0,0,1.30705370101597,1.53428112272539,5.11210449927431,6.43397484235012,0,0,2016,1995-05-01,NA,NA,NA,NA
"Darnell Savage","GB","DB","14197","weighted",NA,NA,NA,NA,NA,NA,NA,NA,NA,NA,NA,NA,NA,NA,NA,NA,NA,NA,NA,NA,NA,NA,NA,NA,NA,NA,NA,NA,NA,NA,NA,NA,NA,NA,NA,NA,NA,NA,NA,NA,NA,NA,NA,NA,53.0487804878049,2.68700576850888,0.486521181001284,0.707106781186547,2.56482670089859,0.777817459305202,3.89216944801027,5.65685424949238,0,0,2019,NA,NA,NA,NA,NA
"Montae Nicholson","WAS","DB","13292","weighted",NA,NA,NA,NA,NA,NA,NA,NA,NA,NA,NA,NA,NA,NA,NA,NA,NA,NA,NA,NA,NA,NA,NA,NA,NA,NA,NA,NA,NA,NA,NA,NA,NA,NA,NA,NA,NA,NA,NA,NA,NA,NA,NA,NA,51.3401234567901,4.1365746699413,0.0315912208504801,0.0494974746830583,1.03610425240055,0.0565685424949238,1.55699588477366,2.43951839509359,0,0,2017,1995-12-04,"Q","Neck",2019,0
"Montae Nicholson","FA","DB","13292","weighted",NA,NA,NA,NA,NA,NA,NA,NA,NA,NA,NA,NA,NA,NA,NA,NA,NA,NA,NA,NA,NA,NA,NA,NA,NA,NA,NA,NA,NA,NA,NA,NA,NA,NA,NA,NA,NA,NA,NA,NA,NA,NA,NA,NA,51.3401234567901,4.1365746699413,0.0315912208504801,0.0494974746830583,1.03610425240055,0.0565685424949238,1.55699588477366,2.43951839509359,0,0,2017,1995-12-04,"Q","Neck",2019,0
"Sharrod Neasman","ATL","DB","13087","weighted",NA,NA,NA,NA,NA,NA,NA,NA,NA,NA,NA,NA,NA,NA,NA,NA,NA,NA,NA,NA,NA,NA,NA,NA,NA,NA,NA,NA,NA,NA,NA,NA,NA,NA,NA,NA,NA,NA,NA,NA,NA,NA,NA,NA,32.9091358024691,27.7468700937601,0,0,0.76721536351166,1.20208152801713,2.95603566529492,4.63154941677189,0,0,2016,1991-10-14,NA,NA,NA,NA
"Trumaine Johnson","NYJ","DB","10810","weighted",NA,NA,NA,NA,NA,NA,NA,NA,NA,NA,NA,NA,NA,NA,NA,NA,NA,NA,NA,NA,NA,NA,NA,NA,NA,NA,NA,NA,NA,NA,NA,NA,NA,NA,NA,NA,NA,NA,NA,NA,NA,NA,NA,NA,50.9358844765343,3.05245876013501,0.106895306859206,0.201781859228172,3.2031678700361,0.673094699703537,12.3375722021661,1.33606755462208,0,0,2012,1990-01-01,"Q","Ankle",2019,0
"Trumaine Johnson","FA","DB","10810","weighted",NA,NA,NA,NA,NA,NA,NA,NA,NA,NA,NA,NA,NA,NA,NA,NA,NA,NA,NA,NA,NA,NA,NA,NA,NA,NA,NA,NA,NA,NA,NA,NA,NA,NA,NA,NA,NA,NA,NA,NA,NA,NA,NA,NA,50.9358844765343,3.05245876013501,0.106895306859206,0.201781859228172,3.2031678700361,0.673094699703537,12.3375722021661,1.33606755462208,0,0,2012,1990-01-01,"Q","Ankle",2019,0
"Juan Thornhill","KC","DB","14207","weighted",NA,NA,NA,NA,NA,NA,NA,NA,NA,NA,NA,NA,NA,NA,NA,NA,NA,NA,NA,NA,NA,NA,NA,NA,NA,NA,NA,NA,NA,NA,NA,NA,NA,NA,NA,NA,NA,NA,NA,NA,NA,NA,NA,NA,39.7535379061372,22.6041839437123,0.4014440433213,0.538618289375513,2.71807761732852,1.91279344656068,10.9460740072202,7.41200764991968,0,0,2019,1970-01-01,"Q","Knee - ACL",2019,0
"Kentrell Brice","TB","DB","12940","weighted",NA,NA,NA,NA,NA,NA,NA,NA,NA,NA,NA,NA,NA,NA,NA,NA,NA,NA,NA,NA,NA,NA,NA,NA,NA,NA,NA,NA,NA,NA,NA,NA,NA,NA,NA,NA,NA,NA,NA,NA,NA,NA,NA,NA,23.4792297111417,36.9109739779378,0,0,0.989546079779917,1.5556349186104,2.74374140302613,4.31335136523794,0,0,2016,1994-08-11,NA,NA,NA,NA
"Kentrell Brice","CHI","DB","12940","weighted",NA,NA,NA,NA,NA,NA,NA,NA,NA,NA,NA,NA,NA,NA,NA,NA,NA,NA,NA,NA,NA,NA,NA,NA,NA,NA,NA,NA,NA,NA,NA,NA,NA,NA,NA,NA,NA,NA,NA,NA,NA,NA,NA,NA,23.4792297111417,36.9109739779378,0,0,0.989546079779917,1.5556349186104,2.74374140302613,4.31335136523794,0,0,2016,1994-08-11,NA,NA,NA,NA
"Trevor Williams","LAC","DB","13022","weighted",NA,NA,NA,NA,NA,NA,NA,NA,NA,NA,NA,NA,NA,NA,NA,NA,NA,NA,NA,NA,NA,NA,NA,NA,NA,NA,NA,NA,NA,NA,NA,NA,NA,NA,NA,NA,NA,NA,NA,NA,NA,NA,NA,NA,29.9378598484848,22.5507831797583,0.00623106060606061,0.011370754093088,1.01920454545455,1.03767258101517,1.98872159090909,2.22961002339978,0,0,2016,1993-09-15,NA,NA,NA,NA
"Trevor Williams","FA","DB","13022","weighted",NA,NA,NA,NA,NA,NA,NA,NA,NA,NA,NA,NA,NA,NA,NA,NA,NA,NA,NA,NA,NA,NA,NA,NA,NA,NA,NA,NA,NA,NA,NA,NA,NA,NA,NA,NA,NA,NA,NA,NA,NA,NA,NA,NA,29.9378598484848,22.5507831797583,0.00623106060606061,0.011370754093088,1.01920454545455,1.03767258101517,1.98872159090909,2.22961002339978,0,0,2016,1993-09-15,NA,NA,NA,NA
"Darian Stewart","TB","DB","10122","weighted",NA,NA,NA,NA,NA,NA,NA,NA,NA,NA,NA,NA,NA,NA,NA,NA,NA,NA,NA,NA,NA,NA,NA,NA,NA,NA,NA,NA,NA,NA,NA,NA,NA,NA,NA,NA,NA,NA,NA,NA,NA,NA,NA,NA,23.3413991769547,36.5715627229682,0.609259259259259,0.954594154601839,0.555102880658436,0.869741340859453,2.05342935528121,3.21733585439879,0,0,2010,1988-08-04,NA,NA,NA,NA
"Darian Stewart","FA","DB","10122","weighted",NA,NA,NA,NA,NA,NA,NA,NA,NA,NA,NA,NA,NA,NA,NA,NA,NA,NA,NA,NA,NA,NA,NA,NA,NA,NA,NA,NA,NA,NA,NA,NA,NA,NA,NA,NA,NA,NA,NA,NA,NA,NA,NA,NA,23.3413991769547,36.5715627229682,0.609259259259259,0.954594154601839,0.555102880658436,0.869741340859453,2.05342935528121,3.21733585439879,0,0,2010,1988-08-04,NA,NA,NA,NA
"Chauncey Gardner-Johnson","NO","DB","14224","weighted",NA,NA,NA,NA,NA,NA,NA,NA,NA,NA,NA,NA,NA,NA,NA,NA,NA,NA,NA,NA,NA,NA,NA,NA,NA,NA,NA,NA,NA,NA,NA,NA,NA,NA,NA,NA,NA,NA,NA,NA,NA,NA,NA,NA,22.8686732851986,24.885846423629,0.0534476534296029,0.100890929614086,1.11525270758123,1.67370526162148,4.54712093862816,6.6333916423896,0,0,2019,1997-12-20,NA,NA,NA,NA
"Aqib Talib","LAR","DB","9103","weighted",NA,NA,NA,NA,NA,NA,NA,NA,NA,NA,NA,NA,NA,NA,NA,NA,NA,NA,NA,NA,NA,NA,NA,NA,NA,NA,NA,NA,NA,NA,NA,NA,NA,NA,NA,NA,NA,NA,NA,NA,NA,NA,NA,NA,39.658655234657,8.70033947365751,0.264268953068592,0.498849596425203,2.03610108303249,0.0589195695378938,6.12859205776173,5.66738537993065,0,0,2008,1986-02-13,"Q","Ribs",2019,0
"Aqib Talib","FA","DB","9103","weighted",NA,NA,NA,NA,NA,NA,NA,NA,NA,NA,NA,NA,NA,NA,NA,NA,NA,NA,NA,NA,NA,NA,NA,NA,NA,NA,NA,NA,NA,NA,NA,NA,NA,NA,NA,NA,NA,NA,NA,NA,NA,NA,NA,NA,39.658655234657,8.70033947365751,0.264268953068592,0.498849596425203,2.03610108303249,0.0589195695378938,6.12859205776173,5.66738537993065,0,0,2008,1986-02-13,"Q","Ribs",2019,0
"Darryl Roberts","NYJ","DB","12379","weighted",NA,NA,NA,NA,NA,NA,NA,NA,NA,NA,NA,NA,NA,NA,NA,NA,NA,NA,NA,NA,NA,NA,NA,NA,NA,NA,NA,NA,NA,NA,NA,NA,NA,NA,NA,NA,NA,NA,NA,NA,NA,NA,NA,NA,44.2906995884774,7.97616449178425,0.112825788751715,0.176776695296637,1.36555555555556,0.572756492761103,4.37764060356653,6.85893577750951,0,0,NA,NA,NA,NA,NA,NA
"Darryl Roberts","DET","DB","12379","weighted",NA,NA,NA,NA,NA,NA,NA,NA,NA,NA,NA,NA,NA,NA,NA,NA,NA,NA,NA,NA,NA,NA,NA,NA,NA,NA,NA,NA,NA,NA,NA,NA,NA,NA,NA,NA,NA,NA,NA,NA,NA,NA,NA,NA,44.2906995884774,7.97616449178425,0.112825788751715,0.176776695296637,1.36555555555556,0.572756492761103,4.37764060356653,6.85893577750951,0,0,NA,NA,NA,NA,NA,NA
"Desmond King","LAC","DB","13232","weighted",NA,NA,NA,NA,NA,NA,NA,NA,NA,NA,NA,NA,NA,NA,NA,NA,NA,NA,NA,NA,NA,NA,NA,NA,NA,NA,NA,NA,NA,NA,NA,NA,NA,NA,NA,NA,NA,NA,NA,NA,NA,NA,NA,NA,43.4735740072202,7.00679879201283,0.863465703971119,0.811416493902153,1.98562274368231,0.13429710663211,7.86642599277978,1.41406966890945,0,0,2017,1994-12-14,NA,NA,NA,NA
"Taron Johnson","BUF","DB","13764","weighted",NA,NA,NA,NA,NA,NA,NA,NA,NA,NA,NA,NA,NA,NA,NA,NA,NA,NA,NA,NA,NA,NA,NA,NA,NA,NA,NA,NA,NA,NA,NA,NA,NA,NA,NA,NA,NA,NA,NA,NA,NA,NA,NA,NA,43.7869062901155,8.55599205235723,1.24326059050064,0.353553390593274,1.48652118100128,0.707106781186548,2.43260590500642,3.53553390593274,0,0,2018,1996-07-27,NA,NA,NA,NA
"Troy Apke","WAS","DB","13756","weighted",NA,NA,NA,NA,NA,NA,NA,NA,NA,NA,NA,NA,NA,NA,NA,NA,NA,NA,NA,NA,NA,NA,NA,NA,NA,NA,NA,NA,NA,NA,NA,NA,NA,NA,NA,NA,NA,NA,NA,NA,NA,NA,NA,NA,30.352633744856,30.3136677094673,0.076721536351166,0.120208152801713,0.666035665294925,0.523259018078045,4.83945130315501,4.63862048458375,0,0,2018,1995-04-11,NA,NA,NA,NA
"Robert Alford","ARI","DB","11351","weighted",NA,NA,NA,NA,NA,NA,NA,NA,NA,NA,NA,NA,NA,NA,NA,NA,NA,NA,NA,NA,NA,NA,NA,NA,NA,NA,NA,NA,NA,NA,NA,NA,NA,NA,NA,NA,NA,NA,NA,NA,NA,NA,NA,NA,34.6205761316872,19.3040151263927,0.225651577503429,0.353553390593274,1.40545953360768,0.791959594928933,4.84248285322359,7.58725576213165,0,0,2013,1988-11-01,NA,NA,NA,NA
"Andrew Sendejo","PHI","DB","10220","weighted",NA,NA,NA,NA,NA,NA,NA,NA,NA,NA,NA,NA,NA,NA,NA,NA,NA,NA,NA,NA,NA,NA,NA,NA,NA,NA,NA,NA,NA,NA,NA,NA,NA,NA,NA,NA,NA,NA,NA,NA,NA,NA,NA,NA,28.3641287878788,20.1820859739189,0.00623106060606061,0.011370754093088,0.528333333333333,0.508283474816699,4.48079545454546,4.67483103911157,0,0,2010,1987-09-09,NA,NA,NA,NA
"Andrew Sendejo","CLE","DB","10220","weighted",NA,NA,NA,NA,NA,NA,NA,NA,NA,NA,NA,NA,NA,NA,NA,NA,NA,NA,NA,NA,NA,NA,NA,NA,NA,NA,NA,NA,NA,NA,NA,NA,NA,NA,NA,NA,NA,NA,NA,NA,NA,NA,NA,NA,28.3641287878788,20.1820859739189,0.00623106060606061,0.011370754093088,0.528333333333333,0.508283474816699,4.48079545454546,4.67483103911157,0,0,2010,1987-09-09,NA,NA,NA,NA
"Michael Davis","LAC","DB","13479","weighted",NA,NA,NA,NA,NA,NA,NA,NA,NA,NA,NA,NA,NA,NA,NA,NA,NA,NA,NA,NA,NA,NA,NA,NA,NA,NA,NA,NA,NA,NA,NA,NA,NA,NA,NA,NA,NA,NA,NA,NA,NA,NA,NA,NA,32.4557201646091,21.552614690566,0.0812345679012346,0.127279220613579,0.92517146776406,1.44956890143242,4.70709190672154,7.37512372777569,0,0,2017,1995-01-06,NA,NA,NA,NA
"Miles Killebrew","DET","DB","12776","weighted",NA,NA,NA,NA,NA,NA,NA,NA,NA,NA,NA,NA,NA,NA,NA,NA,NA,NA,NA,NA,NA,NA,NA,NA,NA,NA,NA,NA,NA,NA,NA,NA,NA,NA,NA,NA,NA,NA,NA,NA,NA,NA,NA,NA,28.1943942133816,26.4059113620077,0.118264014466546,0.223947671566665,0.549638336347197,0.528335130345645,4.18481012658228,3.90883798646627,0,0,2016,1993-05-10,NA,NA,NA,NA
"Gareon Conley","OAK","DB","13248","weighted",NA,NA,NA,NA,NA,NA,NA,NA,NA,NA,NA,NA,NA,NA,NA,NA,NA,NA,NA,NA,NA,NA,NA,NA,NA,NA,NA,NA,NA,NA,NA,NA,NA,NA,NA,NA,NA,NA,NA,NA,NA,NA,NA,NA,37.5792729766804,13.4420999103563,0.257242798353909,0.403050865276332,2.57695473251029,1.06066017177982,6.16028806584362,9.65200756319637,0,0,2017,1995-06-29,"Q","Ankle",2019,0
"Gareon Conley","HOU","DB","13248","weighted",NA,NA,NA,NA,NA,NA,NA,NA,NA,NA,NA,NA,NA,NA,NA,NA,NA,NA,NA,NA,NA,NA,NA,NA,NA,NA,NA,NA,NA,NA,NA,NA,NA,NA,NA,NA,NA,NA,NA,NA,NA,NA,NA,NA,37.5792729766804,13.4420999103563,0.257242798353909,0.403050865276332,2.57695473251029,1.06066017177982,6.16028806584362,9.65200756319637,0,0,2017,1995-06-29,"Q","Ankle",2019,0
"Tramaine Brock","ARI","DB","10149","weighted",NA,NA,NA,NA,NA,NA,NA,NA,NA,NA,NA,NA,NA,NA,NA,NA,NA,NA,NA,NA,NA,NA,NA,NA,NA,NA,NA,NA,NA,NA,NA,NA,NA,NA,NA,NA,NA,NA,NA,NA,NA,NA,NA,NA,31.2300278745645,11.6794050763355,0.164655052264808,0.212691730406526,1.04540766550523,0.809580705225007,5.30124041811847,5.23316301857284,0,0,2010,1988-08-20,NA,NA,NA,NA
"Tramaine Brock","FA","DB","10149","weighted",NA,NA,NA,NA,NA,NA,NA,NA,NA,NA,NA,NA,NA,NA,NA,NA,NA,NA,NA,NA,NA,NA,NA,NA,NA,NA,NA,NA,NA,NA,NA,NA,NA,NA,NA,NA,NA,NA,NA,NA,NA,NA,NA,NA,31.2300278745645,11.6794050763355,0.164655052264808,0.212691730406526,1.04540766550523,0.809580705225007,5.30124041811847,5.23316301857284,0,0,2010,1988-08-20,NA,NA,NA,NA
"Mike Hilton","PIT","DB","13414","weighted",NA,NA,NA,NA,NA,NA,NA,NA,NA,NA,NA,NA,NA,NA,NA,NA,NA,NA,NA,NA,NA,NA,NA,NA,NA,NA,NA,NA,NA,NA,NA,NA,NA,NA,NA,NA,NA,NA,NA,NA,NA,NA,NA,NA,44.7260397830018,3.40358869194478,1.73101265822785,0.743084290961365,1.71094032549729,0.646655314130922,6.45461121157324,6.07502789509146,0,0,2016,1994-03-09,NA,NA,NA,NA
"Brandon Carr","BAL","DB","9188","weighted",NA,NA,NA,NA,NA,NA,NA,NA,NA,NA,NA,NA,NA,NA,NA,NA,NA,NA,NA,NA,NA,NA,NA,NA,NA,NA,NA,NA,NA,NA,NA,NA,NA,NA,NA,NA,NA,NA,NA,NA,NA,NA,NA,NA,36.5242509025271,17.9596055195761,0.0475090252707581,0.0896808263236321,1.89072202166065,1.23660456314602,4.19556859205776,5.2943065275316,0,0,2008,1986-05-19,NA,NA,NA,NA
"Brandon Carr","FA","DB","9188","weighted",NA,NA,NA,NA,NA,NA,NA,NA,NA,NA,NA,NA,NA,NA,NA,NA,NA,NA,NA,NA,NA,NA,NA,NA,NA,NA,NA,NA,NA,NA,NA,NA,NA,NA,NA,NA,NA,NA,NA,NA,NA,NA,NA,NA,36.5242509025271,17.9596055195761,0.0475090252707581,0.0896808263236321,1.89072202166065,1.23660456314602,4.19556859205776,5.2943065275316,0,0,2008,1986-05-19,NA,NA,NA,NA
"M.J. Stewart","TB","DB","13736","weighted",NA,NA,NA,NA,NA,NA,NA,NA,NA,NA,NA,NA,NA,NA,NA,NA,NA,NA,NA,NA,NA,NA,NA,NA,NA,NA,NA,NA,NA,NA,NA,NA,NA,NA,NA,NA,NA,NA,NA,NA,NA,NA,NA,NA,38.8119669876204,10.3944696834422,0,0,0.179917469050894,0.282842712474619,1.70921595598349,2.68700576850888,0,0,2018,1995-09-16,NA,NA,NA,NA
"Dre Kirkpatrick","CIN","DB","10778","weighted",NA,NA,NA,NA,NA,NA,NA,NA,NA,NA,NA,NA,NA,NA,NA,NA,NA,NA,NA,NA,NA,NA,NA,NA,NA,NA,NA,NA,NA,NA,NA,NA,NA,NA,NA,NA,NA,NA,NA,NA,NA,NA,NA,NA,45.5450722021661,1.36775815294428,0.240514440433213,0.454009183263387,2.36534296028881,0.580689825732635,7.43032490974729,6.86247724410276,0,0,2012,1989-10-26,"Q","Knee",2019,0
"Dre Kirkpatrick","FA","DB","10778","weighted",NA,NA,NA,NA,NA,NA,NA,NA,NA,NA,NA,NA,NA,NA,NA,NA,NA,NA,NA,NA,NA,NA,NA,NA,NA,NA,NA,NA,NA,NA,NA,NA,NA,NA,NA,NA,NA,NA,NA,NA,NA,NA,NA,NA,45.5450722021661,1.36775815294428,0.240514440433213,0.454009183263387,2.36534296028881,0.580689825732635,7.43032490974729,6.86247724410276,0,0,2012,1989-10-26,"Q","Knee",2019,0
"Teez Tabor","FA","DB","13259","weighted",NA,NA,NA,NA,NA,NA,NA,NA,NA,NA,NA,NA,NA,NA,NA,NA,NA,NA,NA,NA,NA,NA,NA,NA,NA,NA,NA,NA,NA,NA,NA,NA,NA,NA,NA,NA,NA,NA,NA,NA,NA,NA,NA,NA,23.1728598484848,23.8487180590602,0.0932765151515152,0.10166307232338,0.434659090909091,0.427749517775169,1.6599053030303,1.71816737935341,0,0,2017,1996-01-01,NA,NA,NA,NA
"Tramon Williams","GB","DB","8958","weighted",NA,NA,NA,NA,NA,NA,NA,NA,NA,NA,NA,NA,NA,NA,NA,NA,NA,NA,NA,NA,NA,NA,NA,NA,NA,NA,NA,NA,NA,NA,NA,NA,NA,NA,NA,NA,NA,NA,NA,NA,NA,NA,NA,NA,36.367833935018,13.5813701390894,0.225667870036101,0.425983925037252,0.881227436823105,0.22420206580908,3.41940433212996,4.20865645886884,0,0,2006,1983-03-16,NA,NA,NA,NA
"Tramon Williams","FA","DB","8958","weighted",NA,NA,NA,NA,NA,NA,NA,NA,NA,NA,NA,NA,NA,NA,NA,NA,NA,NA,NA,NA,NA,NA,NA,NA,NA,NA,NA,NA,NA,NA,NA,NA,NA,NA,NA,NA,NA,NA,NA,NA,NA,NA,NA,NA,36.367833935018,13.5813701390894,0.225667870036101,0.425983925037252,0.881227436823105,0.22420206580908,3.41940433212996,4.20865645886884,0,0,2006,1983-03-16,NA,NA,NA,NA
"Kevin Johnson","BUF","DB","12249","weighted",NA,NA,NA,NA,NA,NA,NA,NA,NA,NA,NA,NA,NA,NA,NA,NA,NA,NA,NA,NA,NA,NA,NA,NA,NA,NA,NA,NA,NA,NA,NA,NA,NA,NA,NA,NA,NA,NA,NA,NA,NA,NA,NA,NA,31.4891707317073,11.8394966514651,0.0710731707317073,0.150667116862938,0.436062717770035,0.520834943828627,3.19968641114983,3.56803870352034,0,0,2015,1992-08-05,NA,NA,NA,NA
"Kevin Johnson","CLE","DB","12249","weighted",NA,NA,NA,NA,NA,NA,NA,NA,NA,NA,NA,NA,NA,NA,NA,NA,NA,NA,NA,NA,NA,NA,NA,NA,NA,NA,NA,NA,NA,NA,NA,NA,NA,NA,NA,NA,NA,NA,NA,NA,NA,NA,NA,NA,31.4891707317073,11.8394966514651,0.0710731707317073,0.150667116862938,0.436062717770035,0.520834943828627,3.19968641114983,3.56803870352034,0,0,2015,1992-08-05,NA,NA,NA,NA
"Malik Hooker","IND","DB","13228","weighted",NA,NA,NA,NA,NA,NA,NA,NA,NA,NA,NA,NA,NA,NA,NA,NA,NA,NA,NA,NA,NA,NA,NA,NA,NA,NA,NA,NA,NA,NA,NA,NA,NA,NA,NA,NA,NA,NA,NA,NA,NA,NA,NA,NA,41.7992055749129,2.3104342227507,0.318682926829268,0.67557191109511,3.0049756097561,1.62438349643959,9.60527526132404,4.97862937730458,0,0,2017,1996-04-02,NA,NA,NA,NA
"Rashaan Gaulden","CAR","DB","13749","weighted",NA,NA,NA,NA,NA,NA,NA,NA,NA,NA,NA,NA,NA,NA,NA,NA,NA,NA,NA,NA,NA,NA,NA,NA,NA,NA,NA,NA,NA,NA,NA,NA,NA,NA,NA,NA,NA,NA,NA,NA,NA,NA,NA,NA,27.5759442508711,17.2515251666372,0.0573170731707317,0.121505739405595,0.666662020905923,0.470040002602655,2.48357491289199,3.33032489524438,0,0,2018,1995-01-23,NA,NA,NA,NA
"Rashaan Gaulden","NYG","DB","13749","weighted",NA,NA,NA,NA,NA,NA,NA,NA,NA,NA,NA,NA,NA,NA,NA,NA,NA,NA,NA,NA,NA,NA,NA,NA,NA,NA,NA,NA,NA,NA,NA,NA,NA,NA,NA,NA,NA,NA,NA,NA,NA,NA,NA,NA,27.5759442508711,17.2515251666372,0.0573170731707317,0.121505739405595,0.666662020905923,0.470040002602655,2.48357491289199,3.33032489524438,0,0,2018,1995-01-23,NA,NA,NA,NA
"Bryce Callahan","DEN","DB","12506","weighted",NA,NA,NA,NA,NA,NA,NA,NA,NA,NA,NA,NA,NA,NA,NA,NA,NA,NA,NA,NA,NA,NA,NA,NA,NA,NA,NA,NA,NA,NA,NA,NA,NA,NA,NA,NA,NA,NA,NA,NA,NA,NA,NA,NA,43.4624691358025,0.254558441227157,1.0857475994513,0.134350288425444,1.86460905349794,0.212132034355964,3.55626886145405,5.57200143574999,0,0,NA,NA,NA,NA,NA,NA
"Jonathan Jones","NE","DB","12988","weighted",NA,NA,NA,NA,NA,NA,NA,NA,NA,NA,NA,NA,NA,NA,NA,NA,NA,NA,NA,NA,NA,NA,NA,NA,NA,NA,NA,NA,NA,NA,NA,NA,NA,NA,NA,NA,NA,NA,NA,NA,NA,NA,NA,NA,18.6012545126354,22.5364067236708,0.532093862815885,0.521266543326609,0.698962093862816,1.15106268332811,4.42182310469314,5.92146840126615,0,0,2016,1993-09-20,NA,NA,NA,NA
"Aaron Colvin","HOU","DB","11739","weighted",NA,NA,NA,NA,NA,NA,NA,NA,NA,NA,NA,NA,NA,NA,NA,NA,NA,NA,NA,NA,NA,NA,NA,NA,NA,NA,NA,NA,NA,NA,NA,NA,NA,NA,NA,NA,NA,NA,NA,NA,NA,NA,NA,NA,34.5490940766551,13.2854147190467,0.629979094076655,0.489292579063936,0.410843205574913,0.502950763887964,3.77270383275261,3.57266015152456,0,0,2014,1991-10-02,NA,NA,NA,NA
"Aaron Colvin","WAS","DB","11739","weighted",NA,NA,NA,NA,NA,NA,NA,NA,NA,NA,NA,NA,NA,NA,NA,NA,NA,NA,NA,NA,NA,NA,NA,NA,NA,NA,NA,NA,NA,NA,NA,NA,NA,NA,NA,NA,NA,NA,NA,NA,NA,NA,NA,NA,34.5490940766551,13.2854147190467,0.629979094076655,0.489292579063936,0.410843205574913,0.502950763887964,3.77270383275261,3.57266015152456,0,0,2014,1991-10-02,NA,NA,NA,NA
"Darian Thompson","DAL","DB","12719","weighted",NA,NA,NA,NA,NA,NA,NA,NA,NA,NA,NA,NA,NA,NA,NA,NA,NA,NA,NA,NA,NA,NA,NA,NA,NA,NA,NA,NA,NA,NA,NA,NA,NA,NA,NA,NA,NA,NA,NA,NA,NA,NA,NA,NA,21.0428977272727,21.5542261971445,0.0810037878787879,0.147819803210144,0.436174242424242,0.795952786516162,2.91148674242424,2.84776055682508,0,0,2016,NA,NA,NA,NA,NA
"KWaun Williams","SF","DB","12015","weighted",NA,NA,NA,NA,NA,NA,NA,NA,NA,NA,NA,NA,NA,NA,NA,NA,NA,NA,NA,NA,NA,NA,NA,NA,NA,NA,NA,NA,NA,NA,NA,NA,NA,NA,NA,NA,NA,NA,NA,NA,NA,NA,NA,NA,23.6419341563786,27.9802153315517,1,0,0.580288065843621,0.657609306503489,0.139903978052126,0.21920310216783,0,0,NA,NA,NA,NA,NA,NA
"B.W. Webb","CIN","DB","11363","weighted",NA,NA,NA,NA,NA,NA,NA,NA,NA,NA,NA,NA,NA,NA,NA,NA,NA,NA,NA,NA,NA,NA,NA,NA,NA,NA,NA,NA,NA,NA,NA,NA,NA,NA,NA,NA,NA,NA,NA,NA,NA,NA,NA,NA,21.6190909090909,21.5427645120714,0.434659090909091,0.427749517775169,0.724024621212121,0.712172421751945,3.13428977272727,3.00779484693287,0,0,2013,1990-05-03,NA,NA,NA,NA
"B.W. Webb","FA","DB","11363","weighted",NA,NA,NA,NA,NA,NA,NA,NA,NA,NA,NA,NA,NA,NA,NA,NA,NA,NA,NA,NA,NA,NA,NA,NA,NA,NA,NA,NA,NA,NA,NA,NA,NA,NA,NA,NA,NA,NA,NA,NA,NA,NA,NA,NA,21.6190909090909,21.5427645120714,0.434659090909091,0.427749517775169,0.724024621212121,0.712172421751945,3.13428977272727,3.00779484693287,0,0,2013,1990-05-03,NA,NA,NA,NA
"Nickell Robey","LAR","DB","11501","weighted",NA,NA,NA,NA,NA,NA,NA,NA,NA,NA,NA,NA,NA,NA,NA,NA,NA,NA,NA,NA,NA,NA,NA,NA,NA,NA,NA,NA,NA,NA,NA,NA,NA,NA,NA,NA,NA,NA,NA,NA,NA,NA,NA,NA,23.0495336076818,27.6549462122059,0.608079561042524,0.770746391493337,1.17934156378601,1.44249783362056,0.157956104252401,0.247487373415292,0,0,2013,1992-01-17,NA,NA,NA,NA
"Nickell Robey","PHI","DB","11501","weighted",NA,NA,NA,NA,NA,NA,NA,NA,NA,NA,NA,NA,NA,NA,NA,NA,NA,NA,NA,NA,NA,NA,NA,NA,NA,NA,NA,NA,NA,NA,NA,NA,NA,NA,NA,NA,NA,NA,NA,NA,NA,NA,NA,NA,23.0495336076818,27.6549462122059,0.608079561042524,0.770746391493337,1.17934156378601,1.44249783362056,0.157956104252401,0.247487373415292,0,0,2013,1992-01-17,NA,NA,NA,NA
"Erik Harris","OAK","DB","12910","weighted",NA,NA,NA,NA,NA,NA,NA,NA,NA,NA,NA,NA,NA,NA,NA,NA,NA,NA,NA,NA,NA,NA,NA,NA,NA,NA,NA,NA,NA,NA,NA,NA,NA,NA,NA,NA,NA,NA,NA,NA,NA,NA,NA,NA,31.130615530303,12.7917179670724,0,0,1.36819128787879,0.614708234187051,2.92893939393939,3.2442650972065,0,0,2015,1990-04-02,NA,NA,NA,NA
"Erik Harris","LVR","DB","12910","weighted",NA,NA,NA,NA,NA,NA,NA,NA,NA,NA,NA,NA,NA,NA,NA,NA,NA,NA,NA,NA,NA,NA,NA,NA,NA,NA,NA,NA,NA,NA,NA,NA,NA,NA,NA,NA,NA,NA,NA,NA,NA,NA,NA,NA,31.130615530303,12.7917179670724,0,0,1.36819128787879,0.614708234187051,2.92893939393939,3.2442650972065,0,0,2015,1990-04-02,NA,NA,NA,NA
"Mike Ford","DET","DB","14012","weighted",NA,NA,NA,NA,NA,NA,NA,NA,NA,NA,NA,NA,NA,NA,NA,NA,NA,NA,NA,NA,NA,NA,NA,NA,NA,NA,NA,NA,NA,NA,NA,NA,NA,NA,NA,NA,NA,NA,NA,NA,NA,NA,NA,NA,36.6614855570839,5.09116882454314,0,0,0,0,0.629711141678129,0.989949493661166,0,0,2018,1995-08-04,NA,NA,NA,NA
"Will Parks","DEN","DB","12835","weighted",NA,NA,NA,NA,NA,NA,NA,NA,NA,NA,NA,NA,NA,NA,NA,NA,NA,NA,NA,NA,NA,NA,NA,NA,NA,NA,NA,NA,NA,NA,NA,NA,NA,NA,NA,NA,NA,NA,NA,NA,NA,NA,NA,NA,34.1197530864197,8.2731493398826,0.121851851851852,0.190918830920368,1.58931412894376,0.643467170879758,7.9116598079561,4.5254833995939,0,0,2016,1994-07-29,NA,NA,NA,NA
"Will Parks","PHI","DB","12835","weighted",NA,NA,NA,NA,NA,NA,NA,NA,NA,NA,NA,NA,NA,NA,NA,NA,NA,NA,NA,NA,NA,NA,NA,NA,NA,NA,NA,NA,NA,NA,NA,NA,NA,NA,NA,NA,NA,NA,NA,NA,NA,NA,NA,NA,34.1197530864197,8.2731493398826,0.121851851851852,0.190918830920368,1.58931412894376,0.643467170879758,7.9116598079561,4.5254833995939,0,0,2016,1994-07-29,NA,NA,NA,NA
"Isaac Yiadom","DEN","DB","13754","weighted",NA,NA,NA,NA,NA,NA,NA,NA,NA,NA,NA,NA,NA,NA,NA,NA,NA,NA,NA,NA,NA,NA,NA,NA,NA,NA,NA,NA,NA,NA,NA,NA,NA,NA,NA,NA,NA,NA,NA,NA,NA,NA,NA,NA,22.3226886145405,26.756920600099,0,0,1.12898491083676,1.36471608769004,0.139903978052126,0.21920310216783,0,0,2018,1996-02-20,NA,NA,NA,NA
"Byron Murphy","ARI","DB","14180","weighted",NA,NA,NA,NA,NA,NA,NA,NA,NA,NA,NA,NA,NA,NA,NA,NA,NA,NA,NA,NA,NA,NA,NA,NA,NA,NA,NA,NA,NA,NA,NA,NA,NA,NA,NA,NA,NA,NA,NA,NA,NA,NA,NA,NA,27.2624459930314,16.6068034485283,0.0957351916376307,0.19133778012609,0.910996515679443,1.45646865205679,3.4896724738676,4.69812262298582,0,0,2019,1998-01-18,NA,NA,NA,NA
"Jahleel Addae","HOU","DB","11498","weighted",NA,NA,NA,NA,NA,NA,NA,NA,NA,NA,NA,NA,NA,NA,NA,NA,NA,NA,NA,NA,NA,NA,NA,NA,NA,NA,NA,NA,NA,NA,NA,NA,NA,NA,NA,NA,NA,NA,NA,NA,NA,NA,NA,NA,26.3803703703704,18.5191265992757,0.575775034293553,0.664680374315355,0.729218106995885,0.424264068711928,0.38360768175583,0.601040764008565,0,0,2013,1990-01-24,"Q","Knee",2019,0
"Jahleel Addae","FA","DB","11498","weighted",NA,NA,NA,NA,NA,NA,NA,NA,NA,NA,NA,NA,NA,NA,NA,NA,NA,NA,NA,NA,NA,NA,NA,NA,NA,NA,NA,NA,NA,NA,NA,NA,NA,NA,NA,NA,NA,NA,NA,NA,NA,NA,NA,NA,26.3803703703704,18.5191265992757,0.575775034293553,0.664680374315355,0.729218106995885,0.424264068711928,0.38360768175583,0.601040764008565,0,0,2013,1990-01-24,"Q","Knee",2019,0
"Ross Cockrell","CAR","DB","11791","weighted",NA,NA,NA,NA,NA,NA,NA,NA,NA,NA,NA,NA,NA,NA,NA,NA,NA,NA,NA,NA,NA,NA,NA,NA,NA,NA,NA,NA,NA,NA,NA,NA,NA,NA,NA,NA,NA,NA,NA,NA,NA,NA,NA,NA,28.7706439393939,10.6097499901146,0.186174242424242,0.203006860490863,1.19242424242424,0.774139780608823,3.33536931818182,3.70022196802213,0,0,2014,1991-08-06,NA,NA,NA,NA
"Ross Cockrell","FA","DB","11791","weighted",NA,NA,NA,NA,NA,NA,NA,NA,NA,NA,NA,NA,NA,NA,NA,NA,NA,NA,NA,NA,NA,NA,NA,NA,NA,NA,NA,NA,NA,NA,NA,NA,NA,NA,NA,NA,NA,NA,NA,NA,NA,NA,NA,NA,28.7706439393939,10.6097499901146,0.186174242424242,0.203006860490863,1.19242424242424,0.774139780608823,3.33536931818182,3.70022196802213,0,0,2014,1991-08-06,NA,NA,NA,NA
"Nate Hairston","NYJ","DB","13305","weighted",NA,NA,NA,NA,NA,NA,NA,NA,NA,NA,NA,NA,NA,NA,NA,NA,NA,NA,NA,NA,NA,NA,NA,NA,NA,NA,NA,NA,NA,NA,NA,NA,NA,NA,NA,NA,NA,NA,NA,NA,NA,NA,NA,NA,26.9460797799175,13.4350288425444,0.495185694635488,0.636396103067893,0.855020632737276,0.0707106781186547,1.88913342503439,2.9698484809835,0,0,2017,1994-06-30,NA,NA,NA,NA
"Matthias Farley","NYJ","DB","12990","weighted",NA,NA,NA,NA,NA,NA,NA,NA,NA,NA,NA,NA,NA,NA,NA,NA,NA,NA,NA,NA,NA,NA,NA,NA,NA,NA,NA,NA,NA,NA,NA,NA,NA,NA,NA,NA,NA,NA,NA,NA,NA,NA,NA,NA,20.7588720770289,21.0010714012405,0,0,0.7646492434663,1.20208152801713,2.74374140302613,4.31335136523794,0,0,2016,1992-07-15,NA,NA,NA,NA
"Sidney Jones","PHI","DB","13225","weighted",NA,NA,NA,NA,NA,NA,NA,NA,NA,NA,NA,NA,NA,NA,NA,NA,NA,NA,NA,NA,NA,NA,NA,NA,NA,NA,NA,NA,NA,NA,NA,NA,NA,NA,NA,NA,NA,NA,NA,NA,NA,NA,NA,NA,32.7822085048011,5.04167134986008,0.117338820301783,0.183847763108502,0.496433470507545,0.777817459305202,2.38288065843621,3.73352380466497,0,0,2017,NA,NA,NA,NA,NA
"Michael Thomas","NYG","DB","11613","weighted",NA,NA,NA,NA,NA,NA,NA,NA,NA,NA,NA,NA,NA,NA,NA,NA,NA,NA,NA,NA,NA,NA,NA,NA,NA,NA,NA,NA,NA,NA,NA,NA,NA,NA,NA,NA,NA,NA,NA,NA,NA,NA,NA,NA,26.9288352272727,9.2831755071404,0.980549242424242,0.416466545668282,1.26368371212121,0.304238225849892,3.41647727272727,3.27645414697716,0,0,2012,1989-03-17,NA,NA,NA,NA
"Michael Thomas","HOU","DB","11613","weighted",NA,NA,NA,NA,NA,NA,NA,NA,NA,NA,NA,NA,NA,NA,NA,NA,NA,NA,NA,NA,NA,NA,NA,NA,NA,NA,NA,NA,NA,NA,NA,NA,NA,NA,NA,NA,NA,NA,NA,NA,NA,NA,NA,NA,26.9288352272727,9.2831755071404,0.980549242424242,0.416466545668282,1.26368371212121,0.304238225849892,3.41647727272727,3.27645414697716,0,0,2012,1989-03-17,NA,NA,NA,NA
"Antone Exum","SF","DB","11833","weighted",NA,NA,NA,NA,NA,NA,NA,NA,NA,NA,NA,NA,NA,NA,NA,NA,NA,NA,NA,NA,NA,NA,NA,NA,NA,NA,NA,NA,NA,NA,NA,NA,NA,NA,NA,NA,NA,NA,NA,NA,NA,NA,NA,NA,19.9943181818182,14.2628589961683,0.304943181818182,0.405192552415072,0.624327651515152,0.59849822992407,3.11681818181818,3.10672692551103,0,0,2014,1991-02-27,NA,NA,NA,NA
"Antone Exum","FA","DB","11833","weighted",NA,NA,NA,NA,NA,NA,NA,NA,NA,NA,NA,NA,NA,NA,NA,NA,NA,NA,NA,NA,NA,NA,NA,NA,NA,NA,NA,NA,NA,NA,NA,NA,NA,NA,NA,NA,NA,NA,NA,NA,NA,NA,NA,NA,19.9943181818182,14.2628589961683,0.304943181818182,0.405192552415072,0.624327651515152,0.59849822992407,3.11681818181818,3.10672692551103,0,0,2014,1991-02-27,NA,NA,NA,NA
"Tavon Wilson","DET","DB","10808","weighted",NA,NA,NA,NA,NA,NA,NA,NA,NA,NA,NA,NA,NA,NA,NA,NA,NA,NA,NA,NA,NA,NA,NA,NA,NA,NA,NA,NA,NA,NA,NA,NA,NA,NA,NA,NA,NA,NA,NA,NA,NA,NA,NA,NA,27.6849242424242,9.93278522020642,1.02378787878788,0.542310814733197,0.531448863636364,0.507868635838611,0.893020833333333,1.1770869774561,0,0,2012,1990-03-19,NA,NA,NA,NA
"Tavon Wilson","FA","DB","10808","weighted",NA,NA,NA,NA,NA,NA,NA,NA,NA,NA,NA,NA,NA,NA,NA,NA,NA,NA,NA,NA,NA,NA,NA,NA,NA,NA,NA,NA,NA,NA,NA,NA,NA,NA,NA,NA,NA,NA,NA,NA,NA,NA,NA,NA,27.6849242424242,9.93278522020642,1.02378787878788,0.542310814733197,0.531448863636364,0.507868635838611,0.893020833333333,1.1770869774561,0,0,2012,1990-03-19,NA,NA,NA,NA
"Andrew Adams","FA","DB","12998","weighted",NA,NA,NA,NA,NA,NA,NA,NA,NA,NA,NA,NA,NA,NA,NA,NA,NA,NA,NA,NA,NA,NA,NA,NA,NA,NA,NA,NA,NA,NA,NA,NA,NA,NA,NA,NA,NA,NA,NA,NA,NA,NA,NA,NA,15.3379642365887,24.1123412384613,0,0,0.854607977991747,1.34350288425444,3.37345254470426,5.3033008588991,0,0,2016,1993-08-28,NA,NA,NA,NA
"Andrew Adams","TB","DB","12998","weighted",NA,NA,NA,NA,NA,NA,NA,NA,NA,NA,NA,NA,NA,NA,NA,NA,NA,NA,NA,NA,NA,NA,NA,NA,NA,NA,NA,NA,NA,NA,NA,NA,NA,NA,NA,NA,NA,NA,NA,NA,NA,NA,NA,NA,15.3379642365887,24.1123412384613,0,0,0.854607977991747,1.34350288425444,3.37345254470426,5.3033008588991,0,0,2016,1993-08-28,NA,NA,NA,NA
"Quincy Wilson","IND","DB","13255","weighted",NA,NA,NA,NA,NA,NA,NA,NA,NA,NA,NA,NA,NA,NA,NA,NA,NA,NA,NA,NA,NA,NA,NA,NA,NA,NA,NA,NA,NA,NA,NA,NA,NA,NA,NA,NA,NA,NA,NA,NA,NA,NA,NA,NA,31.5686556927298,2.08596500450031,0.392633744855967,0.615182899632296,1.19406035665295,0.304055915910215,2.04440329218107,3.20319371877506,0,0,2017,1996-01-01,NA,NA,NA,NA
"Quincy Wilson","NYJ","DB","13255","weighted",NA,NA,NA,NA,NA,NA,NA,NA,NA,NA,NA,NA,NA,NA,NA,NA,NA,NA,NA,NA,NA,NA,NA,NA,NA,NA,NA,NA,NA,NA,NA,NA,NA,NA,NA,NA,NA,NA,NA,NA,NA,NA,NA,NA,31.5686556927298,2.08596500450031,0.392633744855967,0.615182899632296,1.19406035665295,0.304055915910215,2.04440329218107,3.20319371877506,0,0,2017,1996-01-01,NA,NA,NA,NA
"Briean Boddy-Calhoun","FA","DB","12970","weighted",NA,NA,NA,NA,NA,NA,NA,NA,NA,NA,NA,NA,NA,NA,NA,NA,NA,NA,NA,NA,NA,NA,NA,NA,NA,NA,NA,NA,NA,NA,NA,NA,NA,NA,NA,NA,NA,NA,NA,NA,NA,NA,NA,NA,10.9779071969697,17.2948333206351,0.0124621212121212,0.0227415081861761,0.182869318181818,0.264710562836628,1.53970643939394,2.5231180701404,0,0,2016,1993-01-21,NA,NA,NA,NA
"Tony Brown","GB","DB","13970","weighted",NA,NA,NA,NA,NA,NA,NA,NA,NA,NA,NA,NA,NA,NA,NA,NA,NA,NA,NA,NA,NA,NA,NA,NA,NA,NA,NA,NA,NA,NA,NA,NA,NA,NA,NA,NA,NA,NA,NA,NA,NA,NA,NA,NA,29.4160935350756,3.7476659402887,0,0,0,0,1.70921595598349,2.68700576850888,0,0,2018,1970-01-01,NA,NA,NA,NA
"Tony Brown","CIN","DB","13970","weighted",NA,NA,NA,NA,NA,NA,NA,NA,NA,NA,NA,NA,NA,NA,NA,NA,NA,NA,NA,NA,NA,NA,NA,NA,NA,NA,NA,NA,NA,NA,NA,NA,NA,NA,NA,NA,NA,NA,NA,NA,NA,NA,NA,NA,29.4160935350756,3.7476659402887,0,0,0,0,1.70921595598349,2.68700576850888,0,0,2018,1970-01-01,NA,NA,NA,NA
"Greedy Williams","CLE","DB","14177","weighted",NA,NA,NA,NA,NA,NA,NA,NA,NA,NA,NA,NA,NA,NA,NA,NA,NA,NA,NA,NA,NA,NA,NA,NA,NA,NA,NA,NA,NA,NA,NA,NA,NA,NA,NA,NA,NA,NA,NA,NA,NA,NA,NA,NA,24.1248222996516,14.7282048207905,0,0,1.60618118466899,2.39808410437471,4.00769337979094,6.94088831037608,0,0,2019,1970-01-01,NA,NA,NA,NA
"Josh Jones","FA","DB","13264","weighted",NA,NA,NA,NA,NA,NA,NA,NA,NA,NA,NA,NA,NA,NA,NA,NA,NA,NA,NA,NA,NA,NA,NA,NA,NA,NA,NA,NA,NA,NA,NA,NA,NA,NA,NA,NA,NA,NA,NA,NA,NA,NA,NA,NA,14.0335625859697,22.0617315730203,0.359834938101788,0.565685424949238,0,0,0.854607977991747,1.34350288425444,0,0,2017,1995-01-01,NA,NA,NA,NA
"Josh Jones","JAC","DB","13264","weighted",NA,NA,NA,NA,NA,NA,NA,NA,NA,NA,NA,NA,NA,NA,NA,NA,NA,NA,NA,NA,NA,NA,NA,NA,NA,NA,NA,NA,NA,NA,NA,NA,NA,NA,NA,NA,NA,NA,NA,NA,NA,NA,NA,NA,14.0335625859697,22.0617315730203,0.359834938101788,0.565685424949238,0,0,0.854607977991747,1.34350288425444,0,0,2017,1995-01-01,NA,NA,NA,NA
"Marcus Allen","FA","DB","13780","weighted",NA,NA,NA,NA,NA,NA,NA,NA,NA,NA,NA,NA,NA,NA,NA,NA,NA,NA,NA,NA,NA,NA,NA,NA,NA,NA,NA,NA,NA,NA,NA,NA,NA,NA,NA,NA,NA,NA,NA,NA,NA,NA,NA,NA,13.2077840909091,15.5947118826671,0.0872348484848485,0.159190557303233,0.127736742424242,0.233100458908305,2.37551136363636,2.96961428278507,0,0,2018,1996-08-07,NA,NA,NA,NA
"Marcus Allen","PIT","DB","13780","weighted",NA,NA,NA,NA,NA,NA,NA,NA,NA,NA,NA,NA,NA,NA,NA,NA,NA,NA,NA,NA,NA,NA,NA,NA,NA,NA,NA,NA,NA,NA,NA,NA,NA,NA,NA,NA,NA,NA,NA,NA,NA,NA,NA,NA,13.2077840909091,15.5947118826671,0.0872348484848485,0.159190557303233,0.127736742424242,0.233100458908305,2.37551136363636,2.96961428278507,0,0,2018,1996-08-07,NA,NA,NA,NA
"Kemal Ishmael","ATL","DB","11422","weighted",NA,NA,NA,NA,NA,NA,NA,NA,NA,NA,NA,NA,NA,NA,NA,NA,NA,NA,NA,NA,NA,NA,NA,NA,NA,NA,NA,NA,NA,NA,NA,NA,NA,NA,NA,NA,NA,NA,NA,NA,NA,NA,NA,NA,17.0820438957476,20.866721112815,1,0,0.0361042524005487,0.0565685424949238,0.112825788751715,0.176776695296637,0,0,2013,1991-05-06,NA,NA,NA,NA
"Kemal Ishmael","FA","DB","11422","weighted",NA,NA,NA,NA,NA,NA,NA,NA,NA,NA,NA,NA,NA,NA,NA,NA,NA,NA,NA,NA,NA,NA,NA,NA,NA,NA,NA,NA,NA,NA,NA,NA,NA,NA,NA,NA,NA,NA,NA,NA,NA,NA,NA,NA,17.0820438957476,20.866721112815,1,0,0.0361042524005487,0.0565685424949238,0.112825788751715,0.176776695296637,0,0,2013,1991-05-06,NA,NA,NA,NA
"Greg Stroman","WAS","DB","13840","weighted",NA,NA,NA,NA,NA,NA,NA,NA,NA,NA,NA,NA,NA,NA,NA,NA,NA,NA,NA,NA,NA,NA,NA,NA,NA,NA,NA,NA,NA,NA,NA,NA,NA,NA,NA,NA,NA,NA,NA,NA,NA,NA,NA,NA,13.5300685871056,21.1990612999727,0.0225651577503429,0.0353553390593274,0.518998628257887,0.813172798364529,2.27908093278464,3.57088924499206,0,0,2018,1996-03-08,NA,NA,NA,NA
"Cordrea Tankersley","MIA","DB","13279","weighted",NA,NA,NA,NA,NA,NA,NA,NA,NA,NA,NA,NA,NA,NA,NA,NA,NA,NA,NA,NA,NA,NA,NA,NA,NA,NA,NA,NA,NA,NA,NA,NA,NA,NA,NA,NA,NA,NA,NA,NA,NA,NA,NA,NA,19.2810178817056,13.6471608769004,0.224896836313618,0.353553390593274,0,0,1.57427785419532,2.47487373415292,0,0,2017,1993-11-19,NA,NA,NA,NA
"Jayron Kearse","MIN","DB","12720","weighted",NA,NA,NA,NA,NA,NA,NA,NA,NA,NA,NA,NA,NA,NA,NA,NA,NA,NA,NA,NA,NA,NA,NA,NA,NA,NA,NA,NA,NA,NA,NA,NA,NA,NA,NA,NA,NA,NA,NA,NA,NA,NA,NA,NA,22.3010013717421,11.1227896680644,0.243703703703704,0.381837661840736,0.212112482853224,0.332340187157677,1.07410150891632,1.68291413922398,0,0,2016,1994-02-11,NA,NA,NA,NA
"Jayron Kearse","DET","DB","12720","weighted",NA,NA,NA,NA,NA,NA,NA,NA,NA,NA,NA,NA,NA,NA,NA,NA,NA,NA,NA,NA,NA,NA,NA,NA,NA,NA,NA,NA,NA,NA,NA,NA,NA,NA,NA,NA,NA,NA,NA,NA,NA,NA,NA,NA,22.3010013717421,11.1227896680644,0.243703703703704,0.381837661840736,0.212112482853224,0.332340187157677,1.07410150891632,1.68291413922398,0,0,2016,1994-02-11,NA,NA,NA,NA
"Grant Haley","NYG","DB","13996","weighted",NA,NA,NA,NA,NA,NA,NA,NA,NA,NA,NA,NA,NA,NA,NA,NA,NA,NA,NA,NA,NA,NA,NA,NA,NA,NA,NA,NA,NA,NA,NA,NA,NA,NA,NA,NA,NA,NA,NA,NA,NA,NA,NA,NA,17.6202743484225,18.2999234971078,0.00451303155006859,0.00707106781186547,0.0451303155006859,0.0707106781186548,0.221138545953361,0.346482322781408,0,0,2018,1970-01-01,NA,NA,NA,NA
"Anthony Levine","BAL","DB","10981","weighted",NA,NA,NA,NA,NA,NA,NA,NA,NA,NA,NA,NA,NA,NA,NA,NA,NA,NA,NA,NA,NA,NA,NA,NA,NA,NA,NA,NA,NA,NA,NA,NA,NA,NA,NA,NA,NA,NA,NA,NA,NA,NA,NA,NA,23.2181818181818,6.24978602380326,1.38095643939394,0.762576562467632,0.636998106060606,0.405412244159992,3.79145833333333,4.20706409224035,0,0,2011,1987-03-27,NA,NA,NA,NA
"Patrick Robinson","NO","DB","9841","weighted",NA,NA,NA,NA,NA,NA,NA,NA,NA,NA,NA,NA,NA,NA,NA,NA,NA,NA,NA,NA,NA,NA,NA,NA,NA,NA,NA,NA,NA,NA,NA,NA,NA,NA,NA,NA,NA,NA,NA,NA,NA,NA,NA,NA,19.093759469697,12.7696870947923,0.867282196969697,0.253758575613578,1.40184659090909,0.761275726840734,2.2615625,2.5849161059112,0,0,2010,1987-09-07,NA,NA,NA,NA
"Duron Harmon","NE","DB","11359","weighted",NA,NA,NA,NA,NA,NA,NA,NA,NA,NA,NA,NA,NA,NA,NA,NA,NA,NA,NA,NA,NA,NA,NA,NA,NA,NA,NA,NA,NA,NA,NA,NA,NA,NA,NA,NA,NA,NA,NA,NA,NA,NA,NA,NA,24.5641856060606,4.41100109383194,0.0155776515151515,0.0284268852327201,2.98938446969697,1.67266870607148,2.90845643939394,2.95594570398013,0,0,2013,1991-01-24,NA,NA,NA,NA
"Duron Harmon","DET","DB","11359","weighted",NA,NA,NA,NA,NA,NA,NA,NA,NA,NA,NA,NA,NA,NA,NA,NA,NA,NA,NA,NA,NA,NA,NA,NA,NA,NA,NA,NA,NA,NA,NA,NA,NA,NA,NA,NA,NA,NA,NA,NA,NA,NA,NA,NA,24.5641856060606,4.41100109383194,0.0155776515151515,0.0284268852327201,2.98938446969697,1.67266870607148,2.90845643939394,2.95594570398013,0,0,2013,1991-01-24,NA,NA,NA,NA
"Deionte Thompson","ARI","DB","14183","weighted",NA,NA,NA,NA,NA,NA,NA,NA,NA,NA,NA,NA,NA,NA,NA,NA,NA,NA,NA,NA,NA,NA,NA,NA,NA,NA,NA,NA,NA,NA,NA,NA,NA,NA,NA,NA,NA,NA,NA,NA,NA,NA,NA,NA,15.9120549242424,9.76008515716736,0.149166666666667,0.148135790988974,0.22375,0.222203686483461,1.5984375,1.6472711654955,0,0,2019,1970-01-01,NA,NA,NA,NA
"Dominique Rodgers-Cromartie","FA","DB","9097","weighted",NA,NA,NA,NA,NA,NA,NA,NA,NA,NA,NA,NA,NA,NA,NA,NA,NA,NA,NA,NA,NA,NA,NA,NA,NA,NA,NA,NA,NA,NA,NA,NA,NA,NA,NA,NA,NA,NA,NA,NA,NA,NA,NA,NA,15.2953360768176,18.8090403795622,0,0,0.0135390946502058,0.0212132034355964,0.0676954732510288,0.106066017177982,0,0,2008,1986-04-07,"Q","Ankle",2019,0
"Rashard Robinson","FA","DB","12790","weighted",NA,NA,NA,NA,NA,NA,NA,NA,NA,NA,NA,NA,NA,NA,NA,NA,NA,NA,NA,NA,NA,NA,NA,NA,NA,NA,NA,NA,NA,NA,NA,NA,NA,NA,NA,NA,NA,NA,NA,NA,NA,NA,NA,NA,12.2343878954608,19.2333044482741,0.089958734525447,0.14142135623731,0.359834938101788,0.565685424949238,1.25942228335626,1.97989898732233,0,0,2016,1995-07-23,NA,NA,NA,NA
"Ugo Amadi","SEA","DB","14236","weighted",NA,NA,NA,NA,NA,NA,NA,NA,NA,NA,NA,NA,NA,NA,NA,NA,NA,NA,NA,NA,NA,NA,NA,NA,NA,NA,NA,NA,NA,NA,NA,NA,NA,NA,NA,NA,NA,NA,NA,NA,NA,NA,NA,NA,12.0544704264099,18.9504617357995,0.179917469050894,0.282842712474619,0,0,1.30440165061898,2.05060966544099,0,0,2019,1970-01-01,NA,NA,NA,NA
"Torry McTyer","MIA","DB","13553","weighted",NA,NA,NA,NA,NA,NA,NA,NA,NA,NA,NA,NA,NA,NA,NA,NA,NA,NA,NA,NA,NA,NA,NA,NA,NA,NA,NA,NA,NA,NA,NA,NA,NA,NA,NA,NA,NA,NA,NA,NA,NA,NA,NA,NA,11.9645116918845,18.8090403795622,0.089958734525447,0.14142135623731,0.089958734525447,0.14142135623731,1.03452544704264,1.62634559672906,0,0,2017,1970-01-01,NA,NA,NA,NA
"Torry McTyer","CIN","DB","13553","weighted",NA,NA,NA,NA,NA,NA,NA,NA,NA,NA,NA,NA,NA,NA,NA,NA,NA,NA,NA,NA,NA,NA,NA,NA,NA,NA,NA,NA,NA,NA,NA,NA,NA,NA,NA,NA,NA,NA,NA,NA,NA,NA,NA,NA,11.9645116918845,18.8090403795622,0.089958734525447,0.14142135623731,0.089958734525447,0.14142135623731,1.03452544704264,1.62634559672906,0,0,2017,1970-01-01,NA,NA,NA,NA
"Nick Nelson","OAK","DB","13757","weighted",NA,NA,NA,NA,NA,NA,NA,NA,NA,NA,NA,NA,NA,NA,NA,NA,NA,NA,NA,NA,NA,NA,NA,NA,NA,NA,NA,NA,NA,NA,NA,NA,NA,NA,NA,NA,NA,NA,NA,NA,NA,NA,NA,NA,24.7009602194787,2.1920310216783,0.293347050754458,0.459619407771256,0.442277091906721,0.692964645562816,1.71043895747599,2.67993470069701,0,0,2018,NA,NA,"Knee",2019,0
"Nick Nelson","LVR","DB","13757","weighted",NA,NA,NA,NA,NA,NA,NA,NA,NA,NA,NA,NA,NA,NA,NA,NA,NA,NA,NA,NA,NA,NA,NA,NA,NA,NA,NA,NA,NA,NA,NA,NA,NA,NA,NA,NA,NA,NA,NA,NA,NA,NA,NA,NA,24.7009602194787,2.1920310216783,0.293347050754458,0.459619407771256,0.442277091906721,0.692964645562816,1.71043895747599,2.67993470069701,0,0,2018,NA,NA,"Knee",2019,0
"Holton Hill","MIN","DB","13945","weighted",NA,NA,NA,NA,NA,NA,NA,NA,NA,NA,NA,NA,NA,NA,NA,NA,NA,NA,NA,NA,NA,NA,NA,NA,NA,NA,NA,NA,NA,NA,NA,NA,NA,NA,NA,NA,NA,NA,NA,NA,NA,NA,NA,NA,11.4697386519945,18.031222920257,0.089958734525447,0.14142135623731,0.314855570839065,0.494974746830583,1.75419532324622,2.75771644662753,0,0,2018,1970-01-01,NA,NA,NA,NA
"J.C. Jackson","NE","DB","13917","weighted",NA,NA,NA,NA,NA,NA,NA,NA,NA,NA,NA,NA,NA,NA,NA,NA,NA,NA,NA,NA,NA,NA,NA,NA,NA,NA,NA,NA,NA,NA,NA,NA,NA,NA,NA,NA,NA,NA,NA,NA,NA,NA,NA,NA,17.7710037878788,10.0264818755619,0.031155303030303,0.0568537704654402,2.02550189393939,1.56423347638515,3.09905303030303,4.65203194308837,0,0,2018,1970-01-01,NA,NA,NA,NA
"Marcell Harris","SF","DB","13801","weighted",NA,NA,NA,NA,NA,NA,NA,NA,NA,NA,NA,NA,NA,NA,NA,NA,NA,NA,NA,NA,NA,NA,NA,NA,NA,NA,NA,NA,NA,NA,NA,NA,NA,NA,NA,NA,NA,NA,NA,NA,NA,NA,NA,NA,17.8451851851852,11.8369675170628,0.0451303155006859,0.0707106781186548,0.0812345679012346,0.127279220613579,0.32042524005487,0.502045814642449,0,0,2018,1996-06-09,NA,NA,NA,NA
"Sua Cravens","FA","DB","12746","weighted",NA,NA,NA,NA,NA,NA,NA,NA,NA,NA,NA,NA,NA,NA,NA,NA,NA,NA,NA,NA,NA,NA,NA,NA,NA,NA,NA,NA,NA,NA,NA,NA,NA,NA,NA,NA,NA,NA,NA,NA,NA,NA,NA,NA,10.8053409090909,11.2660934840812,0.201941287878788,0.19508574513715,0.20250946969697,0.369549508025361,1.42794507575758,1.79179932697296,0,0,2016,1995-07-07,NA,NA,NA,NA
"Delano Hill","SEA","DB","13278","weighted",NA,NA,NA,NA,NA,NA,NA,NA,NA,NA,NA,NA,NA,NA,NA,NA,NA,NA,NA,NA,NA,NA,NA,NA,NA,NA,NA,NA,NA,NA,NA,NA,NA,NA,NA,NA,NA,NA,NA,NA,NA,NA,NA,NA,13.3752746212121,6.50889721941607,0.20874053030303,0.380920262118449,0.274166666666667,0.500313180095874,1.2972821969697,1.62743492384973,0,0,2017,1995-11-26,NA,NA,NA,NA
"Derrick Kindred","NYJ","DB","12787","weighted",NA,NA,NA,NA,NA,NA,NA,NA,NA,NA,NA,NA,NA,NA,NA,NA,NA,NA,NA,NA,NA,NA,NA,NA,NA,NA,NA,NA,NA,NA,NA,NA,NA,NA,NA,NA,NA,NA,NA,NA,NA,NA,NA,NA,9.49064649243466,14.9199530830362,0,0,0.00449793672627235,0.00707106781186547,0.00449793672627235,0.00707106781186547,0,0,2016,1993-12-15,NA,NA,NA,NA
"Derrick Kindred","SF","DB","12787","weighted",NA,NA,NA,NA,NA,NA,NA,NA,NA,NA,NA,NA,NA,NA,NA,NA,NA,NA,NA,NA,NA,NA,NA,NA,NA,NA,NA,NA,NA,NA,NA,NA,NA,NA,NA,NA,NA,NA,NA,NA,NA,NA,NA,NA,9.49064649243466,14.9199530830362,0,0,0.00449793672627235,0.00707106781186547,0.00449793672627235,0.00707106781186547,0,0,2016,1993-12-15,NA,NA,NA,NA
"Mike Edwards","TB","DB","14222","weighted",NA,NA,NA,NA,NA,NA,NA,NA,NA,NA,NA,NA,NA,NA,NA,NA,NA,NA,NA,NA,NA,NA,NA,NA,NA,NA,NA,NA,NA,NA,NA,NA,NA,NA,NA,NA,NA,NA,NA,NA,NA,NA,NA,NA,14.7973674242424,4.80457099441588,0.0810037878787879,0.147819803210144,0.143314393939394,0.261527344141025,0.970151515151515,1.07631411983456,0,0,2019,NA,NA,NA,NA,NA
"Raven Greene","GB","DB","13938","weighted",NA,NA,NA,NA,NA,NA,NA,NA,NA,NA,NA,NA,NA,NA,NA,NA,NA,NA,NA,NA,NA,NA,NA,NA,NA,NA,NA,NA,NA,NA,NA,NA,NA,NA,NA,NA,NA,NA,NA,NA,NA,NA,NA,NA,14.1772427983539,9.90656600442353,0.157956104252401,0.247487373415292,0.108312757201646,0.169705627484771,0.523511659807956,0.820243866176395,0,0,2018,1970-01-01,NA,NA,NA,NA
"Jordan Lucas","KC","DB","12826","weighted",NA,NA,NA,NA,NA,NA,NA,NA,NA,NA,NA,NA,NA,NA,NA,NA,NA,NA,NA,NA,NA,NA,NA,NA,NA,NA,NA,NA,NA,NA,NA,NA,NA,NA,NA,NA,NA,NA,NA,NA,NA,NA,NA,NA,9.11181069958848,14.2764859121564,0.221138545953361,0.346482322781408,0.234677640603567,0.367695526217005,1.30877914951989,2.05060966544099,0,0,2016,1993-08-02,NA,NA,NA,NA
"Jordan Lucas","CHI","DB","12826","weighted",NA,NA,NA,NA,NA,NA,NA,NA,NA,NA,NA,NA,NA,NA,NA,NA,NA,NA,NA,NA,NA,NA,NA,NA,NA,NA,NA,NA,NA,NA,NA,NA,NA,NA,NA,NA,NA,NA,NA,NA,NA,NA,NA,NA,9.11181069958848,14.2764859121564,0.221138545953361,0.346482322781408,0.234677640603567,0.367695526217005,1.30877914951989,2.05060966544099,0,0,2016,1993-08-02,NA,NA,NA,NA
"LeShaun Sims","TEN","DB","12799","weighted",NA,NA,NA,NA,NA,NA,NA,NA,NA,NA,NA,NA,NA,NA,NA,NA,NA,NA,NA,NA,NA,NA,NA,NA,NA,NA,NA,NA,NA,NA,NA,NA,NA,NA,NA,NA,NA,NA,NA,NA,NA,NA,NA,NA,17.2223456790123,3.88201622871414,0.0270781893004115,0.0424264068711928,0.71116598079561,0.45254833995939,0.785267489711934,1.23036579926459,0,0,2016,NA,NA,NA,NA,NA
"LeShaun Sims","CIN","DB","12799","weighted",NA,NA,NA,NA,NA,NA,NA,NA,NA,NA,NA,NA,NA,NA,NA,NA,NA,NA,NA,NA,NA,NA,NA,NA,NA,NA,NA,NA,NA,NA,NA,NA,NA,NA,NA,NA,NA,NA,NA,NA,NA,NA,NA,NA,17.2223456790123,3.88201622871414,0.0270781893004115,0.0424264068711928,0.71116598079561,0.45254833995939,0.785267489711934,1.23036579926459,0,0,2016,NA,NA,NA,NA,NA
"Jason Verrett","SF","DB","11765","weighted",NA,NA,NA,NA,NA,NA,NA,NA,NA,NA,NA,NA,NA,NA,NA,NA,NA,NA,NA,NA,NA,NA,NA,NA,NA,NA,NA,NA,NA,NA,NA,NA,NA,NA,NA,NA,NA,NA,NA,NA,NA,NA,NA,NA,15.7753223593964,5.52250396106694,0.0180521262002743,0.0282842712474619,0.837530864197531,0.254558441227157,1.30426611796982,2.04353859762912,0,0,2014,1991-05-13,NA,NA,NA,NA
"Ibraheim Campbell","GB","DB","12297","weighted",NA,NA,NA,NA,NA,NA,NA,NA,NA,NA,NA,NA,NA,NA,NA,NA,NA,NA,NA,NA,NA,NA,NA,NA,NA,NA,NA,NA,NA,NA,NA,NA,NA,NA,NA,NA,NA,NA,NA,NA,NA,NA,NA,NA,8.50110041265475,13.3643181644257,0.314855570839065,0.494974746830583,0,0,1.25942228335626,1.97989898732233,0,0,NA,NA,NA,NA,NA,NA
"Ibraheim Campbell","TEN","DB","12297","weighted",NA,NA,NA,NA,NA,NA,NA,NA,NA,NA,NA,NA,NA,NA,NA,NA,NA,NA,NA,NA,NA,NA,NA,NA,NA,NA,NA,NA,NA,NA,NA,NA,NA,NA,NA,NA,NA,NA,NA,NA,NA,NA,NA,NA,8.50110041265475,13.3643181644257,0.314855570839065,0.494974746830583,0,0,1.25942228335626,1.97989898732233,0,0,NA,NA,NA,NA,NA,NA
"Deshazor Everett","WAS","DB","12544","weighted",NA,NA,NA,NA,NA,NA,NA,NA,NA,NA,NA,NA,NA,NA,NA,NA,NA,NA,NA,NA,NA,NA,NA,NA,NA,NA,NA,NA,NA,NA,NA,NA,NA,NA,NA,NA,NA,NA,NA,NA,NA,NA,NA,NA,16.9475171467764,2.43244732728172,0,0,0.837530864197531,0.254558441227157,1.01543209876543,1.59099025766973,0,0,NA,NA,NA,NA,NA,NA
"George Odum","IND","DB","13939","weighted",NA,NA,NA,NA,NA,NA,NA,NA,NA,NA,NA,NA,NA,NA,NA,NA,NA,NA,NA,NA,NA,NA,NA,NA,NA,NA,NA,NA,NA,NA,NA,NA,NA,NA,NA,NA,NA,NA,NA,NA,NA,NA,NA,NA,14.1100473484848,4.65424677546763,0,0,0.264441287878788,0.334143426200841,1.19078598484848,1.28727089326343,0,0,2018,1993-11-03,NA,NA,NA,NA
"Cornell Armstrong","MIA","DB","13818","weighted",NA,NA,NA,NA,NA,NA,NA,NA,NA,NA,NA,NA,NA,NA,NA,NA,NA,NA,NA,NA,NA,NA,NA,NA,NA,NA,NA,NA,NA,NA,NA,NA,NA,NA,NA,NA,NA,NA,NA,NA,NA,NA,NA,NA,5.49211174242424,9.77722283592295,0.0623106060606061,0.11370754093088,0.183816287878788,0.335437245746097,0.778882575757576,1.421344261636,0,0,2018,1995-09-22,NA,NA,NA,NA
"Cornell Armstrong","HOU","DB","13818","weighted",NA,NA,NA,NA,NA,NA,NA,NA,NA,NA,NA,NA,NA,NA,NA,NA,NA,NA,NA,NA,NA,NA,NA,NA,NA,NA,NA,NA,NA,NA,NA,NA,NA,NA,NA,NA,NA,NA,NA,NA,NA,NA,NA,NA,5.49211174242424,9.77722283592295,0.0623106060606061,0.11370754093088,0.183816287878788,0.335437245746097,0.778882575757576,1.421344261636,0,0,2018,1995-09-22,NA,NA,NA,NA
"Kavon Frazier","DAL","DB","12830","weighted",NA,NA,NA,NA,NA,NA,NA,NA,NA,NA,NA,NA,NA,NA,NA,NA,NA,NA,NA,NA,NA,NA,NA,NA,NA,NA,NA,NA,NA,NA,NA,NA,NA,NA,NA,NA,NA,NA,NA,NA,NA,NA,NA,NA,11.5271193415638,8.8883322395149,0.0180521262002743,0.0282842712474619,0.0586694101508916,0.0919238815542512,0.284320987654321,0.445477272147525,0,0,2016,1994-08-11,NA,NA,NA,NA
"Kavon Frazier","MIA","DB","12830","weighted",NA,NA,NA,NA,NA,NA,NA,NA,NA,NA,NA,NA,NA,NA,NA,NA,NA,NA,NA,NA,NA,NA,NA,NA,NA,NA,NA,NA,NA,NA,NA,NA,NA,NA,NA,NA,NA,NA,NA,NA,NA,NA,NA,NA,11.5271193415638,8.8883322395149,0.0180521262002743,0.0282842712474619,0.0586694101508916,0.0919238815542512,0.284320987654321,0.445477272147525,0,0,2016,1994-08-11,NA,NA,NA,NA
"Deiondre Hall","PHI","DB","12786","weighted",NA,NA,NA,NA,NA,NA,NA,NA,NA,NA,NA,NA,NA,NA,NA,NA,NA,NA,NA,NA,NA,NA,NA,NA,NA,NA,NA,NA,NA,NA,NA,NA,NA,NA,NA,NA,NA,NA,NA,NA,NA,NA,NA,NA,7.69147180192572,12.09152595829,0,0,0.539752407152682,0.848528137423857,2.20398899587345,3.46482322781408,0,0,2016,NA,NA,NA,NA,NA
"Deiondre Hall","TB","DB","12786","weighted",NA,NA,NA,NA,NA,NA,NA,NA,NA,NA,NA,NA,NA,NA,NA,NA,NA,NA,NA,NA,NA,NA,NA,NA,NA,NA,NA,NA,NA,NA,NA,NA,NA,NA,NA,NA,NA,NA,NA,NA,NA,NA,NA,NA,7.69147180192572,12.09152595829,0,0,0.539752407152682,0.848528137423857,2.20398899587345,3.46482322781408,0,0,2016,NA,NA,NA,NA,NA
"Jermaine Whitehead",NA,"DB","13531","weighted",NA,NA,NA,NA,NA,NA,NA,NA,NA,NA,NA,NA,NA,NA,NA,NA,NA,NA,NA,NA,NA,NA,NA,NA,NA,NA,NA,NA,NA,NA,NA,NA,NA,NA,NA,NA,NA,NA,NA,NA,NA,NA,NA,NA,7.4115625,8.41204833759984,0.229602272727273,0.253502374202397,0.0903503787878788,0.164875934349776,1.12658143939394,1.17748657238993,0,0,NA,NA,NA,NA,NA,NA
"Deon Bush","CHI","DB","12783","weighted",NA,NA,NA,NA,NA,NA,NA,NA,NA,NA,NA,NA,NA,NA,NA,NA,NA,NA,NA,NA,NA,NA,NA,NA,NA,NA,NA,NA,NA,NA,NA,NA,NA,NA,NA,NA,NA,NA,NA,NA,NA,NA,NA,NA,10.6112973484848,4.38872351741336,1.06702651515152,0.670698103050345,0.0654261363636364,0.119392917977424,0.612054924242424,0.592450160527326,0,0,2016,1993-08-14,NA,NA,NA,NA
"Sean Chandler","NYG","DB","13956","weighted",NA,NA,NA,NA,NA,NA,NA,NA,NA,NA,NA,NA,NA,NA,NA,NA,NA,NA,NA,NA,NA,NA,NA,NA,NA,NA,NA,NA,NA,NA,NA,NA,NA,NA,NA,NA,NA,NA,NA,NA,NA,NA,NA,NA,13.9008253094911,2.82842712474619,0.539752407152682,0.848528137423857,0.550206327372765,0.707106781186547,0.539752407152682,0.848528137423857,0,0,2018,1970-01-01,NA,NA,NA,NA
"Darius Phillips","CIN","DB","13790","weighted",NA,NA,NA,NA,NA,NA,NA,NA,NA,NA,NA,NA,NA,NA,NA,NA,NA,NA,NA,NA,NA,NA,NA,NA,NA,NA,NA,NA,NA,NA,NA,NA,NA,NA,NA,NA,NA,NA,NA,NA,NA,NA,NA,NA,8.66335227272728,8.40675974574004,0.0685416666666667,0.125078295023968,0.168238636363636,0.307010360513377,1.14367424242424,1.14461533967446,0,0,2018,1995-06-26,NA,NA,NA,NA
"E.J. Gaines","FA","DB","11838","weighted",NA,NA,NA,NA,NA,NA,NA,NA,NA,NA,NA,NA,NA,NA,NA,NA,NA,NA,NA,NA,NA,NA,NA,NA,NA,NA,NA,NA,NA,NA,NA,NA,NA,NA,NA,NA,NA,NA,NA,NA,NA,NA,NA,NA,6.61196698762036,10.3944696834422,0,0,0.0449793672627235,0.0707106781186548,0.854607977991747,1.34350288425444,0,0,2014,1992-02-23,NA,NA,NA,NA
"Cody Davis","JAC","DB","11555","weighted",NA,NA,NA,NA,NA,NA,NA,NA,NA,NA,NA,NA,NA,NA,NA,NA,NA,NA,NA,NA,NA,NA,NA,NA,NA,NA,NA,NA,NA,NA,NA,NA,NA,NA,NA,NA,NA,NA,NA,NA,NA,NA,NA,NA,9.21060606060606,6.40061648512113,0.0031155303030303,0.00568537704654402,0.400596590909091,0.575583441686292,0.957206439393939,1.60023905997505,0,0,2013,1989-06-06,NA,NA,NA,NA
"Cody Davis","NE","DB","11555","weighted",NA,NA,NA,NA,NA,NA,NA,NA,NA,NA,NA,NA,NA,NA,NA,NA,NA,NA,NA,NA,NA,NA,NA,NA,NA,NA,NA,NA,NA,NA,NA,NA,NA,NA,NA,NA,NA,NA,NA,NA,NA,NA,NA,NA,9.21060606060606,6.40061648512113,0.0031155303030303,0.00568537704654402,0.400596590909091,0.575583441686292,0.957206439393939,1.60023905997505,0,0,2013,1989-06-06,NA,NA,NA,NA
"Akeem King","SEA","DB","12380","weighted",NA,NA,NA,NA,NA,NA,NA,NA,NA,NA,NA,NA,NA,NA,NA,NA,NA,NA,NA,NA,NA,NA,NA,NA,NA,NA,NA,NA,NA,NA,NA,NA,NA,NA,NA,NA,NA,NA,NA,NA,NA,NA,NA,NA,14.0434705075446,0.558614357137373,0.0496433470507545,0.0777817459305202,0.230164609053498,0.360624458405139,0.89358024691358,1.40007142674936,0,0,2015,1992-08-29,NA,NA,NA,NA
"Akeem King","FA","DB","12380","weighted",NA,NA,NA,NA,NA,NA,NA,NA,NA,NA,NA,NA,NA,NA,NA,NA,NA,NA,NA,NA,NA,NA,NA,NA,NA,NA,NA,NA,NA,NA,NA,NA,NA,NA,NA,NA,NA,NA,NA,NA,NA,NA,NA,NA,14.0434705075446,0.558614357137373,0.0496433470507545,0.0777817459305202,0.230164609053498,0.360624458405139,0.89358024691358,1.40007142674936,0,0,2015,1992-08-29,NA,NA,NA,NA
"Doug Middleton","NYJ","DB","13082","weighted",NA,NA,NA,NA,NA,NA,NA,NA,NA,NA,NA,NA,NA,NA,NA,NA,NA,NA,NA,NA,NA,NA,NA,NA,NA,NA,NA,NA,NA,NA,NA,NA,NA,NA,NA,NA,NA,NA,NA,NA,NA,NA,NA,NA,13.4297111416781,0.989949493661165,0,0,0.685144429160935,0.494974746830583,1.12448418156809,1.76776695296637,0,0,2016,1970-01-01,NA,NA,NA,NA
"Doug Middleton","JAC","DB","13082","weighted",NA,NA,NA,NA,NA,NA,NA,NA,NA,NA,NA,NA,NA,NA,NA,NA,NA,NA,NA,NA,NA,NA,NA,NA,NA,NA,NA,NA,NA,NA,NA,NA,NA,NA,NA,NA,NA,NA,NA,NA,NA,NA,NA,NA,13.4297111416781,0.989949493661165,0,0,0.685144429160935,0.494974746830583,1.12448418156809,1.76776695296637,0,0,2016,1970-01-01,NA,NA,NA,NA
"Eric Murray","CLE","DB","12772","weighted",NA,NA,NA,NA,NA,NA,NA,NA,NA,NA,NA,NA,NA,NA,NA,NA,NA,NA,NA,NA,NA,NA,NA,NA,NA,NA,NA,NA,NA,NA,NA,NA,NA,NA,NA,NA,NA,NA,NA,NA,NA,NA,NA,NA,10.5709185606061,2.53585804175859,0.419289772727273,0.560208531446895,0.472234848484848,0.523734605436988,0.503390151515151,0.494146218835962,0,0,2016,1994-01-07,NA,NA,NA,NA
"Eric Murray","HOU","DB","12772","weighted",NA,NA,NA,NA,NA,NA,NA,NA,NA,NA,NA,NA,NA,NA,NA,NA,NA,NA,NA,NA,NA,NA,NA,NA,NA,NA,NA,NA,NA,NA,NA,NA,NA,NA,NA,NA,NA,NA,NA,NA,NA,NA,NA,NA,10.5709185606061,2.53585804175859,0.419289772727273,0.560208531446895,0.472234848484848,0.523734605436988,0.503390151515151,0.494146218835962,0,0,2016,1994-01-07,NA,NA,NA,NA
"Colin Jones","CAR","DB","10422","weighted",NA,NA,NA,NA,NA,NA,NA,NA,NA,NA,NA,NA,NA,NA,NA,NA,NA,NA,NA,NA,NA,NA,NA,NA,NA,NA,NA,NA,NA,NA,NA,NA,NA,NA,NA,NA,NA,NA,NA,NA,NA,NA,NA,NA,11.7855570839065,1.90918830920368,0,0,1,0,0.494773039889959,0.777817459305202,0,0,2011,1987-10-27,NA,NA,NA,NA
"Colin Jones","FA","DB","10422","weighted",NA,NA,NA,NA,NA,NA,NA,NA,NA,NA,NA,NA,NA,NA,NA,NA,NA,NA,NA,NA,NA,NA,NA,NA,NA,NA,NA,NA,NA,NA,NA,NA,NA,NA,NA,NA,NA,NA,NA,NA,NA,NA,NA,NA,11.7855570839065,1.90918830920368,0,0,1,0,0.494773039889959,0.777817459305202,0,0,2011,1987-10-27,NA,NA,NA,NA
"Jamal Agnew","DET","DB","13308","weighted",NA,NA,NA,NA,NA,NA,NA,NA,NA,NA,NA,NA,NA,NA,NA,NA,NA,NA,NA,NA,NA,NA,NA,NA,NA,NA,NA,NA,NA,NA,NA,NA,NA,NA,NA,NA,NA,NA,NA,NA,NA,NA,NA,NA,12.092633744856,0.615182899632297,0.207599451303155,0.325269119345812,0.324938271604938,0.509116882454314,0.902606310013717,1.41421356237309,0,0,2017,NA,NA,NA,NA,NA
"Parry Nickerson","SEA","DB","13797","weighted",NA,NA,NA,NA,NA,NA,NA,NA,NA,NA,NA,NA,NA,NA,NA,NA,NA,NA,NA,NA,NA,NA,NA,NA,NA,NA,NA,NA,NA,NA,NA,NA,NA,NA,NA,NA,NA,NA,NA,NA,NA,NA,NA,NA,11.3646492434663,1.20208152801713,0,0,0,0,0.449793672627235,0.707106781186547,0,0,2018,1994-10-11,NA,NA,NA,NA
"Parry Nickerson","JAC","DB","13797","weighted",NA,NA,NA,NA,NA,NA,NA,NA,NA,NA,NA,NA,NA,NA,NA,NA,NA,NA,NA,NA,NA,NA,NA,NA,NA,NA,NA,NA,NA,NA,NA,NA,NA,NA,NA,NA,NA,NA,NA,NA,NA,NA,NA,NA,11.3646492434663,1.20208152801713,0,0,0,0,0.449793672627235,0.707106781186547,0,0,2018,1994-10-11,NA,NA,NA,NA
"Dane Cruikshank","TEN","DB","13784","weighted",NA,NA,NA,NA,NA,NA,NA,NA,NA,NA,NA,NA,NA,NA,NA,NA,NA,NA,NA,NA,NA,NA,NA,NA,NA,NA,NA,NA,NA,NA,NA,NA,NA,NA,NA,NA,NA,NA,NA,NA,NA,NA,NA,NA,8.48814814814815,5.3457272657703,0.0631824417009602,0.0989949493661166,0.0722085048010974,0.113137084989848,0.284320987654321,0.445477272147525,0,0,2018,1995-04-27,NA,NA,NA,NA
"Justin Layne","PIT","DB","14214","weighted",NA,NA,NA,NA,NA,NA,NA,NA,NA,NA,NA,NA,NA,NA,NA,NA,NA,NA,NA,NA,NA,NA,NA,NA,NA,NA,NA,NA,NA,NA,NA,NA,NA,NA,NA,NA,NA,NA,NA,NA,NA,NA,NA,NA,10.9297111416781,0.989949493661165,0,0,0.179917469050894,0.282842712474619,1.30440165061898,2.05060966544099,0,0,2019,1970-01-01,NA,NA,NA,NA
"Julian Love","NYG","DB","14179","weighted",NA,NA,NA,NA,NA,NA,NA,NA,NA,NA,NA,NA,NA,NA,NA,NA,NA,NA,NA,NA,NA,NA,NA,NA,NA,NA,NA,NA,NA,NA,NA,NA,NA,NA,NA,NA,NA,NA,NA,NA,NA,NA,NA,NA,11.0798079561043,0.438406204335659,0.0586694101508916,0.0919238815542512,0.203086419753086,0.318198051533946,0.997379972565158,1.56270598642227,0,0,2019,1998-03-19,NA,NA,NA,NA
"Brandon Wilson","CIN","DB","13338","weighted",NA,NA,NA,NA,NA,NA,NA,NA,NA,NA,NA,NA,NA,NA,NA,NA,NA,NA,NA,NA,NA,NA,NA,NA,NA,NA,NA,NA,NA,NA,NA,NA,NA,NA,NA,NA,NA,NA,NA,NA,NA,NA,NA,NA,10.3950068587106,1.08894444302728,0.112825788751715,0.176776695296637,0.180521262002743,0.282842712474619,0.726598079561043,1.13844191771034,0,0,2017,1994-07-27,NA,NA,NA,NA
"DeAndre Houston-Carson","CHI","DB","12813","weighted",NA,NA,NA,NA,NA,NA,NA,NA,NA,NA,NA,NA,NA,NA,NA,NA,NA,NA,NA,NA,NA,NA,NA,NA,NA,NA,NA,NA,NA,NA,NA,NA,NA,NA,NA,NA,NA,NA,NA,NA,NA,NA,NA,NA,8.99764060356653,3.45068109219035,0.0631824417009602,0.0989949493661166,0.108312757201646,0.169705627484771,0.442277091906721,0.692964645562816,0,0,2016,1993-04-13,NA,NA,NA,NA
"Marcus Sherels","NO","DB","10250","weighted",NA,NA,NA,NA,NA,NA,NA,NA,NA,NA,NA,NA,NA,NA,NA,NA,NA,NA,NA,NA,NA,NA,NA,NA,NA,NA,NA,NA,NA,NA,NA,NA,NA,NA,NA,NA,NA,NA,NA,NA,NA,NA,NA,NA,7.00145404663923,6.26496608131281,0.0135390946502058,0.0212132034355964,0.0496433470507545,0.0777817459305202,0.157956104252401,0.247487373415292,0,0,2010,1987-09-30,NA,NA,NA,NA
"Marcus Sherels","FA","DB","10250","weighted",NA,NA,NA,NA,NA,NA,NA,NA,NA,NA,NA,NA,NA,NA,NA,NA,NA,NA,NA,NA,NA,NA,NA,NA,NA,NA,NA,NA,NA,NA,NA,NA,NA,NA,NA,NA,NA,NA,NA,NA,NA,NA,NA,NA,7.00145404663923,6.26496608131281,0.0135390946502058,0.0212132034355964,0.0496433470507545,0.0777817459305202,0.157956104252401,0.247487373415292,0,0,2010,1987-09-30,NA,NA,NA,NA
"Jamel Dean","TB","DB","14219","weighted",NA,NA,NA,NA,NA,NA,NA,NA,NA,NA,NA,NA,NA,NA,NA,NA,NA,NA,NA,NA,NA,NA,NA,NA,NA,NA,NA,NA,NA,NA,NA,NA,NA,NA,NA,NA,NA,NA,NA,NA,NA,NA,NA,NA,4.84699588477366,7.59432682994352,0.0496433470507545,0.0777817459305202,0.189547325102881,0.29698484809835,0.947736625514403,1.48492424049175,0,0,2019,1996-10-15,NA,NA,NA,NA
"Shalom Luani","SEA","DB","13344","weighted",NA,NA,NA,NA,NA,NA,NA,NA,NA,NA,NA,NA,NA,NA,NA,NA,NA,NA,NA,NA,NA,NA,NA,NA,NA,NA,NA,NA,NA,NA,NA,NA,NA,NA,NA,NA,NA,NA,NA,NA,NA,NA,NA,NA,4.424375,4.91639994090447,0.0186931818181818,0.0341122622792641,0.0467329545454545,0.0852806556981603,0.710426136363636,0.810917565267655,0,0,2017,1994-08-15,NA,NA,NA,NA
"Shalom Luani","HOU","DB","13344","weighted",NA,NA,NA,NA,NA,NA,NA,NA,NA,NA,NA,NA,NA,NA,NA,NA,NA,NA,NA,NA,NA,NA,NA,NA,NA,NA,NA,NA,NA,NA,NA,NA,NA,NA,NA,NA,NA,NA,NA,NA,NA,NA,NA,NA,4.424375,4.91639994090447,0.0186931818181818,0.0341122622792641,0.0467329545454545,0.0852806556981603,0.710426136363636,0.810917565267655,0,0,2017,1994-08-15,NA,NA,NA,NA
"DeVante Bausby","DEN","DB","13034","weighted",NA,NA,NA,NA,NA,NA,NA,NA,NA,NA,NA,NA,NA,NA,NA,NA,NA,NA,NA,NA,NA,NA,NA,NA,NA,NA,NA,NA,NA,NA,NA,NA,NA,NA,NA,NA,NA,NA,NA,NA,NA,NA,NA,NA,4.3099451303155,6.75286976033153,0.0225651577503429,0.0353553390593274,0.180521262002743,0.282842712474619,0.631824417009602,0.989949493661166,0,0,NA,NA,NA,NA,NA,NA
"Clayton Fejedelem","CIN","DB","12850","weighted",NA,NA,NA,NA,NA,NA,NA,NA,NA,NA,NA,NA,NA,NA,NA,NA,NA,NA,NA,NA,NA,NA,NA,NA,NA,NA,NA,NA,NA,NA,NA,NA,NA,NA,NA,NA,NA,NA,NA,NA,NA,NA,NA,NA,4.11588477366255,6.44881384442131,0.135390946502058,0.212132034355964,0.0586694101508916,0.0919238815542512,0.649876543209877,1.01823376490863,0,0,2016,1993-06-02,NA,NA,NA,NA
"Clayton Fejedelem","MIA","DB","12850","weighted",NA,NA,NA,NA,NA,NA,NA,NA,NA,NA,NA,NA,NA,NA,NA,NA,NA,NA,NA,NA,NA,NA,NA,NA,NA,NA,NA,NA,NA,NA,NA,NA,NA,NA,NA,NA,NA,NA,NA,NA,NA,NA,NA,NA,4.11588477366255,6.44881384442131,0.135390946502058,0.212132034355964,0.0586694101508916,0.0919238815542512,0.649876543209877,1.01823376490863,0,0,2016,1993-06-02,NA,NA,NA,NA
"Marqui Christian","LAR","DB","12803","weighted",NA,NA,NA,NA,NA,NA,NA,NA,NA,NA,NA,NA,NA,NA,NA,NA,NA,NA,NA,NA,NA,NA,NA,NA,NA,NA,NA,NA,NA,NA,NA,NA,NA,NA,NA,NA,NA,NA,NA,NA,NA,NA,NA,NA,6.95725651577503,2.57386868351903,0.00451303155006859,0.00707106781186547,0.0812345679012346,0.127279220613579,0.347503429355281,0.544472221513641,0,0,2016,1994-10-27,"O","Suspension",2019,0
"Marqui Christian","FA","DB","12803","weighted",NA,NA,NA,NA,NA,NA,NA,NA,NA,NA,NA,NA,NA,NA,NA,NA,NA,NA,NA,NA,NA,NA,NA,NA,NA,NA,NA,NA,NA,NA,NA,NA,NA,NA,NA,NA,NA,NA,NA,NA,NA,NA,NA,NA,6.95725651577503,2.57386868351903,0.00451303155006859,0.00707106781186547,0.0812345679012346,0.127279220613579,0.347503429355281,0.544472221513641,0,0,2016,1994-10-27,"O","Suspension",2019,0
"Nate Ebner","NE","DB","10884","weighted",NA,NA,NA,NA,NA,NA,NA,NA,NA,NA,NA,NA,NA,NA,NA,NA,NA,NA,NA,NA,NA,NA,NA,NA,NA,NA,NA,NA,NA,NA,NA,NA,NA,NA,NA,NA,NA,NA,NA,NA,NA,NA,NA,NA,4.83993141289438,5.7346359954229,0,0,0,0,0,0,0,0,2012,1988-12-14,NA,NA,NA,NA
"Nate Ebner","NYG","DB","10884","weighted",NA,NA,NA,NA,NA,NA,NA,NA,NA,NA,NA,NA,NA,NA,NA,NA,NA,NA,NA,NA,NA,NA,NA,NA,NA,NA,NA,NA,NA,NA,NA,NA,NA,NA,NA,NA,NA,NA,NA,NA,NA,NA,NA,NA,4.83993141289438,5.7346359954229,0,0,0,0,0,0,0,0,2012,1988-12-14,NA,NA,NA,NA
"DeShon Elliott","BAL","DB","13806","weighted",NA,NA,NA,NA,NA,NA,NA,NA,NA,NA,NA,NA,NA,NA,NA,NA,NA,NA,NA,NA,NA,NA,NA,NA,NA,NA,NA,NA,NA,NA,NA,NA,NA,NA,NA,NA,NA,NA,NA,NA,NA,NA,NA,NA,3.79545953360768,5.94676802977886,0.0947736625514403,0.148492424049175,0.135390946502058,0.212132034355964,0.640850480109739,1.0040916292849,0,0,2018,1997-04-21,NA,NA,NA,NA
"Johnathan Ford","PHI","DB","13339","weighted",NA,NA,NA,NA,NA,NA,NA,NA,NA,NA,NA,NA,NA,NA,NA,NA,NA,NA,NA,NA,NA,NA,NA,NA,NA,NA,NA,NA,NA,NA,NA,NA,NA,NA,NA,NA,NA,NA,NA,NA,NA,NA,NA,NA,4.81973936899863,5.29622979108724,0,0,0.00451303155006859,0.00707106781186547,0.0225651577503429,0.0353553390593274,0,0,2017,1994-11-01,NA,NA,NA,NA
"DaNorris Searcy","FA","DB","10351","weighted",NA,NA,NA,NA,NA,NA,NA,NA,NA,NA,NA,NA,NA,NA,NA,NA,NA,NA,NA,NA,NA,NA,NA,NA,NA,NA,NA,NA,NA,NA,NA,NA,NA,NA,NA,NA,NA,NA,NA,NA,NA,NA,NA,NA,3.59834938101788,5.65685424949238,0,0,0,0,0.944566712517194,1.48492424049175,0,0,2011,1988-11-16,NA,NA,NA,NA
"Tre Herndon","JAC","DB","13914","weighted",NA,NA,NA,NA,NA,NA,NA,NA,NA,NA,NA,NA,NA,NA,NA,NA,NA,NA,NA,NA,NA,NA,NA,NA,NA,NA,NA,NA,NA,NA,NA,NA,NA,NA,NA,NA,NA,NA,NA,NA,NA,NA,NA,NA,6.38362139917695,2.3758787847868,0.0180521262002743,0.0282842712474619,0.0722085048010974,0.113137084989848,0.315912208504801,0.494974746830583,0,0,2018,1970-01-01,NA,NA,NA,NA
"Jordan Dangerfield","PIT","DB","12974","weighted",NA,NA,NA,NA,NA,NA,NA,NA,NA,NA,NA,NA,NA,NA,NA,NA,NA,NA,NA,NA,NA,NA,NA,NA,NA,NA,NA,NA,NA,NA,NA,NA,NA,NA,NA,NA,NA,NA,NA,NA,NA,NA,NA,NA,5.76034293552812,2.25567063198509,0.0225651577503429,0.0353553390593274,0.0631824417009602,0.0989949493661166,0.239190672153635,0.37476659402887,0,0,NA,NA,NA,NA,NA,NA
"P.J. Williams","NO","DB","12246","weighted",NA,NA,NA,NA,NA,NA,NA,NA,NA,NA,NA,NA,NA,NA,NA,NA,NA,NA,NA,NA,NA,NA,NA,NA,NA,NA,NA,NA,NA,NA,NA,NA,NA,NA,NA,NA,NA,NA,NA,NA,NA,NA,NA,NA,3.21327846364883,5.03460028204822,0.0902606310013717,0.14142135623731,0.157956104252401,0.247487373415292,0.821371742112483,1.28693434175952,0,0,2015,1993-06-01,NA,NA,NA,NA
"Blidi Wreh-Wilson","ATL","DB","11355","weighted",NA,NA,NA,NA,NA,NA,NA,NA,NA,NA,NA,NA,NA,NA,NA,NA,NA,NA,NA,NA,NA,NA,NA,NA,NA,NA,NA,NA,NA,NA,NA,NA,NA,NA,NA,NA,NA,NA,NA,NA,NA,NA,NA,NA,4.19360768175583,4.55376767084137,0,0,0.0135390946502058,0.0212132034355964,0.054156378600823,0.0848528137423857,0,0,2013,1989-12-05,NA,NA,NA,NA
"Khari Willis","IND","DB","14226","weighted",NA,NA,NA,NA,NA,NA,NA,NA,NA,NA,NA,NA,NA,NA,NA,NA,NA,NA,NA,NA,NA,NA,NA,NA,NA,NA,NA,NA,NA,NA,NA,NA,NA,NA,NA,NA,NA,NA,NA,NA,NA,NA,NA,NA,3.19973936899863,5.01338707861262,0.076721536351166,0.120208152801713,0.12636488340192,0.197989898732233,0.618285322359396,0.96873629022557,0,0,2019,1970-01-01,NA,NA,NA,NA
"Walt Aikens","MIA","DB","11799","weighted",NA,NA,NA,NA,NA,NA,NA,NA,NA,NA,NA,NA,NA,NA,NA,NA,NA,NA,NA,NA,NA,NA,NA,NA,NA,NA,NA,NA,NA,NA,NA,NA,NA,NA,NA,NA,NA,NA,NA,NA,NA,NA,NA,NA,6.50213991769547,0.466690475583121,0,0,0.67957475994513,0.502045814642449,0.460329218106996,0.721248916810278,0,0,2014,1991-06-19,"Q","Ankle",2019,0
"Walt Aikens","FA","DB","11799","weighted",NA,NA,NA,NA,NA,NA,NA,NA,NA,NA,NA,NA,NA,NA,NA,NA,NA,NA,NA,NA,NA,NA,NA,NA,NA,NA,NA,NA,NA,NA,NA,NA,NA,NA,NA,NA,NA,NA,NA,NA,NA,NA,NA,NA,6.50213991769547,0.466690475583121,0,0,0.67957475994513,0.502045814642449,0.460329218106996,0.721248916810278,0,0,2014,1991-06-19,"Q","Ankle",2019,0
"Cyrus Jones","BAL","DB","12749","weighted",NA,NA,NA,NA,NA,NA,NA,NA,NA,NA,NA,NA,NA,NA,NA,NA,NA,NA,NA,NA,NA,NA,NA,NA,NA,NA,NA,NA,NA,NA,NA,NA,NA,NA,NA,NA,NA,NA,NA,NA,NA,NA,NA,NA,4.99810699588477,1.56977705423414,0,0,0.0586694101508916,0.0919238815542512,0.792400548696845,0.325269119345812,0,0,2016,NA,"Q","Illness",2019,0
"Cyrus Jones","FA","DB","12749","weighted",NA,NA,NA,NA,NA,NA,NA,NA,NA,NA,NA,NA,NA,NA,NA,NA,NA,NA,NA,NA,NA,NA,NA,NA,NA,NA,NA,NA,NA,NA,NA,NA,NA,NA,NA,NA,NA,NA,NA,NA,NA,NA,NA,NA,4.99810699588477,1.56977705423414,0,0,0.0586694101508916,0.0919238815542512,0.792400548696845,0.325269119345812,0,0,2016,NA,"Q","Illness",2019,0
"Kurt Coleman","FA","DB","10026","weighted",NA,NA,NA,NA,NA,NA,NA,NA,NA,NA,NA,NA,NA,NA,NA,NA,NA,NA,NA,NA,NA,NA,NA,NA,NA,NA,NA,NA,NA,NA,NA,NA,NA,NA,NA,NA,NA,NA,NA,NA,NA,NA,NA,NA,2.62658436213992,4.11536146650571,0.0361042524005487,0.0565685424949238,0.112825788751715,0.176776695296637,0.370068587105624,0.579827560572969,0,0,2010,1988-07-01,NA,NA,NA,NA
"Quenton Meeks","FA","DB","13973","weighted",NA,NA,NA,NA,NA,NA,NA,NA,NA,NA,NA,NA,NA,NA,NA,NA,NA,NA,NA,NA,NA,NA,NA,NA,NA,NA,NA,NA,NA,NA,NA,NA,NA,NA,NA,NA,NA,NA,NA,NA,NA,NA,NA,NA,2.47386519944979,3.88908729652601,0,0,0,0,0.404814305364512,0.636396103067893,0,0,2018,1970-01-01,NA,NA,NA,NA
"Chris Banjo","FA","DB","11532","weighted",NA,NA,NA,NA,NA,NA,NA,NA,NA,NA,NA,NA,NA,NA,NA,NA,NA,NA,NA,NA,NA,NA,NA,NA,NA,NA,NA,NA,NA,NA,NA,NA,NA,NA,NA,NA,NA,NA,NA,NA,NA,NA,NA,NA,1.86921401515152,2.19201754600992,0.0186931818181818,0.0341122622792641,0.167670454545455,0.163328411448188,0.499895833333333,0.487934700201913,0,0,2013,1990-02-26,NA,NA,NA,NA
"Chris Banjo","ARI","DB","11532","weighted",NA,NA,NA,NA,NA,NA,NA,NA,NA,NA,NA,NA,NA,NA,NA,NA,NA,NA,NA,NA,NA,NA,NA,NA,NA,NA,NA,NA,NA,NA,NA,NA,NA,NA,NA,NA,NA,NA,NA,NA,NA,NA,NA,NA,1.86921401515152,2.19201754600992,0.0186931818181818,0.0341122622792641,0.167670454545455,0.163328411448188,0.499895833333333,0.487934700201913,0,0,2013,1990-02-26,NA,NA,NA,NA
"Dean Marlowe",NA,"DB","12486","weighted",NA,NA,NA,NA,NA,NA,NA,NA,NA,NA,NA,NA,NA,NA,NA,NA,NA,NA,NA,NA,NA,NA,NA,NA,NA,NA,NA,NA,NA,NA,NA,NA,NA,NA,NA,NA,NA,NA,NA,NA,NA,NA,NA,NA,1.68787379972565,2.64457936163769,0.0315912208504801,0.0494974746830583,0.0586694101508916,0.0919238815542512,0.35201646090535,0.551543289325507,0,0,NA,NA,NA,NA,NA,NA
"Natrell Jamerson","GB","DB","13788","weighted",NA,NA,NA,NA,NA,NA,NA,NA,NA,NA,NA,NA,NA,NA,NA,NA,NA,NA,NA,NA,NA,NA,NA,NA,NA,NA,NA,NA,NA,NA,NA,NA,NA,NA,NA,NA,NA,NA,NA,NA,NA,NA,NA,NA,1.56150891632373,2.44658946290545,0.0361042524005487,0.0565685424949238,0.0631824417009602,0.0989949493661166,0.347503429355281,0.544472221513641,0,0,2018,NA,NA,NA,NA,NA
"Natrell Jamerson","CAR","DB","13788","weighted",NA,NA,NA,NA,NA,NA,NA,NA,NA,NA,NA,NA,NA,NA,NA,NA,NA,NA,NA,NA,NA,NA,NA,NA,NA,NA,NA,NA,NA,NA,NA,NA,NA,NA,NA,NA,NA,NA,NA,NA,NA,NA,NA,NA,1.56150891632373,2.44658946290545,0.0361042524005487,0.0565685424949238,0.0631824417009602,0.0989949493661166,0.347503429355281,0.544472221513641,0,0,2018,NA,NA,NA,NA,NA
"Treston Decoud","DAL","DB","13311","weighted",NA,NA,NA,NA,NA,NA,NA,NA,NA,NA,NA,NA,NA,NA,NA,NA,NA,NA,NA,NA,NA,NA,NA,NA,NA,NA,NA,NA,NA,NA,NA,NA,NA,NA,NA,NA,NA,NA,NA,NA,NA,NA,NA,NA,1.15533607681756,1.81019335983756,0,0,0.0406172839506173,0.0636396103067893,0.171495198902606,0.268700576850888,0,0,2017,1993-08-01,NA,NA,NA,NA
"George Iloka","FA","DB","10784","weighted",NA,NA,NA,NA,NA,NA,NA,NA,NA,NA,NA,NA,NA,NA,NA,NA,NA,NA,NA,NA,NA,NA,NA,NA,NA,NA,NA,NA,NA,NA,NA,NA,NA,NA,NA,NA,NA,NA,NA,NA,NA,NA,NA,NA,1.03452544704264,1.62634559672906,0,0,0,0,0.494773039889959,0.777817459305202,0,0,2012,1990-06-20,NA,NA,NA,NA
"Maurice Alexander","BUF","DB","11792","weighted",NA,NA,NA,NA,NA,NA,NA,NA,NA,NA,NA,NA,NA,NA,NA,NA,NA,NA,NA,NA,NA,NA,NA,NA,NA,NA,NA,NA,NA,NA,NA,NA,NA,NA,NA,NA,NA,NA,NA,NA,NA,NA,NA,NA,0.825884773662552,1.29400540957138,0.0857475994513032,0.134350288425444,0.0270781893004115,0.0424264068711928,0.0722085048010974,0.113137084989848,0,0,2014,1991-02-16,"Q","Knee",2019,0
"Maurice Alexander","FA","DB","11792","weighted",NA,NA,NA,NA,NA,NA,NA,NA,NA,NA,NA,NA,NA,NA,NA,NA,NA,NA,NA,NA,NA,NA,NA,NA,NA,NA,NA,NA,NA,NA,NA,NA,NA,NA,NA,NA,NA,NA,NA,NA,NA,NA,NA,NA,0.825884773662552,1.29400540957138,0.0857475994513032,0.134350288425444,0.0270781893004115,0.0424264068711928,0.0722085048010974,0.113137084989848,0,0,2014,1991-02-16,"Q","Knee",2019,0
"Josh Jackson","GB","DB","13708","weighted",NA,NA,NA,NA,NA,NA,NA,NA,NA,NA,NA,NA,NA,NA,NA,NA,NA,NA,NA,NA,NA,NA,NA,NA,NA,NA,NA,NA,NA,NA,NA,NA,NA,NA,NA,NA,NA,NA,NA,NA,NA,NA,NA,NA,0.758189300411523,1.1879393923934,0.00902606310013717,0.0141421356237309,0.0315912208504801,0.0494974746830583,0.171495198902606,0.268700576850888,0,0,2018,1996-04-03,NA,NA,NA,NA
"David Amerson","ARI","DB","11315","weighted",NA,NA,NA,NA,NA,NA,NA,NA,NA,NA,NA,NA,NA,NA,NA,NA,NA,NA,NA,NA,NA,NA,NA,NA,NA,NA,NA,NA,NA,NA,NA,NA,NA,NA,NA,NA,NA,NA,NA,NA,NA,NA,NA,NA,0.674690508940853,1.06066017177982,0,0,0.0449793672627235,0.0707106781186548,0.134938101788171,0.212132034355964,0,0,2013,1991-12-08,NA,NA,NA,NA
"Kevin Toliver","CHI","DB","13946","weighted",NA,NA,NA,NA,NA,NA,NA,NA,NA,NA,NA,NA,NA,NA,NA,NA,NA,NA,NA,NA,NA,NA,NA,NA,NA,NA,NA,NA,NA,NA,NA,NA,NA,NA,NA,NA,NA,NA,NA,NA,NA,NA,NA,NA,0.47838134430727,0.74953318805774,0,0,0.0135390946502058,0.0212132034355964,0.0812345679012346,0.127279220613579,0,0,2018,1970-01-01,NA,NA,NA,NA
"Rontez Miles","NYJ","DB","11595","weighted",NA,NA,NA,NA,NA,NA,NA,NA,NA,NA,NA,NA,NA,NA,NA,NA,NA,NA,NA,NA,NA,NA,NA,NA,NA,NA,NA,NA,NA,NA,NA,NA,NA,NA,NA,NA,NA,NA,NA,NA,NA,NA,NA,NA,0.437764060356653,0.685893577750951,0,0,0.0315912208504801,0.0494974746830583,0.0722085048010974,0.113137084989848,0,0,NA,NA,"Q","Neck",2019,0
"Rontez Miles","FA","DB","11595","weighted",NA,NA,NA,NA,NA,NA,NA,NA,NA,NA,NA,NA,NA,NA,NA,NA,NA,NA,NA,NA,NA,NA,NA,NA,NA,NA,NA,NA,NA,NA,NA,NA,NA,NA,NA,NA,NA,NA,NA,NA,NA,NA,NA,NA,0.437764060356653,0.685893577750951,0,0,0.0315912208504801,0.0494974746830583,0.0722085048010974,0.113137084989848,0,0,NA,NA,"Q","Neck",2019,0
"Derron Smith","FA","DB","12253","weighted",NA,NA,NA,NA,NA,NA,NA,NA,NA,NA,NA,NA,NA,NA,NA,NA,NA,NA,NA,NA,NA,NA,NA,NA,NA,NA,NA,NA,NA,NA,NA,NA,NA,NA,NA,NA,NA,NA,NA,NA,NA,NA,NA,NA,0.424224965706447,0.664680374315355,0.0135390946502058,0.0212132034355964,0.00902606310013717,0.0141421356237309,0.0225651577503429,0.0353553390593274,0,0,2015,1992-02-04,NA,NA,NA,NA
"A.J. Moore","HOU","DB","13955","weighted",NA,NA,NA,NA,NA,NA,NA,NA,NA,NA,NA,NA,NA,NA,NA,NA,NA,NA,NA,NA,NA,NA,NA,NA,NA,NA,NA,NA,NA,NA,NA,NA,NA,NA,NA,NA,NA,NA,NA,NA,NA,NA,NA,NA,0.203086419753086,0.318198051533946,0.00451303155006859,0.00707106781186547,0.00451303155006859,0.00707106781186547,0.00451303155006859,0.00707106781186547,0,0,2018,1970-01-01,NA,NA,NA,NA
"Godwin Igwebuike","NYJ","DB","14011","weighted",NA,NA,NA,NA,NA,NA,NA,NA,NA,NA,NA,NA,NA,NA,NA,NA,NA,NA,NA,NA,NA,NA,NA,NA,NA,NA,NA,NA,NA,NA,NA,NA,NA,NA,NA,NA,NA,NA,NA,NA,NA,NA,NA,NA,0.176008230452675,0.275771644662754,0.0180521262002743,0.0282842712474619,0.00902606310013717,0.0141421356237309,0.0135390946502058,0.0212132034355964,0,0,2018,1970-01-01,NA,NA,NA,NA
"Charles Washington","DET","DB","13468","weighted",NA,NA,NA,NA,NA,NA,NA,NA,NA,NA,NA,NA,NA,NA,NA,NA,NA,NA,NA,NA,NA,NA,NA,NA,NA,NA,NA,NA,NA,NA,NA,NA,NA,NA,NA,NA,NA,NA,NA,NA,NA,NA,NA,NA,0.162469135802469,0.254558441227157,0.00902606310013717,0.0141421356237309,0,0,0,0,0,0,2016,1993-03-10,NA,NA,NA,NA
"Charles Washington","ARI","DB","13468","weighted",NA,NA,NA,NA,NA,NA,NA,NA,NA,NA,NA,NA,NA,NA,NA,NA,NA,NA,NA,NA,NA,NA,NA,NA,NA,NA,NA,NA,NA,NA,NA,NA,NA,NA,NA,NA,NA,NA,NA,NA,NA,NA,NA,NA,0.162469135802469,0.254558441227157,0.00902606310013717,0.0141421356237309,0,0,0,0,0,0,2016,1993-03-10,NA,NA,NA,NA
"Antonio Hamilton","NYG","DB","12976","weighted",NA,NA,NA,NA,NA,NA,NA,NA,NA,NA,NA,NA,NA,NA,NA,NA,NA,NA,NA,NA,NA,NA,NA,NA,NA,NA,NA,NA,NA,NA,NA,NA,NA,NA,NA,NA,NA,NA,NA,NA,NA,NA,NA,NA,0.135390946502058,0.212132034355964,0,0,0,0,0,0,0,0,0,1993-01-24,NA,NA,NA,NA
"Antonio Hamilton","KC","DB","12976","weighted",NA,NA,NA,NA,NA,NA,NA,NA,NA,NA,NA,NA,NA,NA,NA,NA,NA,NA,NA,NA,NA,NA,NA,NA,NA,NA,NA,NA,NA,NA,NA,NA,NA,NA,NA,NA,NA,NA,NA,NA,NA,NA,NA,NA,0.135390946502058,0.212132034355964,0,0,0,0,0,0,0,0,0,1993-01-24,NA,NA,NA,NA
"Adonis Alexander","WAS","DB","13867","weighted",NA,NA,NA,NA,NA,NA,NA,NA,NA,NA,NA,NA,NA,NA,NA,NA,NA,NA,NA,NA,NA,NA,NA,NA,NA,NA,NA,NA,NA,NA,NA,NA,NA,NA,NA,NA,NA,NA,NA,NA,NA,NA,NA,NA,0.0359834938101788,0.0565685424949238,0,0,0,0,0,0,0,0,2018,1970-01-01,NA,NA,NA,NA
