"player","team","position","id","avg_type","pass_yds","pass_yds_sd","pass_tds","pass_tds_sd","pass_int","pass_int_sd","rush_yds","rush_yds_sd","rush_tds","rush_tds_sd","fumbles_lost","fumbles_lost_sd","two_pts","two_pts_sd","return_tds","return_tds_sd","rec_yds","rec_yds_sd","rec_tds","rec_tds_sd","fg_0019","fg_0019_sd","fg_2029","fg_2029_sd","fg_3039","fg_3039_sd","fg_4049","fg_4049_sd","fg_50","fg_50_sd","xp","xp_sd","dst_int","dst_int_sd","dst_sacks","dst_sacks_sd","dst_safety","dst_safety_sd","dst_td","dst_td_sd","dst_blk","dst_blk_sd","idp_solo","idp_solo_sd","idp_sack","idp_sack_sd","idp_int","idp_int_sd","idp_pd","idp_pd_sd","idp_td","idp_td_sd","draft_year","birthdate","injury_status","injury_details","season_year","week"
"Tom Brady","NE","QB","5848","weighted",4631.82771681416,227.525871585062,33.0360884955752,2.97784834276629,8.73656637168142,0.826159695911277,39.6930088495575,15.0891038425988,0.631252366270534,0.641099509426738,2.83998525073746,0.217217967623573,1.00561946902655,0.00176168590455977,0,0,NA,NA,NA,NA,NA,NA,NA,NA,NA,NA,NA,NA,NA,NA,NA,NA,NA,NA,NA,NA,NA,NA,NA,NA,NA,NA,NA,NA,NA,NA,NA,NA,NA,NA,NA,NA,2000,1977-08-03,NA,NA,NA,NA
"Drew Brees","NO","QB","4925","weighted",4545.96798230088,155.04689633964,28.8112566371681,2.66717047155944,12.3322300884956,1.48953855410586,49.442017699115,52.0128981316352,1.38459147416313,0.699501216554155,2.41344690265487,0.589346411922582,0.724646017699115,0.0863226093234269,0,0,NA,NA,NA,NA,NA,NA,NA,NA,NA,NA,NA,NA,NA,NA,NA,NA,NA,NA,NA,NA,NA,NA,NA,NA,NA,NA,NA,NA,NA,NA,NA,NA,NA,NA,NA,NA,2001,1979-01-15,NA,NA,NA,NA
"Ben Roethlisberger","PIT","QB","7401","weighted",4443.05738053097,174.3419647558,29.4267433628319,1.17164975914398,14.8072566371681,1.59036631112609,55.8678761061947,27.9135354747518,0.642171291635631,0.407373644429066,2.83674631268437,0.233013982131744,1.50548672566372,0.155028359601256,0,0,NA,NA,NA,NA,NA,NA,NA,NA,NA,NA,NA,NA,NA,NA,NA,NA,NA,NA,NA,NA,NA,NA,NA,NA,NA,NA,NA,NA,NA,NA,NA,NA,NA,NA,NA,NA,2004,1982-03-02,NA,NA,NA,NA
"Aaron Rodgers","GB","QB","7836","weighted",4250.68631858407,233.119813257685,34.9970619469027,2.05595602311414,10.0864424778761,3.05136771410453,330.462761061947,37.2104971230419,2.11968611124928,0.574501114502861,3.33229351032448,0.395331438400161,2.32566371681416,0.211402308547168,0,0,NA,NA,NA,NA,NA,NA,NA,NA,NA,NA,NA,NA,NA,NA,NA,NA,NA,NA,NA,NA,NA,NA,NA,NA,NA,NA,NA,NA,NA,NA,NA,NA,NA,NA,NA,NA,2005,1983-12-02,NA,NA,NA,NA
"Jimmy Garoppolo","SF","QB","11760","weighted",4324.68614159292,199.091059877904,25.006,4.19845314976465,12.2193805309735,1.55916038395884,104.400389380531,67.4523280887041,1.75483781251538,1.10357339199066,2.78960029498525,0.526619281981351,1.09526548672566,0.283631430634117,0,0,NA,NA,NA,NA,NA,NA,NA,NA,NA,NA,NA,NA,NA,NA,NA,NA,NA,NA,NA,NA,NA,NA,NA,NA,NA,NA,NA,NA,NA,NA,NA,NA,NA,NA,NA,NA,2014,1991-11-02,"IR","Knee - ACL",2018,0
"Matthew Stafford","DET","QB","9431","weighted",4352.16263716814,146.040881348812,27.3378230088496,1.86659856235922,11.6628672566372,1.62147954437455,131.704884955752,15.9199561312371,0.963706853153181,0.176150477006308,3.90647197640118,0.416172255863376,1.07305309734513,0.0229019167592765,0,0,NA,NA,NA,NA,NA,NA,NA,NA,NA,NA,NA,NA,NA,NA,NA,NA,NA,NA,NA,NA,NA,NA,NA,NA,NA,NA,NA,NA,NA,NA,NA,NA,NA,NA,NA,NA,2009,1988-02-07,NA,NA,NA,NA
"Matthew Stafford","DET","QB","9431","weighted",4352.16263716814,146.040881348812,27.3378230088496,1.86659856235922,11.6628672566372,1.62147954437455,131.704884955752,15.9199561312371,0.963706853153181,0.176150477006308,3.90647197640118,0.416172255863376,1.07305309734513,0.0229019167592765,0,0,NA,NA,NA,NA,NA,NA,NA,NA,NA,NA,NA,NA,NA,NA,NA,NA,NA,NA,NA,NA,NA,NA,NA,NA,NA,NA,NA,NA,NA,NA,NA,NA,NA,NA,NA,NA,2009,2003-05-23,NA,NA,NA,NA
"Philip Rivers","LAC","QB","7394","weighted",4408.21042477876,69.529264933224,29.2706725663717,1.90130077862749,13.2255752212389,1.55940064943734,29.4287079646018,22.3524541318211,0.195805309734513,0.22895780913581,2.96204424778761,0.175625007406905,0.887610619469027,0.0352337180911947,0,0,NA,NA,NA,NA,NA,NA,NA,NA,NA,NA,NA,NA,NA,NA,NA,NA,NA,NA,NA,NA,NA,NA,NA,NA,NA,NA,NA,NA,NA,NA,NA,NA,NA,NA,NA,NA,2004,1981-12-08,"Q","Ankle",2018,0
"Kirk Cousins","MIN","QB","10700","weighted",4079.42486725664,155.013675886951,26.0716637168142,1.52184381177513,13.0802300884956,1.12822259968788,158.527079646018,35.2943467087951,2.51732979623792,1.04431018260497,3.74907817109145,0.108114138351956,0.606637168141593,0.123318013319181,0,0,NA,NA,NA,NA,NA,NA,NA,NA,NA,NA,NA,NA,NA,NA,NA,NA,NA,NA,NA,NA,NA,NA,NA,NA,NA,NA,NA,NA,NA,NA,NA,NA,NA,NA,NA,NA,2012,1988-08-19,NA,NA,NA,NA
"Matt Ryan","ATL","QB","9099","weighted",4315.56877876106,87.5763696858256,26.8391681415929,1.75816879541117,11.3793097345133,1.68748546294978,118.248053097345,13.8062341645638,0.599373596748783,0.556351111367933,2.82707522123894,0.18222085256814,0.679690265486726,0.100416096559905,0,0,NA,NA,NA,NA,NA,NA,NA,NA,NA,NA,NA,NA,NA,NA,NA,NA,NA,NA,NA,NA,NA,NA,NA,NA,NA,NA,NA,NA,NA,NA,NA,NA,NA,NA,NA,NA,2008,1985-05-17,"Q","Wrist",2018,0
"Andrew Luck","IND","QB","10695","weighted",4082.9365840708,250.707035341185,26.7703716814159,1.97988955854717,14.8093805309735,1.40907461247455,289.566513274336,40.7823989273991,2.14584906936441,0.412966038675137,3.64597935103245,0.639562789609584,0.595663716814159,0.186738705883332,0,0,NA,NA,NA,NA,NA,NA,NA,NA,NA,NA,NA,NA,NA,NA,NA,NA,NA,NA,NA,NA,NA,NA,NA,NA,NA,NA,NA,NA,NA,NA,NA,NA,NA,NA,NA,NA,2012,1989-09-12,NA,NA,NA,NA
"Alex Smith","WAS","QB","7813","weighted",3882.59394690265,272.042869038633,24.1942123893805,2.48413774269196,8.14444247787611,1.61799734704387,269.538088495575,37.3735578022335,1.97166827278174,0.238785202298668,3.61520943952802,1.05934058154246,0.910088495575221,0.0281869744729557,0,0,NA,NA,NA,NA,NA,NA,NA,NA,NA,NA,NA,NA,NA,NA,NA,NA,NA,NA,NA,NA,NA,NA,NA,NA,NA,NA,NA,NA,NA,NA,NA,NA,NA,NA,NA,NA,2005,1984-05-07,"IR","Lower Leg",2018,0
"Jared Goff","LAR","QB","12611","weighted",4037.88346902655,153.350140741569,27.9997168141593,1.86948879866092,10.8465663716814,1.92091868352828,70.3684778761062,36.3323113729455,1.09094702488207,0.162224197740535,3.86653392330383,0.318492975506548,0.741504424778761,0.0810375516097477,0,0,NA,NA,NA,NA,NA,NA,NA,NA,NA,NA,NA,NA,NA,NA,NA,NA,NA,NA,NA,NA,NA,NA,NA,NA,NA,NA,NA,NA,NA,NA,NA,NA,NA,NA,NA,NA,2016,1994-10-14,NA,NA,NA,NA
"Eli Manning","NYG","QB","7391","weighted",3938.51739823009,161.829312609278,24.5248495575221,2.43851353500589,14.6739646017699,0.901062755545933,29.8147256637168,11.4242048433853,0.517693161029669,0.428676379711829,4.34847610619469,0.837423527870546,0.792345132743363,0.248397712542922,0,0,NA,NA,NA,NA,NA,NA,NA,NA,NA,NA,NA,NA,NA,NA,NA,NA,NA,NA,NA,NA,NA,NA,NA,NA,NA,NA,NA,NA,NA,NA,NA,NA,NA,NA,NA,NA,2004,1981-01-03,NA,NA,NA,NA
"Ryan Tannehill","MIA","QB","10697","weighted",3851.98828318584,239.105750330988,22.0985840707965,1.40219752905287,15.0031150442478,3.16828564241669,163.42196460177,40.2246164775059,1.20087286929931,0.514427166363578,3.33174513274336,0.204173890042481,0.618141592920354,0.193785449501571,0,0,NA,NA,NA,NA,NA,NA,NA,NA,NA,NA,NA,NA,NA,NA,NA,NA,NA,NA,NA,NA,NA,NA,NA,NA,NA,NA,NA,NA,NA,NA,NA,NA,NA,NA,NA,NA,2012,1988-07-27,NA,NA,NA,NA
"Derek Carr","OAK","QB","11644","weighted",3897.8405840708,199.485484470445,26.1338761061947,3.06899079385058,12.7645309734513,1.28850706947353,77.6062123893805,23.5727324522636,0.374020627245489,0.374622104869085,3.6378796460177,0.301330084059889,0.696814159292035,0.218449052165407,0,0,NA,NA,NA,NA,NA,NA,NA,NA,NA,NA,NA,NA,NA,NA,NA,NA,NA,NA,NA,NA,NA,NA,NA,NA,NA,NA,NA,NA,NA,NA,NA,NA,NA,NA,NA,NA,2014,1991-03-28,NA,NA,NA,NA
"Deshaun Watson","HOU","QB","13113","weighted",3886.78497345133,263.652377018356,29.5952566371681,3.8079278950613,15.4499646017699,2.12017167943685,458.028017699115,77.4640809295497,3.55157641414843,1.07218853593519,3.96371681415929,0.417734473704505,1.56703539823009,0.449229905662732,0,0,NA,NA,NA,NA,NA,NA,NA,NA,NA,NA,NA,NA,NA,NA,NA,NA,NA,NA,NA,NA,NA,NA,NA,NA,NA,NA,NA,NA,NA,NA,NA,NA,NA,NA,NA,NA,2017,1995-09-14,NA,NA,NA,NA
"Patrick Mahomes","KC","QB","13116","weighted",3900.0887079646,159.130765461116,23.1025663716814,2.67817121220003,13.6191150442478,2.4614287656729,263.672053097345,65.3632843046978,2.15978562698959,0.855389390119536,2.41801238938053,0.68707283419849,0.685309734513274,0.0986544106553451,0,0,NA,NA,NA,NA,NA,NA,NA,NA,NA,NA,NA,NA,NA,NA,NA,NA,NA,NA,NA,NA,NA,NA,NA,NA,NA,NA,NA,NA,NA,NA,NA,NA,NA,NA,NA,NA,2017,1995-09-17,NA,NA,NA,NA
"Ryan Fitzpatrick","TB","QB","8062","weighted",1428.55072,1201.43115338465,7.98342,6.85460211535086,5.72288,5.33261043127834,67.3918,56.6431556329126,0.36086,0.558762759785973,1.53002,0.79200446397513,0.4959,0.163097359439411,0,0,NA,NA,NA,NA,NA,NA,NA,NA,NA,NA,NA,NA,NA,NA,NA,NA,NA,NA,NA,NA,NA,NA,NA,NA,NA,NA,NA,NA,NA,NA,NA,NA,NA,NA,NA,NA,2005,1982-11-24,NA,NA,NA,NA
"Russell Wilson","SEA","QB","10703","weighted",3928.08814159292,140.746477007261,27.9006371681416,2.33651039738075,11.7825486725664,2.92398832095335,513.606265486726,37.8548991641539,2.93930959040971,0.59950384507415,3.07626843657817,0.489690889386098,2.02221238938053,0.306533347393393,0,0,NA,NA,NA,NA,NA,NA,NA,NA,NA,NA,NA,NA,NA,NA,NA,NA,NA,NA,NA,NA,NA,NA,NA,NA,NA,NA,NA,NA,NA,NA,NA,NA,NA,NA,NA,NA,2012,1988-11-29,NA,NA,NA,NA
"Case Keenum","DEN","QB","10948","weighted",3788.63396460177,232.758778065625,22.126814159292,1.43794559938802,11.9555752212389,1.71845563793623,159.184796460177,36.6834789974309,1.19074208124938,0.430459114536368,3.55049380530973,0.649657847076418,0.432699115044248,0.135649814651099,0,0,NA,NA,NA,NA,NA,NA,NA,NA,NA,NA,NA,NA,NA,NA,NA,NA,NA,NA,NA,NA,NA,NA,NA,NA,NA,NA,NA,NA,NA,NA,NA,NA,NA,NA,NA,NA,2012,1988-02-17,NA,NA,NA,NA
"Andy Dalton","CIN","QB","10313","weighted",3747.73138053097,210.464682731979,23.9897876106195,2.06621124518776,12.4298230088496,2.85141975762073,138.702707964602,20.9924471654645,1.46623836874088,0.443554692699366,3.25819646017699,0.480669560232973,0.735884955752212,0.0827992375143074,0,0,NA,NA,NA,NA,NA,NA,NA,NA,NA,NA,NA,NA,NA,NA,NA,NA,NA,NA,NA,NA,NA,NA,NA,NA,NA,NA,NA,NA,NA,NA,NA,NA,NA,NA,NA,NA,2011,1987-10-29,"IR","Thumb",2018,0
"Mitchell Trubisky","CHI","QB","13115","weighted",3460.13665486726,342.241164053312,19.3162654867257,4.20235518752573,12.934814159292,1.541887579958,294.813274336283,27.1032870091563,2.27525632239323,0.320746424499895,3.45082654867257,0.419039687997122,0.202300884955752,0.0634206925641504,0,0,NA,NA,NA,NA,NA,NA,NA,NA,NA,NA,NA,NA,NA,NA,NA,NA,NA,NA,NA,NA,NA,NA,NA,NA,NA,NA,NA,NA,NA,NA,NA,NA,NA,NA,NA,NA,2017,1994-08-20,NA,NA,NA,NA
"Carson Wentz","PHI","QB","12610","weighted",3539.1987079646,305.082153684385,25.6873274336283,4.19909497428848,9.91759292035398,1.72740371598228,238.468017699115,50.7344626081399,1.46192964993818,0.744273844576321,3.04722831858407,0.570027412243029,2.76716814159292,0.292439860156916,0,0,NA,NA,NA,NA,NA,NA,NA,NA,NA,NA,NA,NA,NA,NA,NA,NA,NA,NA,NA,NA,NA,NA,NA,NA,NA,NA,NA,NA,NA,NA,NA,NA,NA,NA,NA,NA,2016,1992-12-30,"Q","Back",2018,0
"Sam Bradford","ARI","QB","9817","weighted",2666.9012,834.629295996488,15.15824,5.39860066395365,7.99228,2.84700926155964,44.22224,22.5146146279233,0.33566,0.340846242702224,1.967836,0.311100200418109,0.3477,0.114355619836829,0,0,NA,NA,NA,NA,NA,NA,NA,NA,NA,NA,NA,NA,NA,NA,NA,NA,NA,NA,NA,NA,NA,NA,NA,NA,NA,NA,NA,NA,NA,NA,NA,NA,NA,NA,NA,NA,2010,1987-11-08,NA,NA,NA,NA
"Joe Flacco","BAL","QB","9064","weighted",3593.88440707965,221.465139115486,20.0639646017699,1.15500485601946,13.4779646017699,2.01578553639169,64.1672212389381,26.1946469114109,1.17100937654513,0.265712331277571,2.26606902654867,0.568377549011686,0.33716814159292,0.105701154273584,0,0,NA,NA,NA,NA,NA,NA,NA,NA,NA,NA,NA,NA,NA,NA,NA,NA,NA,NA,NA,NA,NA,NA,NA,NA,NA,NA,NA,NA,NA,NA,NA,NA,NA,NA,NA,NA,2008,1985-01-16,NA,NA,NA,NA
"Dak Prescott","DAL","QB","12620","weighted",3501.88026548673,105.96365407285,21.8527610619469,1.5870392236333,11.357610619469,1.97060851012161,330.640955752212,33.5390219883235,4.15565072920831,1.2446128208153,3.23316991150443,0.323253707924838,0.438318584070796,0.137411500555659,0,0,NA,NA,NA,NA,NA,NA,NA,NA,NA,NA,NA,NA,NA,NA,NA,NA,NA,NA,NA,NA,NA,NA,NA,NA,NA,NA,NA,NA,NA,NA,NA,NA,NA,NA,NA,NA,2016,1993-07-29,NA,NA,NA,NA
"Blake Bortles","JAC","QB","11642","weighted",3660.20047787611,124.664078730974,21.496,0.926306309651251,12.9691327433628,1.49469310610922,338.13196460177,34.9671410623269,2.38853627682193,0.512208404600824,3.47970442477876,0.229049906360336,0.657477876106195,0.206117250833489,0,0,NA,NA,NA,NA,NA,NA,NA,NA,NA,NA,NA,NA,NA,NA,NA,NA,NA,NA,NA,NA,NA,NA,NA,NA,NA,NA,NA,NA,NA,NA,NA,NA,NA,NA,NA,NA,2014,1991-12-16,NA,NA,NA,NA
"Marcus Mariota","TEN","QB","12141","weighted",3572.1018761062,137.595113475945,21.7086371681416,1.28409439866194,13.2132566371681,2.19279425169489,359.888,24.1975632110525,3.40142795999376,0.730040415781329,2.96709144542773,0.216565144318952,1.91008849557522,0.0281869744729557,0,0,NA,NA,NA,NA,NA,NA,NA,NA,NA,NA,NA,NA,NA,NA,NA,NA,NA,NA,NA,NA,NA,NA,NA,NA,NA,NA,NA,NA,NA,NA,NA,NA,NA,NA,NA,NA,2015,1993-10-30,"Q","Neck",2018,0
"Cam Newton","CAR","QB","10273","weighted",3533.6070619469,161.566579772595,22.3197876106195,1.43232474111998,14.7698053097345,2.43503070390518,624.043539823009,58.0223934913689,5.16396834032358,0.492107262105074,2.49541297935103,0.445622638106503,0.612256637168142,0.121556327414622,0,0,NA,NA,NA,NA,NA,NA,NA,NA,NA,NA,NA,NA,NA,NA,NA,NA,NA,NA,NA,NA,NA,NA,NA,NA,NA,NA,NA,NA,NA,NA,NA,NA,NA,NA,NA,NA,2011,1989-05-11,"Q","Shoulder",2018,0
"Tyrod Taylor","CLE","QB","10413","weighted",2694.2311,235.229768286548,14.55744,2.76492586492061,7.67452,3.02562126119834,363.20568,64.5874599857482,2.93598,0.745572984349426,2.97129,0.455334945911407,1.1077,0.260580838644577,0,0,NA,NA,NA,NA,NA,NA,NA,NA,NA,NA,NA,NA,NA,NA,NA,NA,NA,NA,NA,NA,NA,NA,NA,NA,NA,NA,NA,NA,NA,NA,NA,NA,NA,NA,NA,NA,2011,1989-08-03,NA,NA,NA,NA
"Sam Darnold","NYJ","QB","13592","weighted",2845.59369911504,1021.00582229099,15.509610619469,4.86213637104913,12.2118938053097,4.80017606824504,124.711097345133,80.5563642676603,1.21527155644515,0.590620683850906,2.69231504424779,0.464288095558686,0.415840707964602,0.13036475693742,0,0,NA,NA,NA,NA,NA,NA,NA,NA,NA,NA,NA,NA,NA,NA,NA,NA,NA,NA,NA,NA,NA,NA,NA,NA,NA,NA,NA,NA,NA,NA,NA,NA,NA,NA,NA,NA,2018,1997-06-05,NA,NA,NA,NA
"Jameis Winston","TB","QB","12140","weighted",3488.41272727273,166.370151273935,21.2159393939394,2.42924298264057,12.3388888888889,0.982439242508485,134.660505050505,16.3556790002021,1.14223599470001,0.132935058121775,4.37222222222222,0.764972458152508,0.9,0,0,0,NA,NA,NA,NA,NA,NA,NA,NA,NA,NA,NA,NA,NA,NA,NA,NA,NA,NA,NA,NA,NA,NA,NA,NA,NA,NA,NA,NA,NA,NA,NA,NA,NA,NA,NA,NA,2015,1994-01-06,NA,NA,NA,NA
"Nathan Peterman","BUF","QB","13127","weighted",1428.58448,1195.85401956406,7.56128,6.84350908691496,5.7575,4.4651053817821,102.80766,130.368897384986,1.00714,1.63840892188372,0.922038,0.493721414037482,0.1311,0.0431176927253617,0,0,NA,NA,NA,NA,NA,NA,NA,NA,NA,NA,NA,NA,NA,NA,NA,NA,NA,NA,NA,NA,NA,NA,NA,NA,NA,NA,NA,NA,NA,NA,NA,NA,NA,NA,NA,NA,2017,1994-05-04,NA,NA,NA,NA
"AJ McCarron","BUF","QB","11643","weighted",494.77536,1145.75561288063,2.7964,7.37387841694877,1.53504,3.04922516588795,16.341095,36.7142157926359,0.13292,0.351564643351096,0.02546,0.0338435853453868,0.114,0.0374936458481406,0,0,NA,NA,NA,NA,NA,NA,NA,NA,NA,NA,NA,NA,NA,NA,NA,NA,NA,NA,NA,NA,NA,NA,NA,NA,NA,NA,NA,NA,NA,NA,NA,NA,NA,NA,NA,NA,2014,1990-09-13,NA,NA,NA,NA
"Josh Allen","BUF","QB","13589","weighted",1608.09398230089,1169.66257250599,8.65150442477876,6.39758101042303,8.05729203539823,5.6638769271112,96.7636814159292,90.7069489837831,0.512230088495575,0.706213617940998,1.63757168141593,0.751257100229484,0.202300884955752,0.0634206925641504,0,0,NA,NA,NA,NA,NA,NA,NA,NA,NA,NA,NA,NA,NA,NA,NA,NA,NA,NA,NA,NA,NA,NA,NA,NA,NA,NA,NA,NA,NA,NA,NA,NA,NA,NA,NA,NA,2018,1996-05-21,NA,NA,NA,NA
"Josh McCown","NYJ","QB","6589","weighted",737.995716814159,811.412834510989,4.19900884955752,4.71469452162737,2.91902654867257,3.04734251157937,34.7310265486726,31.4567355315084,0.483223205506391,0.471171020626994,0.88550796460177,1.0597027334232,0.112389380530973,0.0352337180911947,0,0,NA,NA,NA,NA,NA,NA,NA,NA,NA,NA,NA,NA,NA,NA,NA,NA,NA,NA,NA,NA,NA,NA,NA,NA,NA,NA,NA,NA,NA,NA,NA,NA,NA,NA,NA,NA,2002,1979-07-04,NA,NA,NA,NA
"Josh Rosen","ARI","QB","13591","weighted",1438.63460176991,719.734990117556,7.43192920353982,3.59721306860464,6.04437168141593,2.89008059188529,41.8581592920354,28.2252718360377,0.251231071779744,0.297123046789495,1.18426371681416,0.220384927146378,0.207920353982301,0.0651823784687101,0,0,NA,NA,NA,NA,NA,NA,NA,NA,NA,NA,NA,NA,NA,NA,NA,NA,NA,NA,NA,NA,NA,NA,NA,NA,NA,NA,NA,NA,NA,NA,NA,NA,NA,NA,NA,NA,2018,1997-02-10,NA,NA,NA,NA
"Nick Foles","PHI","QB","10699","weighted",615.774477876106,473.990961460973,4.29327433628319,3.31676826377557,2.22663716814159,2.0091962642183,20.9821238938053,17.2020615525149,0.100092428711898,0.14244326817487,1.50726017699115,0.7917982752597,0.196681415929204,0.0616590066595907,0,0,NA,NA,NA,NA,NA,NA,NA,NA,NA,NA,NA,NA,NA,NA,NA,NA,NA,NA,NA,NA,NA,NA,NA,NA,NA,NA,NA,NA,NA,NA,NA,NA,NA,NA,NA,NA,2012,1989-01-20,NA,NA,NA,NA
"Baker Mayfield","CLE","QB","13590","weighted",1103.93716814159,448.241808542619,5.20562831858407,2.89540073565318,4.39686725663717,1.78747230111573,73.861982300885,51.5060872405166,0.372778761061947,0.331188750822575,1.18909734513274,0.199882276355055,0.151725663716814,0.0475655194231128,0,0,NA,NA,NA,NA,NA,NA,NA,NA,NA,NA,NA,NA,NA,NA,NA,NA,NA,NA,NA,NA,NA,NA,NA,NA,NA,NA,NA,NA,NA,NA,NA,NA,NA,NA,NA,NA,2018,1995-04-14,NA,NA,NA,NA
"Jacoby Brissett","IND","QB","12616","weighted",368.44118,373.56163979479,1.82496,1.51138311503183,1.31154,1.04945368251947,38.67352,30.3974544625329,0.43008,0.559152889501898,0.298412,0.279401629716892,0.114,0.0374936458481406,0,0,NA,NA,NA,NA,NA,NA,NA,NA,NA,NA,NA,NA,NA,NA,NA,NA,NA,NA,NA,NA,NA,NA,NA,NA,NA,NA,NA,NA,NA,NA,NA,NA,NA,NA,NA,NA,2016,1992-12-11,NA,NA,NA,NA
"Brock Osweiler","MIA","QB","10702","weighted",290.8,387.494851758776,1.72918604651163,2.65923969534974,1.61360465116279,2.40256739151109,9.84883720930232,16.050885796569,0.330232558139535,0.813885102869938,0,0,0,0,0,0,NA,NA,NA,NA,NA,NA,NA,NA,NA,NA,NA,NA,NA,NA,NA,NA,NA,NA,NA,NA,NA,NA,NA,NA,NA,NA,NA,NA,NA,NA,NA,NA,NA,NA,NA,NA,2012,1990-11-22,NA,NA,NA,NA
"DeShone Kizer","GB","QB","13114","weighted",255.76576,329.363352631268,1.04388,1.28843926366862,1.52422,2.71155058291398,32.80436,41.5016205887696,0.32582,0.479524581891202,0.483324,0.557068418527006,0.1083,0.0356189635557335,0,0,NA,NA,NA,NA,NA,NA,NA,NA,NA,NA,NA,NA,NA,NA,NA,NA,NA,NA,NA,NA,NA,NA,NA,NA,NA,NA,NA,NA,NA,NA,NA,NA,NA,NA,NA,NA,2017,1996-01-03,NA,NA,NA,NA
"Jay Cutler","FA","QB","8252","weighted",358.896428571429,577.706240229409,1.75714285714286,2.82842712474619,1.31785714285714,2.12132034355964,7.46785714285714,12.0208152801713,0,0,0,0,0,0,0,0,NA,NA,NA,NA,NA,NA,NA,NA,NA,NA,NA,NA,NA,NA,NA,NA,NA,NA,NA,NA,NA,NA,NA,NA,NA,NA,NA,NA,NA,NA,NA,NA,NA,NA,NA,NA,2006,1983-04-29,NA,NA,NA,NA
"Trevor Siemian","MIN","QB","12381","weighted",181.10216,277.495741535523,0.85524,1.53260859043594,0.92604,1.74516433975226,12.04502,14.5874509959844,0.07626,0.0992589452271958,0.208702,0.183876354850906,0.1254,0.0412430104329546,0,0,NA,NA,NA,NA,NA,NA,NA,NA,NA,NA,NA,NA,NA,NA,NA,NA,NA,NA,NA,NA,NA,NA,NA,NA,NA,NA,NA,NA,NA,NA,NA,NA,NA,NA,NA,NA,NA,NA,NA,NA,NA,NA
"C.J. Beathard","SF","QB","13125","weighted",174.6083,241.228823559721,0.63228,0.970512314809357,0.96438,1.78361100113378,12.21234,23.3852834761441,0.1564,0.329016124378456,0.289698,0.32363768726818,0.1197,0.0393683281405476,0,0,NA,NA,NA,NA,NA,NA,NA,NA,NA,NA,NA,NA,NA,NA,NA,NA,NA,NA,NA,NA,NA,NA,NA,NA,NA,NA,NA,NA,NA,NA,NA,NA,NA,NA,NA,NA,2017,1993-11-16,NA,NA,NA,NA
"Brett Hundley","SEA","QB","12142","weighted",187.189637426901,247.704765703327,0.937099415204678,1.58583893988313,1.10797660818713,1.89923134612549,16.4966081871345,20.6660957420758,0.125824561403509,0.195348992205652,0.366710526315789,0.266517898163601,0.104736842105263,0.0365025188219301,0,0,NA,NA,NA,NA,NA,NA,NA,NA,NA,NA,NA,NA,NA,NA,NA,NA,NA,NA,NA,NA,NA,NA,NA,NA,NA,NA,NA,NA,NA,NA,NA,NA,NA,NA,NA,NA,2015,1993-06-15,NA,NA,NA,NA
"Brandon Weeden","HOU","QB","10698","weighted",158.01518128655,216.404292117552,0.789754385964912,1.19194874929613,0.628982456140351,0.78634950902067,4.13323976608187,3.86977913772342,0.0215438596491228,0.0439916658499816,0.0932280701754386,0.0523770230011433,0.116374269005848,0.040558354246589,0,0,NA,NA,NA,NA,NA,NA,NA,NA,NA,NA,NA,NA,NA,NA,NA,NA,NA,NA,NA,NA,NA,NA,NA,NA,NA,NA,NA,NA,NA,NA,NA,NA,NA,NA,NA,NA,2012,1983-10-14,NA,NA,NA,NA
"Blaine Gabbert","TEN","QB","10262","weighted",241.417076023392,211.556463166702,1.09642105263158,0.82197186995954,1.18159064327485,0.818836195918003,16.3771695906433,14.5335431323059,0.0016374269005848,0.00405583542465891,0.383552631578947,0.362939047620292,0.128011695906433,0.0446141896712479,0,0,NA,NA,NA,NA,NA,NA,NA,NA,NA,NA,NA,NA,NA,NA,NA,NA,NA,NA,NA,NA,NA,NA,NA,NA,NA,NA,NA,NA,NA,NA,NA,NA,NA,NA,NA,NA,2011,1989-10-15,NA,NA,NA,NA
"Lamar Jackson","BAL","QB","13593","weighted",312.139646226415,153.773958374307,1.59382075471698,0.848229477832511,1.38783018867925,1.00910600075518,95.6273820754717,44.7261107093056,0.692388814016172,0.429586323500381,1.31572327044025,0.440231922706205,0,0,0,0,NA,NA,NA,NA,NA,NA,NA,NA,NA,NA,NA,NA,NA,NA,NA,NA,NA,NA,NA,NA,NA,NA,NA,NA,NA,NA,NA,NA,NA,NA,NA,NA,NA,NA,NA,NA,2018,1997-01-07,NA,NA,NA,NA
"Teddy Bridgewater","NO","QB","11640","weighted",108.711236749117,180.321510262545,1.075382803298,2.23727470043877,0.675948174322733,1.09486374809541,11.4017667844523,17.0609296710795,0.077809187279152,0.137915379577269,0.0548739693757362,0.0620360313468046,0.110665488810365,0.0386375680670892,0,0,NA,NA,NA,NA,NA,NA,NA,NA,NA,NA,NA,NA,NA,NA,NA,NA,NA,NA,NA,NA,NA,NA,NA,NA,NA,NA,NA,NA,NA,NA,NA,NA,NA,NA,NA,NA,2014,1992-11-10,NA,NA,NA,NA
"Tom Savage","NO","QB","11649","weighted",140.687677725118,226.095806972826,0.358767772511848,0.515384353969969,0.392417061611374,0.502872182589653,1.23317535545024,2.18120091219876,0,0,0.200473933649289,0.0870186392176731,0,0,0,0,NA,NA,NA,NA,NA,NA,NA,NA,NA,NA,NA,NA,NA,NA,NA,NA,NA,NA,NA,NA,NA,NA,NA,NA,NA,NA,NA,NA,NA,NA,NA,NA,NA,NA,NA,NA,2014,1990-04-26,NA,NA,NA,NA
"Chase Daniel","CHI","QB","9706","weighted",97.64754,138.521706237156,0.5622,0.782478700163373,0.20884,0.324703876487841,0.948065,3.93420605154823,0.004785,0.0111706247902117,0.010184,0.0135374341381547,0.0912,0.0299949166785125,0,0,NA,NA,NA,NA,NA,NA,NA,NA,NA,NA,NA,NA,NA,NA,NA,NA,NA,NA,NA,NA,NA,NA,NA,NA,NA,NA,NA,NA,NA,NA,NA,NA,NA,NA,NA,NA,2009,1986-10-07,NA,NA,NA,NA
"Mason Rudolph","PIT","QB","13595","weighted",118.937325905292,168.961152781989,0.552924791086351,0.859336479247574,0.381615598885794,0.543559134326289,2.17821727019499,8.71003953894862,0,0,0,0,0,0,0,0,NA,NA,NA,NA,NA,NA,NA,NA,NA,NA,NA,NA,NA,NA,NA,NA,NA,NA,NA,NA,NA,NA,NA,NA,NA,NA,NA,NA,NA,NA,NA,NA,NA,NA,NA,NA,2018,1995-07-17,NA,NA,NA,NA
"Brian Hoyer","NE","QB","9714","weighted",80.18548,100.053046537198,0.34978,0.438154457459213,0.26306,0.318657952308074,4.4731,12.6633396857656,0.04344,0.10775064686099,0.072764,0.0421130307956691,0.1083,0.0356189635557335,0,0,NA,NA,NA,NA,NA,NA,NA,NA,NA,NA,NA,NA,NA,NA,NA,NA,NA,NA,NA,NA,NA,NA,NA,NA,NA,NA,NA,NA,NA,NA,NA,NA,NA,NA,NA,NA,2009,1985-10-31,NA,NA,NA,NA
"Mike Glennon","ARI","QB","11152","weighted",107.57219858156,128.411854726229,0.595744680851064,0.737972706895402,0.517695035460993,0.640169340017532,0.751843971631206,1.02391584318978,0.0176241134751773,0.035125222437916,0,0,0,0,0,0,NA,NA,NA,NA,NA,NA,NA,NA,NA,NA,NA,NA,NA,NA,NA,NA,NA,NA,NA,NA,NA,NA,NA,NA,NA,NA,NA,NA,NA,NA,NA,NA,NA,NA,NA,NA,2013,1989-12-12,NA,NA,NA,NA
"Chad Kelly","DEN","QB","13121","weighted",73.3340677966102,92.7726123039549,0.0622033898305085,0.0742404276654171,1.07305084745763,2.034492089288,7.80372881355932,13.1985926111074,0.00949152542372881,0.0196564406323608,0.0147118644067797,0.0169541152669725,0.0309322033898305,0.0122852753952255,0,0,NA,NA,NA,NA,NA,NA,NA,NA,NA,NA,NA,NA,NA,NA,NA,NA,NA,NA,NA,NA,NA,NA,NA,NA,NA,NA,NA,NA,NA,NA,NA,NA,NA,NA,NA,NA,2017,1994-03-26,NA,NA,NA,NA
"David Fales","MIA","QB","11835","weighted",67.3099715909091,95.3116853891316,0.347301136363636,0.505243802577468,0.3990625,0.549608018738653,7.20355113636364,11.0794540694854,0.0557670454545455,0.108591739539845,0.106690340909091,0.077926630060929,0.119886363636364,0.0446586236353027,0,0,NA,NA,NA,NA,NA,NA,NA,NA,NA,NA,NA,NA,NA,NA,NA,NA,NA,NA,NA,NA,NA,NA,NA,NA,NA,NA,NA,NA,NA,NA,NA,NA,NA,NA,NA,NA,2014,1990-10-04,NA,NA,NA,NA
"Colt McCoy","WAS","QB","9899","weighted",81.9312121212121,94.3844469078528,0.466060606060606,0.500367082399449,0.422937062937063,0.439753125339098,4.23610722610723,5.60301367977319,0.00944055944055944,0.0199995990235757,0.0066025641025641,0.00678930503248822,0.110501165501166,0.0384761743795102,0,0,NA,NA,NA,NA,NA,NA,NA,NA,NA,NA,NA,NA,NA,NA,NA,NA,NA,NA,NA,NA,NA,NA,NA,NA,NA,NA,NA,NA,NA,NA,NA,NA,NA,NA,NA,NA,2010,1986-09-05,"IR","Lower Leg",2018,0
"Jeff Driskel","CIN","QB","12623","weighted",72.3273333333333,98.2097539837336,0.370444444444444,0.550435178630506,0.370444444444444,0.550435178630506,2.48844444444444,3.93339521812464,0,0,0,0,0,0,0,0,NA,NA,NA,NA,NA,NA,NA,NA,NA,NA,NA,NA,NA,NA,NA,NA,NA,NA,NA,NA,NA,NA,NA,NA,NA,NA,NA,NA,NA,NA,NA,NA,NA,NA,NA,NA,2016,1993-04-23,NA,NA,NA,NA
"Cooper Rush","DAL","QB","13124","weighted",54.0051995438996,68.8487464967345,0.265952109464082,0.402964341882904,0.270467502850627,0.392559983423582,7.51849486887115,11.0543733956951,0.035484606613455,0.0644521157210628,0.0393386545039909,0.0548478148307492,0.121761687571266,0.042135765373349,0,0,NA,NA,NA,NA,NA,NA,NA,NA,NA,NA,NA,NA,NA,NA,NA,NA,NA,NA,NA,NA,NA,NA,NA,NA,NA,NA,NA,NA,NA,NA,NA,NA,NA,NA,NA,NA,2017,1993-11-21,NA,NA,NA,NA
"Cody Kessler","JAC","QB","12617","weighted",53.06076,57.605630979029,0.2162,0.346633218805196,0.22754,0.365628035339129,0.0598000000000003,5.23887157638234,0.007,0.0187468229240703,0.028006,0.0372279438799255,0.114,0.0374936458481406,0,0,NA,NA,NA,NA,NA,NA,NA,NA,NA,NA,NA,NA,NA,NA,NA,NA,NA,NA,NA,NA,NA,NA,NA,NA,NA,NA,NA,NA,NA,NA,NA,NA,NA,NA,NA,NA,2016,1993-05-11,NA,NA,NA,NA
"Chad Henne","KC","QB","9073","weighted",48.2703,62.0059603519007,0.19488,0.302349065225945,0.36298,0.436735251993298,1.55166,2.53483396962174,0.01982,0.0411654759749223,0.019215,0.0187906422358983,0.0912,0.0299949166785125,0,0,NA,NA,NA,NA,NA,NA,NA,NA,NA,NA,NA,NA,NA,NA,NA,NA,NA,NA,NA,NA,NA,NA,NA,NA,NA,NA,NA,NA,NA,NA,NA,NA,NA,NA,NA,NA,2008,1985-07-02,NA,NA,NA,NA
"Davis Webb","NYG","QB","13120","weighted",0,0,0,0,0,0,0,0,0,0,0,0,0,0,0,0,NA,NA,NA,NA,NA,NA,NA,NA,NA,NA,NA,NA,NA,NA,NA,NA,NA,NA,NA,NA,NA,NA,NA,NA,NA,NA,NA,NA,NA,NA,NA,NA,NA,NA,NA,NA,2017,1995-01-22,NA,NA,NA,NA
"Kevin Hogan","WAS","QB","12618","weighted",39.5434659090909,63.6186386167598,0.254261363636364,0.421447078970554,0.276136363636364,0.433604277592033,12.2869318181818,22.6156593266327,0.021875,0.049124485998833,0.0418465909090909,0.0454755379411209,0.0959090909090909,0.0357268989082422,0,0,NA,NA,NA,NA,NA,NA,NA,NA,NA,NA,NA,NA,NA,NA,NA,NA,NA,NA,NA,NA,NA,NA,NA,NA,NA,NA,NA,NA,NA,NA,NA,NA,NA,NA,NA,NA,2016,1992-10-20,NA,NA,NA,NA
"Robert Griffin","BAL","QB","10696","weighted",36.0464075382803,58.7910339443715,0.36489988221437,0.650638113576666,0.308127208480565,0.534234080368516,5.12791519434629,6.99375264595421,0.0231095406360424,0.0522119809627554,0.0211448763250883,0.0297233640007956,0.104840989399293,0.0366040118530319,0,0,NA,NA,NA,NA,NA,NA,NA,NA,NA,NA,NA,NA,NA,NA,NA,NA,NA,NA,NA,NA,NA,NA,NA,NA,NA,NA,NA,NA,NA,NA,NA,NA,NA,NA,NA,NA,2012,1990-02-12,NA,NA,NA,NA
"Kyle Lauletta","NYG","QB","13601","weighted",66.4244755244755,69.7827457618853,0.221095571095571,0.335671088227446,0.204079254079254,0.313444434461463,2.84193473193473,4.78262130620107,0.017948717948718,0.0445513598078539,0.0575011655011655,0.0653564078625412,0.122132867132867,0.042526297998406,0,0,NA,NA,NA,NA,NA,NA,NA,NA,NA,NA,NA,NA,NA,NA,NA,NA,NA,NA,NA,NA,NA,NA,NA,NA,NA,NA,NA,NA,NA,NA,NA,NA,NA,NA,NA,NA,2018,1995-03-17,NA,NA,NA,NA
"Sean Mannion","LAR","QB","12145","weighted",68.6014035087719,50.9110456313418,0.168163742690058,0.234964267121176,0.599883040935673,0.84054888022259,2.8726081871345,14.1108020074112,0.0393684210526316,0.0836209856731699,0.0730730994152047,0.0542069791078222,0.116374269005848,0.040558354246589,0,0,NA,NA,NA,NA,NA,NA,NA,NA,NA,NA,NA,NA,NA,NA,NA,NA,NA,NA,NA,NA,NA,NA,NA,NA,NA,NA,NA,NA,NA,NA,NA,NA,NA,NA,NA,NA,2015,1992-04-25,NA,NA,NA,NA
"Matt Schaub","ATL","QB","7480","weighted",33.17374,45.4809072240392,0.20906,0.329506682143549,0.19352,0.301881869252398,0.11138,1.95807448139779,0,0,0,0,0.1083,0.0356189635557335,0,0,NA,NA,NA,NA,NA,NA,NA,NA,NA,NA,NA,NA,NA,NA,NA,NA,NA,NA,NA,NA,NA,NA,NA,NA,NA,NA,NA,NA,NA,NA,NA,NA,NA,NA,NA,NA,2004,1981-06-25,NA,NA,NA,NA
"Paxton Lynch","DEN","QB","12612","weighted",41.8597156398104,72.1674581245236,0.235545023696682,0.406086983015808,0.0672985781990521,0.116024852290231,0.100947867298578,0.174037278435346,0,0,0.0267298578199052,0.0116024852290231,0,0,0,0,NA,NA,NA,NA,NA,NA,NA,NA,NA,NA,NA,NA,NA,NA,NA,NA,NA,NA,NA,NA,NA,NA,NA,NA,NA,NA,NA,NA,NA,NA,NA,NA,NA,NA,NA,NA,2016,1994-02-12,NA,NA,NA,NA
"Joshua Dobbs","PIT","QB","13119","weighted",70.12,57.5489638785328,0.495714285714286,0.406349259969903,0.370238095238095,0.293663170658319,4.63309523809524,5.9170178052586,0.0333333333333333,0.0578774349291609,0.0944444444444444,0.0308679652955525,0.113333333333333,0.0491958196897868,0,0,NA,NA,NA,NA,NA,NA,NA,NA,NA,NA,NA,NA,NA,NA,NA,NA,NA,NA,NA,NA,NA,NA,NA,NA,NA,NA,NA,NA,NA,NA,NA,NA,NA,NA,NA,NA,2017,1995-01-26,NA,NA,NA,NA
"Geno Smith","LAC","QB","11150","weighted",38.32452,40.3467425734078,0.16648,0.253513929739765,0.19778,0.310481155611927,0.57936,2.28515938323397,0.007,0.0187468229240703,0.017822,0.0236905097417708,0.0912,0.0299949166785125,0,0,NA,NA,NA,NA,NA,NA,NA,NA,NA,NA,NA,NA,NA,NA,NA,NA,NA,NA,NA,NA,NA,NA,NA,NA,NA,NA,NA,NA,NA,NA,NA,NA,NA,NA,NA,NA,2013,1990-10-10,NA,NA,NA,NA
"Matt Cassel","DET","QB","8042","weighted",34.5248292108363,30.9324650282921,0.157620730270907,0.22933120482501,0.517173144876325,0.602847874136924,1.35502944640754,2.37509885094884,0.00572438162544169,0.0120454407953152,0.0299469964664311,0.0308645860686342,0.104840989399293,0.0366040118530319,0,0,NA,NA,NA,NA,NA,NA,NA,NA,NA,NA,NA,NA,NA,NA,NA,NA,NA,NA,NA,NA,NA,NA,NA,NA,NA,NA,NA,NA,NA,NA,NA,NA,NA,NA,NA,NA,2005,1982-05-17,NA,NA,NA,NA
"Taylor Heinicke","CAR","QB","12476","weighted",21.2165336374002,29.9036784438614,0.12018244013683,0.228038613204351,0.113683010262258,0.235840317416515,2.10950969213227,5.58223075314491,0.0207525655644242,0.0521680904622417,0.0340935005701254,0.047534772853316,0.0985689851767389,0.0341099053022349,0,0,NA,NA,NA,NA,NA,NA,NA,NA,NA,NA,NA,NA,NA,NA,NA,NA,NA,NA,NA,NA,NA,NA,NA,NA,NA,NA,NA,NA,NA,NA,NA,NA,NA,NA,NA,NA,NA,NA,"IR","Elbow",2018,0
"Nate Sudfeld","PHI","QB","12815","weighted",17.8079545454545,34.7318186706083,0.00795454545454546,0.0178634494541211,0.00596590909090909,0.0133975870905908,1.61761363636364,2.581604534621,0.00397727272727273,0.00893172472706055,0.108955965909091,0.111337364014502,0.00599431818181818,0.00223293118176514,0,0,NA,NA,NA,NA,NA,NA,NA,NA,NA,NA,NA,NA,NA,NA,NA,NA,NA,NA,NA,NA,NA,NA,NA,NA,NA,NA,NA,NA,NA,NA,NA,NA,NA,NA,NA,NA,2016,1993-10-07,NA,NA,NA,NA
"Matt Barkley","CIN","QB","11151","weighted",0,NA,0,NA,0,NA,0,NA,0,NA,0,NA,0,NA,0,NA,NA,NA,NA,NA,NA,NA,NA,NA,NA,NA,NA,NA,NA,NA,NA,NA,NA,NA,NA,NA,NA,NA,NA,NA,NA,NA,NA,NA,NA,NA,NA,NA,NA,NA,NA,NA,2013,1990-09-08,NA,NA,NA,NA
"EJ Manuel","OAK","QB","11154","weighted",14.8729857819905,25.641492356141,0.0235545023696682,0.0406086983015808,0.00336492890995261,0.00580124261451154,1.27867298578199,2.20447219351439,0,0,0.200473933649289,0.0870186392176731,0,0,0,0,NA,NA,NA,NA,NA,NA,NA,NA,NA,NA,NA,NA,NA,NA,NA,NA,NA,NA,NA,NA,NA,NA,NA,NA,NA,NA,NA,NA,NA,NA,NA,NA,NA,NA,NA,NA,2013,1990-03-19,NA,NA,NA,NA
"Landry Jones","PIT","QB","11156","weighted",12.0127962085308,20.7104361338062,0.134597156398104,0.232049704580462,0.0336492890995261,0.0580124261451154,-0.807582938388625,1.39229822748277,0,0,0.0066824644549763,0.00290062130725577,0,0,0,0,NA,NA,NA,NA,NA,NA,NA,NA,NA,NA,NA,NA,NA,NA,NA,NA,NA,NA,NA,NA,NA,NA,NA,NA,NA,NA,NA,NA,NA,NA,NA,NA,NA,NA,NA,NA,2013,1989-04-04,NA,NA,NA,NA
"Joe Webb","HOU","QB","9992","weighted",8.75454545454545,14.0881343136088,0.0159090909090909,0.0357268989082422,0.0238636363636364,0.0535903483623633,8.875,19.1841213672052,0.00795454545454546,0.0178634494541211,0.0104616477272727,0.0113688844852802,0.0119886363636364,0.00446586236353028,0,0,NA,NA,NA,NA,NA,NA,NA,NA,NA,NA,NA,NA,NA,NA,NA,NA,NA,NA,NA,NA,NA,NA,NA,NA,NA,NA,NA,NA,NA,NA,NA,NA,NA,NA,NA,NA,2010,1986-11-14,NA,NA,NA,NA
"Ryan Griffin","TB","QB","11441","weighted",20.0623873873874,15.0600493380255,0,0,0,0,1.09752252252252,1.10782773441712,0,0,0,0,0,0,0,0,NA,NA,NA,NA,NA,NA,NA,NA,NA,NA,NA,NA,NA,NA,NA,NA,NA,NA,NA,NA,NA,NA,NA,NA,NA,NA,NA,NA,NA,NA,NA,NA,NA,NA,NA,NA,2013,1989-11-17,NA,NA,NA,NA
"Drew Stanton","CLE","QB","8712","weighted",3.07163120567376,6.1218244820368,0.0025177304964539,0.00501788891970229,0.125886524822695,0.250894445985115,0.100709219858156,0.200715556788092,0,0,0.0150354609929078,0.0100357778394046,0,0,0,0,NA,NA,NA,NA,NA,NA,NA,NA,NA,NA,NA,NA,NA,NA,NA,NA,NA,NA,NA,NA,NA,NA,NA,NA,NA,NA,NA,NA,NA,NA,NA,NA,NA,NA,NA,NA,2007,1984-05-07,NA,NA,NA,NA
"Jake Rudock","DET","QB","12819","weighted",3.83601895734597,6.61341658054316,0,0,0.16824644549763,0.290062130725577,0,0,0,0,0,0,0,0,0,0,NA,NA,NA,NA,NA,NA,NA,NA,NA,NA,NA,NA,NA,NA,NA,NA,NA,NA,NA,NA,NA,NA,NA,NA,NA,NA,NA,NA,NA,NA,NA,NA,NA,NA,NA,NA,2016,1993-01-21,NA,NA,NA,NA
"Mike White","DAL","QB","13598","weighted",2.3218009478673,4.00285740401296,0,0,0.0672985781990521,0.116024852290231,0,0,0,0,0,0,0,0,0,0,NA,NA,NA,NA,NA,NA,NA,NA,NA,NA,NA,NA,NA,NA,NA,NA,NA,NA,NA,NA,NA,NA,NA,NA,NA,NA,NA,NA,NA,NA,NA,NA,NA,NA,NA,NA,2018,1995-03-25,NA,NA,NA,NA
"Matt McGloin","KC","QB","11465","weighted",1.99637188208617,3.55001235480924,0,0,0,0,-0.157777777777778,0.280565492557504,0,0,0,0,0,0,0,0,NA,NA,NA,NA,NA,NA,NA,NA,NA,NA,NA,NA,NA,NA,NA,NA,NA,NA,NA,NA,NA,NA,NA,NA,NA,NA,NA,NA,NA,NA,NA,NA,NA,NA,NA,NA,2013,1989-12-02,NA,NA,NA,NA
"Austin Davis","SEA","QB","11001","weighted",0.511463844797178,1.00877153499293,0,0,0,0,-0.077636684303351,0.155282647804868,0,0,0,0,0,0,0,0,NA,NA,NA,NA,NA,NA,NA,NA,NA,NA,NA,NA,NA,NA,NA,NA,NA,NA,NA,NA,NA,NA,NA,NA,NA,NA,NA,NA,NA,NA,NA,NA,NA,NA,NA,NA,2012,1989-06-02,NA,NA,NA,NA
"Tanner Lee","JAC","QB","13599","weighted",0.682352941176471,1.16419232084331,0,0,0,0,0,0,0,0,0,0,0,0,0,0,NA,NA,NA,NA,NA,NA,NA,NA,NA,NA,NA,NA,NA,NA,NA,NA,NA,NA,NA,NA,NA,NA,NA,NA,NA,NA,NA,NA,NA,NA,NA,NA,NA,NA,NA,NA,2018,1995-02-14,NA,NA,NA,NA
"Josh Johnson","HOU","QB","9207","weighted",0,NA,0,NA,0,NA,0,NA,0,NA,0,NA,0,NA,0,NA,NA,NA,NA,NA,NA,NA,NA,NA,NA,NA,NA,NA,NA,NA,NA,NA,NA,NA,NA,NA,NA,NA,NA,NA,NA,NA,NA,NA,NA,NA,NA,NA,NA,NA,NA,NA,2008,1986-05-15,NA,NA,NA,NA
"Mark Sanchez","FA","QB","9429","weighted",0,0,0,0,0,0,0,0,0,0,0,0,0,0,0,0,NA,NA,NA,NA,NA,NA,NA,NA,NA,NA,NA,NA,NA,NA,NA,NA,NA,NA,NA,NA,NA,NA,NA,NA,NA,NA,NA,NA,NA,NA,NA,NA,NA,NA,NA,NA,2009,1986-11-11,NA,NA,NA,NA
"Scott Tolzien","FA","QB","10498","weighted",0,0,0,0,0,0,0,0,0,0,0,0,0,0,0,0,NA,NA,NA,NA,NA,NA,NA,NA,NA,NA,NA,NA,NA,NA,NA,NA,NA,NA,NA,NA,NA,NA,NA,NA,NA,NA,NA,NA,NA,NA,NA,NA,NA,NA,NA,NA,2011,1987-09-04,NA,NA,NA,NA
"Ryan Mallett","FA","QB","10268","weighted",0,0,0,0,0,0,0,0,0,0,0,0,0,0,0,0,NA,NA,NA,NA,NA,NA,NA,NA,NA,NA,NA,NA,NA,NA,NA,NA,NA,NA,NA,NA,NA,NA,NA,NA,NA,NA,NA,NA,NA,NA,NA,NA,NA,NA,NA,NA,2011,1988-06-05,NA,NA,NA,NA
"Derek Anderson","FA","QB","8025","weighted",0,0,0,0,0,0,0,0,0,0,0,0,0,0,0,0,NA,NA,NA,NA,NA,NA,NA,NA,NA,NA,NA,NA,NA,NA,NA,NA,NA,NA,NA,NA,NA,NA,NA,NA,NA,NA,NA,NA,NA,NA,NA,NA,NA,NA,NA,NA,2005,1983-06-15,NA,NA,NA,NA
"Kellen Clemens","FA","QB","8290","weighted",0,0,0,0,0,0,0,0,0,0,0,0,0,0,0,0,NA,NA,NA,NA,NA,NA,NA,NA,NA,NA,NA,NA,NA,NA,NA,NA,NA,NA,NA,NA,NA,NA,NA,NA,NA,NA,NA,NA,NA,NA,NA,NA,NA,NA,NA,NA,2006,1983-06-06,NA,NA,NA,NA
"Matt Moore","FA","QB","8944","weighted",0,0,0,0,0,0,0,0,0,0,0,0,0,0,0,0,NA,NA,NA,NA,NA,NA,NA,NA,NA,NA,NA,NA,NA,NA,NA,NA,NA,NA,NA,NA,NA,NA,NA,NA,NA,NA,NA,NA,NA,NA,NA,NA,NA,NA,NA,NA,2007,1984-08-09,NA,NA,NA,NA
"T.J. Yates","FA","QB","10391","weighted",0,0,0,0,0,0,0,0,0,0,0,0,0,0,0,0,NA,NA,NA,NA,NA,NA,NA,NA,NA,NA,NA,NA,NA,NA,NA,NA,NA,NA,NA,NA,NA,NA,NA,NA,NA,NA,NA,NA,NA,NA,NA,NA,NA,NA,NA,NA,2011,1987-05-28,NA,NA,NA,NA
"Tyler Bray","CHI","QB","11170","weighted",0,0,0,0,0,0,0,0,0,0,0.0147491638795987,0.00707106781186548,0,0,0,0,NA,NA,NA,NA,NA,NA,NA,NA,NA,NA,NA,NA,NA,NA,NA,NA,NA,NA,NA,NA,NA,NA,NA,NA,NA,NA,NA,NA,NA,NA,NA,NA,NA,NA,NA,NA,2013,1991-12-27,NA,NA,NA,NA
"Stephen Morris","FA","QB","11899","weighted",0,NA,0,NA,0,NA,0,NA,0,NA,0,NA,0,NA,0,NA,NA,NA,NA,NA,NA,NA,NA,NA,NA,NA,NA,NA,NA,NA,NA,NA,NA,NA,NA,NA,NA,NA,NA,NA,NA,NA,NA,NA,NA,NA,NA,NA,NA,NA,NA,NA,2014,1992-08-27,NA,NA,NA,NA
"Bryce Petty","MIA","QB","12144","weighted",0,0,0,0,0,0,0,0,0,0,0,0,0,0,0,0,NA,NA,NA,NA,NA,NA,NA,NA,NA,NA,NA,NA,NA,NA,NA,NA,NA,NA,NA,NA,NA,NA,NA,NA,NA,NA,NA,NA,NA,NA,NA,NA,NA,NA,NA,NA,2015,1991-05-31,NA,NA,NA,NA
"Garrett Grayson","ATL","QB","12146","weighted",0,NA,0,NA,0,NA,0,NA,0,NA,0,NA,0,NA,0,NA,NA,NA,NA,NA,NA,NA,NA,NA,NA,NA,NA,NA,NA,NA,NA,NA,NA,NA,NA,NA,NA,NA,NA,NA,NA,NA,NA,NA,NA,NA,NA,NA,NA,NA,NA,NA,2015,1991-05-29,NA,NA,NA,NA
"Jameill Showers","DAL","QB","12941","weighted",0,NA,0,NA,0,NA,0,NA,0,NA,0,NA,NA,NA,NA,NA,NA,NA,NA,NA,NA,NA,NA,NA,NA,NA,NA,NA,NA,NA,NA,NA,NA,NA,NA,NA,NA,NA,NA,NA,NA,NA,NA,NA,NA,NA,NA,NA,NA,NA,NA,NA,NA,NA,"IR","Knee - ACL",2018,0
"Brandon Doughty","FA","QB","12838","weighted",0,NA,0,NA,0,NA,0,NA,0,NA,0,NA,0,NA,0,NA,NA,NA,NA,NA,NA,NA,NA,NA,NA,NA,NA,NA,NA,NA,NA,NA,NA,NA,NA,NA,NA,NA,NA,NA,NA,NA,NA,NA,NA,NA,NA,NA,NA,NA,NA,NA,2016,1991-10-06,NA,NA,NA,NA
"Connor Cook","OAK","QB","12613","weighted",0,0,0,0,0,0,0,0,0,0,0,0,0,0,0,0,NA,NA,NA,NA,NA,NA,NA,NA,NA,NA,NA,NA,NA,NA,NA,NA,NA,NA,NA,NA,NA,NA,NA,NA,NA,NA,NA,NA,NA,NA,NA,NA,NA,NA,NA,NA,2016,1993-01-29,NA,NA,NA,NA
"Brandon Allen","LAR","QB","12621","weighted",0,NA,0,NA,0,NA,0,NA,0,NA,0,NA,0,NA,0,NA,NA,NA,NA,NA,NA,NA,NA,NA,NA,NA,NA,NA,NA,NA,NA,NA,NA,NA,NA,NA,NA,NA,NA,NA,NA,NA,NA,NA,NA,NA,NA,NA,NA,NA,NA,NA,2016,1992-09-05,NA,NA,NA,NA
"Christian Hackenberg","PHI","QB","12614","weighted",0,0,0,0,0,0,0,0,0,0,0,0,0,0,0,0,NA,NA,NA,NA,NA,NA,NA,NA,NA,NA,NA,NA,NA,NA,NA,NA,NA,NA,NA,NA,NA,NA,NA,NA,NA,NA,NA,NA,NA,NA,NA,NA,NA,NA,NA,NA,2016,1995-02-14,NA,NA,NA,NA
"Cardale Jones","LAC","QB","12615","weighted",0,0,0,0,0,0,0,0,0,0,0,0,0,0,0,0,NA,NA,NA,NA,NA,NA,NA,NA,NA,NA,NA,NA,NA,NA,NA,NA,NA,NA,NA,NA,NA,NA,NA,NA,NA,NA,NA,NA,NA,NA,NA,NA,NA,NA,NA,NA,2016,1992-09-29,NA,NA,NA,NA
"Trevone Boykin","FA","QB","12878","weighted",0,0,0,0,0,0,0,0,0,0,NA,NA,NA,NA,NA,NA,NA,NA,NA,NA,NA,NA,NA,NA,NA,NA,NA,NA,NA,NA,NA,NA,NA,NA,NA,NA,NA,NA,NA,NA,NA,NA,NA,NA,NA,NA,NA,NA,NA,NA,NA,NA,2016,1993-08-22,NA,NA,NA,NA
"Joe Callahan","PHI","QB","12925","weighted",0,NA,0,NA,0,NA,0,NA,0,NA,0,NA,0,NA,0,NA,NA,NA,NA,NA,NA,NA,NA,NA,NA,NA,NA,NA,NA,NA,NA,NA,NA,NA,NA,NA,NA,NA,NA,NA,NA,NA,NA,NA,NA,NA,NA,NA,NA,NA,NA,NA,2016,1993-06-04,NA,NA,NA,NA
"Brad Kaaya","IND","QB","13117","weighted",0,NA,0,NA,0,NA,0,NA,0,NA,0,NA,0,NA,0,NA,NA,NA,NA,NA,NA,NA,NA,NA,NA,NA,NA,NA,NA,NA,NA,NA,NA,NA,NA,NA,NA,NA,NA,NA,NA,NA,NA,NA,NA,NA,NA,NA,NA,NA,NA,NA,2017,1995-09-03,"IR","Undisclosed",2018,0
"Taysom Hill","NO","QB","13424","weighted",0,0,0,0,0,0,0,0,0,0,0,0,0,0,0,0,NA,NA,NA,NA,NA,NA,NA,NA,NA,NA,NA,NA,NA,NA,NA,NA,NA,NA,NA,NA,NA,NA,NA,NA,NA,NA,NA,NA,NA,NA,NA,NA,NA,NA,NA,NA,2017,1990-08-23,NA,NA,NA,NA
"Danny Etling","NE","QB","13824","weighted",0,0,0,0,0,0,0,0,0,0,0,0,0,0,0,0,NA,NA,NA,NA,NA,NA,NA,NA,NA,NA,NA,NA,NA,NA,NA,NA,NA,NA,NA,NA,NA,NA,NA,NA,NA,NA,NA,NA,NA,NA,NA,NA,NA,NA,NA,NA,2018,1994-07-22,NA,NA,NA,NA
"Luke Falk","TEN","QB","13594","weighted",0,0,0,0,0,0,0,0,0,0,0,0,0,0,0,0,NA,NA,NA,NA,NA,NA,NA,NA,NA,NA,NA,NA,NA,NA,NA,NA,NA,NA,NA,NA,NA,NA,NA,NA,NA,NA,NA,NA,NA,NA,NA,NA,NA,NA,NA,NA,2018,1994-12-28,"IR","Wrist",2018,0
"Logan Woodside","CIN","QB","13846","weighted",0,0,0,0,0,0,0,0,0,0,0,0,0,0,0,0,NA,NA,NA,NA,NA,NA,NA,NA,NA,NA,NA,NA,NA,NA,NA,NA,NA,NA,NA,NA,NA,NA,NA,NA,NA,NA,NA,NA,NA,NA,NA,NA,NA,NA,NA,NA,2018,1995-01-27,NA,NA,NA,NA
"Alex McGough","SEA","QB","13825","weighted",0,0,0,0,0,0,0,0,0,0,0,0,0,0,0,0,NA,NA,NA,NA,NA,NA,NA,NA,NA,NA,NA,NA,NA,NA,NA,NA,NA,NA,NA,NA,NA,NA,NA,NA,NA,NA,NA,NA,NA,NA,NA,NA,NA,NA,NA,NA,2018,1995-11-19,NA,NA,NA,NA
"Ezekiel Elliott","DAL","RB","12625","weighted",NA,NA,NA,NA,NA,NA,1453.44826548673,75.1697145746137,11.017316322681,1.46779325171762,1.65252064896755,0.461840098479907,0.488628318584071,0.160313417314936,0,0,368.426707964602,41.393011456704,1.70833366264556,0.318396586630877,NA,NA,NA,NA,NA,NA,NA,NA,NA,NA,NA,NA,NA,NA,NA,NA,NA,NA,NA,NA,NA,NA,NA,NA,NA,NA,NA,NA,NA,NA,NA,NA,2016,1995-07-22,NA,NA,NA,NA
"Todd Gurley","LAR","RB","12150","weighted",NA,NA,NA,NA,NA,NA,1298.31336283186,51.235188260249,11.4281695585342,1.24922935510755,2.15066666666667,0.473272330868794,0.532433628318584,0.177930276360533,0,0,640.310088495575,58.81752659754,3.45713981518612,0.902223545556281,NA,NA,NA,NA,NA,NA,NA,NA,NA,NA,NA,NA,NA,NA,NA,NA,NA,NA,NA,NA,NA,NA,NA,NA,NA,NA,NA,NA,NA,NA,NA,NA,2015,1994-08-03,NA,NA,NA,NA
"David Johnson","ARI","RB","12171","weighted",NA,NA,NA,NA,NA,NA,1140.13775221239,144.604005359115,9.87951702109891,2.03053268038394,3.40874041297935,0.902837381892083,0.511106194690265,0.153266673696697,0,0,754.410336283186,97.7260046709886,3.08039490979976,0.624130426021836,NA,NA,NA,NA,NA,NA,NA,NA,NA,NA,NA,NA,NA,NA,NA,NA,NA,NA,NA,NA,NA,NA,NA,NA,NA,NA,NA,NA,NA,NA,NA,NA,2015,1991-12-16,NA,NA,NA,NA
"LeVeon Bell","PIT","RB","11192","weighted",NA,NA,NA,NA,NA,NA,1178.80410619469,104.68198398706,8.47021429868071,0.696504537201247,2.33582300884956,0.414970875616503,0.566150442477876,0.167360160933175,0,0,606.938973451327,63.1600605936461,2.6979640692934,0.463948385191807,NA,NA,NA,NA,NA,NA,NA,NA,NA,NA,NA,NA,NA,NA,NA,NA,NA,NA,NA,NA,NA,NA,NA,NA,NA,NA,NA,NA,NA,NA,NA,NA,2013,1992-08-18,"O","Contract Dispute",2018,0
"Saquon Barkley","NYG","RB","13604","weighted",NA,NA,NA,NA,NA,NA,1144.8862300885,77.3653918226407,7.32145304929059,1.09755227661014,1.66728466076696,0.181590581065534,0.960398230088496,0.325911892343551,0,0,436.644601769912,91.135320364017,1.99656856030709,0.534759433619462,NA,NA,NA,NA,NA,NA,NA,NA,NA,NA,NA,NA,NA,NA,NA,NA,NA,NA,NA,NA,NA,NA,NA,NA,NA,NA,NA,NA,NA,NA,NA,NA,2018,1997-02-09,NA,NA,NA,NA
"Leonard Fournette","JAC","RB","13129","weighted",NA,NA,NA,NA,NA,NA,1212.20361061947,60.5399643086168,10.041816393891,1.14742252368949,1.26512389380531,0.398405602222732,0.483008849557522,0.162075103219495,0,0,344.236796460177,37.627036248792,1.14167730988946,0.406340583812869,NA,NA,NA,NA,NA,NA,NA,NA,NA,NA,NA,NA,NA,NA,NA,NA,NA,NA,NA,NA,NA,NA,NA,NA,NA,NA,NA,NA,NA,NA,NA,NA,2017,1996-07-06,NA,NA,NA,NA
"Kareem Hunt","KC","RB","13138","weighted",NA,NA,NA,NA,NA,NA,1158.63624778761,99.346293472986,8.28915562896558,0.923067862230727,1.81182595870206,0.389122891205533,0.488628318584071,0.160313417314936,0,0,423.605716814159,51.4006264610176,2.27361185951764,0.392998410555912,NA,NA,NA,NA,NA,NA,NA,NA,NA,NA,NA,NA,NA,NA,NA,NA,NA,NA,NA,NA,NA,NA,NA,NA,NA,NA,NA,NA,NA,NA,NA,NA,2017,1995-08-06,"O","Undisclosed",2018,0
"Dalvin Cook","MIN","RB","13128","weighted",NA,NA,NA,NA,NA,NA,1135.38718584071,81.7332857552804,7.99828469668406,1.08006819474821,1.89120353982301,0.302646045958012,0.118008849557522,0.0369954039957544,0,0,364.480831858407,68.8806841529119,1.63578613474055,0.708237043867376,NA,NA,NA,NA,NA,NA,NA,NA,NA,NA,NA,NA,NA,NA,NA,NA,NA,NA,NA,NA,NA,NA,NA,NA,NA,NA,NA,NA,NA,NA,NA,NA,2017,1995-08-10,NA,NA,NA,NA
"Jordan Howard","CHI","RB","12634","weighted",NA,NA,NA,NA,NA,NA,1133.73955752212,127.458836206933,7.86310724556456,0.709719253758863,1.25782743362832,0.272994332462471,0.494247787610619,0.158551731410376,0,0,189.411079646018,32.931713299839,0.752795246572072,0.221314030102494,NA,NA,NA,NA,NA,NA,NA,NA,NA,NA,NA,NA,NA,NA,NA,NA,NA,NA,NA,NA,NA,NA,NA,NA,NA,NA,NA,NA,NA,NA,NA,NA,2016,1994-11-02,NA,NA,NA,NA
"Joe Mixon","CIN","RB","13131","weighted",NA,NA,NA,NA,NA,NA,986.225805309735,150.185576590505,7.00450739339234,0.982447797797554,2.06468436578171,0.401521633932627,0.488628318584071,0.160313417314936,0,0,326.629575221239,74.359191191358,0.957169633228596,0.566124578065805,NA,NA,NA,NA,NA,NA,NA,NA,NA,NA,NA,NA,NA,NA,NA,NA,NA,NA,NA,NA,NA,NA,NA,NA,NA,NA,NA,NA,NA,NA,NA,NA,2017,1996-07-24,NA,NA,NA,NA
"Melvin Gordon","LAC","RB","12151","weighted",NA,NA,NA,NA,NA,NA,1094.72012389381,112.178660936922,7.91398920201524,0.978073240019072,1.25710914454277,0.318962894384714,0.521194690265487,0.181453648169653,0,0,459.079238938053,45.1361078129793,2.43165975958034,0.412794241722535,NA,NA,NA,NA,NA,NA,NA,NA,NA,NA,NA,NA,NA,NA,NA,NA,NA,NA,NA,NA,NA,NA,NA,NA,NA,NA,NA,NA,NA,NA,NA,NA,2015,1993-04-13,NA,NA,NA,NA
"Jay Ajayi","PHI","RB","12154","weighted",NA,NA,NA,NA,NA,NA,1019.92224778761,76.150743581554,5.36728585224318,1.37374238275488,2.88661238938053,0.819609462430146,0.112389380530973,0.0352337180911947,0,0,212.586371681416,59.726100857452,0.961295911928866,0.511498505991781,NA,NA,NA,NA,NA,NA,NA,NA,NA,NA,NA,NA,NA,NA,NA,NA,NA,NA,NA,NA,NA,NA,NA,NA,NA,NA,NA,NA,NA,NA,NA,NA,2015,1993-06-15,"IR","Knee - ACL",2018,0
"LeSean McCoy","BUF","RB","9448","weighted",NA,NA,NA,NA,NA,NA,994.213840707965,140.343831018779,5.88527157723127,1.1558724526988,1.22752359882006,0.393869792267049,0.611106194690266,0.153266673696697,0,0,386.612477876106,71.1365259296779,1.64903093469559,0.457998362745755,NA,NA,NA,NA,NA,NA,NA,NA,NA,NA,NA,NA,NA,NA,NA,NA,NA,NA,NA,NA,NA,NA,NA,NA,NA,NA,NA,NA,NA,NA,NA,NA,2009,1988-07-12,NA,NA,NA,NA
"Derrick Henry","TEN","RB","12626","weighted",NA,NA,NA,NA,NA,NA,932.970761061947,95.3245833294472,6.71388844924759,0.479829063049546,0.996658407079646,0.476673213225936,0.0393362831858407,0.0123318013319181,0,0,198.473168141593,64.5468958198767,0.954095883382827,0.301375942415291,NA,NA,NA,NA,NA,NA,NA,NA,NA,NA,NA,NA,NA,NA,NA,NA,NA,NA,NA,NA,NA,NA,NA,NA,NA,NA,NA,NA,NA,NA,NA,NA,2016,1994-01-04,NA,NA,NA,NA
"Alex Collins","BAL","RB","12628","weighted",NA,NA,NA,NA,NA,NA,1012.62316814159,78.3238218176176,6.71340880909597,0.722068203708379,2.19424778761062,0.896344749209716,0.0505752212389381,0.0158551731410376,0,0,228.030159292035,43.3109396616462,0.78398659888054,0.223214524240763,NA,NA,NA,NA,NA,NA,NA,NA,NA,NA,NA,NA,NA,NA,NA,NA,NA,NA,NA,NA,NA,NA,NA,NA,NA,NA,NA,NA,NA,NA,NA,NA,2016,1994-08-26,"IR","Foot",2018,0
"Kenyan Drake","MIA","RB","12630","weighted",NA,NA,NA,NA,NA,NA,887.04417699115,114.116496120676,5.35646019015413,0.748282052319706,1.89981769911504,0.236832558024026,0.543672566371681,0.174406904551414,0.0449557522123894,0.0140934872364779,327.320176991151,39.5027466313793,1.19724051276215,0.244435579671044,NA,NA,NA,NA,NA,NA,NA,NA,NA,NA,NA,NA,NA,NA,NA,NA,NA,NA,NA,NA,NA,NA,NA,NA,NA,NA,NA,NA,NA,NA,NA,NA,2016,NA,NA,NA,NA,NA
"Devonta Freeman","ATL","RB","11660","weighted",NA,NA,NA,NA,NA,NA,959.777575221239,64.9605367074859,8.03202687851262,0.662607363586258,1.64208849557522,0.306711597780858,0.0505752212389381,0.0158551731410376,0,0,392.847486725664,18.1146464146028,1.95922882372832,0.439642169066959,NA,NA,NA,NA,NA,NA,NA,NA,NA,NA,NA,NA,NA,NA,NA,NA,NA,NA,NA,NA,NA,NA,NA,NA,NA,NA,NA,NA,NA,NA,NA,NA,2014,1992-03-15,"IR","Groin",2018,0
"Royce Freeman","DEN","RB","13617","weighted",NA,NA,NA,NA,NA,NA,843.092371681416,173.804065302447,5.34373582300257,1.55366143426479,1.73877876106195,0.173178114877576,0.0393362831858407,0.0123318013319181,0,0,236.428601769911,78.2682969963113,0.844471104786322,0.478963830365046,NA,NA,NA,NA,NA,NA,NA,NA,NA,NA,NA,NA,NA,NA,NA,NA,NA,NA,NA,NA,NA,NA,NA,NA,NA,NA,NA,NA,NA,NA,NA,NA,2018,1996-02-24,NA,NA,NA,NA
"Alvin Kamara","NO","RB","13132","weighted",NA,NA,NA,NA,NA,NA,820.432920353982,101.176423926207,7.20293000099549,1.35559145562955,1.23815191740413,0.101033327318544,0.526814159292035,0.179691962265093,0,0,738.185150442478,64.1979888119586,4.15011008964473,0.745324851373923,NA,NA,NA,NA,NA,NA,NA,NA,NA,NA,NA,NA,NA,NA,NA,NA,NA,NA,NA,NA,NA,NA,NA,NA,NA,NA,NA,NA,NA,NA,NA,NA,2017,1995-07-25,NA,NA,NA,NA
"Lamar Miller","HOU","RB","10708","weighted",NA,NA,NA,NA,NA,NA,849.043132743363,133.623061688744,4.3705225306827,0.839251500158097,1.06594336283186,0.402342967572973,0.0618141592920354,0.0193785449501571,0,0,273.57778761062,38.6713083126551,1.59584410203377,0.549397782744673,NA,NA,NA,NA,NA,NA,NA,NA,NA,NA,NA,NA,NA,NA,NA,NA,NA,NA,NA,NA,NA,NA,NA,NA,NA,NA,NA,NA,NA,NA,NA,NA,2012,1991-04-25,NA,NA,NA,NA
"Adrian Peterson","WAS","RB","8658","weighted",NA,NA,NA,NA,NA,NA,709.042283185841,191.071095300578,4.54552071608161,1.35697787748953,3.99901061946903,2.09011224204654,0.0505752212389381,0.0158551731410376,0,0,135.728318584071,102.808940517237,0.52996601231085,0.514850725861751,NA,NA,NA,NA,NA,NA,NA,NA,NA,NA,NA,NA,NA,NA,NA,NA,NA,NA,NA,NA,NA,NA,NA,NA,NA,NA,NA,NA,NA,NA,NA,NA,2007,1985-03-21,NA,NA,NA,NA
"Marshawn Lynch","OAK","RB","8670","weighted",NA,NA,NA,NA,NA,NA,791.147734513274,51.0178609798569,6.14890273937723,0.3929013675561,1.61841769911504,0.28984474621035,0.0618141592920354,0.0193785449501571,0,0,162.339539823009,47.8186847277868,0.383807186321378,0.301487471969137,NA,NA,NA,NA,NA,NA,NA,NA,NA,NA,NA,NA,NA,NA,NA,NA,NA,NA,NA,NA,NA,NA,NA,NA,NA,NA,NA,NA,NA,NA,NA,NA,2007,1986-04-22,"IR","Groin",2018,0
"Peyton Barber","TB","RB","12637","weighted",NA,NA,NA,NA,NA,NA,769.219185840708,96.5408419260525,5.39759624261749,1.17377274617301,1.35877699115044,0.214558007945045,0.0899115044247788,0.0281869744729557,0,0,182.040336283186,49.8206090134438,0.686108961665793,0.294863272968173,NA,NA,NA,NA,NA,NA,NA,NA,NA,NA,NA,NA,NA,NA,NA,NA,NA,NA,NA,NA,NA,NA,NA,NA,NA,NA,NA,NA,NA,NA,NA,NA,2016,1994-06-27,NA,NA,NA,NA
"Carlos Hyde","CLE","RB","11657","weighted",NA,NA,NA,NA,NA,NA,781.328955752212,104.317249817119,5.70961568719219,1.04025878645605,2.05314513274336,0.611851671216927,0.033716814159292,0.0105701154273584,0,0,215.048654867257,67.4295909385472,0.584774415058497,0.377838071858061,NA,NA,NA,NA,NA,NA,NA,NA,NA,NA,NA,NA,NA,NA,NA,NA,NA,NA,NA,NA,NA,NA,NA,NA,NA,NA,NA,NA,NA,NA,NA,NA,2014,1991-09-20,NA,NA,NA,NA
"Isaiah Crowell","NYJ","RB","11668","weighted",NA,NA,NA,NA,NA,NA,703.779309734513,95.3995759375598,4.05250711289534,1.10995876396486,1.03103716814159,0.189158336716478,0.0730530973451328,0.0229019167592765,0,0,197.656530973451,37.6551969204008,0.670319056461765,0.263471350249381,NA,NA,NA,NA,NA,NA,NA,NA,NA,NA,NA,NA,NA,NA,NA,NA,NA,NA,NA,NA,NA,NA,NA,NA,NA,NA,NA,NA,NA,NA,NA,NA,2014,1993-01-08,"IR","Toe",2018,0
"Dion Lewis","TEN","RB","10389","weighted",NA,NA,NA,NA,NA,NA,673.837769911505,115.808554526156,4.15758900729099,0.873520074236858,1.0681203539823,0.576248101114863,0.0561946902654867,0.0176168590455973,0,0,301.567079646018,72.7396225651709,1.96508497195368,0.430163547780904,NA,NA,NA,NA,NA,NA,NA,NA,NA,NA,NA,NA,NA,NA,NA,NA,NA,NA,NA,NA,NA,NA,NA,NA,NA,NA,NA,NA,NA,NA,NA,NA,2011,1990-09-27,NA,NA,NA,NA
"C.J. Anderson","CAR","RB","11454","weighted",NA,NA,NA,NA,NA,NA,630.823946902655,174.874238170271,3.8409006035692,0.897728989357126,1.02516814159292,0.0818266419723978,0.112389380530973,0.0352337180911947,0,0,124.974265486726,52.7947469549403,0.431263525639097,0.338623874144125,NA,NA,NA,NA,NA,NA,NA,NA,NA,NA,NA,NA,NA,NA,NA,NA,NA,NA,NA,NA,NA,NA,NA,NA,NA,NA,NA,NA,NA,NA,NA,NA,2013,1991-02-10,NA,NA,NA,NA
"Alfred Morris","SF","RB","10870","weighted",NA,NA,NA,NA,NA,NA,680.702778761062,189.788890736656,4.73745933135503,1.62490715948525,1.12908495575221,0.218487538869073,0.033716814159292,0.0105701154273584,0,0,121.155982300885,73.6224187976323,0.370790879810768,0.295447934186871,NA,NA,NA,NA,NA,NA,NA,NA,NA,NA,NA,NA,NA,NA,NA,NA,NA,NA,NA,NA,NA,NA,NA,NA,NA,NA,NA,NA,NA,NA,NA,NA,2012,1988-12-12,NA,NA,NA,NA
"Bilal Powell","NYJ","RB","10369","weighted",NA,NA,NA,NA,NA,NA,623.040159292035,150.076088872622,3.82725864310246,1.09757316294924,1.31029557522124,0.0532772420313174,0.0674336283185841,0.0211402308547168,0,0,223.674867256637,36.1786064867983,0.7440481868491,0.27773501739941,NA,NA,NA,NA,NA,NA,NA,NA,NA,NA,NA,NA,NA,NA,NA,NA,NA,NA,NA,NA,NA,NA,NA,NA,NA,NA,NA,NA,NA,NA,NA,NA,2011,1988-10-27,"IR","Neck",2018,0
"Jamaal Williams","GB","RB","13139","weighted",NA,NA,NA,NA,NA,NA,726.509734513274,135.44455860744,5.08158817327761,1.11678925558609,0.749619469026549,0.428091985825199,0.0393362831858407,0.0123318013319181,0,0,247.755769911504,56.6628711546949,1.55671187393034,0.744738948222091,NA,NA,NA,NA,NA,NA,NA,NA,NA,NA,NA,NA,NA,NA,NA,NA,NA,NA,NA,NA,NA,NA,NA,NA,NA,NA,NA,NA,NA,NA,NA,NA,2017,NA,NA,NA,NA,NA
"DOnta Foreman","HOU","RB","13134","weighted",NA,NA,NA,NA,NA,NA,447.368909090909,201.741872395981,2.81872780542777,1.64741101396298,1.2775505050505,0.360225403408032,0,0,0,0,106.639777777778,67.680036243566,0.443966628536689,0.398481576911422,NA,NA,NA,NA,NA,NA,NA,NA,NA,NA,NA,NA,NA,NA,NA,NA,NA,NA,NA,NA,NA,NA,NA,NA,NA,NA,NA,NA,NA,NA,NA,NA,2017,1996-04-24,NA,NA,NA,NA
"Chris Carson","SEA","RB","13364","weighted",NA,NA,NA,NA,NA,NA,657.998920353982,148.118707587317,4.00532338114288,1.22635956857773,0.917223008849558,0.403309591808398,0.0280973451327434,0.00880842952279867,0,0,218.955061946903,119.188315286276,1.18724555644245,0.673511959215729,NA,NA,NA,NA,NA,NA,NA,NA,NA,NA,NA,NA,NA,NA,NA,NA,NA,NA,NA,NA,NA,NA,NA,NA,NA,NA,NA,NA,NA,NA,NA,NA,2017,1994-09-16,NA,NA,NA,NA
"Mark Ingram","NO","RB","10276","weighted",NA,NA,NA,NA,NA,NA,699.44389380531,117.732302614907,5.90898496165183,1.38936642858376,1.6600017699115,0.589990567056911,0.395398230088496,0.126841385128301,0,0,259.890566371681,36.7934356193431,1.00524107448291,0.525144691291214,NA,NA,NA,NA,NA,NA,NA,NA,NA,NA,NA,NA,NA,NA,NA,NA,NA,NA,NA,NA,NA,NA,NA,NA,NA,NA,NA,NA,NA,NA,NA,NA,2011,1989-12-21,NA,NA,NA,NA
"Kerryon Johnson","DET","RB","13612","weighted",NA,NA,NA,NA,NA,NA,668.968831858407,87.6426874115103,4.77240248933708,1.04092553247503,1.18162123893805,0.329329201741503,0.0561946902654867,0.0176168590455973,0,0,276.029646017699,97.9933969451148,1.19471309792922,1.0887769654306,NA,NA,NA,NA,NA,NA,NA,NA,NA,NA,NA,NA,NA,NA,NA,NA,NA,NA,NA,NA,NA,NA,NA,NA,NA,NA,NA,NA,NA,NA,NA,NA,2018,1997-06-30,"IR","Knee",2018,0
"Rashaad Penny","SEA","RB","13608","weighted",NA,NA,NA,NA,NA,NA,558.925752212389,151.889896467751,3.11546361010576,1.20969049453748,0.881426548672566,0.217122002225212,0.0393362831858407,0.0123318013319181,0,0,193.093592920354,59.2475064931233,0.705311311607851,0.505985087185853,NA,NA,NA,NA,NA,NA,NA,NA,NA,NA,NA,NA,NA,NA,NA,NA,NA,NA,NA,NA,NA,NA,NA,NA,NA,NA,NA,NA,NA,NA,NA,NA,2018,1996-02-02,NA,NA,NA,NA
"Christian McCaffrey","CAR","RB","13130","weighted",NA,NA,NA,NA,NA,NA,660.797132743363,126.752559168521,3.95160124277693,1.15218323001771,1.23693805309735,0.239504347107927,0.499867256637168,0.156790045505816,0.571769911504425,0.165598475028615,685.626601769912,75.6520312589792,4.51212091606107,1.14418546577768,NA,NA,NA,NA,NA,NA,NA,NA,NA,NA,NA,NA,NA,NA,NA,NA,NA,NA,NA,NA,NA,NA,NA,NA,NA,NA,NA,NA,NA,NA,NA,NA,2017,1996-06-07,NA,NA,NA,NA
"Tevin Coleman","ATL","RB","12152","weighted",NA,NA,NA,NA,NA,NA,635.109309734513,52.3859853650879,4.66793654731144,0.718275504852808,0.630426548672566,0.324789823866438,0.0449557522123894,0.0140934872364779,0,0,300.907079646018,38.3281135027762,2.78520573589264,1.49604706154533,NA,NA,NA,NA,NA,NA,NA,NA,NA,NA,NA,NA,NA,NA,NA,NA,NA,NA,NA,NA,NA,NA,NA,NA,NA,NA,NA,NA,NA,NA,NA,NA,2015,1993-04-16,NA,NA,NA,NA
"Sony Michel","NE","RB","13607","weighted",NA,NA,NA,NA,NA,NA,526.507699115044,171.931569204732,4.72758175614373,2.60597355546636,0.704359292035398,0.204073858850362,0.0280973451327434,0.00880842952279867,0,0,228.561274336283,97.3667551453699,1.39413732122384,1.25417707557523,NA,NA,NA,NA,NA,NA,NA,NA,NA,NA,NA,NA,NA,NA,NA,NA,NA,NA,NA,NA,NA,NA,NA,NA,NA,NA,NA,NA,NA,NA,NA,NA,2018,1995-02-17,NA,NA,NA,NA
"Marlon Mack","IND","RB","13234","weighted",NA,NA,NA,NA,NA,NA,637.057274336283,106.830869194523,4.36723886346179,0.876136474082264,0.760021238938053,0.40917360548783,0.0505752212389381,0.0158551731410376,0,0,267.508230088496,68.5499161772041,1.55751363978255,0.641601001990226,NA,NA,NA,NA,NA,NA,NA,NA,NA,NA,NA,NA,NA,NA,NA,NA,NA,NA,NA,NA,NA,NA,NA,NA,NA,NA,NA,NA,NA,NA,NA,NA,2017,NA,"Q","Hip",2018,0
"Latavius Murray","MIN","RB","11390","weighted",NA,NA,NA,NA,NA,NA,485.606637168142,132.957078732167,3.88113141428574,1.61222669102316,0.77184778761062,0.222000584984305,0.0618141592920354,0.0193785449501571,0,0,106.244973451327,50.1110132824143,0.244571988972336,0.183285531059608,NA,NA,NA,NA,NA,NA,NA,NA,NA,NA,NA,NA,NA,NA,NA,NA,NA,NA,NA,NA,NA,NA,NA,NA,NA,NA,NA,NA,NA,NA,NA,NA,2013,1990-01-18,NA,NA,NA,NA
"Jordan Wilkins","IND","RB","13789","weighted",NA,NA,NA,NA,NA,NA,409.241734513274,163.386428365905,2.80590189463342,1.30836080344681,0.652274336283186,0.273788456594592,0.016858407079646,0.0052850577136792,0,0,151.100672566372,68.004067592307,0.547180971628383,0.422708145759621,NA,NA,NA,NA,NA,NA,NA,NA,NA,NA,NA,NA,NA,NA,NA,NA,NA,NA,NA,NA,NA,NA,NA,NA,NA,NA,NA,NA,NA,NA,NA,NA,2018,1994-07-18,NA,NA,NA,NA
"Matt Breida","SF","RB","13378","weighted",NA,NA,NA,NA,NA,NA,544.823805309735,129.77974035835,3.46634703592398,1.16511340972206,1.00150442477876,0.344306650918565,0.0393362831858407,0.0123318013319181,0,0,273.171876106195,68.8520193019604,1.18592377626011,0.637462203285547,NA,NA,NA,NA,NA,NA,NA,NA,NA,NA,NA,NA,NA,NA,NA,NA,NA,NA,NA,NA,NA,NA,NA,NA,NA,NA,NA,NA,NA,NA,NA,NA,2017,1995-02-28,"IR","Ankle",2018,0
"Devontae Booker","DEN","RB","12629","weighted",NA,NA,NA,NA,NA,NA,535.18286,142.002384951133,2.92324,0.799238650733307,1.2319,0.531375667350275,0.0171,0.00562404687722108,0,0,272.55712,67.8429249996629,0.90734,0.329951451743394,NA,NA,NA,NA,NA,NA,NA,NA,NA,NA,NA,NA,NA,NA,NA,NA,NA,NA,NA,NA,NA,NA,NA,NA,NA,NA,NA,NA,NA,NA,NA,NA,2016,1992-05-27,NA,NA,NA,NA
"Jonathan Stewart","NYG","RB","9101","weighted",NA,NA,NA,NA,NA,NA,353.193044247788,182.190585589083,2.7608955794769,1.1829642221282,0.663893805309735,0.142300238215517,0.0674336283185841,0.0211402308547168,0,0,60.7824778761062,42.7541707188582,0.218491949865034,0.234866117593,NA,NA,NA,NA,NA,NA,NA,NA,NA,NA,NA,NA,NA,NA,NA,NA,NA,NA,NA,NA,NA,NA,NA,NA,NA,NA,NA,NA,NA,NA,NA,NA,2008,1987-03-21,"IR","Foot",2018,0
"Nick Chubb","CLE","RB","13610","weighted",NA,NA,NA,NA,NA,NA,494.795327433628,184.630325881452,2.85886989456891,1.50206521494969,0.839711504424779,0.593677334873569,0.0393362831858407,0.0123318013319181,0,0,101.731752212389,44.2361287641447,0.229409353322875,0.246461166386525,NA,NA,NA,NA,NA,NA,NA,NA,NA,NA,NA,NA,NA,NA,NA,NA,NA,NA,NA,NA,NA,NA,NA,NA,NA,NA,NA,NA,NA,NA,NA,NA,2018,1995-12-27,NA,NA,NA,NA
"Chris Ivory","BUF","RB","10077","weighted",NA,NA,NA,NA,NA,NA,428.6919,140.061978174335,2.2898,1.08336383324271,1.53928,0.614103506585517,0.0627,0.0206215052164773,0,0,146.66862,56.8898228089907,0.41982,0.39946910772995,NA,NA,NA,NA,NA,NA,NA,NA,NA,NA,NA,NA,NA,NA,NA,NA,NA,NA,NA,NA,NA,NA,NA,NA,NA,NA,NA,NA,NA,NA,NA,NA,2010,1988-03-22,NA,NA,NA,NA
"LeGarrette Blount","DET","RB","9898","weighted",NA,NA,NA,NA,NA,NA,468.287097345133,74.2007820030492,3.50778229095007,1.09488148324499,0.964646017699115,0.291604873435372,0.0393362831858407,0.0123318013319181,0,0,42.2924955752212,21.669290232112,0.214123192501813,0.179827674667627,NA,NA,NA,NA,NA,NA,NA,NA,NA,NA,NA,NA,NA,NA,NA,NA,NA,NA,NA,NA,NA,NA,NA,NA,NA,NA,NA,NA,NA,NA,NA,NA,2010,1986-12-05,NA,NA,NA,NA
"Aaron Jones","GB","RB","13319","weighted",NA,NA,NA,NA,NA,NA,467.226282828283,99.518397144523,3.50983621153644,0.970037677487358,0.575631313131313,0.274808474525561,0,0,0,0,99.670404040404,46.4804636806705,0.415534139237394,0.357338637714736,NA,NA,NA,NA,NA,NA,NA,NA,NA,NA,NA,NA,NA,NA,NA,NA,NA,NA,NA,NA,NA,NA,NA,NA,NA,NA,NA,NA,NA,NA,NA,NA,2017,1994-12-02,"IR","Knee",2018,0
"Rex Burkhead","NE","RB","11182","weighted",NA,NA,NA,NA,NA,NA,499.39803539823,106.701917046743,5.73415830892558,1.76216146082988,0.570803539823009,0.29710146848048,0.033716814159292,0.0105701154273584,0,0,319.928920353982,47.4982489249482,2.28498634219469,0.651974343192824,NA,NA,NA,NA,NA,NA,NA,NA,NA,NA,NA,NA,NA,NA,NA,NA,NA,NA,NA,NA,NA,NA,NA,NA,NA,NA,NA,NA,NA,NA,NA,NA,2013,1990-07-02,NA,NA,NA,NA
"Ronald Jones","TB","RB","13606","weighted",NA,NA,NA,NA,NA,NA,461.775150442478,121.234970328666,2.40701127207331,1.06247026176054,1.11074159292035,0.379579988952808,0.0674336283185841,0.0211402308547168,0,0,143.272938053097,47.3589987343622,0.385352153674882,0.280110997186655,NA,NA,NA,NA,NA,NA,NA,NA,NA,NA,NA,NA,NA,NA,NA,NA,NA,NA,NA,NA,NA,NA,NA,NA,NA,NA,NA,NA,NA,NA,NA,NA,2018,1997-08-03,NA,NA,NA,NA
"Samaje Perine","WAS","RB","13133","weighted",NA,NA,NA,NA,NA,NA,328.465488372093,242.607149309489,1.40748837209302,1.23708145054306,1.0309011627907,0.532704551727003,0,0,0,0,113.555627906977,81.2046951290385,0.435720930232558,0.509213425517228,NA,NA,NA,NA,NA,NA,NA,NA,NA,NA,NA,NA,NA,NA,NA,NA,NA,NA,NA,NA,NA,NA,NA,NA,NA,NA,NA,NA,NA,NA,NA,NA,2017,1995-09-16,NA,NA,NA,NA
"Frank Gore","MIA","RB","7877","weighted",NA,NA,NA,NA,NA,NA,451.805256637168,92.6962201310236,1.95523235434299,0.934138697040833,0.816456637168142,0.250760556196603,0.0561946902654867,0.0176168590455973,0,0,162.071734513274,66.3066093222143,0.513682458255799,0.536621188446536,NA,NA,NA,NA,NA,NA,NA,NA,NA,NA,NA,NA,NA,NA,NA,NA,NA,NA,NA,NA,NA,NA,NA,NA,NA,NA,NA,NA,NA,NA,NA,NA,2005,1983-05-14,"IR","Foot",2018,0
"Giovani Bernard","CIN","RB","11193","weighted",NA,NA,NA,NA,NA,NA,423.484955752212,93.6009821004011,2.19060814486152,0.709948805158419,0.879093805309735,0.247085012350716,0.0505752212389381,0.0158551731410376,0,0,357.644265486726,53.5279184787828,1.42737063498018,0.349550873197705,NA,NA,NA,NA,NA,NA,NA,NA,NA,NA,NA,NA,NA,NA,NA,NA,NA,NA,NA,NA,NA,NA,NA,NA,NA,NA,NA,NA,NA,NA,NA,NA,2013,1991-11-22,NA,NA,NA,NA
"Jeremy Hill","NE","RB","11654","weighted",NA,NA,NA,NA,NA,NA,299.34518,158.805354420085,2.64066,1.5158143165051,0.59319,0.3198149583781,0.0456,0.0149974583392562,0,0,50.10096,33.4707203362154,0.18114,0.194310518188461,NA,NA,NA,NA,NA,NA,NA,NA,NA,NA,NA,NA,NA,NA,NA,NA,NA,NA,NA,NA,NA,NA,NA,NA,NA,NA,NA,NA,NA,NA,NA,NA,2014,1992-10-20,"IR","Knee - ACL",2018,0
"Doug Martin","OAK","RB","10709","weighted",NA,NA,NA,NA,NA,NA,477.169451327434,65.2101457728079,3.30669950712062,0.675994243622522,1.69565663716814,0.692043491375005,0.0393362831858407,0.0123318013319181,0,0,139.596672566372,57.7799123151653,0.350557782720257,0.336299905582924,NA,NA,NA,NA,NA,NA,NA,NA,NA,NA,NA,NA,NA,NA,NA,NA,NA,NA,NA,NA,NA,NA,NA,NA,NA,NA,NA,NA,NA,NA,NA,NA,2012,1989-01-13,NA,NA,NA,NA
"Javorius Allen","BAL","RB","12159","weighted",NA,NA,NA,NA,NA,NA,414.67504,80.0949841948739,2.9317,1.24159212686567,0.507356,0.282928730351051,0.0228,0.00749872916962811,0,0,226.2485,62.3167936668081,1.17528,0.51213130717288,NA,NA,NA,NA,NA,NA,NA,NA,NA,NA,NA,NA,NA,NA,NA,NA,NA,NA,NA,NA,NA,NA,NA,NA,NA,NA,NA,NA,NA,NA,NA,NA,2015,1991-08-27,NA,NA,NA,NA
"Spencer Ware","KC","RB","11199","weighted",NA,NA,NA,NA,NA,NA,343.05186,128.033345579652,2.3677,0.786846419502981,0.964734,0.618159244263347,0.0513,0.0168721406316633,0,0,138.84836,71.2865596649731,0.41922,0.486209538754706,NA,NA,NA,NA,NA,NA,NA,NA,NA,NA,NA,NA,NA,NA,NA,NA,NA,NA,NA,NA,NA,NA,NA,NA,NA,NA,NA,NA,NA,NA,NA,NA,2013,1991-11-23,NA,NA,NA,NA
"Alfred Blue","HOU","RB","11834","weighted",NA,NA,NA,NA,NA,NA,308.5304,157.229858697467,1.41362,0.922547508877148,0.69763,0.131479684774918,0.0342,0.0112480937544422,0.0912,0.0299949166785125,92.35396,55.6050091867589,0.35296,0.29409801789394,NA,NA,NA,NA,NA,NA,NA,NA,NA,NA,NA,NA,NA,NA,NA,NA,NA,NA,NA,NA,NA,NA,NA,NA,NA,NA,NA,NA,NA,NA,NA,NA,2014,1991-04-27,NA,NA,NA,NA
"Kalen Ballage","MIA","RB","13621","weighted",NA,NA,NA,NA,NA,NA,191.885309734513,173.422843849262,1.20616992751963,1.10125876476115,0.568023008849557,0.422951317035771,0.0393362831858407,0.0123318013319181,0,0,69.7971681415929,60.6843880185668,0.205728613569322,0.219846814223321,NA,NA,NA,NA,NA,NA,NA,NA,NA,NA,NA,NA,NA,NA,NA,NA,NA,NA,NA,NA,NA,NA,NA,NA,NA,NA,NA,NA,NA,NA,NA,NA,2018,NA,NA,NA,NA,NA
"Tarik Cohen","CHI","RB","13290","weighted",NA,NA,NA,NA,NA,NA,366.767221238938,71.2738630077556,2.04326406416331,0.646619715357709,1.67679115044248,0.444234007040728,0.0393362831858407,0.0123318013319181,0.796548672566372,0.0951310388462256,418.824300884956,59.760750688135,1.42261931490742,0.628549781136406,NA,NA,NA,NA,NA,NA,NA,NA,NA,NA,NA,NA,NA,NA,NA,NA,NA,NA,NA,NA,NA,NA,NA,NA,NA,NA,NA,NA,NA,NA,NA,NA,2017,1995-07-26,NA,NA,NA,NA
"Corey Clement","PHI","RB","13136","weighted",NA,NA,NA,NA,NA,NA,376.327610619469,95.7800386162322,3.19377091117519,0.940703505551732,0.672670796460177,0.368757567776915,0.0955309734513275,0.0299486603775155,0.0899115044247788,0.0281869744729557,230.294831858407,46.3110511845439,1.38334625805329,0.536084143814492,NA,NA,NA,NA,NA,NA,NA,NA,NA,NA,NA,NA,NA,NA,NA,NA,NA,NA,NA,NA,NA,NA,NA,NA,NA,NA,NA,NA,NA,NA,NA,NA,2017,NA,"IR","Knee",2018,0
"James Conner","PIT","RB","13146","weighted",NA,NA,NA,NA,NA,NA,323.644761061947,111.615454423365,2.09585797331452,0.950992063904943,0.399410619469027,0.279081651779944,0.0393362831858407,0.0123318013319181,0,0,56.7689026548673,36.1138747390397,0.24049118221148,0.247014376906363,NA,NA,NA,NA,NA,NA,NA,NA,NA,NA,NA,NA,NA,NA,NA,NA,NA,NA,NA,NA,NA,NA,NA,NA,NA,NA,NA,NA,NA,NA,NA,NA,2017,1995-05-05,NA,NA,NA,NA
"Ameer Abdullah","DET","RB","12155","weighted",NA,NA,NA,NA,NA,NA,181.9395,174.227292141458,1.16478,1.04767324855842,0.722302,0.247245951210288,0.0399,0.0131227760468492,0.1197,0.0393683281405476,71.72962,63.1197251076093,0.37846,0.390035992319457,NA,NA,NA,NA,NA,NA,NA,NA,NA,NA,NA,NA,NA,NA,NA,NA,NA,NA,NA,NA,NA,NA,NA,NA,NA,NA,NA,NA,NA,NA,NA,NA,2015,1993-06-13,NA,NA,NA,NA
"Rob Kelley","WAS","RB","12887","weighted",NA,NA,NA,NA,NA,NA,269.001398230089,124.912644268625,2.2871474991594,1.00560434938844,0.62193982300885,0.566208724646541,0.016858407079646,0.0052850577136792,0.0449557522123894,0.0140934872364779,57.1396637168142,25.7806450537607,0.135032320362285,0.183414855655312,NA,NA,NA,NA,NA,NA,NA,NA,NA,NA,NA,NA,NA,NA,NA,NA,NA,NA,NA,NA,NA,NA,NA,NA,NA,NA,NA,NA,NA,NA,NA,NA,2016,1992-10-03,"IR","Toe",2018,0
"Phillip Lindsay","DEN","RB","13614","weighted",NA,NA,NA,NA,NA,NA,243.271988795518,123.770517167888,0.982609710550887,0.608161098973121,0.937224089635854,0.674519709319624,0.0179411764705882,0.00666146573809661,0.0837254901960784,0.0310868401111175,139.820588235294,100.930816266278,0.328104575163399,0.221012204481002,NA,NA,NA,NA,NA,NA,NA,NA,NA,NA,NA,NA,NA,NA,NA,NA,NA,NA,NA,NA,NA,NA,NA,NA,NA,NA,NA,NA,NA,NA,NA,NA,2018,1994-07-24,"IR","Wrist",2018,0
"Kenneth Dixon","BAL","RB","12632","weighted",NA,NA,NA,NA,NA,NA,291.867451327434,91.7100582040042,1.64324189854372,0.786182699135663,0.78069203539823,0.124414675237964,0.0449557522123894,0.0140934872364779,0,0,141.37614159292,66.7847805728964,0.597473470733485,0.403440302320572,NA,NA,NA,NA,NA,NA,NA,NA,NA,NA,NA,NA,NA,NA,NA,NA,NA,NA,NA,NA,NA,NA,NA,NA,NA,NA,NA,NA,NA,NA,NA,NA,2016,1994-01-21,NA,NA,NA,NA
"Ty Montgomery","GB","RB","12261","weighted",NA,NA,NA,NA,NA,NA,336.66274,68.3009531483959,2.81338,0.79564814099106,0.558776,0.317839184573481,0.0399,0.0131227760468492,0,0,267.13442,71.7908333866282,1.23172,0.620178636007079,NA,NA,NA,NA,NA,NA,NA,NA,NA,NA,NA,NA,NA,NA,NA,NA,NA,NA,NA,NA,NA,NA,NA,NA,NA,NA,NA,NA,NA,NA,NA,NA,2015,1993-01-22,NA,NA,NA,NA
"Corey Grant","JAC","RB","12402","weighted",NA,NA,NA,NA,NA,NA,268.74616,90.6539911647798,1.91732,0.655667264284804,0.701036,0.50387940824961,0.0285,0.00937341146203514,0.0855,0.0281202343861054,104.26482,54.1279962958987,0.49678,0.375280145719397,NA,NA,NA,NA,NA,NA,NA,NA,NA,NA,NA,NA,NA,NA,NA,NA,NA,NA,NA,NA,NA,NA,NA,NA,NA,NA,NA,NA,NA,NA,NA,NA,NA,NA,"IR","Foot",2018,0
"Mike Gillislee","NE","RB","11180","weighted",NA,NA,NA,NA,NA,NA,253.504071499504,111.089980600124,2.46714092943653,0.883283609716006,0.581727904667329,0.244506993346436,0.0398659384309831,0.0130826343076375,0,0,61.042641509434,43.9130217647452,0.402740935175751,0.421210716321545,NA,NA,NA,NA,NA,NA,NA,NA,NA,NA,NA,NA,NA,NA,NA,NA,NA,NA,NA,NA,NA,NA,NA,NA,NA,NA,NA,NA,NA,NA,NA,NA,2013,1990-11-01,NA,NA,NA,NA
"Chris Thompson","WAS","RB","11186","weighted",NA,NA,NA,NA,NA,NA,317.082601769912,42.1810662925028,1.84598476451338,0.175849830288765,2.0360814159292,0.65734306759217,0.033716814159292,0.0105701154273584,0.0505752212389381,0.0158551731410376,495.844991150443,85.2620869901846,3.05532699515239,0.708898409318323,NA,NA,NA,NA,NA,NA,NA,NA,NA,NA,NA,NA,NA,NA,NA,NA,NA,NA,NA,NA,NA,NA,NA,NA,NA,NA,NA,NA,NA,NA,NA,NA,2013,1990-10-20,NA,NA,NA,NA
"Marcus Murphy","BUF","RB","12367","weighted",NA,NA,NA,NA,NA,NA,123.93496009122,140.794449465357,0.687799315849487,0.90643440749552,0.45096921322691,0.353878693300073,0.0289908779931585,0.0100323250888926,0.243523375142531,0.084271530746698,46.8036031927024,29.1153041028158,0.134093500570125,0.150420832656214,NA,NA,NA,NA,NA,NA,NA,NA,NA,NA,NA,NA,NA,NA,NA,NA,NA,NA,NA,NA,NA,NA,NA,NA,NA,NA,NA,NA,NA,NA,NA,NA,2015,1991-10-03,"IR","Elbow",2018,0
"Austin Ekeler","LAC","RB","13404","weighted",NA,NA,NA,NA,NA,NA,326.940424778761,45.180321289794,2.13308589749911,0.434042127874898,1.88400353982301,1.35467206527357,0.0393362831858407,0.0123318013319181,0.0449557522123894,0.0140934872364779,257.267079646018,36.9944558764031,1.48932010321884,0.674967953821728,NA,NA,NA,NA,NA,NA,NA,NA,NA,NA,NA,NA,NA,NA,NA,NA,NA,NA,NA,NA,NA,NA,NA,NA,NA,NA,NA,NA,NA,NA,NA,NA,NA,NA,NA,NA,NA,NA
"T.J. Yeldon","JAC","RB","12153","weighted",NA,NA,NA,NA,NA,NA,319.94222,37.0711919569256,1.98446,0.736231591890349,0.906292,0.222464995410079,0.0456,0.0149974583392562,0,0,265.31936,70.9102922551635,0.7277,0.363534794816174,NA,NA,NA,NA,NA,NA,NA,NA,NA,NA,NA,NA,NA,NA,NA,NA,NA,NA,NA,NA,NA,NA,NA,NA,NA,NA,NA,NA,NA,NA,NA,NA,2015,1993-10-02,NA,NA,NA,NA
"Orleans Darkwa","FA","RB","11977","weighted",NA,NA,NA,NA,NA,NA,138.769411764706,196.663458642801,0.817647058823529,0.994636011906367,0.134117647058824,0.0582096160421655,0,0,0,0,18.8752941176471,21.7759082957165,0,0,NA,NA,NA,NA,NA,NA,NA,NA,NA,NA,NA,NA,NA,NA,NA,NA,NA,NA,NA,NA,NA,NA,NA,NA,NA,NA,NA,NA,NA,NA,NA,NA,2014,1992-02-28,NA,NA,NA,NA
"Wayne Gallman","NYG","RB","13135","weighted",NA,NA,NA,NA,NA,NA,270.28686,87.9934633599425,1.02274,0.643678634205746,1.135116,0.401601434688903,0.0399,0.0131227760468492,0,0,180.02272,49.9433899372689,0.72614,0.336773485145065,NA,NA,NA,NA,NA,NA,NA,NA,NA,NA,NA,NA,NA,NA,NA,NA,NA,NA,NA,NA,NA,NA,NA,NA,NA,NA,NA,NA,NA,NA,NA,NA,2017,1994-10-01,NA,NA,NA,NA
"Duke Johnson","CLE","RB","12157","weighted",NA,NA,NA,NA,NA,NA,320.715221238938,37.4553302373018,2.46253240112663,0.530629941641587,1.53199646017699,0.485884766370538,0.0449557522123894,0.0140934872364779,0.00561946902654867,0.00176168590455973,544.465327433628,43.1927045453572,2.18176190363788,0.531727030766591,NA,NA,NA,NA,NA,NA,NA,NA,NA,NA,NA,NA,NA,NA,NA,NA,NA,NA,NA,NA,NA,NA,NA,NA,NA,NA,NA,NA,NA,NA,NA,NA,2015,1993-09-23,NA,NA,NA,NA
"Rod Smith","DAL","RB","12444","weighted",NA,NA,NA,NA,NA,NA,275.941986097319,68.7013864107076,2.60751709761349,0.880449852390363,0.565024826216485,0.380779723982279,0.0284756703078451,0.00934473879116967,0,0,152.986017874876,53.9427295298192,0.740119104019421,0.283235147694108,NA,NA,NA,NA,NA,NA,NA,NA,NA,NA,NA,NA,NA,NA,NA,NA,NA,NA,NA,NA,NA,NA,NA,NA,NA,NA,NA,NA,NA,NA,NA,NA,NA,NA,NA,NA,NA,NA
"Chase Edmonds","ARI","RB","13726","weighted",NA,NA,NA,NA,NA,NA,278.643805309735,77.6710760064606,1.73823278971594,0.55533677616113,0.755500884955752,0.314835447018026,0.0393362831858407,0.0123318013319181,0,0,150.51,61.5794505002543,0.301567550785352,0.294648818702996,NA,NA,NA,NA,NA,NA,NA,NA,NA,NA,NA,NA,NA,NA,NA,NA,NA,NA,NA,NA,NA,NA,NA,NA,NA,NA,NA,NA,NA,NA,NA,NA,2018,1996-04-13,NA,NA,NA,NA
"Nyheim Hines","IND","RB","13622","weighted",NA,NA,NA,NA,NA,NA,246.235734513274,109.511008962407,1.43611701782665,0.945349996187072,0.619284955752212,0.361947029148485,0.0449557522123894,0.0140934872364779,0.0899115044247788,0.0281869744729557,218.052584070796,92.0762742330504,1.08980718632419,0.56041992281392,NA,NA,NA,NA,NA,NA,NA,NA,NA,NA,NA,NA,NA,NA,NA,NA,NA,NA,NA,NA,NA,NA,NA,NA,NA,NA,NA,NA,NA,NA,NA,NA,2018,1996-11-12,NA,NA,NA,NA
"Mike Davis","SEA","RB","12164","weighted",NA,NA,NA,NA,NA,NA,120.130149253731,98.1323620128324,0.440569877883311,0.406141016881605,0.683107191316147,0.230968926221958,0,0,0,0,69.8998914518317,51.9088147962079,0.0992944369063772,0.0971821554433464,NA,NA,NA,NA,NA,NA,NA,NA,NA,NA,NA,NA,NA,NA,NA,NA,NA,NA,NA,NA,NA,NA,NA,NA,NA,NA,NA,NA,NA,NA,NA,NA,2015,1993-02-19,NA,NA,NA,NA
"Ito Smith","ATL","RB","13768","weighted",NA,NA,NA,NA,NA,NA,111.274475524476,116.194311635774,0.528205128205128,0.715208671203386,0.121356643356643,0.104581407485197,0.0290792540792541,0.0101253090472395,0,0,36.85,25.2451039524304,0.0893939393939394,0.10349080793011,NA,NA,NA,NA,NA,NA,NA,NA,NA,NA,NA,NA,NA,NA,NA,NA,NA,NA,NA,NA,NA,NA,NA,NA,NA,NA,NA,NA,NA,NA,NA,NA,2018,1995-09-11,"IR","Knee - Meniscus",2018,0
"Raheem Mostert","SF","RB","12447","weighted",NA,NA,NA,NA,NA,NA,119.331460055096,127.579720614453,1.02537190082645,1.42405461180881,1.39371625344353,1.65567178491914,0.0298209366391185,0.011029794983604,0.0477134986225895,0.0176476719737664,49.108044077135,40.5412350117263,0.145730027548209,0.170627458034361,NA,NA,NA,NA,NA,NA,NA,NA,NA,NA,NA,NA,NA,NA,NA,NA,NA,NA,NA,NA,NA,NA,NA,NA,NA,NA,NA,NA,NA,NA,NA,NA,NA,NA,"IR","Forearm",2018,0
"Jalen Richard","OAK","RB","12912","weighted",NA,NA,NA,NA,NA,NA,202.36692,100.971293813693,1.07092,0.724004501990987,1.673966,0.853713925627433,0.0342,0.0112480937544422,0.1311,0.0431176927253617,181.60514,53.3654590520706,0.77576,0.579725539480554,NA,NA,NA,NA,NA,NA,NA,NA,NA,NA,NA,NA,NA,NA,NA,NA,NA,NA,NA,NA,NA,NA,NA,NA,NA,NA,NA,NA,NA,NA,NA,NA,2016,1993-10-15,NA,NA,NA,NA
"Theo Riddick","DET","RB","11188","weighted",NA,NA,NA,NA,NA,NA,237.95210619469,52.9698158444233,1.44227522232086,0.439121042169381,0.765256637168142,0.303633347407031,0.0449557522123894,0.0140934872364779,0,0,389.29382300885,56.843198794577,1.99518155148548,0.545526407736976,NA,NA,NA,NA,NA,NA,NA,NA,NA,NA,NA,NA,NA,NA,NA,NA,NA,NA,NA,NA,NA,NA,NA,NA,NA,NA,NA,NA,NA,NA,NA,NA,2013,1991-05-04,"Q","Groin",2018,0
"Elijah McGuire","NYJ","RB","13144","weighted",NA,NA,NA,NA,NA,NA,153.77331002331,83.2247781526164,0.677272727272727,0.426136436310698,0.612263986013986,0.30141635795779,0.0290792540792541,0.0101253090472395,0.0523426573426573,0.0182255562850311,118.400815850816,77.3839412434425,0.423613053613054,0.363090776676827,NA,NA,NA,NA,NA,NA,NA,NA,NA,NA,NA,NA,NA,NA,NA,NA,NA,NA,NA,NA,NA,NA,NA,NA,NA,NA,NA,NA,NA,NA,NA,NA,2017,1994-06-01,NA,NA,NA,NA
"Jacquizz Rodgers","TB","RB","10300","weighted",NA,NA,NA,NA,NA,NA,134.41078677309,43.464865080918,0.738950969213227,0.247707663206757,0.378677309007982,0.256767777026071,0.0637799315849487,0.0220711151955638,0,0,81.5776282782212,45.1189774272374,0.191448118586089,0.173399412931757,NA,NA,NA,NA,NA,NA,NA,NA,NA,NA,NA,NA,NA,NA,NA,NA,NA,NA,NA,NA,NA,NA,NA,NA,NA,NA,NA,NA,NA,NA,NA,NA,2011,1990-02-06,NA,NA,NA,NA
"Malcolm Brown","LAR","RB","12386","weighted",NA,NA,NA,NA,NA,NA,206.220250855188,92.3533798050254,1.06836944127708,0.588587276083831,0.682440136830103,0.593281427540474,0.0405872291904219,0.0140452551244497,0,0,49.234070695553,24.5150013840182,0.121733181299886,0.105031468882064,NA,NA,NA,NA,NA,NA,NA,NA,NA,NA,NA,NA,NA,NA,NA,NA,NA,NA,NA,NA,NA,NA,NA,NA,NA,NA,NA,NA,NA,NA,NA,NA,2015,1993-05-15,"IR","Collarbone",2018,0
"Kerwynn Williams","KC","RB","11185","weighted",NA,NA,NA,NA,NA,NA,190.864928909953,180.699677407136,0.459715639810427,0.497586053820658,0,0,0,0,0,0,44.2568720379147,45.7660383762867,0,0,NA,NA,NA,NA,NA,NA,NA,NA,NA,NA,NA,NA,NA,NA,NA,NA,NA,NA,NA,NA,NA,NA,NA,NA,NA,NA,NA,NA,NA,NA,NA,NA,2013,1991-06-09,NA,NA,NA,NA
"Eddie Lacy","FA","RB","11201","weighted",NA,NA,NA,NA,NA,NA,98.5364705882353,166.978091266674,0.323529411764706,0.532568352192599,0.134117647058824,0.0582096160421655,0,0,0,0,21.0141176470588,32.4501412524892,0,0,NA,NA,NA,NA,NA,NA,NA,NA,NA,NA,NA,NA,NA,NA,NA,NA,NA,NA,NA,NA,NA,NA,NA,NA,NA,NA,NA,NA,NA,NA,NA,NA,2013,1991-01-01,NA,NA,NA,NA
"Darren Sproles","PHI","RB","7942","weighted",NA,NA,NA,NA,NA,NA,234.002407079646,55.1186417851622,1.34904931553211,0.462143916446896,1.27433805309735,0.743997577795743,0.0674336283185841,0.0211402308547168,0,0,266.324460176991,76.1464524127799,1.18214574768305,0.467565143316976,NA,NA,NA,NA,NA,NA,NA,NA,NA,NA,NA,NA,NA,NA,NA,NA,NA,NA,NA,NA,NA,NA,NA,NA,NA,NA,NA,NA,NA,NA,NA,NA,2005,1983-06-20,NA,NA,NA,NA
"John Kelly","LAR","RB","13619","weighted",NA,NA,NA,NA,NA,NA,157.13682983683,109.168269152377,0.760722610722611,0.819226616729318,0.188904428904429,0.166487968309029,0.0407109557109557,0.0141754326661353,0,0,46.5252913752914,46.3987434502175,0.273543123543124,0.36939303428837,NA,NA,NA,NA,NA,NA,NA,NA,NA,NA,NA,NA,NA,NA,NA,NA,NA,NA,NA,NA,NA,NA,NA,NA,NA,NA,NA,NA,NA,NA,NA,NA,2018,1996-10-04,NA,NA,NA,NA
"James White","NE","RB","11747","weighted",NA,NA,NA,NA,NA,NA,216.755451327434,35.0783994416652,2.20001955536018,1.39202183821953,0.501256637168142,0.274827778291093,0.0393362831858407,0.0123318013319181,0,0,433.150566371681,28.4130163576239,3.43697922607497,0.655842441278047,NA,NA,NA,NA,NA,NA,NA,NA,NA,NA,NA,NA,NA,NA,NA,NA,NA,NA,NA,NA,NA,NA,NA,NA,NA,NA,NA,NA,NA,NA,NA,NA,2014,1992-02-03,NA,NA,NA,NA
"Cameron Artis-Payne","CAR","RB","12161","weighted",NA,NA,NA,NA,NA,NA,122.824948688712,77.3315969250982,0.782006841505131,0.583533076828163,0.475712656784493,0.323049419030247,0.0115963511972634,0.00401293003555705,0,0,37.4886887115165,32.3299206865188,0.125701254275941,0.145785491094609,NA,NA,NA,NA,NA,NA,NA,NA,NA,NA,NA,NA,NA,NA,NA,NA,NA,NA,NA,NA,NA,NA,NA,NA,NA,NA,NA,NA,NA,NA,NA,NA,2015,1992-06-23,NA,NA,NA,NA
"C.J. Prosise","SEA","RB","12627","weighted",NA,NA,NA,NA,NA,NA,150.162902654867,62.6280222194039,0.817251468582568,0.451429132371599,0.44207610619469,0.301092503127439,0.0393362831858407,0.0123318013319181,0.0449557522123894,0.0140934872364779,218.142371681416,135.081813573489,0.551443834857019,0.372701996783022,NA,NA,NA,NA,NA,NA,NA,NA,NA,NA,NA,NA,NA,NA,NA,NA,NA,NA,NA,NA,NA,NA,NA,NA,NA,NA,NA,NA,NA,NA,NA,NA,2016,1994-05-20,"IR","Abdomen",2018,0
"Elijhaa Penny","ARI","RB","13239","weighted",NA,NA,NA,NA,NA,NA,108.064285714286,173.948268171891,0.878571428571428,1.41421356237309,0,0,0,0,0,0,29.8714285714286,48.0832611206852,0,0,NA,NA,NA,NA,NA,NA,NA,NA,NA,NA,NA,NA,NA,NA,NA,NA,NA,NA,NA,NA,NA,NA,NA,NA,NA,NA,NA,NA,NA,NA,NA,NA,2016,1993-08-17,NA,NA,NA,NA
"Trenton Cannon","NYJ","RB","13816","weighted",NA,NA,NA,NA,NA,NA,114.242857142857,83.6505855499878,0.463366336633663,0.48310261508854,0.449080622347949,0.33536249800641,0.023960396039604,0.0089175525411554,0.0898514851485148,0.0334408220293327,52.4513437057992,47.7200808405874,0.123620933521924,0.177909569748058,NA,NA,NA,NA,NA,NA,NA,NA,NA,NA,NA,NA,NA,NA,NA,NA,NA,NA,NA,NA,NA,NA,NA,NA,NA,NA,NA,NA,NA,NA,NA,NA,2018,NA,NA,NA,NA,NA
"Tavon Austin","DAL","RB","11213","weighted",NA,NA,NA,NA,NA,NA,148.357912457912,1.28693434175951,0.842424242424242,0.0636396103067892,0.407530864197531,0.103708994574027,0.0441414141414141,0.0212132034355964,1.1,0,116.173063973064,78.6444162035678,0.688888888888889,0.466690475583121,NA,NA,NA,NA,NA,NA,NA,NA,NA,NA,NA,NA,NA,NA,NA,NA,NA,NA,NA,NA,NA,NA,NA,NA,NA,NA,NA,NA,NA,NA,NA,NA,2013,1991-03-15,NA,NA,NA,NA
"DeAndre Washington","OAK","RB","12857","weighted",NA,NA,NA,NA,NA,NA,107.509209302326,69.6177329620338,0.910046511627907,0.786644983612635,0.166686046511628,0.0258413365997411,0,0,0,0,91.7673023255814,89.6070403113813,0.303813953488372,0.336982249658128,NA,NA,NA,NA,NA,NA,NA,NA,NA,NA,NA,NA,NA,NA,NA,NA,NA,NA,NA,NA,NA,NA,NA,NA,NA,NA,NA,NA,NA,NA,NA,NA,2016,1993-02-22,NA,NA,NA,NA
"Mark Walton","CIN","RB","13616","weighted",NA,NA,NA,NA,NA,NA,130.968065268065,73.0597726672873,0.600582750582751,0.602118063324142,0.678188811188811,0.557555030714939,0.0523426573426573,0.0182255562850311,0,0,74.7347319347319,70.3815616388879,0.275407925407925,0.372130307732652,NA,NA,NA,NA,NA,NA,NA,NA,NA,NA,NA,NA,NA,NA,NA,NA,NA,NA,NA,NA,NA,NA,NA,NA,NA,NA,NA,NA,NA,NA,NA,NA,2018,1997-03-29,NA,NA,NA,NA
"Boston Scott","NO","RB","13814","weighted",NA,NA,NA,NA,NA,NA,83.44095371669,86.9456203081873,0.530715287517532,0.443643875627211,0.0517204301075269,0.0471883946824938,0.00598176718092567,0.00222246234165463,0,0,38.5702664796634,73.8682233687639,0.233941093969144,0.400523829101194,NA,NA,NA,NA,NA,NA,NA,NA,NA,NA,NA,NA,NA,NA,NA,NA,NA,NA,NA,NA,NA,NA,NA,NA,NA,NA,NA,NA,NA,NA,NA,NA,2018,1995-04-27,NA,NA,NA,NA
"Jaylen Samuels","PIT","RB","13613","weighted",NA,NA,NA,NA,NA,NA,107.334829931973,81.3434239546359,0.744625850340136,0.719169951189651,0.260174149659864,0.205264831010566,0.0476190476190476,0.0175649798499136,0,0,59.52,37.0462758950123,0.212517006802721,0.215713992399805,NA,NA,NA,NA,NA,NA,NA,NA,NA,NA,NA,NA,NA,NA,NA,NA,NA,NA,NA,NA,NA,NA,NA,NA,NA,NA,NA,NA,NA,NA,NA,NA,2018,1996-07-20,NA,NA,NA,NA
"Mike Tolbert","FA","RB","9315","weighted",NA,NA,NA,NA,NA,NA,99.2785714285714,159.80613254816,0.439285714285714,0.707106781186547,0,0,0,0,0,0,46.5642857142857,74.953318805774,0,0,NA,NA,NA,NA,NA,NA,NA,NA,NA,NA,NA,NA,NA,NA,NA,NA,NA,NA,NA,NA,NA,NA,NA,NA,NA,NA,NA,NA,NA,NA,NA,NA,2008,1985-11-23,NA,NA,NA,NA
"Wendell Smallwood","PHI","RB","12636","weighted",NA,NA,NA,NA,NA,NA,104.15356,78.7398112518809,0.42914,0.485283959358195,0.454338,0.500334996334927,0.0057,0.00187468229240703,0,0,51.34668,49.9307102333452,0.07052,0.109205650822646,NA,NA,NA,NA,NA,NA,NA,NA,NA,NA,NA,NA,NA,NA,NA,NA,NA,NA,NA,NA,NA,NA,NA,NA,NA,NA,NA,NA,NA,NA,NA,NA,2016,1994-01-26,NA,NA,NA,NA
"Paul Perkins","NYG","RB","12631","weighted",NA,NA,NA,NA,NA,NA,77.8208888888889,102.421414546922,0,0,0.163111111111111,0.113884885136512,0,0,0,0,27.0737777777778,39.5186203645197,0,0,NA,NA,NA,NA,NA,NA,NA,NA,NA,NA,NA,NA,NA,NA,NA,NA,NA,NA,NA,NA,NA,NA,NA,NA,NA,NA,NA,NA,NA,NA,NA,NA,2016,1994-11-16,NA,"Pectoral",2018,0
"J.D. McKissic","SEA","RB","13108","weighted",NA,NA,NA,NA,NA,NA,84.8759607293128,71.03992160547,0.189088359046283,0.323293354243467,0.157840112201964,0.10075162615501,0.0299088359046283,0.0111123117082732,0,0,121.813604488079,113.474899509729,0.5381206171108,0.806473117184395,NA,NA,NA,NA,NA,NA,NA,NA,NA,NA,NA,NA,NA,NA,NA,NA,NA,NA,NA,NA,NA,NA,NA,NA,NA,NA,NA,NA,NA,NA,NA,NA,2016,1993-10-15,NA,NA,NA,NA
"Robert Turbin","IND","RB","10714","weighted",NA,NA,NA,NA,NA,NA,138.447558139535,51.294976236459,1.43572093023256,1.18670739831524,0.334767441860465,0.258912704920542,0,0,0,0,88.6323255813953,38.8454498593094,0.217627906976744,0.192577084118808,NA,NA,NA,NA,NA,NA,NA,NA,NA,NA,NA,NA,NA,NA,NA,NA,NA,NA,NA,NA,NA,NA,NA,NA,NA,NA,NA,NA,NA,NA,NA,NA,2012,1989-12-02,NA,NA,NA,NA
"Christine Michael","IND","RB","11179","weighted",NA,NA,NA,NA,NA,NA,82.8164187327824,57.7094919464583,0.600220385674931,0.330934750974026,0.109358126721763,0.116306992822586,0,0,0,0,41.4822865013774,63.5296269276855,0.19801652892562,0.324156513657476,NA,NA,NA,NA,NA,NA,NA,NA,NA,NA,NA,NA,NA,NA,NA,NA,NA,NA,NA,NA,NA,NA,NA,NA,NA,NA,NA,NA,NA,NA,NA,NA,2013,1990-11-09,NA,NA,NA,NA
"Detrez Newsome",NA,"RB","13891","weighted",NA,NA,NA,NA,NA,NA,96.4078014184397,94.1583389828007,0.590780141843972,0.841457069611991,0.233333333333333,0.332340187157677,0.0224468085106383,0.0106066017177982,0,0,41.3695035460993,33.0006734779762,0.15886524822695,0.226274169979695,NA,NA,NA,NA,NA,NA,NA,NA,NA,NA,NA,NA,NA,NA,NA,NA,NA,NA,NA,NA,NA,NA,NA,NA,NA,NA,NA,NA,NA,NA,NA,NA,2018,1970-01-01,NA,NA,NA,NA
"Mike Boone","MIN","RB","13868","weighted",NA,NA,NA,NA,NA,NA,90.2482269503546,87.0943422387471,0.546099290780142,0.777817459305202,0.429787234042553,0.0424264068711928,0.0523758865248227,0.0247487373415292,0,0,66.2063829787234,29.6348451995282,0.233333333333333,0.332340187157677,NA,NA,NA,NA,NA,NA,NA,NA,NA,NA,NA,NA,NA,NA,NA,NA,NA,NA,NA,NA,NA,NA,NA,NA,NA,NA,NA,NA,NA,NA,NA,NA,2018,1970-01-01,NA,NA,NA,NA
"Jonathan Williams","NO","RB","12635","weighted",NA,NA,NA,NA,NA,NA,0,NA,0,NA,0,NA,0,NA,0,NA,0,NA,0,NA,NA,NA,NA,NA,NA,NA,NA,NA,NA,NA,NA,NA,NA,NA,NA,NA,NA,NA,NA,NA,NA,NA,NA,NA,NA,NA,NA,NA,NA,NA,NA,NA,2016,1994-02-02,NA,NA,NA,NA
"T.J. Logan","ARI","RB","13142","weighted",NA,NA,NA,NA,NA,NA,101.265593220339,47.6401327091308,0.420677966101695,0.524206703564455,0.187932203389831,0.178892569174727,0.0309322033898305,0.0122852753952255,0.0494915254237288,0.0196564406323608,58.7149152542373,24.9364352488031,0.172372881355932,0.201164076265889,NA,NA,NA,NA,NA,NA,NA,NA,NA,NA,NA,NA,NA,NA,NA,NA,NA,NA,NA,NA,NA,NA,NA,NA,NA,NA,NA,NA,NA,NA,NA,NA,2017,1994-09-03,NA,NA,NA,NA
"Damien Williams","KC","RB","11886","weighted",NA,NA,NA,NA,NA,NA,82.3830102622577,52.7679279419534,0.411584948688712,0.370492701355413,0.160091220068415,0.140643114208186,0.0463854047890536,0.0160517201422282,0,0,76.919338654504,70.0439058764905,0.348346636259977,0.444338721815236,NA,NA,NA,NA,NA,NA,NA,NA,NA,NA,NA,NA,NA,NA,NA,NA,NA,NA,NA,NA,NA,NA,NA,NA,NA,NA,NA,NA,NA,NA,NA,NA,2014,1992-04-03,NA,NA,NA,NA
"Charcandrick West","NYJ","RB","12098","weighted",NA,NA,NA,NA,NA,NA,57.5464285714286,92.6309883354377,0.439285714285714,0.707106781186547,0,0,0,0,0,0,67.65,108.894444302728,0.439285714285714,0.707106781186547,NA,NA,NA,NA,NA,NA,NA,NA,NA,NA,NA,NA,NA,NA,NA,NA,NA,NA,NA,NA,NA,NA,NA,NA,NA,NA,NA,NA,NA,NA,NA,NA,2014,1991-06-02,NA,NA,NA,NA
"Kapri Bibbs","WAS","RB","11895","weighted",NA,NA,NA,NA,NA,NA,124.998490566038,7.91959594928933,0.464150943396226,0.707106781186547,0,0,0,0,0,0,171.720754716981,33.9411254969543,1.28603773584906,1.69705627484771,NA,NA,NA,NA,NA,NA,NA,NA,NA,NA,NA,NA,NA,NA,NA,NA,NA,NA,NA,NA,NA,NA,NA,NA,NA,NA,NA,NA,NA,NA,NA,NA,2014,1993-01-10,NA,NA,NA,NA
"Tyler Ervin","HOU","RB","12639","weighted",NA,NA,NA,NA,NA,NA,51.7463442389758,48.1858075584819,0.271920341394026,0.429720043069965,0.150640113798009,0.107211733987705,0,0,0,0,62.3276813655761,80.3268592888577,0.205263157894737,0.41462295362991,NA,NA,NA,NA,NA,NA,NA,NA,NA,NA,NA,NA,NA,NA,NA,NA,NA,NA,NA,NA,NA,NA,NA,NA,NA,NA,NA,NA,NA,NA,NA,NA,2016,1993-10-07,NA,NA,NA,NA
"Dwayne Washington","DET","RB","12845","weighted",NA,NA,NA,NA,NA,NA,61.6441471571906,91.7824601980139,0,0,0,0,0,0,0,0,23.8882943143813,35.5674710936833,0,0,NA,NA,NA,NA,NA,NA,NA,NA,NA,NA,NA,NA,NA,NA,NA,NA,NA,NA,NA,NA,NA,NA,NA,NA,NA,NA,NA,NA,NA,NA,NA,NA,2016,NA,NA,NA,NA,NA
"Matthew Dayes","CLE","RB","13140","weighted",NA,NA,NA,NA,NA,NA,26.5298059964727,51.460100765514,0.216931216931217,0.476504095331313,0.126102292768959,0.126923382687352,0,0,0,0,38.4864197530864,67.5359463694719,0,0,NA,NA,NA,NA,NA,NA,NA,NA,NA,NA,NA,NA,NA,NA,NA,NA,NA,NA,NA,NA,NA,NA,NA,NA,NA,NA,NA,NA,NA,NA,NA,NA,2017,NA,NA,NA,NA,NA
"Shane Vereen","NO","RB","10303","weighted",NA,NA,NA,NA,NA,NA,42.9799331103679,63.9931636973826,0,0,0,0,0,0,0,0,57.9872909698997,86.3377379828775,0,0,NA,NA,NA,NA,NA,NA,NA,NA,NA,NA,NA,NA,NA,NA,NA,NA,NA,NA,NA,NA,NA,NA,NA,NA,NA,NA,NA,NA,NA,NA,NA,NA,2011,1989-03-02,"Q","Undisclosed",2018,0
"Stevan Ridley","PIT","RB","10334","weighted",NA,NA,NA,NA,NA,NA,67.4821981004071,17.2718756552282,0.308521031207598,0.190968308614515,0.0502035278154681,0.0348905282817141,0,0,0,0,6.04523744911805,5.2294407327047,0.044314789687924,0.069948641966445,NA,NA,NA,NA,NA,NA,NA,NA,NA,NA,NA,NA,NA,NA,NA,NA,NA,NA,NA,NA,NA,NA,NA,NA,NA,NA,NA,NA,NA,NA,NA,NA,2011,1989-01-27,NA,NA,NA,NA
"David Fluellen","TEN","RB","11894","weighted",NA,NA,NA,NA,NA,NA,40.9620752565564,31.6837842711268,0.203740022805017,0.237180453399981,0.116077537058153,0.0663068820253311,0.0405872291904219,0.0140452551244497,0,0,12.5414823261117,12.3622691594154,0.0759863169897377,0.104590758445252,NA,NA,NA,NA,NA,NA,NA,NA,NA,NA,NA,NA,NA,NA,NA,NA,NA,NA,NA,NA,NA,NA,NA,NA,NA,NA,NA,NA,NA,NA,NA,NA,2014,1992-01-29,"IR","Knee",2018,0
"Alexander Armah","CAR","RB","13326","weighted",NA,NA,NA,NA,NA,NA,44.4680369515011,38.3536227527516,0.104572748267898,0.122651587818881,0.0884218629715165,0.0267412477814698,0.0330831408775982,0.0143256684543588,0,0,40.6054965357968,15.6104676879353,0.065080831408776,0.059173799399984,NA,NA,NA,NA,NA,NA,NA,NA,NA,NA,NA,NA,NA,NA,NA,NA,NA,NA,NA,NA,NA,NA,NA,NA,NA,NA,NA,NA,NA,NA,NA,NA,2017,1994-05-17,NA,NA,NA,NA
"Roosevelt Nix","PIT","RB","4397","weighted",NA,NA,NA,NA,NA,NA,30.4119520547945,36.6641293886041,0.351267123287671,0.145928041549012,0.0569263698630137,0.0484616679507475,0.0433904109589041,0.0172594849275907,0,0,16.3764726027397,11.1363808334338,0.134931506849315,0.124011887633316,NA,NA,NA,NA,NA,NA,NA,NA,NA,NA,NA,NA,NA,NA,NA,NA,NA,NA,NA,NA,NA,NA,NA,NA,NA,NA,NA,NA,NA,NA,NA,NA,NA,NA,NA,NA,NA,NA
"Thomas Rawls","NYJ","RB","12169","weighted",NA,NA,NA,NA,NA,NA,27.1090909090909,47.2722294187627,0,0,0.399300699300699,0.173158349519277,0,0,0,0,19.8932400932401,34.6893893536952,0,0,NA,NA,NA,NA,NA,NA,NA,NA,NA,NA,NA,NA,NA,NA,NA,NA,NA,NA,NA,NA,NA,NA,NA,NA,NA,NA,NA,NA,NA,NA,NA,NA,2015,1993-08-03,NA,NA,NA,NA
"Kyle Juszczyk","SF","RB","11367","weighted",NA,NA,NA,NA,NA,NA,38.7270862470862,20.0064558572768,0.26967365967366,0.34638464506805,1.77058275058275,1.29774397068245,0.0465268065268065,0.0162004944755832,0,0,288.274731934732,120.770160684862,1.35920745920746,0.750574426941391,NA,NA,NA,NA,NA,NA,NA,NA,NA,NA,NA,NA,NA,NA,NA,NA,NA,NA,NA,NA,NA,NA,NA,NA,NA,NA,NA,NA,NA,NA,NA,NA,2013,1991-04-23,NA,NA,NA,NA
"Devante Mays","GB","RB","13357","weighted",NA,NA,NA,NA,NA,NA,5.03411371237458,7.4953318805774,0,0,0.516220735785953,0.247487373415292,0,0,0,0,5.41404682274247,8.06101730552664,0,0,NA,NA,NA,NA,NA,NA,NA,NA,NA,NA,NA,NA,NA,NA,NA,NA,NA,NA,NA,NA,NA,NA,NA,NA,NA,NA,NA,NA,NA,NA,NA,NA,2017,NA,NA,NA,NA,NA
"Senorise Perry","MIA","RB","11964","weighted",NA,NA,NA,NA,NA,NA,22.6918588873813,27.0979720094214,0.136906377204885,0.25683099684932,0.100407055630936,0.0697810565634282,0,0,0,0,9.1674355495251,17.6386639421073,0.0732157394843962,0.167593951159486,NA,NA,NA,NA,NA,NA,NA,NA,NA,NA,NA,NA,NA,NA,NA,NA,NA,NA,NA,NA,NA,NA,NA,NA,NA,NA,NA,NA,NA,NA,NA,NA,2014,1991-09-19,NA,NA,NA,NA
"Benny Cunningham","CHI","RB","11432","weighted",NA,NA,NA,NA,NA,NA,32.4823415977961,25.5363860930476,0.113471074380165,0.126291923881635,0.405619834710744,0.277143642169825,0.0357851239669421,0.0132357539803248,0,0,125.124738292011,88.573648598537,0.690964187327824,0.611792727188876,NA,NA,NA,NA,NA,NA,NA,NA,NA,NA,NA,NA,NA,NA,NA,NA,NA,NA,NA,NA,NA,NA,NA,NA,NA,NA,NA,NA,NA,NA,NA,NA,2013,1990-07-07,NA,NA,NA,NA
"Aaron Ripkowski","GB","RB","12353","weighted",NA,NA,NA,NA,NA,NA,30.8220735785953,45.8912300990069,1.28227424749164,1.90918830920368,0.66371237458194,0.318198051533946,0,0,0,0,29.2548494983278,43.5577777210913,0.0949832775919732,0.14142135623731,NA,NA,NA,NA,NA,NA,NA,NA,NA,NA,NA,NA,NA,NA,NA,NA,NA,NA,NA,NA,NA,NA,NA,NA,NA,NA,NA,NA,NA,NA,NA,NA,NA,NA,NA,NA,NA,NA
"Justin Jackson","LAC","RB","13620","weighted",NA,NA,NA,NA,NA,NA,1.15918367346939,2.06129749634085,0,0,0,0,0,0,0,0,0,0,0,0,NA,NA,NA,NA,NA,NA,NA,NA,NA,NA,NA,NA,NA,NA,NA,NA,NA,NA,NA,NA,NA,NA,NA,NA,NA,NA,NA,NA,NA,NA,NA,NA,2018,1995-04-22,NA,NA,NA,NA
"Charles Sims","TB","RB","11656","weighted",NA,NA,NA,NA,NA,NA,28.6374581939799,42.6385389055488,0,0,0.811204013377926,0.388908729652601,0,0,0,0,94.6508361204013,140.926381490479,0.0949832775919732,0.14142135623731,NA,NA,NA,NA,NA,NA,NA,NA,NA,NA,NA,NA,NA,NA,NA,NA,NA,NA,NA,NA,NA,NA,NA,NA,NA,NA,NA,NA,NA,NA,NA,NA,2014,1990-09-19,NA,NA,NA,NA
"Charles Sims","FA","RB","11656","weighted",NA,NA,NA,NA,NA,NA,28.6374581939799,42.6385389055488,0,0,0.811204013377926,0.388908729652601,0,0,0,0,94.6508361204013,140.926381490479,0.0949832775919732,0.14142135623731,NA,NA,NA,NA,NA,NA,NA,NA,NA,NA,NA,NA,NA,NA,NA,NA,NA,NA,NA,NA,NA,NA,NA,NA,NA,NA,NA,NA,NA,NA,NA,NA,2014,1990-09-19,NA,NA,NA,NA
"Brandon Wilds","JAC","RB","12867","weighted",NA,NA,NA,NA,NA,NA,27.7826086956522,41.365746699413,0,0,0,0,0,0,0,0,7.21872909698997,10.7480230740355,0,0,NA,NA,NA,NA,NA,NA,NA,NA,NA,NA,NA,NA,NA,NA,NA,NA,NA,NA,NA,NA,NA,NA,NA,NA,NA,NA,NA,NA,NA,NA,NA,NA,2016,1993-07-22,NA,NA,NA,NA
"Keith Marshall","FA","RB","12643","weighted",NA,NA,NA,NA,NA,NA,26.9182608695652,40.0788123576535,0.0854849498327759,0.127279220613579,0,0,0,0,0,0,35.7042140468227,53.1602878096046,0.14247491638796,0.212132034355964,NA,NA,NA,NA,NA,NA,NA,NA,NA,NA,NA,NA,NA,NA,NA,NA,NA,NA,NA,NA,NA,NA,NA,NA,NA,NA,NA,NA,NA,NA,NA,NA,2016,1994-02-16,"Q","Kneecap",2018,0
"Michael Burton","CHI","RB","12325","weighted",NA,NA,NA,NA,NA,NA,22.1511643835616,18.639654941616,0.188630136986301,0.15353020267092,0.0753125,0.0691981701203071,0.0309931506849315,0.0123282035197076,0,0,21.5512671232877,13.2880786472428,0.0873287671232877,0.102183287835349,NA,NA,NA,NA,NA,NA,NA,NA,NA,NA,NA,NA,NA,NA,NA,NA,NA,NA,NA,NA,NA,NA,NA,NA,NA,NA,NA,NA,NA,NA,NA,NA,2015,1992-02-01,NA,NA,NA,NA
"Derek Watt","LAC","RB","12823","weighted",NA,NA,NA,NA,NA,NA,25.0620408163265,14.5895164817416,0.173551020408163,0.16249856894661,0.0668367346938776,0.0525730368823648,0.0238095238095238,0.00878248992495679,0,0,30.0537142857143,12.9733900169232,0.152761904761905,0.174228647787793,NA,NA,NA,NA,NA,NA,NA,NA,NA,NA,NA,NA,NA,NA,NA,NA,NA,NA,NA,NA,NA,NA,NA,NA,NA,NA,NA,NA,NA,NA,NA,NA,2016,1992-11-07,NA,NA,NA,NA
"Branden Oliver","FA","RB","11941","weighted",NA,NA,NA,NA,NA,NA,22.5662251655629,33.2340187157677,0.144039735099338,0.212132034355964,0.148013245033113,0.0707106781186548,0,0,0,0,3.36092715231788,4.94974746830583,0,0,NA,NA,NA,NA,NA,NA,NA,NA,NA,NA,NA,NA,NA,NA,NA,NA,NA,NA,NA,NA,NA,NA,NA,NA,NA,NA,NA,NA,NA,NA,NA,NA,2014,1991-05-07,NA,NA,NA,NA
"Anthony Sherman","KC","RB","10378","weighted",NA,NA,NA,NA,NA,NA,26.6901768707483,13.7149908485235,0.252326530612245,0.196675305462696,0.0634013605442177,0.0489712116516861,0.0476190476190476,0.0175649798499136,0,0,34.6769523809524,5.04834016995855,0.0810612244897959,0.085480841713761,NA,NA,NA,NA,NA,NA,NA,NA,NA,NA,NA,NA,NA,NA,NA,NA,NA,NA,NA,NA,NA,NA,NA,NA,NA,NA,NA,NA,NA,NA,NA,NA,2011,1988-12-11,NA,NA,NA,NA
"Andre Williams","FA","RB","11658","weighted",NA,NA,NA,NA,NA,NA,20.4783946488294,30.4904444047639,0.194715719063545,0.289913780286484,NA,NA,NA,NA,NA,NA,3.94180602006689,5.86898628384835,0,0,NA,NA,NA,NA,NA,NA,NA,NA,NA,NA,NA,NA,NA,NA,NA,NA,NA,NA,NA,NA,NA,NA,NA,NA,NA,NA,NA,NA,NA,NA,NA,NA,2014,1992-08-28,"Q","Wrist",2018,0
"Justin Davis","LAR","RB","13150","weighted",NA,NA,NA,NA,NA,NA,22.4355631399317,17.9104595059613,0.137372013651877,0.124025843461689,0.0502559726962457,0.0404155906914583,0,0,0,0,12.2937883959044,18.0165015512865,0.0586689419795222,0.0710313924479967,NA,NA,NA,NA,NA,NA,NA,NA,NA,NA,NA,NA,NA,NA,NA,NA,NA,NA,NA,NA,NA,NA,NA,NA,NA,NA,NA,NA,NA,NA,NA,NA,2017,NA,"O","Coach's Decision",2018,0
"Troymaine Pope","HOU","RB","12929","weighted",NA,NA,NA,NA,NA,NA,15.803537414966,21.5035443222984,0.0643990929705215,0.114516527574492,0,0,0,0,0,0,12.229387755102,21.746688586396,0.00643990929705215,0.0114516527574492,NA,NA,NA,NA,NA,NA,NA,NA,NA,NA,NA,NA,NA,NA,NA,NA,NA,NA,NA,NA,NA,NA,NA,NA,NA,NA,NA,NA,NA,NA,NA,NA,2016,1993-11-29,NA,NA,NA,NA
"Brandon Bolden","NE","RB","10932","weighted",NA,NA,NA,NA,NA,NA,21.9637542662116,17.9072726894305,0.0683617747440273,0.0868379704947849,0.100511945392491,0.0808311813829167,0,0,0,0,9.75825938566553,17.180724661298,0.00242320819112628,0.00494921644982453,NA,NA,NA,NA,NA,NA,NA,NA,NA,NA,NA,NA,NA,NA,NA,NA,NA,NA,NA,NA,NA,NA,NA,NA,NA,NA,NA,NA,NA,NA,NA,NA,2012,1990-01-26,NA,NA,NA,NA
"David Williams","DEN","RB","13830","weighted",NA,NA,NA,NA,NA,NA,17.7649006622517,26.1629509039023,0.0960264900662252,0.14142135623731,0.0826710816777042,0.0235702260395516,0,0,0,0,7.20198675496689,10.6066017177982,0.0480132450331126,0.0707106781186548,NA,NA,NA,NA,NA,NA,NA,NA,NA,NA,NA,NA,NA,NA,NA,NA,NA,NA,NA,NA,NA,NA,NA,NA,NA,NA,NA,NA,NA,NA,NA,NA,2018,1994-06-17,NA,NA,NA,NA
"Gus Edwards","BAL","RB","13850","weighted",NA,NA,NA,NA,NA,NA,19.6829268292683,24.7487373415292,0.151567944250871,0.212132034355964,0.0505226480836237,0.0707106781186548,0,0,0,0,6.06271777003484,8.48528137423857,0.0505226480836237,0.0707106781186548,NA,NA,NA,NA,NA,NA,NA,NA,NA,NA,NA,NA,NA,NA,NA,NA,NA,NA,NA,NA,NA,NA,NA,NA,NA,NA,NA,NA,NA,NA,NA,NA,2018,1995-04-13,NA,NA,NA,NA
"Mark Thompson","BAL","RB","13875","weighted",NA,NA,NA,NA,NA,NA,37,NA,0.3,NA,0.1,NA,0,NA,0,NA,12,NA,0.1,NA,NA,NA,NA,NA,NA,NA,NA,NA,NA,NA,NA,NA,NA,NA,NA,NA,NA,NA,NA,NA,NA,NA,NA,NA,NA,NA,NA,NA,NA,NA,NA,NA,2018,1970-01-01,NA,NA,NA,NA
"Andy Janovich","DEN","RB","12806","weighted",NA,NA,NA,NA,NA,NA,24.4002054794521,12.4578213930256,0.430239726027397,0.144194830776516,0.0716352739726027,0.065019717692294,0.0309931506849315,0.0123282035197076,0,0,33.0591438356164,12.8354597794853,0.172328767123288,0.131106584946589,NA,NA,NA,NA,NA,NA,NA,NA,NA,NA,NA,NA,NA,NA,NA,NA,NA,NA,NA,NA,NA,NA,NA,NA,NA,NA,NA,NA,NA,NA,NA,NA,2016,1993-05-23,NA,NA,NA,NA
"Jamize Olawale","DAL","RB","10985","weighted",NA,NA,NA,NA,NA,NA,21.8821917808219,10.0578542266278,0.253938356164384,0.307416317568328,0.031791095890411,0.0419555912806909,0.0371917808219178,0.0147938442236492,0,0,33.2611301369863,3.66860604597393,0.112157534246575,0.0845321603949561,NA,NA,NA,NA,NA,NA,NA,NA,NA,NA,NA,NA,NA,NA,NA,NA,NA,NA,NA,NA,NA,NA,NA,NA,NA,NA,NA,NA,NA,NA,NA,NA,2012,1989-04-17,NA,NA,NA,NA
"Kenjon Barner","CAR","RB","11177","weighted",NA,NA,NA,NA,NA,NA,15.2448160535117,22.6981276760882,0.00474916387959866,0.00707106781186548,0.0516220735785953,0.0247487373415292,0,0,0,0,11.2080267558528,16.6877200360025,0,0,NA,NA,NA,NA,NA,NA,NA,NA,NA,NA,NA,NA,NA,NA,NA,NA,NA,NA,NA,NA,NA,NA,NA,NA,NA,NA,NA,NA,NA,NA,NA,NA,2013,1989-04-28,"IR","Knee",2018,0
"Tion Green","FA","RB","13437","weighted",NA,NA,NA,NA,NA,NA,14.8841059602649,21.920310216783,0.0960264900662252,0.14142135623731,0.0740066225165563,0.0353553390593274,0,0,0,0,1.44039735099338,2.12132034355964,0,0,NA,NA,NA,NA,NA,NA,NA,NA,NA,NA,NA,NA,NA,NA,NA,NA,NA,NA,NA,NA,NA,NA,NA,NA,NA,NA,NA,NA,NA,NA,NA,NA,NA,NA,NA,NA,NA,NA
"Keith Smith","OAK","RB","12040","weighted",NA,NA,NA,NA,NA,NA,13.3446232876712,13.8796257068772,0.126678082191781,0.134274027099247,0.0330950342465753,0.0384091177323447,0.0433904109589041,0.0172594849275907,0.0495890410958904,0.0197251256315322,27.2274657534247,10.7581009568858,0.116438356164384,0.0876960707124824,NA,NA,NA,NA,NA,NA,NA,NA,NA,NA,NA,NA,NA,NA,NA,NA,NA,NA,NA,NA,NA,NA,NA,NA,NA,NA,NA,NA,NA,NA,NA,NA,2014,1992-04-08,NA,NA,NA,NA
"C.J. Ham","MIN","RB","12923","weighted",NA,NA,NA,NA,NA,NA,15.5614915254237,10.1298439727001,0.170508474576271,0.192125617400187,0.0893220338983051,0.0262085875098144,0.0309322033898305,0.0122852753952255,0,0,22.4652881355932,18.1078441371206,0.126983050847458,0.100797772997709,NA,NA,NA,NA,NA,NA,NA,NA,NA,NA,NA,NA,NA,NA,NA,NA,NA,NA,NA,NA,NA,NA,NA,NA,NA,NA,NA,NA,NA,NA,NA,NA,2016,1993-07-22,"Q","Elbow",2018,0
"Bronson Hill","GB","RB","13076","weighted",NA,NA,NA,NA,NA,NA,28.06,NA,0.21,NA,0,NA,0,NA,0,NA,7.77,NA,0,NA,NA,NA,NA,NA,NA,NA,NA,NA,NA,NA,NA,NA,NA,NA,NA,NA,NA,NA,NA,NA,NA,NA,NA,NA,NA,NA,NA,NA,NA,NA,NA,NA,2015,1993-01-02,NA,NA,NA,NA
"Patrick DiMarco","BUF","RB","11100","weighted",NA,NA,NA,NA,NA,NA,8.76893835616438,11.3757501376345,0.0559246575342466,0.0447442551513677,0.0495719178082192,0.0403432166744516,0.0495890410958904,0.0197251256315322,0,0,53.1729109589041,27.8239008049252,0.254931506849315,0.117285661619215,NA,NA,NA,NA,NA,NA,NA,NA,NA,NA,NA,NA,NA,NA,NA,NA,NA,NA,NA,NA,NA,NA,NA,NA,NA,NA,NA,NA,NA,NA,NA,NA,2011,1989-04-30,NA,NA,NA,NA
"Fozzy Whittaker","CAR","RB","11342","weighted",NA,NA,NA,NA,NA,NA,0,NA,0,NA,0,NA,0,NA,0,NA,0,NA,0,NA,NA,NA,NA,NA,NA,NA,NA,NA,NA,NA,NA,NA,NA,NA,NA,NA,NA,NA,NA,NA,NA,NA,NA,NA,NA,NA,NA,NA,NA,NA,NA,NA,2012,1989-02-22,"IR","Knee - ACL",2018,0
"Taiwan Jones","BUF","RB","10368","weighted",NA,NA,NA,NA,NA,NA,10.7028650137741,12.7440204604105,0.0779614325068871,0.10502378174857,0.0667190082644628,0.042762944386295,0.0357851239669421,0.0132357539803248,0.0477134986225895,0.0176476719737664,14.7837741046832,12.5959117582505,0.0332231404958678,0.0700393440228887,NA,NA,NA,NA,NA,NA,NA,NA,NA,NA,NA,NA,NA,NA,NA,NA,NA,NA,NA,NA,NA,NA,NA,NA,NA,NA,NA,NA,NA,NA,NA,NA,2011,1988-07-26,"IR","Neck",2018,0
"Andre Ellington","FA","RB","11175","weighted",NA,NA,NA,NA,NA,NA,11.523178807947,16.9705627484771,0.144039735099338,0.212132034355964,0.148013245033113,0.0707106781186548,0,0,0,0,29.7682119205298,43.8406204335659,0.0480132450331126,0.0707106781186548,NA,NA,NA,NA,NA,NA,NA,NA,NA,NA,NA,NA,NA,NA,NA,NA,NA,NA,NA,NA,NA,NA,NA,NA,NA,NA,NA,NA,NA,NA,NA,NA,2013,1989-02-03,NA,NA,NA,NA
"Lance Dunbar","FA","RB","10961","weighted",NA,NA,NA,NA,NA,NA,11.0430463576159,16.2634559672906,0.240066225165563,0.353553390593274,0.222019867549669,0.106066017177982,0,0,0,0,8.64238410596026,12.7279220613579,0,0,NA,NA,NA,NA,NA,NA,NA,NA,NA,NA,NA,NA,NA,NA,NA,NA,NA,NA,NA,NA,NA,NA,NA,NA,NA,NA,NA,NA,NA,NA,NA,NA,2012,1990-01-25,NA,NA,NA,NA
"Trey Edmunds","NO","RB","13452","weighted",NA,NA,NA,NA,NA,NA,4.56363636363636,10.203596332613,0.0786974219810041,0.177818496580263,0,0,0,0,0,0,7.76933514246947,16.0481759528691,0,0,NA,NA,NA,NA,NA,NA,NA,NA,NA,NA,NA,NA,NA,NA,NA,NA,NA,NA,NA,NA,NA,NA,NA,NA,NA,NA,NA,NA,NA,NA,NA,NA,NA,NA,NA,NA,NA,NA
"Robert Martin",NA,"RB","13896","weighted",NA,NA,NA,NA,NA,NA,22.7,NA,0,NA,0,NA,0,NA,0,NA,0.1,NA,0,NA,NA,NA,NA,NA,NA,NA,NA,NA,NA,NA,NA,NA,NA,NA,NA,NA,NA,NA,NA,NA,NA,NA,NA,NA,NA,NA,NA,NA,NA,NA,NA,NA,2018,1970-01-01,NA,NA,NA,NA
"Mack Brown","MIN","RB","12908","weighted",NA,NA,NA,NA,NA,NA,9.54581939799331,14.2128463018496,0.014247491638796,0.0212132034355964,0,0,0,0,0,0,0.0474916387959866,0.0707106781186548,0,0,NA,NA,NA,NA,NA,NA,NA,NA,NA,NA,NA,NA,NA,NA,NA,NA,NA,NA,NA,NA,NA,NA,NA,NA,NA,NA,NA,NA,NA,NA,NA,NA,NA,NA,NA,NA,NA,NA
"Tre Madden","SEA","RB","12644","weighted",NA,NA,NA,NA,NA,NA,8.67635535307517,10.2458505361666,0.0644191343963554,0.0708088382435519,0.082756264236902,0.0228471869614811,0.0329726651480638,0.0142794918509257,0.0527562642369021,0.0228471869614811,23.4903872437358,8.24312039151484,0.154806378132118,0.0668247014966633,NA,NA,NA,NA,NA,NA,NA,NA,NA,NA,NA,NA,NA,NA,NA,NA,NA,NA,NA,NA,NA,NA,NA,NA,NA,NA,NA,NA,NA,NA,NA,NA,2016,1993-08-16,"Q","Hamstring",2018,0
"C.J. Spiller","FA","RB","9822","weighted",NA,NA,NA,NA,NA,NA,9.60264900662252,14.142135623731,0.0480132450331126,0.0707106781186548,0.1,0,NA,NA,NA,NA,5.28145695364238,7.77817459305202,0.0960264900662252,0.14142135623731,NA,NA,NA,NA,NA,NA,NA,NA,NA,NA,NA,NA,NA,NA,NA,NA,NA,NA,NA,NA,NA,NA,NA,NA,NA,NA,NA,NA,NA,NA,NA,NA,2010,1987-08-15,NA,NA,NA,NA
"Zach Line","NO","RB","11474","weighted",NA,NA,NA,NA,NA,NA,14.2674208144796,5.75113971532716,0.239819004524887,0.108317626105561,0.0453789592760181,0.0443168788414733,0.0395022624434389,0.0171027830692991,0,0,27.287556561086,17.6801496612435,0.352941176470588,0.127508212375635,NA,NA,NA,NA,NA,NA,NA,NA,NA,NA,NA,NA,NA,NA,NA,NA,NA,NA,NA,NA,NA,NA,NA,NA,NA,NA,NA,NA,NA,NA,NA,NA,2013,1990-04-26,NA,NA,NA,NA
"Tommy Bohanon","JAC","RB","11408","weighted",NA,NA,NA,NA,NA,NA,13.0619589977221,8.65680781459293,0.129521640091116,0.0754811544856249,0.0491343963553531,0.0342707804422217,0.0395671981776765,0.0171353902211108,0,0,45.9386332574032,12.0960656239493,0.23503416856492,0.0714329765408224,NA,NA,NA,NA,NA,NA,NA,NA,NA,NA,NA,NA,NA,NA,NA,NA,NA,NA,NA,NA,NA,NA,NA,NA,NA,NA,NA,NA,NA,NA,NA,NA,2013,1990-09-10,NA,NA,NA,NA
"Fitzgerald Toussaint","PIT","RB","12009","weighted",NA,NA,NA,NA,NA,NA,8.64238410596026,12.7279220613579,0,0,0.0740066225165563,0.0353553390593274,0,0,0,0,4.32119205298013,6.36396103067893,0,0,NA,NA,NA,NA,NA,NA,NA,NA,NA,NA,NA,NA,NA,NA,NA,NA,NA,NA,NA,NA,NA,NA,NA,NA,NA,NA,NA,NA,NA,NA,NA,NA,2014,1990-05-04,NA,NA,NA,NA
"Shane Smith","NYG","RB","13464","weighted",NA,NA,NA,NA,NA,NA,9.52217194570136,9.24605335213432,0.0676470588235294,0.0617248923350129,0.0992307692307692,0.0200686805984835,0.0197511312217195,0.00855139153464956,0.0526696832579186,0.0228037107590655,14.6447963800905,4.85217506797794,0.0608597285067873,0.0530680651646378,NA,NA,NA,NA,NA,NA,NA,NA,NA,NA,NA,NA,NA,NA,NA,NA,NA,NA,NA,NA,NA,NA,NA,NA,NA,NA,NA,NA,NA,NA,NA,NA,NA,NA,NA,NA,NA,NA
"Jeremy Langford","MIA","RB","12156","weighted",NA,NA,NA,NA,NA,NA,7.97859531772575,11.879393923934,0,0,0.44247491638796,0.212132034355964,0,0,0,0,12.6327759197324,18.8090403795622,0,0,NA,NA,NA,NA,NA,NA,NA,NA,NA,NA,NA,NA,NA,NA,NA,NA,NA,NA,NA,NA,NA,NA,NA,NA,NA,NA,NA,NA,NA,NA,NA,NA,2015,1991-12-06,NA,NA,NA,NA
"Daniel Lasco","FA","RB","12846","weighted",NA,NA,NA,NA,NA,NA,7.20198675496689,10.6066017177982,0.0480132450331126,0.0707106781186548,0.165342163355408,0.0471404520791032,0,0,0,0,3.36092715231788,4.94974746830583,0,0,NA,NA,NA,NA,NA,NA,NA,NA,NA,NA,NA,NA,NA,NA,NA,NA,NA,NA,NA,NA,NA,NA,NA,NA,NA,NA,NA,NA,NA,NA,NA,NA,2016,1992-10-09,NA,"Neck",2018,0
"Brian Hill","CIN","RB","13240","weighted",NA,NA,NA,NA,NA,NA,7.02876254180602,10.4651803615609,0,0,0,0,0,0,0,0,5.41404682274247,8.06101730552664,0,0,NA,NA,NA,NA,NA,NA,NA,NA,NA,NA,NA,NA,NA,NA,NA,NA,NA,NA,NA,NA,NA,NA,NA,NA,NA,NA,NA,NA,NA,NA,NA,NA,2017,1995-11-09,NA,NA,NA,NA
"Roc Thomas","MIN","RB","13628","weighted",NA,NA,NA,NA,NA,NA,9.45484949832776,1.27279220613579,0.0525083612040134,0.0707106781186548,0.0368729096989967,0.0176776695296637,0,0,0,0,0.577591973244147,0.777817459305202,0,0,NA,NA,NA,NA,NA,NA,NA,NA,NA,NA,NA,NA,NA,NA,NA,NA,NA,NA,NA,NA,NA,NA,NA,NA,NA,NA,NA,NA,NA,NA,NA,NA,2018,1995-09-02,NA,NA,NA,NA
"DeAngelo Henderson","DEN","RB","13334","weighted",NA,NA,NA,NA,NA,NA,3.561872909699,5.30330085889911,0,0,0,0,0,0,0,0,15.2923076923077,22.7688383542068,0.0949832775919732,0.14142135623731,NA,NA,NA,NA,NA,NA,NA,NA,NA,NA,NA,NA,NA,NA,NA,NA,NA,NA,NA,NA,NA,NA,NA,NA,NA,NA,NA,NA,NA,NA,NA,NA,2017,1992-11-24,NA,NA,NA,NA
"Marquez Williams","CLE","RB","13358","weighted",NA,NA,NA,NA,NA,NA,3.34463963963964,3.53431742473585,0.00959459459459459,0.0171450929140496,0,0,0,0,0,0,6.65869369369369,6.17211717207636,0.0575675675675676,0.102870557484298,NA,NA,NA,NA,NA,NA,NA,NA,NA,NA,NA,NA,NA,NA,NA,NA,NA,NA,NA,NA,NA,NA,NA,NA,NA,NA,NA,NA,NA,NA,NA,NA,2017,NA,NA,NA,NA,NA
"Derrick Coleman","ARI","RB","11524","weighted",NA,NA,NA,NA,NA,NA,2.54400684931507,2.94018709642098,0.0340753424657534,0.0482240199822434,0.0176095890410959,0.0280958152178978,0.0495890410958904,0.0197251256315322,0,0,16.1626712328767,11.8758683707715,0.0652397260273973,0.0780788561119665,NA,NA,NA,NA,NA,NA,NA,NA,NA,NA,NA,NA,NA,NA,NA,NA,NA,NA,NA,NA,NA,NA,NA,NA,NA,NA,NA,NA,NA,NA,NA,NA,2012,1990-10-18,NA,NA,NA,NA
"Byron Marshall","WAS","RB","12864","weighted",NA,NA,NA,NA,NA,NA,2.88079470198675,4.24264068711929,0,0,0.0826710816777042,0.0235702260395516,0,0,0,0,5.28145695364238,7.77817459305202,0,0,NA,NA,NA,NA,NA,NA,NA,NA,NA,NA,NA,NA,NA,NA,NA,NA,NA,NA,NA,NA,NA,NA,NA,NA,NA,NA,NA,NA,NA,NA,NA,NA,2016,1994-02-13,NA,NA,NA,NA
"Nick Bawden","DET","RB","13838","weighted",NA,NA,NA,NA,NA,NA,2.94155844155844,4.24264068711928,0,0,0,0,0,0,0,0,17.1590909090909,24.7487373415292,0,0,NA,NA,NA,NA,NA,NA,NA,NA,NA,NA,NA,NA,NA,NA,NA,NA,NA,NA,NA,NA,NA,NA,NA,NA,NA,NA,NA,NA,NA,NA,NA,NA,2018,1996-06-22,"IR","Knee - ACL",2018,0
"Jalston Fowler","ATL","RB","12294","weighted",NA,NA,NA,NA,NA,NA,2.40066225165563,3.53553390593274,0.19205298013245,0.282842712474619,0,0,0,0,0,0,3.36092715231788,4.94974746830583,0,0,NA,NA,NA,NA,NA,NA,NA,NA,NA,NA,NA,NA,NA,NA,NA,NA,NA,NA,NA,NA,NA,NA,NA,NA,NA,NA,NA,NA,NA,NA,NA,NA,NA,NA,NA,NA,NA,NA
"Dan Vitale","CLE","RB","12822","weighted",NA,NA,NA,NA,NA,NA,0.0569899665551839,0.0848528137423857,0,0,0,0,0,0,0,0,6.45411371237458,9.60958115632518,0.0617391304347826,0.0919238815542512,NA,NA,NA,NA,NA,NA,NA,NA,NA,NA,NA,NA,NA,NA,NA,NA,NA,NA,NA,NA,NA,NA,NA,NA,NA,NA,NA,NA,NA,NA,NA,NA,2016,NA,NA,NA,NA,NA
"James Develin","NE","RB","11101","weighted",NA,NA,NA,NA,NA,NA,0.716780821917808,1.47445314095703,0.00958904109589041,0.0197251256315322,0.0257405821917808,0.0298737582362681,0.0495890410958904,0.0197251256315322,0,0,33.974794520548,13.8328569022061,0.169931506849315,0.126188791155589,NA,NA,NA,NA,NA,NA,NA,NA,NA,NA,NA,NA,NA,NA,NA,NA,NA,NA,NA,NA,NA,NA,NA,NA,NA,NA,NA,NA,NA,NA,NA,NA,2010,1988-07-23,NA,NA,NA,NA
"Taquan Mizzell","CHI","RB","13384","weighted",NA,NA,NA,NA,NA,NA,1.51973244147157,2.26274169979695,0,0,0,0,0,0,0,0,0.028494983277592,0.0424264068711929,0,0,NA,NA,NA,NA,NA,NA,NA,NA,NA,NA,NA,NA,NA,NA,NA,NA,NA,NA,NA,NA,NA,NA,NA,NA,NA,NA,NA,NA,NA,NA,NA,NA,2017,1993-10-21,NA,NA,NA,NA
"Darrel Williams","FA","RB","13623","weighted",NA,NA,NA,NA,NA,NA,2.6,NA,0,NA,0,NA,0,NA,0,NA,0,NA,0,NA,NA,NA,NA,NA,NA,NA,NA,NA,NA,NA,NA,NA,NA,NA,NA,NA,NA,NA,NA,NA,NA,NA,NA,NA,NA,NA,NA,NA,NA,NA,NA,NA,2018,NA,NA,NA,NA,NA
"Jay Prosch","HOU","RB","11851","weighted",NA,NA,NA,NA,NA,NA,0.960264900662252,1.4142135623731,0,0,0,0,0,0,0,0,10.5629139072848,15.556349186104,0,0,NA,NA,NA,NA,NA,NA,NA,NA,NA,NA,NA,NA,NA,NA,NA,NA,NA,NA,NA,NA,NA,NA,NA,NA,NA,NA,NA,NA,NA,NA,NA,NA,2014,1992-08-21,NA,NA,NA,NA
"Terrence Magee","ATL","RB","12166","weighted",NA,NA,NA,NA,NA,NA,0.807357859531773,1.20208152801713,0,0,0,0,0,0,0,0,0,0,0,0,NA,NA,NA,NA,NA,NA,NA,NA,NA,NA,NA,NA,NA,NA,NA,NA,NA,NA,NA,NA,NA,NA,NA,NA,NA,NA,NA,NA,NA,NA,NA,NA,2015,1993-03-16,NA,NA,NA,NA
"Joe Kerridge","GB","RB","13053","weighted",NA,NA,NA,NA,NA,NA,1.08,NA,0,NA,0,NA,0,NA,0,NA,4.87,NA,0,NA,NA,NA,NA,NA,NA,NA,NA,NA,NA,NA,NA,NA,NA,NA,NA,NA,NA,NA,NA,NA,NA,NA,NA,NA,NA,NA,NA,NA,NA,NA,NA,NA,2016,1992-09-17,NA,NA,NA,NA
"Shaun Wilson","TB","RB","13874","weighted",NA,NA,NA,NA,NA,NA,0.9,NA,0,NA,0,NA,0,NA,0,NA,0,NA,0,NA,NA,NA,NA,NA,NA,NA,NA,NA,NA,NA,NA,NA,NA,NA,NA,NA,NA,NA,NA,NA,NA,NA,NA,NA,NA,NA,NA,NA,NA,NA,NA,NA,2018,1970-01-01,"IR","Shoulder",2018,0
"Akrum Wadley","TEN","RB","13609","weighted",NA,NA,NA,NA,NA,NA,0.237458193979933,0.353553390593274,0,0,0,0,0,0,0,0,0,0,0,0,NA,NA,NA,NA,NA,NA,NA,NA,NA,NA,NA,NA,NA,NA,NA,NA,NA,NA,NA,NA,NA,NA,NA,NA,NA,NA,NA,NA,NA,NA,NA,NA,2018,1995-03-13,NA,NA,NA,NA
"Joel Bouagnon","GB","RB","13859","weighted",NA,NA,NA,NA,NA,NA,0.3,NA,0,NA,0,NA,0,NA,0,NA,1.3,NA,0,NA,NA,NA,NA,NA,NA,NA,NA,NA,NA,NA,NA,NA,NA,NA,NA,NA,NA,NA,NA,NA,NA,NA,NA,NA,NA,NA,NA,NA,NA,NA,NA,NA,2017,1995-03-28,NA,NA,NA,NA
"Jamaal Charles","FA","RB","9054","weighted",NA,NA,NA,NA,NA,NA,0,NA,0,NA,0,NA,0,NA,0,NA,0,NA,0,NA,NA,NA,NA,NA,NA,NA,NA,NA,NA,NA,NA,NA,NA,NA,NA,NA,NA,NA,NA,NA,NA,NA,NA,NA,NA,NA,NA,NA,NA,NA,NA,NA,2008,1986-12-27,NA,NA,NA,NA
"Cedric Peerman","CIN","RB","9616","weighted",NA,NA,NA,NA,NA,NA,0,NA,0,NA,0,NA,0,NA,0,NA,0,NA,0,NA,NA,NA,NA,NA,NA,NA,NA,NA,NA,NA,NA,NA,NA,NA,NA,NA,NA,NA,NA,NA,NA,NA,NA,NA,NA,NA,NA,NA,NA,NA,NA,NA,2009,1986-10-10,NA,NA,NA,NA
"DeMarco Murray","FA","RB","10302","weighted",NA,NA,NA,NA,NA,NA,0,NA,0,NA,0,NA,0,NA,0,NA,0,NA,0,NA,NA,NA,NA,NA,NA,NA,NA,NA,NA,NA,NA,NA,NA,NA,NA,NA,NA,NA,NA,NA,NA,NA,NA,NA,NA,NA,NA,NA,NA,NA,NA,NA,2011,1988-02-12,NA,NA,NA,NA
"Jordan Todman","FA","RB","10301","weighted",NA,NA,NA,NA,NA,NA,0,NA,0,NA,0,NA,0,NA,0,NA,0,NA,0,NA,NA,NA,NA,NA,NA,NA,NA,NA,NA,NA,NA,NA,NA,NA,NA,NA,NA,NA,NA,NA,NA,NA,NA,NA,NA,NA,NA,NA,NA,NA,NA,NA,2011,1990-02-24,"Q","Shoulder",2018,0
"Travaris Cadet","BUF","RB","10978","weighted",NA,NA,NA,NA,NA,NA,0,NA,0,NA,0,NA,0,NA,0,NA,0,NA,0,NA,NA,NA,NA,NA,NA,NA,NA,NA,NA,NA,NA,NA,NA,NA,NA,NA,NA,NA,NA,NA,NA,NA,NA,NA,NA,NA,NA,NA,NA,NA,NA,NA,2012,1989-02-01,NA,NA,NA,NA
"Knile Davis","CHI","RB","11194","weighted",NA,NA,NA,NA,NA,NA,0,NA,0,NA,0,NA,0,NA,0,NA,0,NA,0,NA,NA,NA,NA,NA,NA,NA,NA,NA,NA,NA,NA,NA,NA,NA,NA,NA,NA,NA,NA,NA,NA,NA,NA,NA,NA,NA,NA,NA,NA,NA,NA,NA,2013,1991-10-05,NA,NA,NA,NA
"Mike James","DET","RB","11190","weighted",NA,NA,NA,NA,NA,NA,0,NA,0,NA,0,NA,0,NA,0,NA,0,NA,0,NA,NA,NA,NA,NA,NA,NA,NA,NA,NA,NA,NA,NA,NA,NA,NA,NA,NA,NA,NA,NA,NA,NA,NA,NA,NA,NA,NA,NA,NA,NA,NA,NA,2013,1991-04-13,NA,NA,NA,NA
"DeAnthony Thomas","KC","RB","11659","weighted",NA,NA,NA,NA,NA,NA,0,NA,0.01,NA,0.24,NA,0.09,NA,0.12,NA,73.8,NA,0.5,NA,NA,NA,NA,NA,NA,NA,NA,NA,NA,NA,NA,NA,NA,NA,NA,NA,NA,NA,NA,NA,NA,NA,NA,NA,NA,NA,NA,NA,NA,NA,NA,NA,2014,1993-01-05,"IR","Lower Leg",2018,0
"Terrance West","FA","RB","11746","weighted",NA,NA,NA,NA,NA,NA,0,NA,0,NA,0,NA,0,NA,0,NA,0,NA,0,NA,NA,NA,NA,NA,NA,NA,NA,NA,NA,NA,NA,NA,NA,NA,NA,NA,NA,NA,NA,NA,NA,NA,NA,NA,NA,NA,NA,NA,NA,NA,NA,NA,2014,1991-01-21,NA,NA,NA,NA
"Jerick McKinnon","SF","RB","11761","weighted",NA,NA,NA,NA,NA,NA,0,0,0,0,0,0,0,0,0,0,0,0,0,0,NA,NA,NA,NA,NA,NA,NA,NA,NA,NA,NA,NA,NA,NA,NA,NA,NA,NA,NA,NA,NA,NA,NA,NA,NA,NA,NA,NA,NA,NA,NA,NA,2014,1992-05-03,"IR","Knee - ACL",2018,0
"George Atkinson","FA","RB","11923","weighted",NA,NA,NA,NA,NA,NA,0,NA,0,NA,0,NA,0,NA,0,NA,0,NA,0,NA,NA,NA,NA,NA,NA,NA,NA,NA,NA,NA,NA,NA,NA,NA,NA,NA,NA,NA,NA,NA,NA,NA,NA,NA,NA,NA,NA,NA,NA,NA,NA,NA,2014,1992-11-29,NA,NA,NA,NA
"Matt Jones","PHI","RB","12162","weighted",NA,NA,NA,NA,NA,NA,0,NA,0,NA,0,NA,0,NA,0,NA,0,NA,0,NA,NA,NA,NA,NA,NA,NA,NA,NA,NA,NA,NA,NA,NA,NA,NA,NA,NA,NA,NA,NA,NA,NA,NA,NA,NA,NA,NA,NA,NA,NA,NA,NA,2015,1992-11-17,NA,NA,NA,NA
"Malcolm Johnson","FA","RB","12345","weighted",NA,NA,NA,NA,NA,NA,0,NA,0,NA,0,NA,0,NA,0,NA,0,NA,0,NA,NA,NA,NA,NA,NA,NA,NA,NA,NA,NA,NA,NA,NA,NA,NA,NA,NA,NA,NA,NA,NA,NA,NA,NA,NA,NA,NA,NA,NA,NA,NA,NA,2015,1992-08-11,NA,NA,NA,NA
"Trey Williams","FA","RB","12392","weighted",NA,NA,NA,NA,NA,NA,0,NA,0,NA,0,NA,0,NA,0,NA,0,NA,0,NA,NA,NA,NA,NA,NA,NA,NA,NA,NA,NA,NA,NA,NA,NA,NA,NA,NA,NA,NA,NA,NA,NA,NA,NA,NA,NA,NA,NA,NA,NA,NA,NA,2015,1992-12-11,NA,NA,NA,NA
"John Crockett","FA","RB","12388","weighted",NA,NA,NA,NA,NA,NA,0,NA,0,NA,0,NA,0,NA,0,NA,0,NA,0,NA,NA,NA,NA,NA,NA,NA,NA,NA,NA,NA,NA,NA,NA,NA,NA,NA,NA,NA,NA,NA,NA,NA,NA,NA,NA,NA,NA,NA,NA,NA,NA,NA,2015,1992-02-16,NA,NA,NA,NA
"Terrell Watson","LAC","RB","12390","weighted",NA,NA,NA,NA,NA,NA,0,NA,0,NA,0,NA,0,NA,0,NA,0,NA,0,NA,NA,NA,NA,NA,NA,NA,NA,NA,NA,NA,NA,NA,NA,NA,NA,NA,NA,NA,NA,NA,NA,NA,NA,NA,NA,NA,NA,NA,NA,NA,NA,NA,2015,1993-08-22,NA,NA,NA,NA
"Zach Zenner","DET","RB","12264","weighted",NA,NA,NA,NA,NA,NA,0,NA,0,NA,0,NA,0,NA,0,NA,0,NA,0,NA,NA,NA,NA,NA,NA,NA,NA,NA,NA,NA,NA,NA,NA,NA,NA,NA,NA,NA,NA,NA,NA,NA,NA,NA,NA,NA,NA,NA,NA,NA,NA,NA,NA,NA,NA,NA,NA,NA
"Akeem Hunt","FA","RB","12170","weighted",NA,NA,NA,NA,NA,NA,0,NA,0,NA,0,NA,0,NA,0,NA,0,NA,0,NA,NA,NA,NA,NA,NA,NA,NA,NA,NA,NA,NA,NA,NA,NA,NA,NA,NA,NA,NA,NA,NA,NA,NA,NA,NA,NA,NA,NA,NA,NA,NA,NA,2015,1993-02-22,"Q","Ankle",2018,0
"Darius Jackson","DAL","RB","12832","weighted",NA,NA,NA,NA,NA,NA,-0.878595317725753,1.30814754519511,0,0,0,0,0,0,0,0,0,0,0,0,NA,NA,NA,NA,NA,NA,NA,NA,NA,NA,NA,NA,NA,NA,NA,NA,NA,NA,NA,NA,NA,NA,NA,NA,NA,NA,NA,NA,NA,NA,NA,NA,2016,1993-12-01,NA,NA,NA,NA
"Josh Ferguson","IND","RB","12640","weighted",NA,NA,NA,NA,NA,NA,0,NA,0,NA,0,NA,0,NA,0,NA,0,NA,0,NA,NA,NA,NA,NA,NA,NA,NA,NA,NA,NA,NA,NA,NA,NA,NA,NA,NA,NA,NA,NA,NA,NA,NA,NA,NA,NA,NA,NA,NA,NA,NA,NA,2016,1993-05-23,NA,NA,NA,NA
"Tra Carson","CIN","RB","13057","weighted",NA,NA,NA,NA,NA,NA,0,NA,0,NA,0,NA,0,NA,0,NA,0.7,NA,0,NA,NA,NA,NA,NA,NA,NA,NA,NA,NA,NA,NA,NA,NA,NA,NA,NA,NA,NA,NA,NA,NA,NA,NA,NA,NA,NA,NA,NA,NA,NA,NA,NA,2016,1992-10-24,"IR","Ribs",2018,0
"D.J. Foster","ARI","RB","12871","weighted",NA,NA,NA,NA,NA,NA,0,NA,0,NA,0,NA,0,NA,0,NA,0,NA,0,NA,NA,NA,NA,NA,NA,NA,NA,NA,NA,NA,NA,NA,NA,NA,NA,NA,NA,NA,NA,NA,NA,NA,NA,NA,NA,NA,NA,NA,NA,NA,NA,NA,2016,NA,"IR","Knee",2018,0
"Jhurell Pressley","FA","RB","12866","weighted",NA,NA,NA,NA,NA,NA,0,NA,0,NA,0,NA,0,NA,0,NA,0,NA,0,NA,NA,NA,NA,NA,NA,NA,NA,NA,NA,NA,NA,NA,NA,NA,NA,NA,NA,NA,NA,NA,NA,NA,NA,NA,NA,NA,NA,NA,NA,NA,NA,NA,2016,1992-05-20,NA,NA,NA,NA
"Kenneth Farrow","FA","RB","12642","weighted",NA,NA,NA,NA,NA,NA,0,NA,0,NA,0,NA,0,NA,0,NA,0,NA,0,NA,NA,NA,NA,NA,NA,NA,NA,NA,NA,NA,NA,NA,NA,NA,NA,NA,NA,NA,NA,NA,NA,NA,NA,NA,NA,NA,NA,NA,NA,NA,NA,NA,2016,1993-03-07,NA,NA,NA,NA
"Joe Williams","SF","RB","13237","weighted",NA,NA,NA,NA,NA,NA,0,NA,0,NA,0,NA,0,NA,0,NA,0,NA,0,NA,NA,NA,NA,NA,NA,NA,NA,NA,NA,NA,NA,NA,NA,NA,NA,NA,NA,NA,NA,NA,NA,NA,NA,NA,NA,NA,NA,NA,NA,NA,NA,NA,2017,1993-09-04,"Q","Ribs",2018,0
"Jeremy McNichols","SF","RB","13143","weighted",NA,NA,NA,NA,NA,NA,0,NA,0,NA,0,NA,0,NA,0,NA,0,NA,0,NA,NA,NA,NA,NA,NA,NA,NA,NA,NA,NA,NA,NA,NA,NA,NA,NA,NA,NA,NA,NA,NA,NA,NA,NA,NA,NA,NA,NA,NA,NA,NA,NA,2017,1995-12-26,NA,NA,NA,NA
"Elijah Hood","CAR","RB","13141","weighted",NA,NA,NA,NA,NA,NA,0,NA,0,NA,0,NA,0,NA,0,NA,0,NA,0,NA,NA,NA,NA,NA,NA,NA,NA,NA,NA,NA,NA,NA,NA,NA,NA,NA,NA,NA,NA,NA,NA,NA,NA,NA,NA,NA,NA,NA,NA,NA,NA,NA,2017,NA,"IR","Knee",2018,0
"Sam Rogers","FA","RB","13337","weighted",NA,NA,NA,NA,NA,NA,0,NA,0,NA,0,NA,0,NA,0,NA,0,NA,0,NA,NA,NA,NA,NA,NA,NA,NA,NA,NA,NA,NA,NA,NA,NA,NA,NA,NA,NA,NA,NA,NA,NA,NA,NA,NA,NA,NA,NA,NA,NA,NA,NA,2017,1995-04-12,NA,NA,NA,NA
"Brandon Wilson","CIN","RB","13338","weighted",NA,NA,NA,NA,NA,NA,0,0,0,0,0,0,NA,NA,NA,NA,0,0,0,0,NA,NA,NA,NA,NA,NA,NA,NA,NA,NA,NA,NA,NA,NA,NA,NA,NA,NA,NA,NA,NA,NA,NA,NA,NA,NA,NA,NA,NA,NA,NA,NA,2017,1994-07-27,"Q","Chest",2018,0
"Donnel Pumphrey","PHI","RB","13137","weighted",NA,NA,NA,NA,NA,NA,0,NA,0,NA,0,NA,0,NA,0,NA,0,NA,0,NA,NA,NA,NA,NA,NA,NA,NA,NA,NA,NA,NA,NA,NA,NA,NA,NA,NA,NA,NA,NA,NA,NA,NA,NA,NA,NA,NA,NA,NA,NA,NA,NA,2017,1994-12-06,NA,NA,NA,NA
"Khalfani Muhammad","FA","RB","13359","weighted",NA,NA,NA,NA,NA,NA,0,NA,0,NA,0,NA,0,NA,0,NA,0,NA,0,NA,NA,NA,NA,NA,NA,NA,NA,NA,NA,NA,NA,NA,NA,NA,NA,NA,NA,NA,NA,NA,NA,NA,NA,NA,NA,NA,NA,NA,NA,NA,NA,NA,2017,1994-09-26,NA,NA,NA,NA
"LeShun Daniels","FA","RB","13539","weighted",NA,NA,NA,NA,NA,NA,0,NA,0,NA,0,NA,0,NA,0,NA,0,NA,0,NA,NA,NA,NA,NA,NA,NA,NA,NA,NA,NA,NA,NA,NA,NA,NA,NA,NA,NA,NA,NA,NA,NA,NA,NA,NA,NA,NA,NA,NA,NA,NA,NA,NA,NA,NA,NA,NA,NA
"Bo Scarbrough","DAL","RB","13615","weighted",NA,NA,NA,NA,NA,NA,0,NA,0,NA,0,NA,0,NA,0,NA,0,NA,0,NA,NA,NA,NA,NA,NA,NA,NA,NA,NA,NA,NA,NA,NA,NA,NA,NA,NA,NA,NA,NA,NA,NA,NA,NA,NA,NA,NA,NA,NA,NA,NA,NA,2018,1996-09-29,NA,NA,NA,NA
"Chris Warren","OAK","RB","13725","weighted",NA,NA,NA,NA,NA,NA,0,NA,0,NA,0,NA,0,NA,0,NA,0,NA,0,NA,NA,NA,NA,NA,NA,NA,NA,NA,NA,NA,NA,NA,NA,NA,NA,NA,NA,NA,NA,NA,NA,NA,NA,NA,NA,NA,NA,NA,NA,NA,NA,NA,2018,NA,"IR","Knee",2018,0
"Josh Adams","PHI","RB","13611","weighted",NA,NA,NA,NA,NA,NA,0,NA,0,NA,0,NA,0,NA,0,NA,0,NA,0,NA,NA,NA,NA,NA,NA,NA,NA,NA,NA,NA,NA,NA,NA,NA,NA,NA,NA,NA,NA,NA,NA,NA,NA,NA,NA,NA,NA,NA,NA,NA,NA,NA,2018,1996-10-29,NA,NA,NA,NA
"Derrius Guice","WAS","RB","13605","weighted",NA,NA,NA,NA,NA,NA,0,0,0,0,0,0,0,0,0,0,0,0,0,0,NA,NA,NA,NA,NA,NA,NA,NA,NA,NA,NA,NA,NA,NA,NA,NA,NA,NA,NA,NA,NA,NA,NA,NA,NA,NA,NA,NA,NA,NA,NA,NA,2018,1997-06-21,"IR","Knee - ACL",2018,0
"Antonio Brown","PIT","WR","9988","weighted",NA,NA,NA,NA,NA,NA,2.46669026548673,2.01378361022821,0,0,0.331398230088496,0.18493335968536,0.561681415929204,0.137411500555659,0.118008849557522,0.0369954039957544,1507.5152920354,112.16286284766,10.3698139609978,1.01401489328715,NA,NA,NA,NA,NA,NA,NA,NA,NA,NA,NA,NA,NA,NA,NA,NA,NA,NA,NA,NA,NA,NA,NA,NA,NA,NA,NA,NA,NA,NA,NA,NA,2010,1988-07-10,NA,NA,NA,NA
"Julio Jones","ATL","WR","10271","weighted",NA,NA,NA,NA,NA,NA,8.68416814159292,5.69515392088975,0.0231681415929204,0.0389734210265503,0.346318584070797,0.192259022624634,0.483008849557522,0.162075103219495,0,0,1463.94433628319,60.3240269030018,6.97551805504968,1.51232114012595,NA,NA,NA,NA,NA,NA,NA,NA,NA,NA,NA,NA,NA,NA,NA,NA,NA,NA,NA,NA,NA,NA,NA,NA,NA,NA,NA,NA,NA,NA,NA,NA,2011,1989-02-03,"Q","Chest",2018,0
"DeAndre Hopkins","HOU","WR","11232","weighted",NA,NA,NA,NA,NA,NA,0,0,0.00406194690265487,0.0104805073543663,0.787396755162242,0.170877127285181,0.960398230088496,0.325911892343551,0,0,1365.4127079646,119.591937986258,9.8904218511854,1.24064413782013,NA,NA,NA,NA,NA,NA,NA,NA,NA,NA,NA,NA,NA,NA,NA,NA,NA,NA,NA,NA,NA,NA,NA,NA,NA,NA,NA,NA,NA,NA,NA,NA,2013,1992-06-06,"Q","Shoulder - AC Joint",2018,0
"Odell Beckham","NYG","WR","11679","weighted",NA,NA,NA,NA,NA,NA,13.3229292035398,5.0484910853062,0.0272300884955752,0.0440028086054435,0.622554572271387,0.220689012976788,1.00420353982301,0.343528751389148,0,0,1307.93575221239,125.40359294204,9.02633818300772,1.84949635215682,NA,NA,NA,NA,NA,NA,NA,NA,NA,NA,NA,NA,NA,NA,NA,NA,NA,NA,NA,NA,NA,NA,NA,NA,NA,NA,NA,NA,NA,NA,NA,NA,2014,1992-11-05,"Q","Quadriceps",2018,0
"Keenan Allen","LAC","WR","11222","weighted",NA,NA,NA,NA,NA,NA,5.36875221238938,4.40720397120404,0.00541592920353982,0.0139740098058218,0.382163716814159,0.190199629620359,0.488628318584071,0.160313417314936,0,0,1312.78936283186,72.9232219844429,7.25597522901923,1.20979104888382,NA,NA,NA,NA,NA,NA,NA,NA,NA,NA,NA,NA,NA,NA,NA,NA,NA,NA,NA,NA,NA,NA,NA,NA,NA,NA,NA,NA,NA,NA,NA,NA,2013,1992-04-27,"Q","Knee",2018,0
"Michael Thomas","NO","WR","12652","weighted",NA,NA,NA,NA,NA,NA,0.40141592920354,0.654466993550877,0.00541592920353982,0.0139740098058218,0.369519174041298,0.185788326308917,0.466150442477876,0.167360160933175,0,0,1276.37095575221,58.4225637719966,8.07070704085704,1.13587602945747,NA,NA,NA,NA,NA,NA,NA,NA,NA,NA,NA,NA,NA,NA,NA,NA,NA,NA,NA,NA,NA,NA,NA,NA,NA,NA,NA,NA,NA,NA,NA,NA,2016,1994-08-16,NA,NA,NA,NA
"Mike Evans","TB","WR","11671","weighted",NA,NA,NA,NA,NA,NA,0,0,0.00135398230088496,0.00349350245145545,0.350489675516224,0.153215837699647,1.05030973451327,0.297724917870595,0,0,1155.80088495575,94.8087185003602,7.41698400770894,1.49335792861842,NA,NA,NA,NA,NA,NA,NA,NA,NA,NA,NA,NA,NA,NA,NA,NA,NA,NA,NA,NA,NA,NA,NA,NA,NA,NA,NA,NA,NA,NA,NA,NA,2014,1993-08-21,NA,NA,NA,NA
"A.J. Green","CIN","WR","10261","weighted",NA,NA,NA,NA,NA,NA,0.380530973451327,0.868176889559336,0,0,1.31167404129794,0.479754544114247,0.471769911504425,0.165598475028615,0,0,1203.21854867257,64.4563122121172,7.79323923811906,1.252867766718,NA,NA,NA,NA,NA,NA,NA,NA,NA,NA,NA,NA,NA,NA,NA,NA,NA,NA,NA,NA,NA,NA,NA,NA,NA,NA,NA,NA,NA,NA,NA,NA,2011,1988-07-31,"IR","Toe",2018,0
"Adam Thielen","MIN","WR","11938","weighted",NA,NA,NA,NA,NA,NA,8.89661946902655,5.45010489073975,0.00270796460176991,0.00698700490291089,1.49367551622419,0.585260554799433,0.0280973451327434,0.00880842952279867,0,0,1079.23624778761,93.9386540478999,5.34693243854946,0.95804136576625,NA,NA,NA,NA,NA,NA,NA,NA,NA,NA,NA,NA,NA,NA,NA,NA,NA,NA,NA,NA,NA,NA,NA,NA,NA,NA,NA,NA,NA,NA,NA,NA,2014,1990-08-22,NA,NA,NA,NA
"T.Y. Hilton","IND","WR","10729","weighted",NA,NA,NA,NA,NA,NA,0.0132743362831858,0.0253358490370055,0.00270796460176991,0.00698700490291089,0.813492625368732,0.24313807227929,0.0393362831858407,0.0123318013319181,0.0449557522123894,0.0140934872364779,1116.696,135.499201904784,6.16473755289521,1.07449124981445,NA,NA,NA,NA,NA,NA,NA,NA,NA,NA,NA,NA,NA,NA,NA,NA,NA,NA,NA,NA,NA,NA,NA,NA,NA,NA,NA,NA,NA,NA,NA,NA,2012,1989-11-14,"Q","Ankle",2018,0
"Tyreek Hill","KC","WR","12801","weighted",NA,NA,NA,NA,NA,NA,101.801672566372,24.2397322535171,0.664461244402825,0.319586391528722,0.564910029498525,0.0718315133293169,0.0393362831858407,0.0123318013319181,0.824646017699115,0.0863226093234269,1081.10946902655,92.0169543265993,6.45789458782802,1.0832622140284,NA,NA,NA,NA,NA,NA,NA,NA,NA,NA,NA,NA,NA,NA,NA,NA,NA,NA,NA,NA,NA,NA,NA,NA,NA,NA,NA,NA,NA,NA,NA,NA,2016,1994-03-01,NA,NA,NA,NA
"JuJu Smith-Schuster","PIT","WR","13156","weighted",NA,NA,NA,NA,NA,NA,1.11308849557522,1.77246430200478,0.00406194690265487,0.0104805073543663,0.345053097345133,0.20140207362757,0.494247787610619,0.158551731410376,0.140486725663717,0.0440421476139933,977.929840707965,103.24785220649,7.84167286146277,1.18494951455146,NA,NA,NA,NA,NA,NA,NA,NA,NA,NA,NA,NA,NA,NA,NA,NA,NA,NA,NA,NA,NA,NA,NA,NA,NA,NA,NA,NA,NA,NA,NA,NA,2017,1996-11-22,"Q","Knee",2018,0
"Stefon Diggs","MIN","WR","12186","weighted",NA,NA,NA,NA,NA,NA,23.881592920354,11.5723006369295,0.106806254779165,0.109934479681714,0.33866814159292,0.161702489113298,0.444823008849557,0.142696558269338,0,0,1043.3374159292,70.0975079390362,6.7114049839453,0.699222339515587,NA,NA,NA,NA,NA,NA,NA,NA,NA,NA,NA,NA,NA,NA,NA,NA,NA,NA,NA,NA,NA,NA,NA,NA,NA,NA,NA,NA,NA,NA,NA,NA,2015,1993-11-29,NA,NA,NA,NA
"Doug Baldwin","SEA","WR","10527","weighted",NA,NA,NA,NA,NA,NA,5.08929646017699,8.62322846195588,0.0248456243854474,0.0382299641022576,0.384136283185841,0.166482519761815,0.0618141592920354,0.0193785449501571,0,0,1021.82617699115,82.8546098230674,7.39289760518917,0.592185755552009,NA,NA,NA,NA,NA,NA,NA,NA,NA,NA,NA,NA,NA,NA,NA,NA,NA,NA,NA,NA,NA,NA,NA,NA,NA,NA,NA,NA,NA,NA,NA,NA,2011,1988-09-21,NA,NA,NA,NA
"Amari Cooper","OAK","WR","12175","weighted",NA,NA,NA,NA,NA,NA,5.31158308751229,3.78883927787909,0.00820058997050148,0.0209533597429312,0.411867256637168,0.171781652475297,0.0674336283185841,0.0211402308547168,0,0,1045.36994690265,79.7202525223099,7.02318611744754,0.779014562123061,NA,NA,NA,NA,NA,NA,NA,NA,NA,NA,NA,NA,NA,NA,NA,NA,NA,NA,NA,NA,NA,NA,NA,NA,NA,NA,NA,NA,NA,NA,NA,NA,2015,1994-06-18,NA,NA,NA,NA
"Allen Robinson","CHI","WR","11678","weighted",NA,NA,NA,NA,NA,NA,0.0238938053097345,0.0456045282666099,0.00136676499508358,0.00349222662382186,0.376660176991151,0.163736306717489,0.554911504424779,0.170883532742294,0,0,1005.53669026549,102.289169297012,5.63530990931411,1.41533922768766,NA,NA,NA,NA,NA,NA,NA,NA,NA,NA,NA,NA,NA,NA,NA,NA,NA,NA,NA,NA,NA,NA,NA,NA,NA,NA,NA,NA,NA,NA,NA,NA,2014,1993-08-24,NA,NA,NA,NA
"Emmanuel Sanders","DEN","WR","9918","weighted",NA,NA,NA,NA,NA,NA,3.75897345132743,5.2718174155381,0,0,0.362176991150442,0.147118436322725,0.033716814159292,0.0105701154273584,0,0,907.892,124.03429588275,4.55541776018778,1.08769427402617,NA,NA,NA,NA,NA,NA,NA,NA,NA,NA,NA,NA,NA,NA,NA,NA,NA,NA,NA,NA,NA,NA,NA,NA,NA,NA,NA,NA,NA,NA,NA,NA,2010,1987-03-17,"IR","Achilles",2018,0
"Davante Adams","GB","WR","11675","weighted",NA,NA,NA,NA,NA,NA,6.59669911504425,16.6817561612395,0.124805309734513,0.315758143374855,0.344672566371681,0.155757024622431,0.855929203539823,0.295963231966035,0,0,1070.43984070796,68.2200542764563,9.95692666355731,1.4986730172303,NA,NA,NA,NA,NA,NA,NA,NA,NA,NA,NA,NA,NA,NA,NA,NA,NA,NA,NA,NA,NA,NA,NA,NA,NA,NA,NA,NA,NA,NA,NA,NA,2014,1992-12-24,NA,NA,NA,NA
"Jarvis Landry","CLE","WR","11680","weighted",NA,NA,NA,NA,NA,NA,2.46196681415929,4.17629597248013,0.00136676499508358,0.00349222662382186,1.76536991150443,0.875793022785564,0.0505752212389381,0.0158551731410376,0,0,993.273575221239,100.698429613041,6.01799536813273,1.10977136061045,NA,NA,NA,NA,NA,NA,NA,NA,NA,NA,NA,NA,NA,NA,NA,NA,NA,NA,NA,NA,NA,NA,NA,NA,NA,NA,NA,NA,NA,NA,NA,NA,2014,1992-11-28,NA,NA,NA,NA
"Larry Fitzgerald","ARI","WR","7393","weighted",NA,NA,NA,NA,NA,NA,0.191179203539823,0.287779126054457,0,0,1.0125610619469,0.299182933100697,0.594247787610619,0.158551731410376,0,0,1044.68191150442,42.6814832157083,5.58659210966115,0.578344685633229,NA,NA,NA,NA,NA,NA,NA,NA,NA,NA,NA,NA,NA,NA,NA,NA,NA,NA,NA,NA,NA,NA,NA,NA,NA,NA,NA,NA,NA,NA,NA,NA,2004,1983-08-31,NA,NA,NA,NA
"Marvin Jones","DET","WR","10738","weighted",NA,NA,NA,NA,NA,NA,1.15819469026549,2.26861211654407,0.00270796460176991,0.00698700490291089,0.375877581120944,0.0740742224678636,0.0561946902654867,0.0176168590455973,0,0,982.140548672566,87.6582967822617,7.14231809132394,0.854189405510337,NA,NA,NA,NA,NA,NA,NA,NA,NA,NA,NA,NA,NA,NA,NA,NA,NA,NA,NA,NA,NA,NA,NA,NA,NA,NA,NA,NA,NA,NA,NA,NA,2012,1990-03-12,"IR","Knee",2018,0
"Marquise Goodwin","SF","WR","11239","weighted",NA,NA,NA,NA,NA,NA,26.0171425762045,9.26479088260729,0.050169661401155,0.0919413311803358,0.399424778761062,0.167218351165918,0.0393362831858407,0.0123318013319181,0,0,912.745115044248,177.644668787117,4.92762847500675,1.63150998467029,NA,NA,NA,NA,NA,NA,NA,NA,NA,NA,NA,NA,NA,NA,NA,NA,NA,NA,NA,NA,NA,NA,NA,NA,NA,NA,NA,NA,NA,NA,NA,NA,2013,1990-11-19,"Q","Calf",2018,0
"Pierre Garcon","SF","WR","9250","weighted",NA,NA,NA,NA,NA,NA,2.08697787610619,4.1332520883846,0,0,0.442169911504425,0.0669368573292726,0.0449557522123894,0.0140934872364779,0,0,933.734973451328,86.1701704281529,4.14784139140466,0.775570942904836,NA,NA,NA,NA,NA,NA,NA,NA,NA,NA,NA,NA,NA,NA,NA,NA,NA,NA,NA,NA,NA,NA,NA,NA,NA,NA,NA,NA,NA,NA,NA,NA,2008,1986-08-08,"IR","Knee",2018,0
"Brandin Cooks","LAR","WR","11674","weighted",NA,NA,NA,NA,NA,NA,36.2758584070797,15.3494233173925,0.253053855177358,0.330299316319703,0.487309734513274,0.0764805064689453,0.0505752212389381,0.0158551731410376,0,0,936.327398230089,105.314090182542,6.48464199782091,1.39342555426366,NA,NA,NA,NA,NA,NA,NA,NA,NA,NA,NA,NA,NA,NA,NA,NA,NA,NA,NA,NA,NA,NA,NA,NA,NA,NA,NA,NA,NA,NA,NA,NA,2014,1993-09-25,NA,NA,NA,NA
"Demaryius Thomas","DEN","WR","9884","weighted",NA,NA,NA,NA,NA,NA,0,0,0,0,1.25047256637168,0.419491256439889,0.0730530973451328,0.0229019167592765,0,0,1014.27808849558,52.3576466974184,6.0708813391622,0.503677373331653,NA,NA,NA,NA,NA,NA,NA,NA,NA,NA,NA,NA,NA,NA,NA,NA,NA,NA,NA,NA,NA,NA,NA,NA,NA,NA,NA,NA,NA,NA,NA,NA,2010,1987-12-25,"IR","Achilles",2018,0
"Josh Gordon","CLE","WR","10960","weighted",NA,NA,NA,NA,NA,NA,4.84371681415929,4.49800946340407,0,0,0.46241592920354,0.190283209264693,0.932300884955752,0.334720321866349,0,0,1000.79746902655,100.29794609106,5.45103361886499,1.52456340184561,NA,NA,NA,NA,NA,NA,NA,NA,NA,NA,NA,NA,NA,NA,NA,NA,NA,NA,NA,NA,NA,NA,NA,NA,NA,NA,NA,NA,NA,NA,NA,NA,2012,1991-04-13,"S","Suspension",2018,0
"Nelson Agholor","PHI","WR","12181","weighted",NA,NA,NA,NA,NA,NA,25.9543972468043,19.4119024328336,0.0836479842674533,0.143077717348298,0.411867256637168,0.171781652475297,0.0449557522123894,0.0140934872364779,0.0899115044247788,0.0281869744729557,748.091398230089,47.5448633527165,5.57497847198673,0.900529063458453,NA,NA,NA,NA,NA,NA,NA,NA,NA,NA,NA,NA,NA,NA,NA,NA,NA,NA,NA,NA,NA,NA,NA,NA,NA,NA,NA,NA,NA,NA,NA,NA,2015,1993-05-24,NA,NA,NA,NA
"DeVante Parker","MIA","WR","12176","weighted",NA,NA,NA,NA,NA,NA,-0.216011799410029,0.646125789181111,0.00136676499508358,0.00349222662382186,0.606732743362832,0.17045172589885,0.604336283185841,0.186738705883332,0,0,770.710814159292,161.305320662661,4.3043402996554,1.76967834905658,NA,NA,NA,NA,NA,NA,NA,NA,NA,NA,NA,NA,NA,NA,NA,NA,NA,NA,NA,NA,NA,NA,NA,NA,NA,NA,NA,NA,NA,NA,NA,NA,2015,1993-01-20,NA,NA,NA,NA
"Will Fuller","HOU","WR","12647","weighted",NA,NA,NA,NA,NA,NA,10.0412566371681,9.01424386666669,0.0233726647000983,0.0389351013564908,0.372109734513274,0.15129533549548,0.0561946902654867,0.0176168590455973,0.151725663716814,0.0475655194231128,784.749946902655,163.160515385936,5.76920054652454,1.75022073003073,NA,NA,NA,NA,NA,NA,NA,NA,NA,NA,NA,NA,NA,NA,NA,NA,NA,NA,NA,NA,NA,NA,NA,NA,NA,NA,NA,NA,NA,NA,NA,NA,2016,1994-04-16,"IR","Knee - ACL",2018,0
"Golden Tate","DET","WR","9831","weighted",NA,NA,NA,NA,NA,NA,20.2390265486726,5.98671757195336,0.0486552956260325,0.0453406557436945,1.01501769911504,0.285200820918895,0.0449557522123894,0.0140934872364779,0,0,1002.36660176991,45.1606342080876,4.88827022055866,0.564609179254842,NA,NA,NA,NA,NA,NA,NA,NA,NA,NA,NA,NA,NA,NA,NA,NA,NA,NA,NA,NA,NA,NA,NA,NA,NA,NA,NA,NA,NA,NA,NA,NA,2010,1988-08-02,NA,NA,NA,NA
"Devin Funchess","CAR","WR","12205","weighted",NA,NA,NA,NA,NA,NA,0.446881022615536,1.1687788702413,0.00273352999016716,0.00698445324764372,0.419228318584071,0.108674580402553,0.560530973451328,0.169121846837734,0,0,848.741699115044,102.165461360402,6.47032865874296,0.725358169948792,NA,NA,NA,NA,NA,NA,NA,NA,NA,NA,NA,NA,NA,NA,NA,NA,NA,NA,NA,NA,NA,NA,NA,NA,NA,NA,NA,NA,NA,NA,NA,NA,2015,1994-05-21,NA,NA,NA,NA
"Julian Edelman","NE","WR","9662","weighted",NA,NA,NA,NA,NA,NA,30.9891136363636,15.7432567288092,0.0337878787878788,0.048218709718173,1.12277777777778,0.13614720192092,0,0,0,0,799.371717171717,134.099366109539,4.06594755911144,0.466966554828931,NA,NA,NA,NA,NA,NA,NA,NA,NA,NA,NA,NA,NA,NA,NA,NA,NA,NA,NA,NA,NA,NA,NA,NA,NA,NA,NA,NA,NA,NA,NA,NA,2009,1986-05-22,NA,NA,NA,NA
"Corey Davis","TEN","WR","13153","weighted",NA,NA,NA,NA,NA,NA,0.146243854473943,0.373668248748939,0.00410029498525074,0.0104766798714656,1.3398,0.525105825463398,0.0393362831858407,0.0123318013319181,0,0,877.962867256637,89.5929143850628,5.55239823084538,1.1659971609422,NA,NA,NA,NA,NA,NA,NA,NA,NA,NA,NA,NA,NA,NA,NA,NA,NA,NA,NA,NA,NA,NA,NA,NA,NA,NA,NA,NA,NA,NA,NA,NA,2017,1995-01-11,NA,NA,NA,NA
"Robert Woods","LAR","WR","11228","weighted",NA,NA,NA,NA,NA,NA,14.0806902654867,7.63150782539106,0.0231783615543632,0.0372504406313691,0.849242477876106,0.215803998971233,0.0505752212389381,0.0158551731410376,0,0,896.732389380531,88.0478064343132,5.51261299531223,0.84924101169093,NA,NA,NA,NA,NA,NA,NA,NA,NA,NA,NA,NA,NA,NA,NA,NA,NA,NA,NA,NA,NA,NA,NA,NA,NA,NA,NA,NA,NA,NA,NA,NA,2013,1992-04-10,NA,NA,NA,NA
"Keelan Cole","JAC","WR","13412","weighted",NA,NA,NA,NA,NA,NA,1.55611996066863,4.05627376950215,0.00273352999016716,0.00698445324764372,0.657417699115044,0.268324665913704,0.016858407079646,0.0052850577136792,0,0,794.323345132743,125.39031196465,4.35560035038605,0.511243507107617,NA,NA,NA,NA,NA,NA,NA,NA,NA,NA,NA,NA,NA,NA,NA,NA,NA,NA,NA,NA,NA,NA,NA,NA,NA,NA,NA,NA,NA,NA,NA,NA,2017,1993-04-20,NA,NA,NA,NA
"Kenny Stills","MIA","WR","11227","weighted",NA,NA,NA,NA,NA,NA,-0.00311061946902655,0.0377869358696748,0,0,1.30435398230088,0.499121906538692,0.0505752212389381,0.0158551731410376,0,0,837.587150442478,96.268104897274,5.13831639029434,1.08118352176777,NA,NA,NA,NA,NA,NA,NA,NA,NA,NA,NA,NA,NA,NA,NA,NA,NA,NA,NA,NA,NA,NA,NA,NA,NA,NA,NA,NA,NA,NA,NA,NA,2013,1992-04-22,NA,NA,NA,NA
"Robby Anderson","NYJ","WR","12930","weighted",NA,NA,NA,NA,NA,NA,18.7593411996067,6.10832328744947,0.0448255185002735,0.0717497578209278,0.40190796460177,0.168945560482884,0.0280973451327434,0.00880842952279867,0,0,890.15382300885,68.9277796282679,5.51710172233524,0.928727597072576,NA,NA,NA,NA,NA,NA,NA,NA,NA,NA,NA,NA,NA,NA,NA,NA,NA,NA,NA,NA,NA,NA,NA,NA,NA,NA,NA,NA,NA,NA,NA,NA,2016,1993-05-09,NA,NA,NA,NA
"Cooper Kupp","LAR","WR","13164","weighted",NA,NA,NA,NA,NA,NA,1.43055309734513,2.08925986021766,0.00410029498525074,0.0104766798714656,0.931869026548673,0.220319922504484,0.016858407079646,0.0052850577136792,0.0899115044247788,0.0281869744729557,858.162619469027,66.8255920843152,5.43349043232946,0.639548460066434,NA,NA,NA,NA,NA,NA,NA,NA,NA,NA,NA,NA,NA,NA,NA,NA,NA,NA,NA,NA,NA,NA,NA,NA,NA,NA,NA,NA,NA,NA,NA,NA,2017,1993-06-15,"IR","Knee - ACL",2018,0
"Jamison Crowder","WAS","WR","12184","weighted",NA,NA,NA,NA,NA,NA,22.5436735496559,14.0372170614953,0.0840373647984268,0.100667295045311,1.91320530973451,0.890491908712867,0.0393362831858407,0.0123318013319181,0.661681415929204,0.137411500555659,857.249469026549,75.2561046499003,4.63978442705594,0.864653124639938,NA,NA,NA,NA,NA,NA,NA,NA,NA,NA,NA,NA,NA,NA,NA,NA,NA,NA,NA,NA,NA,NA,NA,NA,NA,NA,NA,NA,NA,NA,NA,NA,2015,1993-06-17,NA,NA,NA,NA
"Jordy Nelson","OAK","WR","9118","weighted",NA,NA,NA,NA,NA,NA,8.65686504424779,11.7793011353858,0.187964601769912,0.375809273886414,0.600672566371681,0.126260021194595,0.0449557522123894,0.0140934872364779,0,0,770.699628318584,137.806674140947,5.34175147152444,1.08803127014273,NA,NA,NA,NA,NA,NA,NA,NA,NA,NA,NA,NA,NA,NA,NA,NA,NA,NA,NA,NA,NA,NA,NA,NA,NA,NA,NA,NA,NA,NA,NA,NA,2008,1985-05-31,NA,NA,NA,NA
"Dede Westbrook","JAC","WR","13158","weighted",NA,NA,NA,NA,NA,NA,0.0185152409046214,0.0355716270469266,0.00273352999016716,0.00698445324764372,0.227376991150442,0.126650639775647,0.0224778761061947,0.00704674361823893,0.0674336283185841,0.0211402308547168,697.08403539823,168.070370488906,3.41661971153719,1.38975473491421,NA,NA,NA,NA,NA,NA,NA,NA,NA,NA,NA,NA,NA,NA,NA,NA,NA,NA,NA,NA,NA,NA,NA,NA,NA,NA,NA,NA,NA,NA,NA,NA,2017,1993-11-21,NA,NA,NA,NA
"Chris Hogan","NE","WR","10983","weighted",NA,NA,NA,NA,NA,NA,15.2927453294002,10.4464509632649,0.0399115044247788,0.0731233405489332,0.359693805309735,0.146225991960586,0.0393362831858407,0.0123318013319181,0,0,885.275185840708,87.8214544141046,6.8403167016159,0.957154212573275,NA,NA,NA,NA,NA,NA,NA,NA,NA,NA,NA,NA,NA,NA,NA,NA,NA,NA,NA,NA,NA,NA,NA,NA,NA,NA,NA,NA,NA,NA,NA,NA,2011,1988-10-24,NA,NA,NA,NA
"Sterling Shepard","NYG","WR","12658","weighted",NA,NA,NA,NA,NA,NA,12.9527059980334,8.54822706623566,0.0315732546705998,0.0506751164434203,0.416860176991151,0.172427333770488,0.0280973451327434,0.00880842952279867,0.0449557522123894,0.0140934872364779,799.460654867257,100.669272974977,4.34858672419816,0.746152065473027,NA,NA,NA,NA,NA,NA,NA,NA,NA,NA,NA,NA,NA,NA,NA,NA,NA,NA,NA,NA,NA,NA,NA,NA,NA,NA,NA,NA,NA,NA,NA,NA,2016,NA,NA,NA,NA,NA
"Alshon Jeffery","PHI","WR","10722","weighted",NA,NA,NA,NA,NA,NA,0.139977876106195,0.312191178461531,0,0,0.326969911504425,0.136511612170741,1.55234513274336,0.547884316318077,0,0,766.540495575221,94.4148505256457,6.37093456805195,1.12248811551657,NA,NA,NA,NA,NA,NA,NA,NA,NA,NA,NA,NA,NA,NA,NA,NA,NA,NA,NA,NA,NA,NA,NA,NA,NA,NA,NA,NA,NA,NA,NA,NA,2012,1990-02-14,"Q","Ribs",2018,0
"Allen Hurns","DAL","WR","11925","weighted",NA,NA,NA,NA,NA,NA,0,0,0.00410029498525074,0.0104766798714656,0.561982300884956,0.174477836713581,0.0505752212389381,0.0158551731410376,0,0,721.552,99.1673101272166,3.93825299576927,0.945505123011384,NA,NA,NA,NA,NA,NA,NA,NA,NA,NA,NA,NA,NA,NA,NA,NA,NA,NA,NA,NA,NA,NA,NA,NA,NA,NA,NA,NA,NA,NA,NA,NA,2014,1991-11-21,"IR","Ankle",2018,0
"Michael Gallup","DAL","WR","13646","weighted",NA,NA,NA,NA,NA,NA,5.55523107177974,6.65731744710853,0.0264110127826942,0.0433149395267975,0.517904424778761,0.0840798643516438,0.0393362831858407,0.0123318013319181,0,0,577.62596460177,221.098537980342,3.50771093913743,1.51682157665802,NA,NA,NA,NA,NA,NA,NA,NA,NA,NA,NA,NA,NA,NA,NA,NA,NA,NA,NA,NA,NA,NA,NA,NA,NA,NA,NA,NA,NA,NA,NA,NA,2018,1996-03-04,NA,NA,NA,NA
"Paul Richardson","WAS","WR","11681","weighted",NA,NA,NA,NA,NA,NA,1.6893296460177,1.92169459849971,0.00136676499508358,0.00349222662382186,0.457538053097345,0.0883594597979895,0.0561946902654867,0.0176168590455973,0,0,660.395097345133,168.942969493562,3.69720021193962,1.27235644589882,NA,NA,NA,NA,NA,NA,NA,NA,NA,NA,NA,NA,NA,NA,NA,NA,NA,NA,NA,NA,NA,NA,NA,NA,NA,NA,NA,NA,NA,NA,NA,NA,2014,1992-04-13,"IR","Shoulder - AC Joint",2018,0
"Michael Crabtree","BAL","WR","9427","weighted",NA,NA,NA,NA,NA,NA,0.915953539823009,1.88676793849597,0,0,0.301642477876106,0.141247224921639,0.98070796460177,0.225495795783646,0,0,851.425752212389,60.0667786481279,6.40005678818749,0.967324769623921,NA,NA,NA,NA,NA,NA,NA,NA,NA,NA,NA,NA,NA,NA,NA,NA,NA,NA,NA,NA,NA,NA,NA,NA,NA,NA,NA,NA,NA,NA,NA,NA,2009,1987-09-14,NA,NA,NA,NA
"Kelvin Benjamin","BUF","WR","11673","weighted",NA,NA,NA,NA,NA,NA,0.00597345132743363,0.0114011320666525,0,0,0.367143362831858,0.149087901729103,0.466150442477876,0.167360160933175,0,0,773.190283185841,141.2370745868,4.56868210839193,0.930279620407691,NA,NA,NA,NA,NA,NA,NA,NA,NA,NA,NA,NA,NA,NA,NA,NA,NA,NA,NA,NA,NA,NA,NA,NA,NA,NA,NA,NA,NA,NA,NA,NA,2014,1991-02-05,NA,NA,NA,NA
"Sammy Watkins","KC","WR","11670","weighted",NA,NA,NA,NA,NA,NA,1.24674778761062,2.18280793457292,0.00136676499508358,0.00349222662382186,0.291736283185841,0.130742034604377,0.0505752212389381,0.0158551731410376,0,0,807.400637168142,101.663111717244,6.09059605809605,0.986790358519694,NA,NA,NA,NA,NA,NA,NA,NA,NA,NA,NA,NA,NA,NA,NA,NA,NA,NA,NA,NA,NA,NA,NA,NA,NA,NA,NA,NA,NA,NA,NA,NA,2014,1993-06-14,NA,NA,NA,NA
"DeSean Jackson","TB","WR","9075","weighted",NA,NA,NA,NA,NA,NA,24.2048377581121,7.01757991525339,0.0447084758968656,0.0792902006528221,0.36466017699115,0.148072802629045,0.0842920353982301,0.026425288568396,0,0,776.387398230088,103.421372739299,3.71870347198368,0.812477350755389,NA,NA,NA,NA,NA,NA,NA,NA,NA,NA,NA,NA,NA,NA,NA,NA,NA,NA,NA,NA,NA,NA,NA,NA,NA,NA,NA,NA,NA,NA,NA,NA,2008,1986-12-01,"Q","Achilles",2018,0
"Geronimo Allison","GB","WR","12665","weighted",NA,NA,NA,NA,NA,NA,4.60867256637168,11.3356407866097,0.044267453294002,0.104483105923527,1.07203716814159,0.485892526127191,0.0393362831858407,0.0123318013319181,0.0449557522123894,0.0140934872364779,540.78203539823,191.22328723921,3.07781066248753,1.25211784310108,NA,NA,NA,NA,NA,NA,NA,NA,NA,NA,NA,NA,NA,NA,NA,NA,NA,NA,NA,NA,NA,NA,NA,NA,NA,NA,NA,NA,NA,NA,NA,NA,2016,1994-01-18,"IR","Groin",2018,0
"Mike Williams","LAC","WR","13154","weighted",NA,NA,NA,NA,NA,NA,1.45058013765978,2.44576492856358,0.00273352999016716,0.00698445324764372,0.284729203539823,0.121727744158035,0.033716814159292,0.0105701154273584,0,0,607.245362831859,240.710219152428,3.56089259591766,2.07057807320419,NA,NA,NA,NA,NA,NA,NA,NA,NA,NA,NA,NA,NA,NA,NA,NA,NA,NA,NA,NA,NA,NA,NA,NA,NA,NA,NA,NA,NA,NA,NA,NA,2017,1994-10-04,NA,NA,NA,NA
"D.J. Moore","CAR","WR","13635","weighted",NA,NA,NA,NA,NA,NA,12.4671091445428,15.9326111736905,0.0305113077679449,0.0502186961473134,0.432945132743363,0.0853918445915522,0.0561946902654867,0.0176168590455973,0.0899115044247788,0.0281869744729557,624.697044247788,169.455364672263,3.2414077829523,1.5848893524164,NA,NA,NA,NA,NA,NA,NA,NA,NA,NA,NA,NA,NA,NA,NA,NA,NA,NA,NA,NA,NA,NA,NA,NA,NA,NA,NA,NA,NA,NA,NA,NA,2018,1997-04-14,NA,NA,NA,NA
"Ryan Grant","IND","WR","11812","weighted",NA,NA,NA,NA,NA,NA,0,0,0.00273352999016716,0.00698445324764372,0.317010619469027,0.131128023377492,0.0280973451327434,0.00880842952279867,0,0,587.708123893805,146.531706398996,3.71691835023009,1.1456940668427,NA,NA,NA,NA,NA,NA,NA,NA,NA,NA,NA,NA,NA,NA,NA,NA,NA,NA,NA,NA,NA,NA,NA,NA,NA,NA,NA,NA,NA,NA,NA,NA,2014,1990-12-19,"Q","Toe",2018,0
"Danny Amendola","MIA","WR","9308","weighted",NA,NA,NA,NA,NA,NA,3.31430678466077,3.87063287337233,0.00546705998033432,0.0139689064952874,0.584888495575221,0.0794769810661422,0.0393362831858407,0.0123318013319181,0.264115044247788,0.0827992375143074,653.515504424779,145.224376521166,2.92005256921287,1.60698487905686,NA,NA,NA,NA,NA,NA,NA,NA,NA,NA,NA,NA,NA,NA,NA,NA,NA,NA,NA,NA,NA,NA,NA,NA,NA,NA,NA,NA,NA,NA,NA,NA,2008,1985-11-02,NA,NA,NA,NA
"Calvin Ridley","ATL","WR","13629","weighted",NA,NA,NA,NA,NA,NA,11.4499606686332,13.393734093055,0.0305113077679449,0.0502186961473134,0.355116814159292,0.149372404061471,0.0280973451327434,0.00880842952279867,0.157345132743363,0.0493272053276725,612.495115044248,203.440036022197,3.66776637781328,1.42715161318891,NA,NA,NA,NA,NA,NA,NA,NA,NA,NA,NA,NA,NA,NA,NA,NA,NA,NA,NA,NA,NA,NA,NA,NA,NA,NA,NA,NA,NA,NA,NA,NA,2018,1994-12-20,NA,NA,NA,NA
"Tyrell Williams","LAC","WR","12391","weighted",NA,NA,NA,NA,NA,NA,0,0,0.00136676499508358,0.00349222662382186,0.659936283185841,0.248477211519495,0.0280973451327434,0.00880842952279867,0,0,727.530159292035,106.794560884329,4.48709211735806,0.666506192153708,NA,NA,NA,NA,NA,NA,NA,NA,NA,NA,NA,NA,NA,NA,NA,NA,NA,NA,NA,NA,NA,NA,NA,NA,NA,NA,NA,NA,NA,NA,NA,NA,NA,NA,NA,NA,NA,NA
"Cameron Meredith","NO","WR","12465","weighted",NA,NA,NA,NA,NA,NA,1.20846460176991,2.4214665465677,0.00410029498525074,0.0104766798714656,1.05795221238938,0.784900524910701,0.0280973451327434,0.00880842952279867,0,0,672.299805309735,141.425961791609,3.67356046671961,1.41086264027246,NA,NA,NA,NA,NA,NA,NA,NA,NA,NA,NA,NA,NA,NA,NA,NA,NA,NA,NA,NA,NA,NA,NA,NA,NA,NA,NA,NA,NA,NA,NA,NA,NA,NA,"IR","Knee",2018,0
"Taywan Taylor","TEN","WR","13167","weighted",NA,NA,NA,NA,NA,NA,26.5797600786627,17.9444315244259,0.062133726647001,0.0767333533474324,0.202872566371681,0.0412654762441875,0.0393362831858407,0.0123318013319181,0,0,497.832601769912,221.651801196775,2.58008910616927,1.59421013693518,NA,NA,NA,NA,NA,NA,NA,NA,NA,NA,NA,NA,NA,NA,NA,NA,NA,NA,NA,NA,NA,NA,NA,NA,NA,NA,NA,NA,NA,NA,NA,NA,2017,NA,NA,NA,NA,NA
"John Brown","BAL","WR","11783","weighted",NA,NA,NA,NA,NA,NA,8.61809955752212,7.4005022497878,0.00273352999016716,0.00698445324764372,0.162345132743363,0.0953634643851356,0.033716814159292,0.0105701154273584,0,0,623.713734513274,148.270216901369,3.69900971466547,0.950984021207111,NA,NA,NA,NA,NA,NA,NA,NA,NA,NA,NA,NA,NA,NA,NA,NA,NA,NA,NA,NA,NA,NA,NA,NA,NA,NA,NA,NA,NA,NA,NA,NA,2014,1990-04-03,NA,NA,NA,NA
"Ted Ginn","NO","WR","8673","weighted",NA,NA,NA,NA,NA,NA,40.1459587020649,18.9048661133246,0.0978072763028515,0.126967475364305,0.366191150442478,0.221290439953384,0.0505752212389381,0.0158551731410376,0.146106194690266,0.0458038335185531,710.658831858407,110.568380730767,4.13649616118377,0.70225581525972,NA,NA,NA,NA,NA,NA,NA,NA,NA,NA,NA,NA,NA,NA,NA,NA,NA,NA,NA,NA,NA,NA,NA,NA,NA,NA,NA,NA,NA,NA,NA,NA,2007,1985-04-12,NA,NA,NA,NA
"Tyler Lockett","SEA","WR","12187","weighted",NA,NA,NA,NA,NA,NA,54.0895850540806,30.5176344537061,0.40721792018827,0.392067541887007,0.456122123893805,0.234638128976882,0.033716814159292,0.0105701154273584,0.12924778761062,0.0405187758048739,629.743486725664,102.998993539576,3.39759123972188,0.730017642282859,NA,NA,NA,NA,NA,NA,NA,NA,NA,NA,NA,NA,NA,NA,NA,NA,NA,NA,NA,NA,NA,NA,NA,NA,NA,NA,NA,NA,NA,NA,NA,NA,2015,1992-09-28,NA,NA,NA,NA
"Chris Godwin","TB","WR","13163","weighted",NA,NA,NA,NA,NA,NA,2.18666666666667,5.22555218949375,0.00410029498525074,0.0104766798714656,0.362203539823009,0.14951967369693,0.0505752212389381,0.0158551731410376,0.0899115044247788,0.0281869744729557,615.854654867257,105.31649743833,2.65369858430822,1.17866242748642,NA,NA,NA,NA,NA,NA,NA,NA,NA,NA,NA,NA,NA,NA,NA,NA,NA,NA,NA,NA,NA,NA,NA,NA,NA,NA,NA,NA,NA,NA,NA,NA,2017,1996-02-27,NA,NA,NA,NA
"Josh Doctson","WAS","WR","12648","weighted",NA,NA,NA,NA,NA,NA,-1.43243461160275,7.98074044685892,0.00820058997050148,0.0209533597429312,0.482246017699115,0.12154954971048,0.548141592920354,0.204355564928929,0,0,677.718884955752,93.1556238207709,5.31178670064542,1.0142781732141,NA,NA,NA,NA,NA,NA,NA,NA,NA,NA,NA,NA,NA,NA,NA,NA,NA,NA,NA,NA,NA,NA,NA,NA,NA,NA,NA,NA,NA,NA,NA,NA,2016,NA,NA,NA,NA,NA
"Mike Wallace","PHI","WR","9525","weighted",NA,NA,NA,NA,NA,NA,4.54748008849558,4.5460210096507,0,0,0.452899115044248,0.181664806640072,0.033716814159292,0.0105701154273584,0,0,640.850194690266,139.091249317046,3.718292836,0.877494687188681,NA,NA,NA,NA,NA,NA,NA,NA,NA,NA,NA,NA,NA,NA,NA,NA,NA,NA,NA,NA,NA,NA,NA,NA,NA,NA,NA,NA,NA,NA,NA,NA,2009,1986-08-01,"Q","Ankle",2018,0
"Rishard Matthews","TEN","WR","10903","weighted",NA,NA,NA,NA,NA,NA,-0.318670353982301,1.16936970070864,0,0,0.364686725663717,0.150081533079077,0.174203539823009,0.0546122630413517,0,0,665.050654867257,103.789013208082,3.95732328366386,0.938168320360162,NA,NA,NA,NA,NA,NA,NA,NA,NA,NA,NA,NA,NA,NA,NA,NA,NA,NA,NA,NA,NA,NA,NA,NA,NA,NA,NA,NA,NA,NA,NA,NA,2012,1989-10-12,"IR","Hamstring",2018,0
"Kenny Golladay","DET","WR","13277","weighted",NA,NA,NA,NA,NA,NA,7.95195673549656,5.88237104926861,0.0136676499508358,0.0349222662382186,0.464545132743363,0.0781531304124302,0.0449557522123894,0.0140934872364779,0,0,729.057274336283,82.1328734640368,4.32301216897122,0.932703602203129,NA,NA,NA,NA,NA,NA,NA,NA,NA,NA,NA,NA,NA,NA,NA,NA,NA,NA,NA,NA,NA,NA,NA,NA,NA,NA,NA,NA,NA,NA,NA,NA,2017,1993-01-01,"Q","Chest",2018,0
"Albert Wilson","MIA","WR","11890","weighted",NA,NA,NA,NA,NA,NA,12.4767276302852,8.33927669288784,0.0749872173058014,0.0733242033554604,0.377757522123894,0.171387767703919,0.0393362831858407,0.0123318013319181,0,0,534.014938053097,187.61409856393,2.68331989991864,0.906390623571868,NA,NA,NA,NA,NA,NA,NA,NA,NA,NA,NA,NA,NA,NA,NA,NA,NA,NA,NA,NA,NA,NA,NA,NA,NA,NA,NA,NA,NA,NA,NA,NA,2014,1992-07-12,"IR","Hip - Labrum",2018,0
"Christian Kirk","ARI","WR","13633","weighted",NA,NA,NA,NA,NA,NA,5.57264503441495,5.4972186198088,0.0123008849557522,0.0314300396143967,0.375920353982301,0.0951201490249628,0.0449557522123894,0.0140934872364779,0.112389380530973,0.0352337180911947,549.724017699115,168.832700548608,2.81353972539057,0.987941619610174,NA,NA,NA,NA,NA,NA,NA,NA,NA,NA,NA,NA,NA,NA,NA,NA,NA,NA,NA,NA,NA,NA,NA,NA,NA,NA,NA,NA,NA,NA,NA,NA,2018,1996-11-18,"IR","Foot",2018,0
"Randall Cobb","GB","WR","10308","weighted",NA,NA,NA,NA,NA,NA,35.1424247787611,18.5030610942278,0.140121732907493,0.13813164963685,0.369210619469027,0.158769430435098,0.16858407079646,0.052850577136792,0,0,683.848424778761,71.911771156672,4.56517676540608,0.852287377717423,NA,NA,NA,NA,NA,NA,NA,NA,NA,NA,NA,NA,NA,NA,NA,NA,NA,NA,NA,NA,NA,NA,NA,NA,NA,NA,NA,NA,NA,NA,NA,NA,2011,1990-08-22,NA,NA,NA,NA
"Courtland Sutton","DEN","WR","13630","weighted",NA,NA,NA,NA,NA,NA,4.65362831858407,6.16616239659562,0.00820058997050148,0.0209533597429312,0.353801769911504,0.218065104927393,0.033716814159292,0.0105701154273584,0,0,544.658902654867,191.446679716219,2.96010778828498,1.56064457292105,NA,NA,NA,NA,NA,NA,NA,NA,NA,NA,NA,NA,NA,NA,NA,NA,NA,NA,NA,NA,NA,NA,NA,NA,NA,NA,NA,NA,NA,NA,NA,NA,2018,1995-10-10,NA,NA,NA,NA
"Donte Moncrief","JAC","WR","11677","weighted",NA,NA,NA,NA,NA,NA,0.315564159292035,1.14421594671434,0.00136676499508358,0.00349222662382186,0.400283185840708,0.203411402118306,0.0505752212389381,0.0158551731410376,0,0,586.105663716814,102.546614827621,3.97801197615932,0.768780815233763,NA,NA,NA,NA,NA,NA,NA,NA,NA,NA,NA,NA,NA,NA,NA,NA,NA,NA,NA,NA,NA,NA,NA,NA,NA,NA,NA,NA,NA,NA,NA,NA,2014,1993-08-06,NA,NA,NA,NA
"Curtis Samuel","CAR","WR","13157","weighted",NA,NA,NA,NA,NA,NA,44.171137040715,39.9703395074448,0.108031281032771,0.126109371875082,0.212651439920556,0.132370637827214,0.0512562065541212,0.0168205298241054,0.142378351539225,0.0467236939558483,298.853902681231,236.517331030319,1.26692010782366,1.04652269275583,NA,NA,NA,NA,NA,NA,NA,NA,NA,NA,NA,NA,NA,NA,NA,NA,NA,NA,NA,NA,NA,NA,NA,NA,NA,NA,NA,NA,NA,NA,NA,NA,2017,1996-08-11,NA,NA,NA,NA
"Quincy Enunwa","NYJ","WR","11850","weighted",NA,NA,NA,NA,NA,NA,4.57766,4.22225709718145,0.0084,0.0224961875088843,0.250244,0.142815591665841,0.0399,0.0131227760468492,0,0,624.42206,115.764084354789,3.345,0.867192842708253,NA,NA,NA,NA,NA,NA,NA,NA,NA,NA,NA,NA,NA,NA,NA,NA,NA,NA,NA,NA,NA,NA,NA,NA,NA,NA,NA,NA,NA,NA,NA,NA,2014,1992-05-31,"IR","Ankle",2018,0
"James Washington","PIT","WR","13631","weighted",NA,NA,NA,NA,NA,NA,8.61249754178958,9.3594619937686,0.138534906588004,0.273021445631071,0.305267256637168,0.160666557088702,0.0449557522123894,0.0140934872364779,0,0,515.052707964602,180.301208259739,3.39936265517762,1.20769386452134,NA,NA,NA,NA,NA,NA,NA,NA,NA,NA,NA,NA,NA,NA,NA,NA,NA,NA,NA,NA,NA,NA,NA,NA,NA,NA,NA,NA,NA,NA,NA,NA,2018,1996-04-02,NA,NA,NA,NA
"Dez Bryant","FA","WR","9823","weighted",NA,NA,NA,NA,NA,NA,1.40851449275362,2.29964580145688,0,0,1.32010869565217,0.530749320880076,0,0,0,0,530.543115942029,388.517877387138,2.98913043478261,2.46362803525298,NA,NA,NA,NA,NA,NA,NA,NA,NA,NA,NA,NA,NA,NA,NA,NA,NA,NA,NA,NA,NA,NA,NA,NA,NA,NA,NA,NA,NA,NA,NA,NA,2010,1988-11-04,"IR","Achilles",2018,0
"Terrelle Pryor","NYJ","WR","10500","weighted",NA,NA,NA,NA,NA,NA,10.0763783185841,6.29715616392286,0.083141592920354,0.136753619969369,0.462442477876106,0.113541353656282,0.0449557522123894,0.0140934872364779,0.016858407079646,0.0052850577136792,435.08803539823,213.71919573086,2.1786942972767,1.25280066065843,NA,NA,NA,NA,NA,NA,NA,NA,NA,NA,NA,NA,NA,NA,NA,NA,NA,NA,NA,NA,NA,NA,NA,NA,NA,NA,NA,NA,NA,NA,NA,NA,2011,1989-06-20,NA,NA,NA,NA
"Tre McBride","NYJ","WR","12260","weighted",NA,NA,NA,NA,NA,NA,0,0,0,0,0,0,0,0,0,0,254.123543123543,434.003152543463,0,0,NA,NA,NA,NA,NA,NA,NA,NA,NA,NA,NA,NA,NA,NA,NA,NA,NA,NA,NA,NA,NA,NA,NA,NA,NA,NA,NA,NA,NA,NA,NA,NA,2015,1992-12-01,NA,NA,NA,NA
"Marquez Valdes-Scantling","GB","WR","13793","weighted",NA,NA,NA,NA,NA,NA,11.8684640522876,19.3222900650322,0.103011204481793,0.168615321497566,0.0990196078431373,0.121823701670033,0.023921568627451,0.00888195431746214,0.167450980392157,0.062173680222235,248.586974789916,284.911895089527,1.44683400946014,1.63188398925696,NA,NA,NA,NA,NA,NA,NA,NA,NA,NA,NA,NA,NA,NA,NA,NA,NA,NA,NA,NA,NA,NA,NA,NA,NA,NA,NA,NA,NA,NA,NA,NA,2018,1994-10-10,NA,NA,NA,NA
"Anthony Miller","CHI","WR","13639","weighted",NA,NA,NA,NA,NA,NA,5.5319075712881,5.30573620308764,0.023677482792527,0.0395935788116464,0.400309734513274,0.176064212056439,0.0224778761061947,0.00704674361823893,0,0,522.98585840708,152.772144139184,2.68172448791973,1.03217402878126,NA,NA,NA,NA,NA,NA,NA,NA,NA,NA,NA,NA,NA,NA,NA,NA,NA,NA,NA,NA,NA,NA,NA,NA,NA,NA,NA,NA,NA,NA,NA,NA,2018,1994-10-09,"Q","Shoulder",2018,0
"Tre'Quan Smith","NO","WR","13645","weighted",NA,NA,NA,NA,NA,NA,5.74645748987854,5.55069474037601,0.0305541497975708,0.0452849738171706,0.277052631578947,0.17881199473823,0.045668016194332,0.0150747808540256,0,0,414.345546558704,227.0016236585,2.35134026732243,1.40978185972126,NA,NA,NA,NA,NA,NA,NA,NA,NA,NA,NA,NA,NA,NA,NA,NA,NA,NA,NA,NA,NA,NA,NA,NA,NA,NA,NA,NA,NA,NA,NA,NA,2018,NA,NA,NA,NA,NA
"Mohamed Sanu","ATL","WR","10723","weighted",NA,NA,NA,NA,NA,NA,10.170796460177,6.74501232496121,0.0247394296951819,0.0403769914080436,0.387035398230089,0.157911953047533,0.033716814159292,0.0105701154273584,0,0,701.508796460177,49.4826807173382,4.24957344188578,0.554347060303197,NA,NA,NA,NA,NA,NA,NA,NA,NA,NA,NA,NA,NA,NA,NA,NA,NA,NA,NA,NA,NA,NA,NA,NA,NA,NA,NA,NA,NA,NA,NA,NA,2012,1989-08-22,NA,NA,NA,NA
"Rashard Higgins","CLE","WR","12656","weighted",NA,NA,NA,NA,NA,NA,0.656849553128103,0.822804999790978,0.00310327706057597,0.00739004042595927,0.509235352532274,0.309307412326409,0.0455610724925521,0.0149515820658715,0,0,257.157140019861,227.11065731079,1.60278652519297,1.28378033463772,NA,NA,NA,NA,NA,NA,NA,NA,NA,NA,NA,NA,NA,NA,NA,NA,NA,NA,NA,NA,NA,NA,NA,NA,NA,NA,NA,NA,NA,NA,NA,NA,2016,1994-10-07,NA,NA,NA,NA
"Zay Jones","BUF","WR","13176","weighted",NA,NA,NA,NA,NA,NA,0.579872173058014,0.713963580791913,0.00410029498525074,0.0104766798714656,0.319104424778761,0.146455732458973,0.0393362831858407,0.0123318013319181,0,0,468.722424778761,140.266329276918,2.49740973395202,0.948681779038903,NA,NA,NA,NA,NA,NA,NA,NA,NA,NA,NA,NA,NA,NA,NA,NA,NA,NA,NA,NA,NA,NA,NA,NA,NA,NA,NA,NA,NA,NA,NA,NA,2017,1995-03-30,NA,NA,NA,NA
"Dante Pettis","SF","WR","13634","weighted",NA,NA,NA,NA,NA,NA,11.5915359311741,18.4432990385601,0.0273911943319838,0.0414480825629594,0.480633603238866,0.154184216528677,0.034251012145749,0.0113060856405192,0.256882591093117,0.0847956423038942,374.707186234818,227.148155513763,1.78610849125327,1.34034087461491,NA,NA,NA,NA,NA,NA,NA,NA,NA,NA,NA,NA,NA,NA,NA,NA,NA,NA,NA,NA,NA,NA,NA,NA,NA,NA,NA,NA,NA,NA,NA,NA,2018,1995-10-23,"IR","Knee - MCL",2018,0
"D.J. Chark","JAC","WR","13668","weighted",NA,NA,NA,NA,NA,NA,4.50732373386296,6.5780187889941,0.0268743793445879,0.0412424862224379,0.402065541211519,0.10544965883273,0.0398659384309831,0.0130826343076375,0.153768619662363,0.0504615894723162,328.281390268123,228.40269304593,1.92845211975711,1.39850530398546,NA,NA,NA,NA,NA,NA,NA,NA,NA,NA,NA,NA,NA,NA,NA,NA,NA,NA,NA,NA,NA,NA,NA,NA,NA,NA,NA,NA,NA,NA,NA,NA,2018,1996-09-23,NA,NA,NA,NA
"Kevin White","CHI","WR","12177","weighted",NA,NA,NA,NA,NA,NA,8.27224582104228,6.26447092841633,0.0261061946902655,0.0420601004073279,0.432821238938053,0.0509018831573131,0.0280973451327434,0.00880842952279867,0,0,396.672584070797,236.782245052016,1.44553526856455,1.18427266431963,NA,NA,NA,NA,NA,NA,NA,NA,NA,NA,NA,NA,NA,NA,NA,NA,NA,NA,NA,NA,NA,NA,NA,NA,NA,NA,NA,NA,NA,NA,NA,NA,2015,1993-06-25,NA,NA,NA,NA
"Bruce Ellington","HOU","WR","11689","weighted",NA,NA,NA,NA,NA,NA,12.079823733863,9.33486512104832,0.034272591857001,0.0501617594086744,0.241271102284012,0.127128129943835,0.0512562065541212,0.0168205298241054,0,0,371.986454816286,158.71689066246,2.00125438516989,0.882569916797484,NA,NA,NA,NA,NA,NA,NA,NA,NA,NA,NA,NA,NA,NA,NA,NA,NA,NA,NA,NA,NA,NA,NA,NA,NA,NA,NA,NA,NA,NA,NA,NA,2014,1991-08-22,"IR","Hamstring",2018,0
"John Ross","CIN","WR","13155","weighted",NA,NA,NA,NA,NA,NA,22.7122989183874,20.0940926340092,0.0795476892822026,0.134135443556155,0.734104424778761,0.202591046858231,0.0505752212389381,0.0158551731410376,0,0,627.325238938053,64.2634603903645,3.60659697295641,1.13568732551082,NA,NA,NA,NA,NA,NA,NA,NA,NA,NA,NA,NA,NA,NA,NA,NA,NA,NA,NA,NA,NA,NA,NA,NA,NA,NA,NA,NA,NA,NA,NA,NA,2017,NA,NA,NA,NA,NA
"Phillip Dorsett","NE","WR","12188","weighted",NA,NA,NA,NA,NA,NA,4.03382,4.23949428544895,0.0028,0.00749872916962811,0.172088,0.0987756955176982,0.0456,0.0149974583392562,0,0,465.57696,140.600052177955,2.73792,0.695644660289381,NA,NA,NA,NA,NA,NA,NA,NA,NA,NA,NA,NA,NA,NA,NA,NA,NA,NA,NA,NA,NA,NA,NA,NA,NA,NA,NA,NA,NA,NA,NA,NA,2015,1993-01-05,NA,NA,NA,NA
"Terrance Williams","DAL","WR","11211","weighted",NA,NA,NA,NA,NA,NA,6.85616,5.05182823401625,0.0311,0.0517851303456576,0.43164,0.0690715938490673,0.0627,0.0206215052164773,0,0,545.15504,80.4746081399799,2.84872,1.10822581785219,NA,NA,NA,NA,NA,NA,NA,NA,NA,NA,NA,NA,NA,NA,NA,NA,NA,NA,NA,NA,NA,NA,NA,NA,NA,NA,NA,NA,NA,NA,NA,NA,2013,1989-09-18,"IR","Foot",2018,0
"Antonio Callaway","CLE","WR","13640","weighted",NA,NA,NA,NA,NA,NA,3.4660501489573,5.45328724951882,0.0253227408142999,0.0397082642864759,0.534955312810328,0.199039346001161,0.0512562065541212,0.0168205298241054,0.267671300893744,0.0878405446369949,387.902105263158,236.890650731175,2.08392858991129,1.13122790057676,NA,NA,NA,NA,NA,NA,NA,NA,NA,NA,NA,NA,NA,NA,NA,NA,NA,NA,NA,NA,NA,NA,NA,NA,NA,NA,NA,NA,NA,NA,NA,NA,2018,1997-01-09,NA,NA,NA,NA
"Jake Kumerow","GB","WR","12443","weighted",NA,NA,NA,NA,NA,NA,0,NA,0,NA,0,NA,0,NA,0,NA,690,NA,0,NA,NA,NA,NA,NA,NA,NA,NA,NA,NA,NA,NA,NA,NA,NA,NA,NA,NA,NA,NA,NA,NA,NA,NA,NA,NA,NA,NA,NA,NA,NA,NA,NA,NA,NA,NA,NA,NA,NA
"Jermaine Kearse","NYJ","WR","11076","weighted",NA,NA,NA,NA,NA,NA,0,0,0,0,0.421926,0.169238461376626,0.0741,0.0243708698012914,0,0,562.6095,79.1444790998337,3.04294,0.696394245285378,NA,NA,NA,NA,NA,NA,NA,NA,NA,NA,NA,NA,NA,NA,NA,NA,NA,NA,NA,NA,NA,NA,NA,NA,NA,NA,NA,NA,NA,NA,NA,NA,2012,1990-02-06,"Q","Achilles",2018,0
"Brandon Marshall","SEA","WR","8360","weighted",NA,NA,NA,NA,NA,NA,1.421455,2.81367982357735,0.0014,0.00374936458481406,0.144082,0.0879514062775272,0.0513,0.0168721406316633,0,0,455.39418,139.187204128581,2.5807,1.29695288709101,NA,NA,NA,NA,NA,NA,NA,NA,NA,NA,NA,NA,NA,NA,NA,NA,NA,NA,NA,NA,NA,NA,NA,NA,NA,NA,NA,NA,NA,NA,NA,NA,2006,1984-03-23,NA,NA,NA,NA
"Chester Rogers","IND","WR","12934","weighted",NA,NA,NA,NA,NA,NA,10.6129667328699,8.73698680468284,0.0435824230387289,0.0668151697133132,0.179602780536246,0.103505753602364,0.0398659384309831,0.0130826343076375,0.142378351539225,0.0467236939558483,482.360178748759,130.520347702294,2.19584028150988,0.751359707690923,NA,NA,NA,NA,NA,NA,NA,NA,NA,NA,NA,NA,NA,NA,NA,NA,NA,NA,NA,NA,NA,NA,NA,NA,NA,NA,NA,NA,NA,NA,NA,NA,2016,1994-01-12,NA,NA,NA,NA
"Jaron Brown","SEA","WR","11456","weighted",NA,NA,NA,NA,NA,NA,0.1276,0.297883327738979,0,0,0.154266,0.0902757922322523,0.0342,0.0112480937544422,0,0,325.86266,104.161350320219,2.6148,1.11623629113298,NA,NA,NA,NA,NA,NA,NA,NA,NA,NA,NA,NA,NA,NA,NA,NA,NA,NA,NA,NA,NA,NA,NA,NA,NA,NA,NA,NA,NA,NA,NA,NA,2013,1990-01-08,NA,NA,NA,NA
"Willie Snead","BAL","WR","11951","weighted",NA,NA,NA,NA,NA,NA,0.140740740740741,0.219751505179333,0.0808333333333333,0.176937281160251,0.465436111111111,0.383742602965975,0.0477777777777778,0.0177010596605843,0,0,333.763083333333,124.08561831296,1.42155555555556,0.857033956602979,NA,NA,NA,NA,NA,NA,NA,NA,NA,NA,NA,NA,NA,NA,NA,NA,NA,NA,NA,NA,NA,NA,NA,NA,NA,NA,NA,NA,NA,NA,NA,NA,2014,1992-10-17,NA,NA,NA,NA
"J.J. Nelson","ARI","WR","12319","weighted",NA,NA,NA,NA,NA,NA,21.8147,19.5299410983628,0.0774,0.113304402813454,0.75188,0.441632997477142,0.0285,0.00937341146203514,0,0,476.77304,84.6135870014602,2.4208,0.784035864465235,NA,NA,NA,NA,NA,NA,NA,NA,NA,NA,NA,NA,NA,NA,NA,NA,NA,NA,NA,NA,NA,NA,NA,NA,NA,NA,NA,NA,NA,NA,NA,NA,2015,1992-04-24,NA,NA,NA,NA
"Adam Humphries","TB","WR","12505","weighted",NA,NA,NA,NA,NA,NA,6.54524,4.03458559843124,0.0084,0.0224961875088843,0.434176,0.276893631996769,0.0399,0.0131227760468492,0.0855,0.0281202343861054,496.83428,135.357262382771,1.96994,0.709314475023083,NA,NA,NA,NA,NA,NA,NA,NA,NA,NA,NA,NA,NA,NA,NA,NA,NA,NA,NA,NA,NA,NA,NA,NA,NA,NA,NA,NA,NA,NA,NA,NA,NA,NA,NA,NA,NA,NA
"Taylor Gabriel","CHI","WR","11975","weighted",NA,NA,NA,NA,NA,NA,20.8711196623635,13.3852059486431,0.0803848063555114,0.0782464434066021,0.187229394240318,0.109286047283939,0.0341708043694141,0.0112136865494036,0,0,419.588083416087,108.585934357391,1.78051099227656,0.751492862956108,NA,NA,NA,NA,NA,NA,NA,NA,NA,NA,NA,NA,NA,NA,NA,NA,NA,NA,NA,NA,NA,NA,NA,NA,NA,NA,NA,NA,NA,NA,NA,NA,2014,1991-02-17,NA,NA,NA,NA
"Tyler Boyd","CIN","WR","12650","weighted",NA,NA,NA,NA,NA,NA,8.39902,8.48893550146089,0.0098,0.0262455520936984,0.390304,0.0604468330186319,0.0456,0.0149974583392562,0.0456,0.0149974583392562,433.89336,107.009285079225,2.19772,0.845142611628808,NA,NA,NA,NA,NA,NA,NA,NA,NA,NA,NA,NA,NA,NA,NA,NA,NA,NA,NA,NA,NA,NA,NA,NA,NA,NA,NA,NA,NA,NA,NA,NA,2016,1994-11-15,"IR","Knee - MCL",2018,0
"Trent Taylor","SF","WR","13316","weighted",NA,NA,NA,NA,NA,NA,0.0238,0.063739197941839,0.0042,0.0112480937544422,1.118212,0.553185376978579,0.0285,0.00937341146203514,0.1767,0.0581151510646179,423.89638,62.3329737531422,2.2976,0.629008709510869,NA,NA,NA,NA,NA,NA,NA,NA,NA,NA,NA,NA,NA,NA,NA,NA,NA,NA,NA,NA,NA,NA,NA,NA,NA,NA,NA,NA,NA,NA,NA,NA,2017,1994-04-30,NA,NA,NA,NA
"Seth Roberts","OAK","WR","12471","weighted",NA,NA,NA,NA,NA,NA,0,0,0,0,0.900174418604651,0.23257202939767,0,0,0,0,442.447046511628,104.668653077281,2.12523255813953,0.585538155506556,NA,NA,NA,NA,NA,NA,NA,NA,NA,NA,NA,NA,NA,NA,NA,NA,NA,NA,NA,NA,NA,NA,NA,NA,NA,NA,NA,NA,NA,NA,NA,NA,NA,NA,NA,NA,NA,NA
"Torrey Smith","CAR","WR","10289","weighted",NA,NA,NA,NA,NA,NA,2.778185,5.07101054986104,0,0,0.166996,0.0958278632780268,0.0456,0.0149974583392562,0,0,373.94952,120.159553327529,1.89382,0.78509222219672,NA,NA,NA,NA,NA,NA,NA,NA,NA,NA,NA,NA,NA,NA,NA,NA,NA,NA,NA,NA,NA,NA,NA,NA,NA,NA,NA,NA,NA,NA,NA,NA,2011,1989-01-26,NA,NA,NA,NA
"Brandon LaFell","FA","WR","9843","weighted",NA,NA,NA,NA,NA,NA,0.111815068493151,0.221463011165859,0.00479452054794521,0.00986256281576611,0.188253424657534,0.102424313952919,0.0309931506849315,0.0123282035197076,0,0,405.333561643836,178.869810433261,2.1538698630137,0.955071572442025,NA,NA,NA,NA,NA,NA,NA,NA,NA,NA,NA,NA,NA,NA,NA,NA,NA,NA,NA,NA,NA,NA,NA,NA,NA,NA,NA,NA,NA,NA,NA,NA,2010,1986-11-04,"IR","Achilles",2018,0
"Travis Benjamin","LAC","WR","10737","weighted",NA,NA,NA,NA,NA,NA,48.95254,31.5647011260102,0.0893,0.124190330660507,0.50808,0.390422991777613,0.0456,0.0149974583392562,0.1995,0.065613880234246,515.30096,79.3841797915958,3.04372,0.686831228351331,NA,NA,NA,NA,NA,NA,NA,NA,NA,NA,NA,NA,NA,NA,NA,NA,NA,NA,NA,NA,NA,NA,NA,NA,NA,NA,NA,NA,NA,NA,NA,NA,2012,1989-12-29,NA,NA,NA,NA
"Cole Beasley","DAL","WR","10973","weighted",NA,NA,NA,NA,NA,NA,1.262195,1.80317283656516,0.0028,0.00749872916962811,0.172088,0.0987756955176982,0.0342,0.0112480937544422,0.0912,0.0299949166785125,422.61812,67.1707470796362,2.62876,0.803342632851255,NA,NA,NA,NA,NA,NA,NA,NA,NA,NA,NA,NA,NA,NA,NA,NA,NA,NA,NA,NA,NA,NA,NA,NA,NA,NA,NA,NA,NA,NA,NA,NA,2012,1989-04-26,NA,NA,NA,NA
"Chad Williams","ARI","WR","13280","weighted",NA,NA,NA,NA,NA,NA,26.4906727480046,27.5180166958189,0.0721778791334094,0.134340202863055,0.274914481185861,0.171368543956053,0.0405872291904219,0.0140452551244497,0,0,410.654002280502,118.722617542155,2.58893956670467,1.48690213069563,NA,NA,NA,NA,NA,NA,NA,NA,NA,NA,NA,NA,NA,NA,NA,NA,NA,NA,NA,NA,NA,NA,NA,NA,NA,NA,NA,NA,NA,NA,NA,NA,2017,1994-10-19,NA,NA,NA,NA
"Chris Conley","KC","WR","12257","weighted",NA,NA,NA,NA,NA,NA,0.942075256556442,2.02280973808931,0.0015963511972634,0.00401293003555705,0.165906499429875,0.110592477667302,0.0347890535917902,0.0120387901066712,0,0,340.851562143672,175.468665973537,1.36923603192702,1.15262209537213,NA,NA,NA,NA,NA,NA,NA,NA,NA,NA,NA,NA,NA,NA,NA,NA,NA,NA,NA,NA,NA,NA,NA,NA,NA,NA,NA,NA,NA,NA,NA,NA,2015,1992-10-25,NA,NA,NA,NA
"Kendall Wright","MIN","WR","10720","weighted",NA,NA,NA,NA,NA,NA,0,0,0,0,0,0,0,0,0,0,240.289285714286,386.787409309041,0.878571428571428,1.41421356237309,NA,NA,NA,NA,NA,NA,NA,NA,NA,NA,NA,NA,NA,NA,NA,NA,NA,NA,NA,NA,NA,NA,NA,NA,NA,NA,NA,NA,NA,NA,NA,NA,2012,1989-11-12,NA,NA,NA,NA
"T.J. Jones","DET","WR","11686","weighted",NA,NA,NA,NA,NA,NA,0,0,0.00478905359179019,0.0120387901066712,0.211630558722919,0.135897333549178,0.057981755986317,0.0200646501777853,0,0,298.491448118586,134.777255574416,1.47222348916762,0.502171710103994,NA,NA,NA,NA,NA,NA,NA,NA,NA,NA,NA,NA,NA,NA,NA,NA,NA,NA,NA,NA,NA,NA,NA,NA,NA,NA,NA,NA,NA,NA,NA,NA,2014,1992-07-19,NA,NA,NA,NA
"Laquon Treadwell","MIN","WR","12645","weighted",NA,NA,NA,NA,NA,NA,0.23945267958951,0.601939505333557,0.00638540478905359,0.0160517201422282,0.150741163055872,0.0960906078594326,0.0521835803876853,0.0180581851600067,0,0,337.306225769669,139.805799411537,1.74695553021665,0.9794645717534,NA,NA,NA,NA,NA,NA,NA,NA,NA,NA,NA,NA,NA,NA,NA,NA,NA,NA,NA,NA,NA,NA,NA,NA,NA,NA,NA,NA,NA,NA,NA,NA,2016,1995-06-14,NA,NA,NA,NA
"Martavis Bryant","OAK","WR","11688","weighted",NA,NA,NA,NA,NA,NA,4.01771561771562,4.81319212061004,0,0,0,0,0,0,0,0,167.718881118881,292.464452338059,0.777622377622378,0.931585571730975,NA,NA,NA,NA,NA,NA,NA,NA,NA,NA,NA,NA,NA,NA,NA,NA,NA,NA,NA,NA,NA,NA,NA,NA,NA,NA,NA,NA,NA,NA,NA,NA,2014,1991-12-20,"IR","Knee",2018,0
"Jordan Lasley","BAL","WR","13658","weighted",NA,NA,NA,NA,NA,NA,2.25701357466063,3.23793890478828,0.0190045248868778,0.0342055661385982,0.114321266968326,0.129804055929158,0.0526696832579186,0.0228037107590655,0.190927601809955,0.0826634515016124,87.9176470588235,44.9247048077981,0.522398190045249,0.310864559801697,NA,NA,NA,NA,NA,NA,NA,NA,NA,NA,NA,NA,NA,NA,NA,NA,NA,NA,NA,NA,NA,NA,NA,NA,NA,NA,NA,NA,NA,NA,NA,NA,2018,1996-11-13,NA,NA,NA,NA
"Jeremy Kerley","BUF","WR","10392","weighted",NA,NA,NA,NA,NA,NA,0,0,0,0,0.807867730900798,0.557594615941633,0.0405872291904219,0.0140452551244497,0.452257696693273,0.156504271386725,372.928757126568,63.7193490704701,1.61746864310148,0.546424123294825,NA,NA,NA,NA,NA,NA,NA,NA,NA,NA,NA,NA,NA,NA,NA,NA,NA,NA,NA,NA,NA,NA,NA,NA,NA,NA,NA,NA,NA,NA,NA,NA,2011,1988-11-30,NA,NA,NA,NA
"Jarius Wright","CAR","WR","10734","weighted",NA,NA,NA,NA,NA,NA,0.551261872455902,0.804381943385013,0,0,0.0502035278154681,0.0348905282817141,0,0,0,0,97.7785074626866,47.8269900119714,0.453867028493894,0.364529272679371,NA,NA,NA,NA,NA,NA,NA,NA,NA,NA,NA,NA,NA,NA,NA,NA,NA,NA,NA,NA,NA,NA,NA,NA,NA,NA,NA,NA,NA,NA,NA,NA,2012,1989-11-25,NA,NA,NA,NA
"Cody Latimer","NYG","WR","11758","weighted",NA,NA,NA,NA,NA,NA,-1.01226909920182,2.17352889504498,0.0015963511972634,0.00401293003555705,0.209007981755986,0.134663290570601,0.133358038768529,0.0461486954089061,0,0,353.479156214367,57.4020069396953,1.87231470923603,0.581922603821236,NA,NA,NA,NA,NA,NA,NA,NA,NA,NA,NA,NA,NA,NA,NA,NA,NA,NA,NA,NA,NA,NA,NA,NA,NA,NA,NA,NA,NA,NA,NA,NA,2014,1992-10-10,NA,NA,NA,NA
"Cordarrelle Patterson","NE","WR","11225","weighted",NA,NA,NA,NA,NA,NA,83.72074,44.4256852884227,0.6685,0.367437077894375,0.38854,0.18434642087659,0.0456,0.0149974583392562,0.285,0.0937341146203514,272.19284,97.6159610892779,1.26332,0.686349133960691,NA,NA,NA,NA,NA,NA,NA,NA,NA,NA,NA,NA,NA,NA,NA,NA,NA,NA,NA,NA,NA,NA,NA,NA,NA,NA,NA,NA,NA,NA,NA,NA,2013,1991-03-17,NA,NA,NA,NA
"Tajae Sharpe","TEN","WR","12657","weighted",NA,NA,NA,NA,NA,NA,1.04351197263398,1.52645504090354,0.00638540478905359,0.0160517201422282,0.128620296465222,0.0985352865003365,0.0521835803876853,0.0180581851600067,0,0,196.449030786773,118.463853579069,1.05450399087799,0.66105829735282,NA,NA,NA,NA,NA,NA,NA,NA,NA,NA,NA,NA,NA,NA,NA,NA,NA,NA,NA,NA,NA,NA,NA,NA,NA,NA,NA,NA,NA,NA,NA,NA,2016,1994-12-23,"Q","Leg",2018,0
"Johnny Holton","OAK","WR","12916","weighted",NA,NA,NA,NA,NA,NA,3.80127544097693,7.32886593097488,0,0,1.5966078697422,0.728215119889262,0,0,0,0,127.492781546811,152.800334438572,0.993134328358209,1.68568752568811,NA,NA,NA,NA,NA,NA,NA,NA,NA,NA,NA,NA,NA,NA,NA,NA,NA,NA,NA,NA,NA,NA,NA,NA,NA,NA,NA,NA,NA,NA,NA,NA,2016,1991-08-22,NA,NA,NA,NA
"Josh Bellamy","CHI","WR","11104","weighted",NA,NA,NA,NA,NA,NA,4.86875712656784,7.55780537991158,0,0,0.171721778791334,0.111460973437151,0.0347890535917902,0.0120387901066712,0,0,154.950923603193,123.888168079056,0.726978335233751,0.630860827574346,NA,NA,NA,NA,NA,NA,NA,NA,NA,NA,NA,NA,NA,NA,NA,NA,NA,NA,NA,NA,NA,NA,NA,NA,NA,NA,NA,NA,NA,NA,NA,NA,2012,1989-05-18,NA,NA,NA,NA
"Chris Moore","BAL","WR","12773","weighted",NA,NA,NA,NA,NA,NA,6.5381527936146,11.3479718826615,0.0242873432155074,0.0418027237905536,0.197377423033067,0.148836282090543,0.0289908779931585,0.0100323250888926,0,0,212.114139110604,97.8606839850883,1.62066134549601,1.03752897731297,NA,NA,NA,NA,NA,NA,NA,NA,NA,NA,NA,NA,NA,NA,NA,NA,NA,NA,NA,NA,NA,NA,NA,NA,NA,NA,NA,NA,NA,NA,NA,NA,2016,1993-06-16,NA,NA,NA,NA
"Kendrick Bourne","SF","WR","13418","weighted",NA,NA,NA,NA,NA,NA,0.173553719008264,0.397072619409745,0.00578512396694215,0.0132357539803248,0.116236914600551,0.0914548702896971,0.0417493112947658,0.0154417129770456,0,0,160.937052341598,98.308139077211,0.587300275482094,0.72743045198234,NA,NA,NA,NA,NA,NA,NA,NA,NA,NA,NA,NA,NA,NA,NA,NA,NA,NA,NA,NA,NA,NA,NA,NA,NA,NA,NA,NA,NA,NA,NA,NA,2017,1995-08-04,NA,NA,NA,NA
"Josh Reynolds","LAR","WR","13168","weighted",NA,NA,NA,NA,NA,NA,14.4410490307868,21.707487494322,0.0421892816419612,0.0822543316421728,0.502964652223489,0.306478511403651,0.0405872291904219,0.0140452551244497,0,0,144.26228050171,92.2666075835721,0.945610034207526,0.691647958876246,NA,NA,NA,NA,NA,NA,NA,NA,NA,NA,NA,NA,NA,NA,NA,NA,NA,NA,NA,NA,NA,NA,NA,NA,NA,NA,NA,NA,NA,NA,NA,NA,2017,1995-02-16,NA,NA,NA,NA
"Sammie Coates","HOU","WR","12178","weighted",NA,NA,NA,NA,NA,NA,2.12574839302112,3.37589989184705,0.00771349862258953,0.0176476719737664,0.173325068870523,0.143742131001752,0.0417493112947658,0.0154417129770456,0.0477134986225895,0.0176476719737664,96.8462534435262,125.21915403115,0.498264462809917,0.643880503518015,NA,NA,NA,NA,NA,NA,NA,NA,NA,NA,NA,NA,NA,NA,NA,NA,NA,NA,NA,NA,NA,NA,NA,NA,NA,NA,NA,NA,NA,NA,NA,NA,2015,1993-03-31,NA,NA,NA,NA
"Mack Hollins","PHI","WR","13289","weighted",NA,NA,NA,NA,NA,NA,0.00634920634920635,0.0146374832082613,0.00380952380952381,0.00878248992495679,0.236020408163265,0.0909638130674168,0.0178571428571429,0.00658686744371759,0,0,194.626884353742,71.4426513341395,1.18,0.45516626863527,NA,NA,NA,NA,NA,NA,NA,NA,NA,NA,NA,NA,NA,NA,NA,NA,NA,NA,NA,NA,NA,NA,NA,NA,NA,NA,NA,NA,NA,NA,NA,NA,2017,1993-09-16,"IR","Groin",2018,0
"Jakeem Grant","MIA","WR","12814","weighted",NA,NA,NA,NA,NA,NA,8.52884834663626,8.14116748294227,0.0207525655644242,0.0521680904622417,1.08050171037628,0.615902489179871,0.0231927023945268,0.0080258600711141,0.202936145952109,0.0702262756222484,179.250011402509,92.5204588785902,1.23238312428734,0.61506068229491,NA,NA,NA,NA,NA,NA,NA,NA,NA,NA,NA,NA,NA,NA,NA,NA,NA,NA,NA,NA,NA,NA,NA,NA,NA,NA,NA,NA,NA,NA,NA,NA,2016,1992-10-30,"IR","Achilles",2018,0
"Deonte Thompson","DAL","WR","10956","weighted",NA,NA,NA,NA,NA,NA,0.785512528473804,1.30154755118479,0.00318906605922551,0.00571179674037028,0.066378132118451,0.0114235934807406,0.00659453302961276,0.00285589837018514,0,0,144.543917995444,135.777816561096,0.584783599088838,0.405250906888632,NA,NA,NA,NA,NA,NA,NA,NA,NA,NA,NA,NA,NA,NA,NA,NA,NA,NA,NA,NA,NA,NA,NA,NA,NA,NA,NA,NA,NA,NA,NA,NA,2012,1989-02-14,"Q","Toe",2018,0
"Keke Coutee","HOU","WR","13662","weighted",NA,NA,NA,NA,NA,NA,4.58095238095238,6.9457755318478,0.0152380952380952,0.0351299596998271,0.301447619047619,0.249326233345457,0.0535714285714286,0.0197606023311528,0,0,204.155782312925,103.301977206918,1.13591836734694,0.679334864895131,NA,NA,NA,NA,NA,NA,NA,NA,NA,NA,NA,NA,NA,NA,NA,NA,NA,NA,NA,NA,NA,NA,NA,NA,NA,NA,NA,NA,NA,NA,NA,NA,2018,1997-01-14,NA,NA,NA,NA
"Andre Holmes","BUF","WR","10674","weighted",NA,NA,NA,NA,NA,NA,0.277080957810718,0.594944040614503,0,0,0.0848346636259977,0.0639038051058131,0.0347890535917902,0.0120387901066712,0,0,201.571151653364,70.6721059422566,1.52410490307868,1.22171955109114,NA,NA,NA,NA,NA,NA,NA,NA,NA,NA,NA,NA,NA,NA,NA,NA,NA,NA,NA,NA,NA,NA,NA,NA,NA,NA,NA,NA,NA,NA,NA,NA,2011,1988-06-16,"Q","Ankle",2018,0
"Justin Hardy","ATL","WR","12185","weighted",NA,NA,NA,NA,NA,NA,0.473204104903079,0.990542461845196,0.0112884834663626,0.0202384085401044,0.11345496009122,0.0652049446556505,0.0289908779931585,0.0100323250888926,0.0927708095781072,0.0321034402844564,178.621140250855,61.1039579642647,1.3539338654504,0.963763617716967,NA,NA,NA,NA,NA,NA,NA,NA,NA,NA,NA,NA,NA,NA,NA,NA,NA,NA,NA,NA,NA,NA,NA,NA,NA,NA,NA,NA,NA,NA,NA,NA,2015,1991-12-18,NA,NA,NA,NA
"DaeSean Hamilton","DEN","WR","13649","weighted",NA,NA,NA,NA,NA,NA,4.39292517006803,6.30228157586138,0.00952380952380952,0.021956224812392,0.479183673469388,0.190867719044272,0.0297619047619048,0.010978112406196,0.267857142857143,0.0988030116557639,176.229523809524,42.0266775697621,0.906340136054422,0.503412073798745,NA,NA,NA,NA,NA,NA,NA,NA,NA,NA,NA,NA,NA,NA,NA,NA,NA,NA,NA,NA,NA,NA,NA,NA,NA,NA,NA,NA,NA,NA,NA,NA,2018,1995-03-10,NA,NA,NA,NA
"Bennie Fowler","CHI","WR","11931","weighted",NA,NA,NA,NA,NA,NA,0,0,0,0,0,0,0,0,0,0,120.296321070234,179.110147674552,0.42742474916388,0.636396103067893,NA,NA,NA,NA,NA,NA,NA,NA,NA,NA,NA,NA,NA,NA,NA,NA,NA,NA,NA,NA,NA,NA,NA,NA,NA,NA,NA,NA,NA,NA,NA,NA,2014,1991-06-10,NA,NA,NA,NA
"Hunter Sharp","NYG","WR","12884","weighted",NA,NA,NA,NA,NA,NA,2.19303754266212,4.50881443440588,0,0,0.250511945392491,0.249692072029611,0,0,0,0,76.3694197952218,115.868323282871,0.728156996587031,1.24274792416186,NA,NA,NA,NA,NA,NA,NA,NA,NA,NA,NA,NA,NA,NA,NA,NA,NA,NA,NA,NA,NA,NA,NA,NA,NA,NA,NA,NA,NA,NA,NA,NA,2016,1994-04-25,NA,NA,NA,NA
"Malcolm Mitchell","FA","WR","12669","weighted",NA,NA,NA,NA,NA,NA,0,0,0,0,0,0,0,0,0,0,116.307023411371,173.170450712586,0.712374581939799,1.06066017177982,NA,NA,NA,NA,NA,NA,NA,NA,NA,NA,NA,NA,NA,NA,NA,NA,NA,NA,NA,NA,NA,NA,NA,NA,NA,NA,NA,NA,NA,NA,NA,NA,2016,1993-07-20,"O","Knee",2018,0
"Brandon Coleman","NO","WR","11754","weighted",NA,NA,NA,NA,NA,NA,0,0,0,0,0,0,0,0,0,0,116.164548494983,172.95831867823,0.807357859531773,1.20208152801713,NA,NA,NA,NA,NA,NA,NA,NA,NA,NA,NA,NA,NA,NA,NA,NA,NA,NA,NA,NA,NA,NA,NA,NA,NA,NA,NA,NA,NA,NA,NA,NA,2014,1992-06-22,"Q","Undisclosed",2018,0
"Equanimeous St. Brown","GB","WR","13637","weighted",NA,NA,NA,NA,NA,NA,1.92546374367622,3.36861681259851,0.0141652613827993,0.0294315466694615,0.139409780775717,0.12491887121169,0.0494435075885329,0.0196210311129743,0,0,106.375548060708,73.1730456549705,0.625801011804385,0.598024474307297,NA,NA,NA,NA,NA,NA,NA,NA,NA,NA,NA,NA,NA,NA,NA,NA,NA,NA,NA,NA,NA,NA,NA,NA,NA,NA,NA,NA,NA,NA,NA,NA,2018,1996-09-30,"Q","Concussion",2018,0
"Richie James","SF","WR","13724","weighted",NA,NA,NA,NA,NA,NA,0.480132450331126,0.707106781186548,0,0,0.0826710816777042,0.0235702260395516,0,0,0,0,35.9364238410596,44.9719912834644,0.144039735099338,0.212132034355964,NA,NA,NA,NA,NA,NA,NA,NA,NA,NA,NA,NA,NA,NA,NA,NA,NA,NA,NA,NA,NA,NA,NA,NA,NA,NA,NA,NA,NA,NA,NA,NA,2018,1995-04-05,NA,NA,NA,NA
"Demarcus Robinson","KC","WR","12785","weighted",NA,NA,NA,NA,NA,NA,0.173591790193843,0.276544700610096,0.0031927023945268,0.0080258600711141,0.0548460661345496,0.06101777890318,0.0405872291904219,0.0140452551244497,0,0,128.469897377423,71.0449575742622,0.571037628278221,0.366408642384783,NA,NA,NA,NA,NA,NA,NA,NA,NA,NA,NA,NA,NA,NA,NA,NA,NA,NA,NA,NA,NA,NA,NA,NA,NA,NA,NA,NA,NA,NA,NA,NA,2016,1994-09-21,NA,NA,NA,NA
"Brandon Zylstra","MIN","WR","13585","weighted",NA,NA,NA,NA,NA,NA,0.459544419134396,2.06659826061943,0.0191343963553531,0.0342707804422217,0.153399772209567,0.152249916898678,0.0131890660592255,0.00571179674037028,0,0,120.551480637813,103.608068899404,0.767653758542141,0.742183268465679,NA,NA,NA,NA,NA,NA,NA,NA,NA,NA,NA,NA,NA,NA,NA,NA,NA,NA,NA,NA,NA,NA,NA,NA,NA,NA,NA,NA,NA,NA,NA,NA,2017,1993-03-25,NA,NA,NA,NA
"J'Mon Moore","GB","WR","13657","weighted",NA,NA,NA,NA,NA,NA,3.16806722689076,6.44606389435085,0.0243697478991597,0.0495851068796219,0.323529411764706,0.115698582719118,0,0,0,0,149.526084033613,16.6558331147476,1.07966386554622,0.172186776185052,NA,NA,NA,NA,NA,NA,NA,NA,NA,NA,NA,NA,NA,NA,NA,NA,NA,NA,NA,NA,NA,NA,NA,NA,NA,NA,NA,NA,NA,NA,NA,NA,2018,1995-05-23,NA,NA,NA,NA
"Pharoh Cooper","LAR","WR","12660","weighted",NA,NA,NA,NA,NA,NA,2.90437856328392,3.29166277206463,0.0193158494868871,0.0313620223036159,0.461345496009122,0.26718678843701,0.0521835803876853,0.0180581851600067,0.934714937286203,0.126407296120047,72.584401368301,35.2052756592438,0.252862029646522,0.324242972830219,NA,NA,NA,NA,NA,NA,NA,NA,NA,NA,NA,NA,NA,NA,NA,NA,NA,NA,NA,NA,NA,NA,NA,NA,NA,NA,NA,NA,NA,NA,NA,NA,2016,1995-03-07,NA,NA,NA,NA
"Tavon Austin","DAL","WR","11213","weighted",NA,NA,NA,NA,NA,NA,128.84591587517,40.8537992903383,0.538371777476255,0.395784281937218,0.788331071913161,0.117627379241283,0,0,1.1,0,124.637557666214,80.1246333399859,0.356417910447761,0.433162338960945,NA,NA,NA,NA,NA,NA,NA,NA,NA,NA,NA,NA,NA,NA,NA,NA,NA,NA,NA,NA,NA,NA,NA,NA,NA,NA,NA,NA,NA,NA,NA,NA,2013,1991-03-15,NA,NA,NA,NA
"Trent Sherfield",NA,"WR","13893","weighted",NA,NA,NA,NA,NA,NA,2.93404255319149,4.1790010768125,0.0397163120567376,0.0565685424949238,0.148936170212766,0.212132034355964,0.0523758865248227,0.0247487373415292,0.104751773049645,0.0494974746830583,110.4,133.600755237386,0.670212765957447,0.954594154601839,NA,NA,NA,NA,NA,NA,NA,NA,NA,NA,NA,NA,NA,NA,NA,NA,NA,NA,NA,NA,NA,NA,NA,NA,NA,NA,NA,NA,NA,NA,NA,NA,2018,1996-02-26,NA,NA,NA,NA
"Tim Patrick","DEN","WR","13377","weighted",NA,NA,NA,NA,NA,NA,1.77710437710438,2.66579256507328,0.0141414141414141,0.0212132034355964,0.240662177328844,0.0659966329107444,0.0367845117845118,0.0176776695296637,0,0,106.656565656566,128.191388361309,0.675084175084175,0.862670273047588,NA,NA,NA,NA,NA,NA,NA,NA,NA,NA,NA,NA,NA,NA,NA,NA,NA,NA,NA,NA,NA,NA,NA,NA,NA,NA,NA,NA,NA,NA,NA,NA,2017,1993-11-23,NA,NA,NA,NA
"ArDarius Stewart","NYJ","WR","13173","weighted",NA,NA,NA,NA,NA,NA,12.1741926729986,9.60223909702613,0.0213025780189959,0.0457863381338752,0.0502035278154681,0.0348905282817141,0,0,0,0,79.1837991858887,70.6797355087836,0.295006784260516,0.561511773715646,NA,NA,NA,NA,NA,NA,NA,NA,NA,NA,NA,NA,NA,NA,NA,NA,NA,NA,NA,NA,NA,NA,NA,NA,NA,NA,NA,NA,NA,NA,NA,NA,2017,NA,NA,NA,NA,NA
"Chad Hansen","NYJ","WR","13183","weighted",NA,NA,NA,NA,NA,NA,0.402409638554217,0.824998684788216,0.0072289156626506,0.0148203356548781,0.103351979345955,0.0845036950215708,0.043433734939759,0.0172903915973578,0.0496385542168675,0.0197604475398375,106.086953528399,60.9421219067038,0.522616179001721,0.481828716481342,NA,NA,NA,NA,NA,NA,NA,NA,NA,NA,NA,NA,NA,NA,NA,NA,NA,NA,NA,NA,NA,NA,NA,NA,NA,NA,NA,NA,NA,NA,NA,NA,2017,1995-01-18,NA,NA,NA,NA
"Auden Tate","CIN","WR","13642","weighted",NA,NA,NA,NA,NA,NA,2.68778280542986,4.00556985949571,0.0221719457013575,0.0399064938283646,0.177053167420815,0.097257532583976,0.0592533936651584,0.0256541746039487,0,0,84.1468325791855,95.5556632468914,0.533031674208145,0.614950487255432,NA,NA,NA,NA,NA,NA,NA,NA,NA,NA,NA,NA,NA,NA,NA,NA,NA,NA,NA,NA,NA,NA,NA,NA,NA,NA,NA,NA,NA,NA,NA,NA,2018,1997-02-03,NA,NA,NA,NA
"Jordan Taylor","DEN","WR","12398","weighted",NA,NA,NA,NA,NA,NA,0,0,0,0,0.0502559726962457,0.0404155906914583,0,0,0,0,70.7938907849829,83.7256858742828,0.136211604095563,0.126175441822432,NA,NA,NA,NA,NA,NA,NA,NA,NA,NA,NA,NA,NA,NA,NA,NA,NA,NA,NA,NA,NA,NA,NA,NA,NA,NA,NA,NA,NA,NA,NA,NA,2015,1992-02-18,"IR","Hip - Labrum",2018,0
"Trey Quinn","WAS","WR","13664","weighted",NA,NA,NA,NA,NA,NA,1.16489795918367,2.16722261881974,0.0114285714285714,0.0263474697748704,0.124413605442177,0.102174235468706,0.0416666666666667,0.0153693573686744,0,0,85.0578231292517,65.1560045209685,0.334285714285714,0.497677214753284,NA,NA,NA,NA,NA,NA,NA,NA,NA,NA,NA,NA,NA,NA,NA,NA,NA,NA,NA,NA,NA,NA,NA,NA,NA,NA,NA,NA,NA,NA,NA,NA,2018,1995-12-07,"IR","Ankle",2018,0
"Alex Erickson","CIN","WR","12913","weighted",NA,NA,NA,NA,NA,NA,5.26797829036635,4.8808485225604,0,0,0.338941655359566,0.0545279654408294,0,0,1.1,0,87.1896879240163,61.1306105775192,0.27685210312076,0.267749666006346,NA,NA,NA,NA,NA,NA,NA,NA,NA,NA,NA,NA,NA,NA,NA,NA,NA,NA,NA,NA,NA,NA,NA,NA,NA,NA,NA,NA,NA,NA,NA,NA,2016,1992-11-06,NA,NA,NA,NA
"Eli Rogers","PIT","WR","12731","weighted",NA,NA,NA,NA,NA,NA,0.538225255972696,0.529014415215194,0.0242320819112628,0.0494921644982453,0.640059726962457,0.444913499241184,0,0,0,0,100.503276450512,76.2221705512581,0.548293515358362,0.52405176801678,NA,NA,NA,NA,NA,NA,NA,NA,NA,NA,NA,NA,NA,NA,NA,NA,NA,NA,NA,NA,NA,NA,NA,NA,NA,NA,NA,NA,NA,NA,NA,NA,NA,NA,NA,NA,NA,NA
"Russell Shepard","NYG","WR","11237","weighted",NA,NA,NA,NA,NA,NA,2.11449225473322,2.54081642505102,0.0144578313253012,0.0296406713097563,0.0848709122203098,0.0646675508695901,0.0372289156626506,0.0148203356548781,0,0,140.365886402754,30.8221067939505,0.569913941480207,0.400093931670985,NA,NA,NA,NA,NA,NA,NA,NA,NA,NA,NA,NA,NA,NA,NA,NA,NA,NA,NA,NA,NA,NA,NA,NA,NA,NA,NA,NA,NA,NA,NA,NA,2013,1990-11-17,"Q","Ankle",2018,0
"Josh Malone","CIN","WR","13235","weighted",NA,NA,NA,NA,NA,NA,8.4196694214876,10.4471675155551,0.0366391184573003,0.0838264418753906,0.118988980716253,0.0952121238811248,0.0536776859504132,0.0198536309704873,0,0,93.2203581267218,55.0116018323429,0.561019283746557,0.381247870222244,NA,NA,NA,NA,NA,NA,NA,NA,NA,NA,NA,NA,NA,NA,NA,NA,NA,NA,NA,NA,NA,NA,NA,NA,NA,NA,NA,NA,NA,NA,NA,NA,2017,1996-03-21,NA,NA,NA,NA
"David Moore","SEA","WR","13348","weighted",NA,NA,NA,NA,NA,NA,1.36810933940774,1.8883337072451,0.0127562642369021,0.0228471869614811,0.12753416856492,0.10672985041542,0.0461617312072893,0.019991288591296,0,0,116.279043280182,88.5912862204938,0.783826879271071,0.681176301315931,NA,NA,NA,NA,NA,NA,NA,NA,NA,NA,NA,NA,NA,NA,NA,NA,NA,NA,NA,NA,NA,NA,NA,NA,NA,NA,NA,NA,NA,NA,NA,NA,2017,1995-01-15,NA,NA,NA,NA
"Zach Pascal","IND","WR","13488","weighted",NA,NA,NA,NA,NA,NA,0,0,0,0,0,0,0,0,0,0,91.0765886287626,119.147492629933,0.63010033444816,0.848528137423857,NA,NA,NA,NA,NA,NA,NA,NA,NA,NA,NA,NA,NA,NA,NA,NA,NA,NA,NA,NA,NA,NA,NA,NA,NA,NA,NA,NA,NA,NA,NA,NA,2017,1994-12-18,NA,NA,NA,NA
"Charone Peake","NYJ","WR","12673","weighted",NA,NA,NA,NA,NA,NA,0.0121160409556314,0.0247460822491226,0,0,0.0502559726962457,0.0404155906914583,0,0,0,0,102.878156996587,50.1000266819065,0.345699658703072,0.367708722994067,NA,NA,NA,NA,NA,NA,NA,NA,NA,NA,NA,NA,NA,NA,NA,NA,NA,NA,NA,NA,NA,NA,NA,NA,NA,NA,NA,NA,NA,NA,NA,NA,2016,1992-10-16,NA,NA,NA,NA
"Trevor Davis","GB","WR","12800","weighted",NA,NA,NA,NA,NA,NA,9.77526170798898,9.27737194651014,0.0293388429752066,0.0448751096288822,0.290936639118457,0.209334666220782,0.0298209366391185,0.011029794983604,0.587079889807163,0.189712473717989,54.0049586776859,29.1406975533302,0.276942148760331,0.244509946928581,NA,NA,NA,NA,NA,NA,NA,NA,NA,NA,NA,NA,NA,NA,NA,NA,NA,NA,NA,NA,NA,NA,NA,NA,NA,NA,NA,NA,NA,NA,NA,NA,2016,1993-07-04,"IR","Hamstring",2018,0
"Darrius Heyward-Bey","PIT","WR","9452","weighted",NA,NA,NA,NA,NA,NA,12.6958722919042,9.9785880357542,0.187115165336374,0.259245483077918,0.0396807297605473,0.0346450572936575,0.0463854047890536,0.0160517201422282,0,0,71.7285974914481,57.2342682821805,0.368027366020524,0.422739177295072,NA,NA,NA,NA,NA,NA,NA,NA,NA,NA,NA,NA,NA,NA,NA,NA,NA,NA,NA,NA,NA,NA,NA,NA,NA,NA,NA,NA,NA,NA,NA,NA,2009,1987-02-26,NA,NA,NA,NA
"Robert Foster","BUF","WR","13653","weighted",NA,NA,NA,NA,NA,NA,2.1645390070922,3.08298556597335,0.024822695035461,0.0353553390593274,0.139007092198582,0.197989898732233,0.0224468085106383,0.0106066017177982,0,0,84.1297872340426,110.711708730378,0.531205673758865,0.756604255869606,NA,NA,NA,NA,NA,NA,NA,NA,NA,NA,NA,NA,NA,NA,NA,NA,NA,NA,NA,NA,NA,NA,NA,NA,NA,NA,NA,NA,NA,NA,NA,NA,2018,NA,NA,NA,NA,NA
"Russell Gage","ATL","WR","13809","weighted",NA,NA,NA,NA,NA,NA,1.51404109589041,2.48791832518961,0.0143835616438356,0.0295876884472983,0.0846198630136987,0.125409589787176,0.0433904109589041,0.0172594849275907,0.0061986301369863,0.00246564070394153,61.2010273972603,68.3709871916001,0.350684931506849,0.463971008636816,NA,NA,NA,NA,NA,NA,NA,NA,NA,NA,NA,NA,NA,NA,NA,NA,NA,NA,NA,NA,NA,NA,NA,NA,NA,NA,NA,NA,NA,NA,NA,NA,2018,1996-01-22,NA,NA,NA,NA
"Maurice Harris","WAS","WR","12917","weighted",NA,NA,NA,NA,NA,NA,0,0,0.00385674931129477,0.00882383598688322,0.105228650137741,0.0767636105365587,0.0238567493112948,0.00882383598688322,0,0,70.1874104683196,54.5360844575682,0.440358126721763,0.226911663935754,NA,NA,NA,NA,NA,NA,NA,NA,NA,NA,NA,NA,NA,NA,NA,NA,NA,NA,NA,NA,NA,NA,NA,NA,NA,NA,NA,NA,NA,NA,NA,NA,2016,1992-11-11,"IR","Concussion",2018,0
"Damiere Byrd","CAR","WR","12464","weighted",NA,NA,NA,NA,NA,NA,6.98661345496009,10.861571854297,0.0274800456100342,0.0439581678861357,0.0868871151653364,0.0598959261324873,0.0405872291904219,0.0140452551244497,0,0,96.7935461801596,51.5937180887884,0.516282782212087,0.481833092484344,NA,NA,NA,NA,NA,NA,NA,NA,NA,NA,NA,NA,NA,NA,NA,NA,NA,NA,NA,NA,NA,NA,NA,NA,NA,NA,NA,NA,NA,NA,NA,NA,NA,NA,"IR","Arm",2018,0
"Justin Hunter","PIT","WR","11212","weighted",NA,NA,NA,NA,NA,NA,1.00320819112628,1.55112888284879,0,0,0.0502559726962457,0.0404155906914583,0,0,0,0,89.041843003413,45.1182471447671,0.97679180887372,0.836111719151834,NA,NA,NA,NA,NA,NA,NA,NA,NA,NA,NA,NA,NA,NA,NA,NA,NA,NA,NA,NA,NA,NA,NA,NA,NA,NA,NA,NA,NA,NA,NA,NA,2013,1991-05-20,"IR","Shoulder - Labrum",2018,0
"Damion Ratley","CLE","WR","13794","weighted",NA,NA,NA,NA,NA,NA,1.31785876993166,2.82389510536538,0.0159453302961276,0.0285589837018514,0.137067198177677,0.132695863176497,0.0329726651480638,0.0142794918509257,0,0,53.5182232346242,78.0979224539905,0.335535307517084,0.509427259826991,NA,NA,NA,NA,NA,NA,NA,NA,NA,NA,NA,NA,NA,NA,NA,NA,NA,NA,NA,NA,NA,NA,NA,NA,NA,NA,NA,NA,NA,NA,NA,NA,2018,1995-04-16,NA,NA,NA,NA
"Stacy Coley","MIN","WR","13177","weighted",NA,NA,NA,NA,NA,NA,0.499483648881239,0.753042585156992,0.00963855421686747,0.0197604475398375,0.0959595524956971,0.0764721798443901,0.0310240963855422,0.0123502797123984,0,0,82.4075731497418,44.8139582011512,0.43697074010327,0.385139167470121,NA,NA,NA,NA,NA,NA,NA,NA,NA,NA,NA,NA,NA,NA,NA,NA,NA,NA,NA,NA,NA,NA,NA,NA,NA,NA,NA,NA,NA,NA,NA,NA,2017,NA,NA,NA,NA,NA
"Isaiah McKenzie","DEN","WR","13313","weighted",NA,NA,NA,NA,NA,NA,0.789041095890411,0.985134967604137,0.0023972602739726,0.00493128140788305,0.760541095890411,0.442571138946968,0.0433904109589041,0.0172594849275907,0.148767123287671,0.0591753768945966,42.7763698630137,63.0734319949965,0.228253424657534,0.399701425625884,NA,NA,NA,NA,NA,NA,NA,NA,NA,NA,NA,NA,NA,NA,NA,NA,NA,NA,NA,NA,NA,NA,NA,NA,NA,NA,NA,NA,NA,NA,NA,NA,2017,1995-04-09,NA,NA,NA,NA
"Kaelin Clay","BUF","WR","12337","weighted",NA,NA,NA,NA,NA,NA,3.56810933940774,5.24056112653111,0.00956719817767654,0.0171353902211108,0.520580865603645,0.411914162408117,0.0329726651480638,0.0142794918509257,0.164863325740319,0.0713974592546285,68.9658314350797,50.4914675402666,0.291571753986333,0.349066802001959,NA,NA,NA,NA,NA,NA,NA,NA,NA,NA,NA,NA,NA,NA,NA,NA,NA,NA,NA,NA,NA,NA,NA,NA,NA,NA,NA,NA,NA,NA,NA,NA,2015,1992-01-03,NA,NA,NA,NA
"Tavarres King","MIN","WR","11219","weighted",NA,NA,NA,NA,NA,NA,1.47224080267559,2.1920310216783,0,0,0,0,0,0,0,0,61.3117056856187,91.2874854511833,0.569899665551839,0.848528137423857,NA,NA,NA,NA,NA,NA,NA,NA,NA,NA,NA,NA,NA,NA,NA,NA,NA,NA,NA,NA,NA,NA,NA,NA,NA,NA,NA,NA,NA,NA,NA,NA,2013,1990-07-14,NA,NA,NA,NA
"Tommylee Lewis","NO","WR","12921","weighted",NA,NA,NA,NA,NA,NA,10.234132231405,9.94787567978393,0.0447658402203857,0.060587895686568,0.376685950413223,0.138204898545864,0.0238567493112948,0.00882383598688322,0.143140495867769,0.0529430159212993,41.1516804407714,7.29954170888545,0.335316804407713,0.0933158465743771,NA,NA,NA,NA,NA,NA,NA,NA,NA,NA,NA,NA,NA,NA,NA,NA,NA,NA,NA,NA,NA,NA,NA,NA,NA,NA,NA,NA,NA,NA,NA,NA,2016,1992-10-24,NA,NA,NA,NA
"DeAnthony Thomas","KC","WR","11659","weighted",NA,NA,NA,NA,NA,NA,6.65853459972863,6.42492860474725,0.0213025780189959,0.0457863381338752,0,0,0,0,0,0,53.3198914518318,15.6353617587079,0.424613297150611,0.384298379779922,NA,NA,NA,NA,NA,NA,NA,NA,NA,NA,NA,NA,NA,NA,NA,NA,NA,NA,NA,NA,NA,NA,NA,NA,NA,NA,NA,NA,NA,NA,NA,NA,2014,1993-01-05,"IR","Lower Leg",2018,0
"Marcus Johnson","SEA","WR","13387","weighted",NA,NA,NA,NA,NA,NA,0.228650137741047,0.435674400163591,0.00771349862258953,0.0176476719737664,0.283702479338843,0.176882797767931,0.0417493112947658,0.0154417129770456,0,0,67.3683195592287,32.8040309697802,0.363030303030303,0.293500818589045,NA,NA,NA,NA,NA,NA,NA,NA,NA,NA,NA,NA,NA,NA,NA,NA,NA,NA,NA,NA,NA,NA,NA,NA,NA,NA,NA,NA,NA,NA,NA,NA,2016,1994-08-05,"IR","Ankle",2018,0
"Cody Core","CIN","WR","12824","weighted",NA,NA,NA,NA,NA,NA,-0.232627986348123,0.475124779183154,0,0,0.0502559726962457,0.0404155906914583,0,0,0,0,67.8877133105802,56.6495001680499,0.0557337883959044,0.107402322070526,NA,NA,NA,NA,NA,NA,NA,NA,NA,NA,NA,NA,NA,NA,NA,NA,NA,NA,NA,NA,NA,NA,NA,NA,NA,NA,NA,NA,NA,NA,NA,NA,2016,1994-04-17,"Q","Elbow",2018,0
"Ray-Ray McCloud","BUF","WR","13641","weighted",NA,NA,NA,NA,NA,NA,0.960264900662252,1.4142135623731,0,0,0,0,0,0,0,0,39.9327814569536,4.17193000900063,0.2,0,NA,NA,NA,NA,NA,NA,NA,NA,NA,NA,NA,NA,NA,NA,NA,NA,NA,NA,NA,NA,NA,NA,NA,NA,NA,NA,NA,NA,NA,NA,NA,NA,2018,1996-10-15,NA,NA,NA,NA
"Shelton Gibson","PHI","WR","13170","weighted",NA,NA,NA,NA,NA,NA,0.710743801652893,0.679923056981496,0.00578512396694215,0.0132357539803248,0.0722231404958678,0.0478908808113065,0.0417493112947658,0.0154417129770456,0,0,56.29608815427,9.66973675772922,0.24732782369146,0.20206544393719,NA,NA,NA,NA,NA,NA,NA,NA,NA,NA,NA,NA,NA,NA,NA,NA,NA,NA,NA,NA,NA,NA,NA,NA,NA,NA,NA,NA,NA,NA,NA,NA,2017,1995-03-20,NA,NA,NA,NA
"Justin Watson","TB","WR","13776","weighted",NA,NA,NA,NA,NA,NA,3.0043537414966,4.89840062489258,0.00761904761904762,0.0175649798499136,0.0997278911564626,0.069267449528278,0.0238095238095238,0.00878248992495679,0,0,54.9912925170068,35.6304481403821,0.213877551020408,0.290497822415611,NA,NA,NA,NA,NA,NA,NA,NA,NA,NA,NA,NA,NA,NA,NA,NA,NA,NA,NA,NA,NA,NA,NA,NA,NA,NA,NA,NA,NA,NA,NA,NA,2018,NA,NA,NA,NA,NA
"Ryan Switzer","PIT","WR","13165","weighted",NA,NA,NA,NA,NA,NA,1.5804132231405,1.81843013825557,0.00771349862258953,0.0176476719737664,0.291625344352617,0.18513778893599,0.0357851239669421,0.0132357539803248,0.405564738292011,0.150005211777015,54.7399724517906,27.4019244453605,0.357107438016529,0.337955673723744,NA,NA,NA,NA,NA,NA,NA,NA,NA,NA,NA,NA,NA,NA,NA,NA,NA,NA,NA,NA,NA,NA,NA,NA,NA,NA,NA,NA,NA,NA,NA,NA,2017,1994-11-04,"Q","Ankle",2018,0
"Dan Arnold",NA,"WR","13880","weighted",NA,NA,NA,NA,NA,NA,0.69,NA,0.05,NA,0.16,NA,0.07,NA,0,NA,114.65,NA,0.77,NA,NA,NA,NA,NA,NA,NA,NA,NA,NA,NA,NA,NA,NA,NA,NA,NA,NA,NA,NA,NA,NA,NA,NA,NA,NA,NA,NA,NA,NA,NA,NA,NA,2017,1970-01-01,NA,NA,NA,NA
"Carlos Henderson","DEN","WR","13171","weighted",NA,NA,NA,NA,NA,NA,0.949832775919732,1.4142135623731,0,0,0.368729096989967,0.176776695296637,0,0,0,0,53.9030100334448,80.2566196646731,0.0189966555183946,0.0282842712474619,NA,NA,NA,NA,NA,NA,NA,NA,NA,NA,NA,NA,NA,NA,NA,NA,NA,NA,NA,NA,NA,NA,NA,NA,NA,NA,NA,NA,NA,NA,NA,NA,2017,1994-12-19,NA,NA,NA,NA
"Mike Thomas","LAR","WR","12675","weighted",NA,NA,NA,NA,NA,NA,0.460409556313993,0.94035112546666,0,0,0.507380546075085,0.39579949220291,0,0,0,0,64.3012627986348,36.7815256459822,0.0582935153583618,0.0671145857707318,NA,NA,NA,NA,NA,NA,NA,NA,NA,NA,NA,NA,NA,NA,NA,NA,NA,NA,NA,NA,NA,NA,NA,NA,NA,NA,NA,NA,NA,NA,NA,NA,2016,1994-08-16,"IR","Hip",2018,0
"Javon Wims","CHI","WR","13644","weighted",NA,NA,NA,NA,NA,NA,0.480132450331126,0.707106781186548,0,0,0.0826710816777042,0.0235702260395516,0,0,0,0,57.4831125827815,4.73761543394987,0.251986754966887,0.0707106781186547,NA,NA,NA,NA,NA,NA,NA,NA,NA,NA,NA,NA,NA,NA,NA,NA,NA,NA,NA,NA,NA,NA,NA,NA,NA,NA,NA,NA,NA,NA,NA,NA,2018,1994-09-11,NA,NA,NA,NA
"Travis Rudolph","NYG","WR","13181","weighted",NA,NA,NA,NA,NA,NA,0,0,0,0,0.0444444444444444,0.050273732334818,0,0,0,0,64.5067567567568,58.6109581347349,0.0326576576576577,0.0574632969426052,NA,NA,NA,NA,NA,NA,NA,NA,NA,NA,NA,NA,NA,NA,NA,NA,NA,NA,NA,NA,NA,NA,NA,NA,NA,NA,NA,NA,NA,NA,NA,NA,2017,NA,"IR","Knee - ACL",2018,0
"Janarion Grant",NA,"WR","13904","weighted",NA,NA,NA,NA,NA,NA,2.05815602836879,0.367695526217005,0.0198581560283688,0.0282842712474619,0.119148936170213,0.169705627484771,0.0149645390070922,0.00707106781186547,0.194539007092199,0.0919238815542512,53.1843971631206,59.9414418411836,0.322695035460993,0.459619407771256,NA,NA,NA,NA,NA,NA,NA,NA,NA,NA,NA,NA,NA,NA,NA,NA,NA,NA,NA,NA,NA,NA,NA,NA,NA,NA,NA,NA,NA,NA,NA,NA,2018,1970-01-01,NA,NA,NA,NA
"J.D. McKissic","SEA","WR","13108","weighted",NA,NA,NA,NA,NA,NA,21,NA,0.2,NA,0.1,NA,NA,NA,NA,NA,27,NA,0.2,NA,NA,NA,NA,NA,NA,NA,NA,NA,NA,NA,NA,NA,NA,NA,NA,NA,NA,NA,NA,NA,NA,NA,NA,NA,NA,NA,NA,NA,NA,NA,NA,NA,2016,1993-10-15,NA,NA,NA,NA
"Paul Turner","FA","WR","12927","weighted",NA,NA,NA,NA,NA,NA,0,0,0,0,0,0,0,0,0,0,44.091237458194,65.6477935653591,0.289698996655518,0.431335136523794,NA,NA,NA,NA,NA,NA,NA,NA,NA,NA,NA,NA,NA,NA,NA,NA,NA,NA,NA,NA,NA,NA,NA,NA,NA,NA,NA,NA,NA,NA,NA,NA,2016,1993-05-10,NA,NA,NA,NA
"Michael Clark","GB","WR","13408","weighted",NA,NA,NA,NA,NA,NA,1.18729096989967,1.76776695296637,0,0,0,0,0,0,0,0,43.8347826086956,65.2659559035183,0.00949832775919732,0.014142135623731,NA,NA,NA,NA,NA,NA,NA,NA,NA,NA,NA,NA,NA,NA,NA,NA,NA,NA,NA,NA,NA,NA,NA,NA,NA,NA,NA,NA,NA,NA,NA,NA,2017,1995-10-26,NA,NA,NA,NA
"Freddie Martino","TB","WR","12062","weighted",NA,NA,NA,NA,NA,NA,0.0806427915518825,0.146423375728164,0,0,0.0639669421487603,0.0405752118592339,0.0357851239669421,0.0132357539803248,0,0,60.4325068870523,31.9904972239442,0.18900826446281,0.18129157899199,NA,NA,NA,NA,NA,NA,NA,NA,NA,NA,NA,NA,NA,NA,NA,NA,NA,NA,NA,NA,NA,NA,NA,NA,NA,NA,NA,NA,NA,NA,NA,NA,2014,1991-09-07,NA,NA,NA,NA
"Dwayne Harris","OAK","WR","10410","weighted",NA,NA,NA,NA,NA,NA,0.318824609733701,0.604504123344397,0,0,0.444936639118457,0.141002697817763,0.0238567493112948,0.00882383598688322,0.620275482093664,0.229419735658964,51.4360055096419,34.5387145783036,0.332176308539945,0.221194285059703,NA,NA,NA,NA,NA,NA,NA,NA,NA,NA,NA,NA,NA,NA,NA,NA,NA,NA,NA,NA,NA,NA,NA,NA,NA,NA,NA,NA,NA,NA,NA,NA,2011,1987-09-16,NA,NA,NA,NA
"Markus Wheaton","PHI","WR","11229","weighted",NA,NA,NA,NA,NA,NA,0.326576576576577,0.574632969426052,0,0,0.0775525525525526,0.0191544323142017,0,0,0,0,39.3283783783784,37.3632510300267,0.226576576576577,0.2111667292228,NA,NA,NA,NA,NA,NA,NA,NA,NA,NA,NA,NA,NA,NA,NA,NA,NA,NA,NA,NA,NA,NA,NA,NA,NA,NA,NA,NA,NA,NA,NA,NA,2013,1991-02-07,NA,NA,NA,NA
"Amara Darboh","SEA","WR","13166","weighted",NA,NA,NA,NA,NA,NA,0.168674698795181,0.345807831947156,0.00481927710843374,0.00988022376991876,0.0577510040160643,0.0578540057534668,0.0310240963855422,0.0123502797123984,0,0,23.6271944922547,36.5733837606143,0.125301204819277,0.256885818017888,NA,NA,NA,NA,NA,NA,NA,NA,NA,NA,NA,NA,NA,NA,NA,NA,NA,NA,NA,NA,NA,NA,NA,NA,NA,NA,NA,NA,NA,NA,NA,NA,2017,1994-02-01,"IR","Hip",2018,0
"Marvin Hall","ATL","WR","13505","weighted",NA,NA,NA,NA,NA,NA,0.201652892561983,0.446024687964925,0.00385674931129477,0.00882383598688322,0.0694710743801653,0.0452150302636086,0.0298209366391185,0.011029794983604,0.0477134986225895,0.0176476719737664,42.5707988980716,26.586347882961,0.345068870523416,0.139642177859017,NA,NA,NA,NA,NA,NA,NA,NA,NA,NA,NA,NA,NA,NA,NA,NA,NA,NA,NA,NA,NA,NA,NA,NA,NA,NA,NA,NA,NA,NA,NA,NA,2016,1993-04-10,NA,NA,NA,NA
"Wendall Williams","FA","WR","12865","weighted",NA,NA,NA,NA,NA,NA,0.480132450331126,0.707106781186548,0,0,0.1,0,NA,NA,NA,NA,36.9701986754967,54.4472221513642,0.144039735099338,0.212132034355964,NA,NA,NA,NA,NA,NA,NA,NA,NA,NA,NA,NA,NA,NA,NA,NA,NA,NA,NA,NA,NA,NA,NA,NA,NA,NA,NA,NA,NA,NA,NA,NA,2016,NA,NA,NA,NA,NA
"Jaydon Mickens","JAC","WR","13510","weighted",NA,NA,NA,NA,NA,NA,0,0,0,0,0.61070819112628,0.101045128772221,0,0,0,0,50.22795221843,26.003209665184,0.616825938566553,0.330922413235241,NA,NA,NA,NA,NA,NA,NA,NA,NA,NA,NA,NA,NA,NA,NA,NA,NA,NA,NA,NA,NA,NA,NA,NA,NA,NA,NA,NA,NA,NA,NA,NA,2016,1994-04-21,"IR","Ankle",2018,0
"Marquess Wilson","FA","WR","11231","weighted",NA,NA,NA,NA,NA,NA,0,0,0,0,0,0,0,0,0,0,34.7353846153846,51.7177899759841,0.28494983277592,0.424264068711929,NA,NA,NA,NA,NA,NA,NA,NA,NA,NA,NA,NA,NA,NA,NA,NA,NA,NA,NA,NA,NA,NA,NA,NA,NA,NA,NA,NA,NA,NA,NA,NA,2013,1992-09-14,NA,NA,NA,NA
"DeAndre Carter","FA","WR","12394","weighted",NA,NA,NA,NA,NA,NA,0.0471380471380471,0.0707106781186548,0,0,0.0194276094276094,0.0141421356237309,0.00735690235690236,0.00353553390593274,0,0,30.976430976431,2.13546247918337,0.190572390572391,0.014142135623731,NA,NA,NA,NA,NA,NA,NA,NA,NA,NA,NA,NA,NA,NA,NA,NA,NA,NA,NA,NA,NA,NA,NA,NA,NA,NA,NA,NA,NA,NA,NA,NA,2015,1993-04-10,NA,NA,NA,NA
"Jake Lampman","FA","WR","13027","weighted",NA,NA,NA,NA,NA,NA,0,NA,0,NA,0,NA,0,NA,0,NA,72.1,NA,0.36,NA,NA,NA,NA,NA,NA,NA,NA,NA,NA,NA,NA,NA,NA,NA,NA,NA,NA,NA,NA,NA,NA,NA,NA,NA,NA,NA,NA,NA,NA,NA,NA,NA,2016,1993-06-11,NA,NA,NA,NA
"Darius Jennings","TEN","WR","12586","weighted",NA,NA,NA,NA,NA,NA,0,0,0.0049645390070922,0.00707106781186548,0.194539007092199,0.0919238815542512,0.0374113475177305,0.0176776695296637,0,0,62.9577304964539,11.511698397717,0.395390070921986,0.0777817459305202,NA,NA,NA,NA,NA,NA,NA,NA,NA,NA,NA,NA,NA,NA,NA,NA,NA,NA,NA,NA,NA,NA,NA,NA,NA,NA,NA,NA,NA,NA,NA,NA,NA,NA,NA,NA,NA,NA
"Jace Billingsley","DET","WR","12932","weighted",NA,NA,NA,NA,NA,NA,0,0,0,0,0,0,0,0,0,0,33.6478260869565,50.0985154470669,0.137725752508361,0.205060966544099,NA,NA,NA,NA,NA,NA,NA,NA,NA,NA,NA,NA,NA,NA,NA,NA,NA,NA,NA,NA,NA,NA,NA,NA,NA,NA,NA,NA,NA,NA,NA,NA,2016,1993-05-17,NA,NA,NA,NA
"Andy Jones","DET","WR","12873","weighted",NA,NA,NA,NA,NA,NA,0,0,0,0,0,0,0,0,0,0,33.6478260869565,50.0985154470669,0.137725752508361,0.205060966544099,NA,NA,NA,NA,NA,NA,NA,NA,NA,NA,NA,NA,NA,NA,NA,NA,NA,NA,NA,NA,NA,NA,NA,NA,NA,NA,NA,NA,NA,NA,NA,NA,2016,NA,NA,NA,NA,NA
"Chris Thompson","FA","WR","13492","weighted",NA,NA,NA,NA,NA,NA,0.0255855855855856,0.045720247770799,0,0,0.0663288288288288,0.0287316484713026,0,0,0,0,37.7428828828829,36.035923445809,0.150315315315315,0.268606455653444,NA,NA,NA,NA,NA,NA,NA,NA,NA,NA,NA,NA,NA,NA,NA,NA,NA,NA,NA,NA,NA,NA,NA,NA,NA,NA,NA,NA,NA,NA,NA,NA,2017,NA,NA,NA,NA,NA
"Harry Douglas","FA","WR","9144","weighted",NA,NA,NA,NA,NA,NA,0,0,0,0,0.0740066225165563,0.0353553390593274,0,0,0,0,33.6092715231788,49.4974746830583,0.0480132450331126,0.0707106781186548,NA,NA,NA,NA,NA,NA,NA,NA,NA,NA,NA,NA,NA,NA,NA,NA,NA,NA,NA,NA,NA,NA,NA,NA,NA,NA,NA,NA,NA,NA,NA,NA,2008,1984-09-16,NA,NA,NA,NA
"Rashad Ross","ARI","WR","12038","weighted",NA,NA,NA,NA,NA,NA,0,0,0,0,0,0,0,0,0,0,33.1064214046823,49.2924137165142,0.109230769230769,0.162634559672906,NA,NA,NA,NA,NA,NA,NA,NA,NA,NA,NA,NA,NA,NA,NA,NA,NA,NA,NA,NA,NA,NA,NA,NA,NA,NA,NA,NA,NA,NA,NA,NA,2013,1990-02-02,NA,NA,NA,NA
"Michael Campanaro","TEN","WR","11857","weighted",NA,NA,NA,NA,NA,NA,0.479665551839465,0.714177848998413,0,0,0,0,0,0,0,0,32.8214715719064,48.8681496478023,0.0617391304347826,0.0919238815542512,NA,NA,NA,NA,NA,NA,NA,NA,NA,NA,NA,NA,NA,NA,NA,NA,NA,NA,NA,NA,NA,NA,NA,NA,NA,NA,NA,NA,NA,NA,NA,NA,2014,1991-01-25,"Q","Undisclosed",2018,0
"Nick Williams","TEN","WR","11600","weighted",NA,NA,NA,NA,NA,NA,0.480132450331126,0.707106781186548,0,0,0.0740066225165563,0.0353553390593274,0,0,0,0,33.1291390728477,48.7903679018718,0.0960264900662252,0.14142135623731,NA,NA,NA,NA,NA,NA,NA,NA,NA,NA,NA,NA,NA,NA,NA,NA,NA,NA,NA,NA,NA,NA,NA,NA,NA,NA,NA,NA,NA,NA,NA,NA,2013,1990-11-23,NA,NA,NA,NA
"Marlon Brown","CHI","WR","11481","weighted",NA,NA,NA,NA,NA,NA,0,0,0,0,0,0,0,0,0,0,32.4510367892977,48.3166063584768,0.14247491638796,0.212132034355964,NA,NA,NA,NA,NA,NA,NA,NA,NA,NA,NA,NA,NA,NA,NA,NA,NA,NA,NA,NA,NA,NA,NA,NA,NA,NA,NA,NA,NA,NA,NA,NA,2013,1991-04-22,"Q","Concussion",2018,0
"DeVier Posey","BAL","WR","10730","weighted",NA,NA,NA,NA,NA,NA,0,0,0,0,0,0,0,0,0,0,32.3038127090301,48.097403256309,0.180468227424749,0.268700576850888,NA,NA,NA,NA,NA,NA,NA,NA,NA,NA,NA,NA,NA,NA,NA,NA,NA,NA,NA,NA,NA,NA,NA,NA,NA,NA,NA,NA,NA,NA,NA,NA,2012,1990-03-15,NA,NA,NA,NA
"Corey Fuller","NO","WR","11220","weighted",NA,NA,NA,NA,NA,NA,0.480132450331126,0.707106781186548,0,0,0,0,NA,NA,NA,NA,32.1688741721854,47.3761543394987,0.19205298013245,0.282842712474619,NA,NA,NA,NA,NA,NA,NA,NA,NA,NA,NA,NA,NA,NA,NA,NA,NA,NA,NA,NA,NA,NA,NA,NA,NA,NA,NA,NA,NA,NA,NA,NA,2013,1990-06-23,NA,NA,NA,NA
"Austin Carr","NO","WR","13367","weighted",NA,NA,NA,NA,NA,NA,-1.03188356164384,3.02655058892501,0.0023972602739726,0.00493128140788305,0.284835616438356,0.410982999286364,0.0061986301369863,0.00246564070394153,0,0,22.3431506849315,31.6599199303153,0.137671232876712,0.189483377703761,NA,NA,NA,NA,NA,NA,NA,NA,NA,NA,NA,NA,NA,NA,NA,NA,NA,NA,NA,NA,NA,NA,NA,NA,NA,NA,NA,NA,NA,NA,NA,NA,2017,1993-12-25,NA,NA,NA,NA
"Rashad Greene","JAC","WR","12183","weighted",NA,NA,NA,NA,NA,NA,0,0,0.00318906605922551,0.00571179674037028,0.071837509491268,0.0152314579743207,0.0395671981776765,0.0171353902211108,0.389077448747153,0.168498003840923,44.3046469248292,18.7006627877363,0.235580865603645,0.0630649730205632,NA,NA,NA,NA,NA,NA,NA,NA,NA,NA,NA,NA,NA,NA,NA,NA,NA,NA,NA,NA,NA,NA,NA,NA,NA,NA,NA,NA,NA,NA,NA,NA,2015,1992-09-23,NA,NA,NA,NA
"Kenny Bell","DEN","WR","12195","weighted",NA,NA,NA,NA,NA,NA,0,0,0,0,0,0,0,0,0,0,31.0215384615385,46.1882149471053,0.118729096989967,0.176776695296637,NA,NA,NA,NA,NA,NA,NA,NA,NA,NA,NA,NA,NA,NA,NA,NA,NA,NA,NA,NA,NA,NA,NA,NA,NA,NA,NA,NA,NA,NA,NA,NA,2015,1992-02-25,"Q","Hamstring",2018,0
"Isaiah Burse","LAC","WR","11928","weighted",NA,NA,NA,NA,NA,NA,0,0,0,0,NA,NA,NA,NA,NA,NA,30.6178595317726,45.5871741830967,0.21371237458194,0.318198051533946,NA,NA,NA,NA,NA,NA,NA,NA,NA,NA,NA,NA,NA,NA,NA,NA,NA,NA,NA,NA,NA,NA,NA,NA,NA,NA,NA,NA,NA,NA,NA,NA,2014,1991-12-08,NA,NA,NA,NA
"Geremy Davis","LAC","WR","12338","weighted",NA,NA,NA,NA,NA,NA,-0.0864279155188246,0.864728930592673,0.00192837465564738,0.00441191799344161,0.0385096418732782,0.0444062994982164,0.0298209366391185,0.011029794983604,0,0,42.7887603305785,25.9925081534734,0.284848484848485,0.173046147954674,NA,NA,NA,NA,NA,NA,NA,NA,NA,NA,NA,NA,NA,NA,NA,NA,NA,NA,NA,NA,NA,NA,NA,NA,NA,NA,NA,NA,NA,NA,NA,NA,2015,1992-01-10,NA,NA,NA,NA
"Kamar Aiken","PHI","WR","10651","weighted",NA,NA,NA,NA,NA,NA,0,0,0,0,0,0,0,0,0,0,30.1571906354515,44.9012806053458,0,0,NA,NA,NA,NA,NA,NA,NA,NA,NA,NA,NA,NA,NA,NA,NA,NA,NA,NA,NA,NA,NA,NA,NA,NA,NA,NA,NA,NA,NA,NA,NA,NA,2011,1989-05-30,NA,NA,NA,NA
"Matthew Slater","NE","WR","9200","weighted",NA,NA,NA,NA,NA,NA,-0.0187607573149742,0.0773257804219906,0,0,0,0,0.0372289156626506,0.0148203356548781,0.0496385542168675,0.0197604475398375,18.1522547332186,30.1418055433331,0.15394148020654,0.306219389210055,NA,NA,NA,NA,NA,NA,NA,NA,NA,NA,NA,NA,NA,NA,NA,NA,NA,NA,NA,NA,NA,NA,NA,NA,NA,NA,NA,NA,NA,NA,NA,NA,2008,1985-09-09,NA,NA,NA,NA
"Brittan Golden","ARI","WR","11570","weighted",NA,NA,NA,NA,NA,NA,0,0,0,0,0.74542042042042,0.660489510025388,0,0,0,0,31.8734234234234,31.7799932245455,0.0966216216216216,0.100468445362004,NA,NA,NA,NA,NA,NA,NA,NA,NA,NA,NA,NA,NA,NA,NA,NA,NA,NA,NA,NA,NA,NA,NA,NA,NA,NA,NA,NA,NA,NA,NA,NA,2012,1988-07-20,NA,NA,NA,NA
"Ed Eagan","FA","WR","13040","weighted",NA,NA,NA,NA,NA,NA,0.480132450331126,0.707106781186548,0,0,0.1,0,NA,NA,NA,NA,29.7682119205298,43.8406204335659,0.144039735099338,0.212132034355964,NA,NA,NA,NA,NA,NA,NA,NA,NA,NA,NA,NA,NA,NA,NA,NA,NA,NA,NA,NA,NA,NA,NA,NA,NA,NA,NA,NA,NA,NA,NA,NA,2016,1993-06-19,NA,NA,NA,NA
"Reggie Davis","ATL","WR","13436","weighted",NA,NA,NA,NA,NA,NA,1,NA,0,NA,0,NA,0,NA,0,NA,62,NA,0.3,NA,NA,NA,NA,NA,NA,NA,NA,NA,NA,NA,NA,NA,NA,NA,NA,NA,NA,NA,NA,NA,NA,NA,NA,NA,NA,NA,NA,NA,NA,NA,NA,NA,2017,1995-11-22,NA,NA,NA,NA
"Daurice Fountain","IND","WR","13666","weighted",NA,NA,NA,NA,NA,NA,0.326576576576577,0.574632969426052,0,0,0,0,0,0,0,0,20.3756756756757,35.5186509676046,0.130630630630631,0.229853187770421,NA,NA,NA,NA,NA,NA,NA,NA,NA,NA,NA,NA,NA,NA,NA,NA,NA,NA,NA,NA,NA,NA,NA,NA,NA,NA,NA,NA,NA,NA,NA,NA,2018,1995-12-22,NA,NA,NA,NA
"Jaleel Scott","BAL","WR","13663","weighted",NA,NA,NA,NA,NA,NA,0,NA,0,NA,0,NA,0,NA,0,NA,0,NA,0,NA,NA,NA,NA,NA,NA,NA,NA,NA,NA,NA,NA,NA,NA,NA,NA,NA,NA,NA,NA,NA,NA,NA,NA,NA,NA,NA,NA,NA,NA,NA,NA,NA,2018,1995-02-23,"IR","Hamstring",2018,0
"Bradley Marquez","DET","WR","12475","weighted",NA,NA,NA,NA,NA,NA,-0.016127562642369,0.0208466402826296,0.00956719817767654,0.0171353902211108,0.071837509491268,0.0152314579743207,0.0461617312072893,0.019991288591296,0,0,39.1665148063781,19.901754064699,0.189749430523918,0.0909916685320432,NA,NA,NA,NA,NA,NA,NA,NA,NA,NA,NA,NA,NA,NA,NA,NA,NA,NA,NA,NA,NA,NA,NA,NA,NA,NA,NA,NA,NA,NA,NA,NA,NA,NA,NA,NA,NA,NA
"Tanner McEvoy","SEA","WR","12949","weighted",NA,NA,NA,NA,NA,NA,-0.0740589569160998,0.131694006710665,0,0,0.0328798185941043,0.0229033055148983,0,0,0,0,37.1137868480726,25.9910855141939,0.0645804988662132,0.0547712547864041,NA,NA,NA,NA,NA,NA,NA,NA,NA,NA,NA,NA,NA,NA,NA,NA,NA,NA,NA,NA,NA,NA,NA,NA,NA,NA,NA,NA,NA,NA,NA,NA,2016,1993-01-26,NA,NA,NA,NA
"Devin Smith","FA","WR","12182","weighted",NA,NA,NA,NA,NA,NA,-0.0189966555183946,0.0282842712474619,0,0,0,0,0,0,0,0,26.4860869565217,39.4353451867738,0.156722408026756,0.233345237791561,NA,NA,NA,NA,NA,NA,NA,NA,NA,NA,NA,NA,NA,NA,NA,NA,NA,NA,NA,NA,NA,NA,NA,NA,NA,NA,NA,NA,NA,NA,NA,NA,NA,NA,NA,NA,NA,NA
"Victor Bolden","SF","WR","13375","weighted",NA,NA,NA,NA,NA,NA,0,0,0,0,0,0,0,0,0,0,26.9900680272109,21.598009114207,0.157959183673469,0.194168266690192,NA,NA,NA,NA,NA,NA,NA,NA,NA,NA,NA,NA,NA,NA,NA,NA,NA,NA,NA,NA,NA,NA,NA,NA,NA,NA,NA,NA,NA,NA,NA,NA,2017,1995-04-04,NA,NA,NA,NA
"Shane Wynn",NA,"WR","12460","weighted",NA,NA,NA,NA,NA,NA,4,NA,0,NA,0.1,NA,0,NA,0,NA,50,NA,0.2,NA,NA,NA,NA,NA,NA,NA,NA,NA,NA,NA,NA,NA,NA,NA,NA,NA,NA,NA,NA,NA,NA,NA,NA,NA,NA,NA,NA,NA,NA,NA,NA,NA,NA,NA,NA,NA,NA,NA
"James Wright","FA","WR","11874","weighted",NA,NA,NA,NA,NA,NA,0,0,0,0,0,0,0,0,0,0,21.0862876254181,31.3955410846827,0,0,NA,NA,NA,NA,NA,NA,NA,NA,NA,NA,NA,NA,NA,NA,NA,NA,NA,NA,NA,NA,NA,NA,NA,NA,NA,NA,NA,NA,NA,NA,NA,NA,2014,1991-12-31,NA,NA,NA,NA
"Noah Brown","DAL","WR","13172","weighted",NA,NA,NA,NA,NA,NA,0,0,0,0,0,0,0,0,0,0,21.6487387387387,20.6566846914891,0.112612612612613,0.125994346672301,NA,NA,NA,NA,NA,NA,NA,NA,NA,NA,NA,NA,NA,NA,NA,NA,NA,NA,NA,NA,NA,NA,NA,NA,NA,NA,NA,NA,NA,NA,NA,NA,2017,NA,NA,NA,NA,NA
"Chris Matthews","FA","WR","11752","weighted",NA,NA,NA,NA,NA,NA,0.480132450331126,0.707106781186548,0,0,0,0,NA,NA,NA,NA,18.7251655629139,27.5771644662754,0.0960264900662252,0.14142135623731,NA,NA,NA,NA,NA,NA,NA,NA,NA,NA,NA,NA,NA,NA,NA,NA,NA,NA,NA,NA,NA,NA,NA,NA,NA,NA,NA,NA,NA,NA,NA,NA,2013,1989-10-06,NA,NA,NA,NA
"Andre Roberts","NYJ","WR","9921","weighted",NA,NA,NA,NA,NA,NA,0,0,0,0,0.245552391799544,0.231698041403095,0.0527562642369021,0.0228471869614811,0.95620728929385,0.414105263676845,19.3305239179954,17.2721120981217,0.0779043280182233,0.112082376325772,NA,NA,NA,NA,NA,NA,NA,NA,NA,NA,NA,NA,NA,NA,NA,NA,NA,NA,NA,NA,NA,NA,NA,NA,NA,NA,NA,NA,NA,NA,NA,NA,2010,1988-01-09,NA,NA,NA,NA
"Brandon Tate","NO","WR","9524","weighted",NA,NA,NA,NA,NA,NA,0,0,0,0,0.22123745819398,0.106066017177982,0,0,0,0,17.904347826087,26.6579256507328,0.00474916387959866,0.00707106781186548,NA,NA,NA,NA,NA,NA,NA,NA,NA,NA,NA,NA,NA,NA,NA,NA,NA,NA,NA,NA,NA,NA,NA,NA,NA,NA,NA,NA,NA,NA,NA,NA,2009,1987-10-05,NA,NA,NA,NA
"Philly Brown","DEN","WR","11972","weighted",NA,NA,NA,NA,NA,NA,1.70969899665552,2.54558441227157,0,0,0,0,0,0,0,0,16.3846153846154,24.3951839509359,0,0,NA,NA,NA,NA,NA,NA,NA,NA,NA,NA,NA,NA,NA,NA,NA,NA,NA,NA,NA,NA,NA,NA,NA,NA,NA,NA,NA,NA,NA,NA,NA,NA,2014,1991-12-16,"Q","Head",2018,0
"Cedrick Wilson","DAL","WR","13652","weighted",NA,NA,NA,NA,NA,NA,0.480132450331126,0.707106781186548,0,0,0,0,0,0,0,0,15.364238410596,22.6274169979695,0.0960264900662252,0.14142135623731,NA,NA,NA,NA,NA,NA,NA,NA,NA,NA,NA,NA,NA,NA,NA,NA,NA,NA,NA,NA,NA,NA,NA,NA,NA,NA,NA,NA,NA,NA,NA,NA,2018,NA,"IR","Shoulder - Labrum",2018,0
"Bryce Treggs","PHI","WR","12947","weighted",NA,NA,NA,NA,NA,NA,3.94180602006689,5.86898628384835,0,0,0.958695652173913,0.459619407771256,0,0,0,0,12.4428093645485,18.5261976670875,0,0,NA,NA,NA,NA,NA,NA,NA,NA,NA,NA,NA,NA,NA,NA,NA,NA,NA,NA,NA,NA,NA,NA,NA,NA,NA,NA,NA,NA,NA,NA,NA,NA,2016,1994-04-30,"Q","Hamstring",2018,0
"Jeff Janis","CLE","WR","11870","weighted",NA,NA,NA,NA,NA,NA,2.40066225165563,3.53553390593274,0.0480132450331126,0.0707106781186548,0.0740066225165563,0.0353553390593274,0,0,0,0,12.4834437086093,18.3847763108502,0.0480132450331126,0.0707106781186548,NA,NA,NA,NA,NA,NA,NA,NA,NA,NA,NA,NA,NA,NA,NA,NA,NA,NA,NA,NA,NA,NA,NA,NA,NA,NA,NA,NA,NA,NA,NA,NA,2014,1991-06-09,NA,NA,NA,NA
"Kalif Raymond","NYG","WR","13066","weighted",NA,NA,NA,NA,NA,NA,0,0,0,0,0.444039735099338,0.212132034355964,0,0,0,0,12.4834437086093,18.3847763108502,0.0480132450331126,0.0707106781186548,NA,NA,NA,NA,NA,NA,NA,NA,NA,NA,NA,NA,NA,NA,NA,NA,NA,NA,NA,NA,NA,NA,NA,NA,NA,NA,NA,NA,NA,NA,NA,NA,2016,1994-08-08,NA,NA,NA,NA
"Arrelious Benn","FA","WR","9859","weighted",NA,NA,NA,NA,NA,NA,0,0,0,0,0.0740066225165563,0.0353553390593274,0,0,0,0,10.5629139072848,15.556349186104,0.0960264900662252,0.14142135623731,NA,NA,NA,NA,NA,NA,NA,NA,NA,NA,NA,NA,NA,NA,NA,NA,NA,NA,NA,NA,NA,NA,NA,NA,NA,NA,NA,NA,NA,NA,NA,NA,2010,1988-09-08,"Q","Knee",2018,0
"Riley McCarron","NE","WR","13420","weighted",NA,NA,NA,NA,NA,NA,0,0,0,0,0,0,0,0,0,0,5.3190635451505,7.91959594928933,0,0,NA,NA,NA,NA,NA,NA,NA,NA,NA,NA,NA,NA,NA,NA,NA,NA,NA,NA,NA,NA,NA,NA,NA,NA,NA,NA,NA,NA,NA,NA,NA,NA,2017,1993-06-16,"O","Undisclosed",2018,0
"Cayleb Jones","MIN","WR","12880","weighted",NA,NA,NA,NA,NA,NA,-0.89,NA,0,NA,0,NA,0,NA,0,NA,9.4,NA,0,NA,NA,NA,NA,NA,NA,NA,NA,NA,NA,NA,NA,NA,NA,NA,NA,NA,NA,NA,NA,NA,NA,NA,NA,NA,NA,NA,NA,NA,NA,NA,NA,NA,2016,1993-03-21,"S","Suspension",2018,0
"Eric Weems","FA","WR","9383","weighted",NA,NA,NA,NA,NA,NA,0,0,0,0,0.0740066225165563,0.0353553390593274,0,0,0,0,0.960264900662252,1.4142135623731,0,0,NA,NA,NA,NA,NA,NA,NA,NA,NA,NA,NA,NA,NA,NA,NA,NA,NA,NA,NA,NA,NA,NA,NA,NA,NA,NA,NA,NA,NA,NA,NA,NA,2007,1985-07-04,NA,NA,NA,NA
"Marcus Kemp","KC","WR","13503","weighted",NA,NA,NA,NA,NA,NA,0,NA,0,NA,0,NA,0,NA,0,NA,1.5,NA,0,NA,NA,NA,NA,NA,NA,NA,NA,NA,NA,NA,NA,NA,NA,NA,NA,NA,NA,NA,NA,NA,NA,NA,NA,NA,NA,NA,NA,NA,NA,NA,NA,NA,2017,1995-08-14,NA,NA,NA,NA
"Bobo Wilson","TB","WR","13544","weighted",NA,NA,NA,NA,NA,NA,6.22140468227425,9.26309883354377,0,0,0,0,0,0,0,0,0.569899665551839,0.848528137423857,0.0332441471571906,0.0494974746830583,NA,NA,NA,NA,NA,NA,NA,NA,NA,NA,NA,NA,NA,NA,NA,NA,NA,NA,NA,NA,NA,NA,NA,NA,NA,NA,NA,NA,NA,NA,NA,NA,2017,1995-01-25,NA,NA,NA,NA
"Cam Sims",NA,"WR","13895","weighted",NA,NA,NA,NA,NA,NA,0,NA,0,NA,0,NA,0,NA,0,NA,0.3,NA,0,NA,NA,NA,NA,NA,NA,NA,NA,NA,NA,NA,NA,NA,NA,NA,NA,NA,NA,NA,NA,NA,NA,NA,NA,NA,NA,NA,NA,NA,NA,NA,NA,NA,2018,1970-01-01,"IR","Ankle",2018,0
"Kenny Britt","FA","WR","9467","weighted",NA,NA,NA,NA,NA,NA,0,NA,0,NA,0,NA,0,NA,0,NA,0,NA,0,NA,NA,NA,NA,NA,NA,NA,NA,NA,NA,NA,NA,NA,NA,NA,NA,NA,NA,NA,NA,NA,NA,NA,NA,NA,NA,NA,NA,NA,NA,NA,NA,NA,2009,1988-09-19,NA,NA,NA,NA
"Jeremy Maclin","FA","WR","9436","weighted",NA,NA,NA,NA,NA,NA,0,NA,0,NA,0,NA,0,NA,0,NA,0,NA,0,NA,NA,NA,NA,NA,NA,NA,NA,NA,NA,NA,NA,NA,NA,NA,NA,NA,NA,NA,NA,NA,NA,NA,NA,NA,NA,NA,NA,NA,NA,NA,NA,NA,2009,1988-05-11,"O","Hamstring",2018,0
"Louis Murphy","FA","WR","9560","weighted",NA,NA,NA,NA,NA,NA,0,NA,0,NA,0,NA,0,NA,0,NA,0,NA,0,NA,NA,NA,NA,NA,NA,NA,NA,NA,NA,NA,NA,NA,NA,NA,NA,NA,NA,NA,NA,NA,NA,NA,NA,NA,NA,NA,NA,NA,NA,NA,NA,NA,2009,1987-05-11,NA,NA,NA,NA
"Eric Decker","FA","WR","9881","weighted",NA,NA,NA,NA,NA,NA,0,NA,0,NA,0,NA,0,NA,0,NA,0,NA,0,NA,NA,NA,NA,NA,NA,NA,NA,NA,NA,NA,NA,NA,NA,NA,NA,NA,NA,NA,NA,NA,NA,NA,NA,NA,NA,NA,NA,NA,NA,NA,NA,NA,2010,1987-03-15,NA,NA,NA,NA
"Aldrick Robinson","SF","WR","10412","weighted",NA,NA,NA,NA,NA,NA,0,NA,0,NA,0,NA,0,NA,0,NA,0,NA,0,NA,NA,NA,NA,NA,NA,NA,NA,NA,NA,NA,NA,NA,NA,NA,NA,NA,NA,NA,NA,NA,NA,NA,NA,NA,NA,NA,NA,NA,NA,NA,NA,NA,2011,1988-09-24,NA,NA,NA,NA
"Dontrelle Inman","FA","WR","11957","weighted",NA,NA,NA,NA,NA,NA,0,NA,0,NA,0,NA,0,NA,0,NA,0,NA,0,NA,NA,NA,NA,NA,NA,NA,NA,NA,NA,NA,NA,NA,NA,NA,NA,NA,NA,NA,NA,NA,NA,NA,NA,NA,NA,NA,NA,NA,NA,NA,NA,NA,2013,1989-01-31,NA,NA,NA,NA
"Michael Floyd","NO","WR","10721","weighted",NA,NA,NA,NA,NA,NA,0,NA,0,NA,0,NA,0,NA,0,NA,0,NA,0,NA,NA,NA,NA,NA,NA,NA,NA,NA,NA,NA,NA,NA,NA,NA,NA,NA,NA,NA,NA,NA,NA,NA,NA,NA,NA,NA,NA,NA,NA,NA,NA,NA,2012,1989-11-27,NA,NA,NA,NA
"Brian Quick","WAS","WR","10735","weighted",NA,NA,NA,NA,NA,NA,0,NA,0,NA,0,NA,0,NA,0,NA,0,NA,0,NA,NA,NA,NA,NA,NA,NA,NA,NA,NA,NA,NA,NA,NA,NA,NA,NA,NA,NA,NA,NA,NA,NA,NA,NA,NA,NA,NA,NA,NA,NA,NA,NA,2012,1989-06-05,NA,NA,NA,NA
"Rod Streater","BUF","WR","10955","weighted",NA,NA,NA,NA,NA,NA,0,NA,0,NA,0,NA,0,NA,0,NA,0,NA,0,NA,NA,NA,NA,NA,NA,NA,NA,NA,NA,NA,NA,NA,NA,NA,NA,NA,NA,NA,NA,NA,NA,NA,NA,NA,NA,NA,NA,NA,NA,NA,NA,NA,2012,1988-02-09,"IR","Neck",2018,0
"Griff Whalen","OAK","WR","10987","weighted",NA,NA,NA,NA,NA,NA,0,NA,0,NA,0,NA,0,NA,0,NA,0,NA,0,NA,NA,NA,NA,NA,NA,NA,NA,NA,NA,NA,NA,NA,NA,NA,NA,NA,NA,NA,NA,NA,NA,NA,NA,NA,NA,NA,NA,NA,NA,NA,NA,NA,2012,1990-03-01,"Q","Toe",2018,0
"Griff Whalen","FA","WR","10987","weighted",NA,NA,NA,NA,NA,NA,0,NA,0,NA,0,NA,0,NA,0,NA,0,NA,0,NA,NA,NA,NA,NA,NA,NA,NA,NA,NA,NA,NA,NA,NA,NA,NA,NA,NA,NA,NA,NA,NA,NA,NA,NA,NA,NA,NA,NA,NA,NA,NA,NA,2012,1990-03-01,"Q","Toe",2018,0
"Brenton Bersin","FA","WR","11948","weighted",NA,NA,NA,NA,NA,NA,0,NA,0,NA,0,NA,0,NA,0,NA,0,NA,0,NA,NA,NA,NA,NA,NA,NA,NA,NA,NA,NA,NA,NA,NA,NA,NA,NA,NA,NA,NA,NA,NA,NA,NA,NA,NA,NA,NA,NA,NA,NA,NA,NA,2013,1990-05-09,NA,NA,NA,NA
"Cobi Hamilton","IND","WR","11215","weighted",NA,NA,NA,NA,NA,NA,0,NA,0,NA,0,NA,0,NA,0,NA,0,NA,0,NA,NA,NA,NA,NA,NA,NA,NA,NA,NA,NA,NA,NA,NA,NA,NA,NA,NA,NA,NA,NA,NA,NA,NA,NA,NA,NA,NA,NA,NA,NA,NA,NA,2013,1990-11-13,NA,NA,NA,NA
"Charles Johnson","NYJ","WR","11409","weighted",NA,NA,NA,NA,NA,NA,0,NA,0,NA,0,NA,0,NA,0,NA,0,NA,0,NA,NA,NA,NA,NA,NA,NA,NA,NA,NA,NA,NA,NA,NA,NA,NA,NA,NA,NA,NA,NA,NA,NA,NA,NA,NA,NA,NA,NA,NA,NA,NA,NA,2013,1989-02-27,NA,NA,NA,NA
"Brice Butler","ARI","WR","11406","weighted",NA,NA,NA,NA,NA,NA,0,NA,0,NA,0,NA,0,NA,0,NA,0,NA,0,NA,NA,NA,NA,NA,NA,NA,NA,NA,NA,NA,NA,NA,NA,NA,NA,NA,NA,NA,NA,NA,NA,NA,NA,NA,NA,NA,NA,NA,NA,NA,NA,NA,2013,1990-01-29,NA,NA,NA,NA
"Marqise Lee","JAC","WR","11672","weighted",NA,NA,NA,NA,NA,NA,0,NA,0,NA,0,NA,0,NA,0,NA,0,NA,0,NA,NA,NA,NA,NA,NA,NA,NA,NA,NA,NA,NA,NA,NA,NA,NA,NA,NA,NA,NA,NA,NA,NA,NA,NA,NA,NA,NA,NA,NA,NA,NA,NA,2014,1991-11-25,"IR","Knee - ACL",2018,0
"Jordan Matthews","FA","WR","11676","weighted",NA,NA,NA,NA,NA,NA,0,NA,0,NA,0,NA,0,NA,0,NA,0,NA,0,NA,NA,NA,NA,NA,NA,NA,NA,NA,NA,NA,NA,NA,NA,NA,NA,NA,NA,NA,NA,NA,NA,NA,NA,NA,NA,NA,NA,NA,NA,NA,NA,NA,2014,1992-07-16,NA,NA,NA,NA
"Josh Huff","FA","WR","11684","weighted",NA,NA,NA,NA,NA,NA,0,NA,0,NA,0,NA,0,NA,0,NA,0,NA,0,NA,NA,NA,NA,NA,NA,NA,NA,NA,NA,NA,NA,NA,NA,NA,NA,NA,NA,NA,NA,NA,NA,NA,NA,NA,NA,NA,NA,NA,NA,NA,NA,NA,2014,1991-10-14,"S","Suspension",2018,0
"Matt Hazel","FA","WR","11839","weighted",NA,NA,NA,NA,NA,NA,0,NA,0,NA,0,NA,0,NA,0,NA,0,NA,0,NA,NA,NA,NA,NA,NA,NA,NA,NA,NA,NA,NA,NA,NA,NA,NA,NA,NA,NA,NA,NA,NA,NA,NA,NA,NA,NA,NA,NA,NA,NA,NA,NA,2014,1992-01-23,"Q","Undisclosed",2018,0
"Jeremy Butler","BUF","WR","11932","weighted",NA,NA,NA,NA,NA,NA,0,NA,0,NA,0,NA,0,NA,0,NA,0,NA,0,NA,NA,NA,NA,NA,NA,NA,NA,NA,NA,NA,NA,NA,NA,NA,NA,NA,NA,NA,NA,NA,NA,NA,NA,NA,NA,NA,NA,NA,NA,NA,NA,NA,2014,1991-04-22,NA,NA,NA,NA
"Bernard Reedy","FA","WR","11946","weighted",NA,NA,NA,NA,NA,NA,0,NA,0,NA,0,NA,0,NA,0,NA,0,NA,0,NA,NA,NA,NA,NA,NA,NA,NA,NA,NA,NA,NA,NA,NA,NA,NA,NA,NA,NA,NA,NA,NA,NA,NA,NA,NA,NA,NA,NA,NA,NA,NA,NA,2014,1991-12-31,NA,NA,NA,NA
"Seantavius Jones","FA","WR","11921","weighted",NA,NA,NA,NA,NA,NA,0,NA,0,NA,0,NA,0,NA,0,NA,0,NA,0,NA,NA,NA,NA,NA,NA,NA,NA,NA,NA,NA,NA,NA,NA,NA,NA,NA,NA,NA,NA,NA,NA,NA,NA,NA,NA,NA,NA,NA,NA,NA,NA,NA,2014,1992-08-09,NA,NA,NA,NA
"Dres Anderson","IND","WR","12192","weighted",NA,NA,NA,NA,NA,NA,0,NA,0,NA,0,NA,0,NA,0,NA,0,NA,0,NA,NA,NA,NA,NA,NA,NA,NA,NA,NA,NA,NA,NA,NA,NA,NA,NA,NA,NA,NA,NA,NA,NA,NA,NA,NA,NA,NA,NA,NA,NA,NA,NA,2015,1992-07-20,NA,NA,NA,NA
"Jaelen Strong","JAC","WR","12179","weighted",NA,NA,NA,NA,NA,NA,0,NA,0,NA,0,NA,0,NA,0,NA,0,NA,0,NA,NA,NA,NA,NA,NA,NA,NA,NA,NA,NA,NA,NA,NA,NA,NA,NA,NA,NA,NA,NA,NA,NA,NA,NA,NA,NA,NA,NA,NA,NA,NA,NA,2015,1994-01-25,NA,NA,NA,NA
"Breshad Perriman","BAL","WR","12197","weighted",NA,NA,NA,NA,NA,NA,0,NA,0,NA,0,NA,0,NA,0,NA,0,NA,0,NA,NA,NA,NA,NA,NA,NA,NA,NA,NA,NA,NA,NA,NA,NA,NA,NA,NA,NA,NA,NA,NA,NA,NA,NA,NA,NA,NA,NA,NA,NA,NA,NA,2015,1993-09-10,NA,NA,NA,NA
"DeAndre Smelter","JAC","WR","12204","weighted",NA,NA,NA,NA,NA,NA,0,NA,0,NA,0,NA,0,NA,0,NA,0,NA,0,NA,NA,NA,NA,NA,NA,NA,NA,NA,NA,NA,NA,NA,NA,NA,NA,NA,NA,NA,NA,NA,NA,NA,NA,NA,NA,NA,NA,NA,NA,NA,NA,NA,2015,1991-12-03,NA,NA,NA,NA
"DeAndrew White","HOU","WR","12429","weighted",NA,NA,NA,NA,NA,NA,0,NA,0,NA,0,NA,0,NA,0,NA,0,NA,0,NA,NA,NA,NA,NA,NA,NA,NA,NA,NA,NA,NA,NA,NA,NA,NA,NA,NA,NA,NA,NA,NA,NA,NA,NA,NA,NA,NA,NA,NA,NA,NA,NA,NA,NA,NA,NA,NA,NA
"Quan Bray","HOU","WR","12561","weighted",NA,NA,NA,NA,NA,NA,0,NA,0,NA,0,NA,0,NA,0,NA,0,NA,0,NA,NA,NA,NA,NA,NA,NA,NA,NA,NA,NA,NA,NA,NA,NA,NA,NA,NA,NA,NA,NA,NA,NA,NA,NA,NA,NA,NA,NA,NA,NA,NA,NA,NA,NA,NA,NA,NA,NA
"Lucky Whitehead","NYJ","WR","12439","weighted",NA,NA,NA,NA,NA,NA,0,NA,0,NA,0,NA,0,NA,0,NA,0,NA,0,NA,NA,NA,NA,NA,NA,NA,NA,NA,NA,NA,NA,NA,NA,NA,NA,NA,NA,NA,NA,NA,NA,NA,NA,NA,NA,NA,NA,NA,NA,NA,NA,NA,NA,NA,NA,NA,NA,NA
"Jordan Leslie","DEN","WR","12422","weighted",NA,NA,NA,NA,NA,NA,0,NA,0,NA,0,NA,0,NA,0,NA,0,NA,0,NA,NA,NA,NA,NA,NA,NA,NA,NA,NA,NA,NA,NA,NA,NA,NA,NA,NA,NA,NA,NA,NA,NA,NA,NA,NA,NA,NA,NA,NA,NA,NA,NA,NA,NA,NA,NA,NA,NA
"Donteea Dye","FA","WR","12541","weighted",NA,NA,NA,NA,NA,NA,0,NA,0,NA,0,NA,0,NA,0,NA,0,NA,0,NA,NA,NA,NA,NA,NA,NA,NA,NA,NA,NA,NA,NA,NA,NA,NA,NA,NA,NA,NA,NA,NA,NA,NA,NA,NA,NA,NA,NA,NA,NA,NA,NA,NA,NA,NA,NA,NA,NA
"Kasen Williams","IND","WR","12430","weighted",NA,NA,NA,NA,NA,NA,0,NA,0,NA,0,NA,0,NA,0,NA,0,NA,0,NA,NA,NA,NA,NA,NA,NA,NA,NA,NA,NA,NA,NA,NA,NA,NA,NA,NA,NA,NA,NA,NA,NA,NA,NA,NA,NA,NA,NA,NA,NA,NA,NA,2015,NA,NA,NA,NA,NA
"Leonte Carroo","MIA","WR","12655","weighted",NA,NA,NA,NA,NA,NA,0,NA,0,NA,0,NA,0,NA,0,NA,0,NA,0,NA,NA,NA,NA,NA,NA,NA,NA,NA,NA,NA,NA,NA,NA,NA,NA,NA,NA,NA,NA,NA,NA,NA,NA,NA,NA,NA,NA,NA,NA,NA,NA,NA,2016,1994-01-24,NA,NA,NA,NA
"Corey Coleman","BUF","WR","12646","weighted",NA,NA,NA,NA,NA,NA,0,0,0,0,0,0,0,0,0,0,0,0,0,0,NA,NA,NA,NA,NA,NA,NA,NA,NA,NA,NA,NA,NA,NA,NA,NA,NA,NA,NA,NA,NA,NA,NA,NA,NA,NA,NA,NA,NA,NA,NA,NA,2016,1994-07-06,"Q","Foot",2018,0
"Braxton Miller","HOU","WR","12651","weighted",NA,NA,NA,NA,NA,NA,0,NA,0,NA,0,NA,0,NA,0,NA,0,NA,0,NA,NA,NA,NA,NA,NA,NA,NA,NA,NA,NA,NA,NA,NA,NA,NA,NA,NA,NA,NA,NA,NA,NA,NA,NA,NA,NA,NA,NA,NA,NA,NA,NA,2016,1992-11-30,NA,NA,NA,NA
"Kolby Listenbee","IND","WR","12671","weighted",NA,NA,NA,NA,NA,NA,0,NA,0,NA,0,NA,0,NA,0,NA,0,NA,0,NA,NA,NA,NA,NA,NA,NA,NA,NA,NA,NA,NA,NA,NA,NA,NA,NA,NA,NA,NA,NA,NA,NA,NA,NA,NA,NA,NA,NA,NA,NA,NA,NA,2016,1994-01-25,"Q","Undisclosed",2018,0
"Keenan Reynolds","FA","WR","12638","weighted",NA,NA,NA,NA,NA,NA,0,NA,0,NA,0,NA,0,NA,0,NA,0,NA,0,NA,NA,NA,NA,NA,NA,NA,NA,NA,NA,NA,NA,NA,NA,NA,NA,NA,NA,NA,NA,NA,NA,NA,NA,NA,NA,NA,NA,NA,NA,NA,NA,NA,2016,1993-12-13,NA,NA,NA,NA
"Aaron Burbridge","SF","WR","12662","weighted",NA,NA,NA,NA,NA,NA,0,NA,0,NA,0,NA,0,NA,0,NA,0,NA,0,NA,NA,NA,NA,NA,NA,NA,NA,NA,NA,NA,NA,NA,NA,NA,NA,NA,NA,NA,NA,NA,NA,NA,NA,NA,NA,NA,NA,NA,NA,NA,NA,NA,2016,1993-12-23,NA,NA,NA,NA
"Demarcus Ayers","CHI","WR","12670","weighted",NA,NA,NA,NA,NA,NA,0,NA,0,NA,0,NA,0,NA,0,NA,0,NA,0,NA,NA,NA,NA,NA,NA,NA,NA,NA,NA,NA,NA,NA,NA,NA,NA,NA,NA,NA,NA,NA,NA,NA,NA,NA,NA,NA,NA,NA,NA,NA,NA,NA,2016,1994-07-07,NA,NA,NA,NA
"Ricardo Louis","CLE","WR","12777","weighted",NA,NA,NA,NA,NA,NA,0,NA,0,NA,0,NA,0,NA,0,NA,0,NA,0,NA,NA,NA,NA,NA,NA,NA,NA,NA,NA,NA,NA,NA,NA,NA,NA,NA,NA,NA,NA,NA,NA,NA,NA,NA,NA,NA,NA,NA,NA,NA,NA,NA,2016,NA,"IR","Neck",2018,0
"Daniel Braverman","KC","WR","12672","weighted",NA,NA,NA,NA,NA,NA,0,NA,0,NA,0,NA,0,NA,0,NA,0,NA,0,NA,NA,NA,NA,NA,NA,NA,NA,NA,NA,NA,NA,NA,NA,NA,NA,NA,NA,NA,NA,NA,NA,NA,NA,NA,NA,NA,NA,NA,NA,NA,NA,NA,2016,1993-09-28,NA,NA,NA,NA
"Devin Lucien","NE","WR","12839","weighted",NA,NA,NA,NA,NA,NA,0,NA,0,NA,0,NA,0,NA,0,NA,0,NA,0,NA,NA,NA,NA,NA,NA,NA,NA,NA,NA,NA,NA,NA,NA,NA,NA,NA,NA,NA,NA,NA,NA,NA,NA,NA,NA,NA,NA,NA,NA,NA,NA,NA,2016,1993-06-26,NA,NA,NA,NA
"Devin Fuller","ATL","WR","12847","weighted",NA,NA,NA,NA,NA,NA,0,NA,0,NA,0,NA,0,NA,0,NA,0,NA,0,NA,NA,NA,NA,NA,NA,NA,NA,NA,NA,NA,NA,NA,NA,NA,NA,NA,NA,NA,NA,NA,NA,NA,NA,NA,NA,NA,NA,NA,NA,NA,NA,NA,2016,1994-01-29,NA,NA,NA,NA
"Roger Lewis","NYG","WR","12649","weighted",NA,NA,NA,NA,NA,NA,0,NA,0,NA,0,NA,0,NA,0,NA,0,NA,0,NA,NA,NA,NA,NA,NA,NA,NA,NA,NA,NA,NA,NA,NA,NA,NA,NA,NA,NA,NA,NA,NA,NA,NA,NA,NA,NA,NA,NA,NA,NA,NA,NA,2016,1993-11-27,NA,NA,NA,NA
"Jalin Marshall","NYJ","WR","12653","weighted",NA,NA,NA,NA,NA,NA,0,NA,0,NA,0,NA,0,NA,0,NA,0,NA,0,NA,NA,NA,NA,NA,NA,NA,NA,NA,NA,NA,NA,NA,NA,NA,NA,NA,NA,NA,NA,NA,NA,NA,NA,NA,NA,NA,NA,NA,NA,NA,NA,NA,2016,NA,NA,NA,NA,NA
"Darius Powe","NYG","WR","12922","weighted",NA,NA,NA,NA,NA,NA,0,NA,0,NA,0,NA,0,NA,0,NA,0,NA,0,NA,NA,NA,NA,NA,NA,NA,NA,NA,NA,NA,NA,NA,NA,NA,NA,NA,NA,NA,NA,NA,NA,NA,NA,NA,NA,NA,NA,NA,NA,NA,NA,NA,2016,1994-03-15,"Q","Foot",2018,0
"Rashawn Scott","MIA","WR","12896","weighted",NA,NA,NA,NA,NA,NA,0,NA,0,NA,0,NA,0,NA,0,NA,0,NA,0,NA,NA,NA,NA,NA,NA,NA,NA,NA,NA,NA,NA,NA,NA,NA,NA,NA,NA,NA,NA,NA,NA,NA,NA,NA,NA,NA,NA,NA,NA,NA,NA,NA,2016,1992-01-29,"Q","Ankle",2018,0
"Nelson Spruce","FA","WR","12881","weighted",NA,NA,NA,NA,NA,NA,0,NA,0,NA,0,NA,0,NA,0,NA,0,NA,0,NA,NA,NA,NA,NA,NA,NA,NA,NA,NA,NA,NA,NA,NA,NA,NA,NA,NA,NA,NA,NA,NA,NA,NA,NA,NA,NA,NA,NA,NA,NA,NA,NA,2016,1992-12-05,NA,NA,NA,NA
"Max McCaffrey","SF","WR","12900","weighted",NA,NA,NA,NA,NA,NA,0,NA,0,NA,0,NA,0,NA,0,NA,0,NA,0,NA,NA,NA,NA,NA,NA,NA,NA,NA,NA,NA,NA,NA,NA,NA,NA,NA,NA,NA,NA,NA,NA,NA,NA,NA,NA,NA,NA,NA,NA,NA,NA,NA,2016,1994-05-17,NA,NA,NA,NA
"Dom Williams","PHI","WR","12933","weighted",NA,NA,NA,NA,NA,NA,0,NA,0,NA,0,NA,0,NA,0,NA,0,NA,0,NA,NA,NA,NA,NA,NA,NA,NA,NA,NA,NA,NA,NA,NA,NA,NA,NA,NA,NA,NA,NA,NA,NA,NA,NA,NA,NA,NA,NA,NA,NA,NA,NA,2016,1990-09-02,NA,NA,NA,NA
"Byron Marshall","WAS","WR","12864","weighted",NA,NA,NA,NA,NA,NA,0,NA,0,NA,0,NA,NA,NA,NA,NA,0,NA,0,NA,NA,NA,NA,NA,NA,NA,NA,NA,NA,NA,NA,NA,NA,NA,NA,NA,NA,NA,NA,NA,NA,NA,NA,NA,NA,NA,NA,NA,NA,NA,NA,NA,2016,1994-02-13,NA,NA,NA,NA
"Jehu Chesson","KC","WR","13169","weighted",NA,NA,NA,NA,NA,NA,0,NA,0,NA,0,NA,0,NA,0,NA,0,NA,0,NA,NA,NA,NA,NA,NA,NA,NA,NA,NA,NA,NA,NA,NA,NA,NA,NA,NA,NA,NA,NA,NA,NA,NA,NA,NA,NA,NA,NA,NA,NA,NA,NA,2017,1993-12-29,NA,NA,NA,NA
"DeAngelo Yancey","GB","WR","13187","weighted",NA,NA,NA,NA,NA,NA,0,NA,0,NA,0,NA,0,NA,0,NA,0,NA,0,NA,NA,NA,NA,NA,NA,NA,NA,NA,NA,NA,NA,NA,NA,NA,NA,NA,NA,NA,NA,NA,NA,NA,NA,NA,NA,NA,NA,NA,NA,NA,NA,NA,2017,1994-11-18,NA,NA,NA,NA
"Isaiah Ford","MIA","WR","13162","weighted",NA,NA,NA,NA,NA,NA,0,NA,0,NA,0,NA,0,NA,0,NA,0,NA,0,NA,NA,NA,NA,NA,NA,NA,NA,NA,NA,NA,NA,NA,NA,NA,NA,NA,NA,NA,NA,NA,NA,NA,NA,NA,NA,NA,NA,NA,NA,NA,NA,NA,2017,1996-02-09,NA,NA,NA,NA
"Malachi Dupre","BUF","WR","13160","weighted",NA,NA,NA,NA,NA,NA,0,NA,0,NA,0,NA,0,NA,0,NA,0,NA,0,NA,NA,NA,NA,NA,NA,NA,NA,NA,NA,NA,NA,NA,NA,NA,NA,NA,NA,NA,NA,NA,NA,NA,NA,NA,NA,NA,NA,NA,NA,NA,NA,NA,2017,1995-10-12,NA,NA,NA,NA
"Robert Davis","WAS","WR","13238","weighted",NA,NA,NA,NA,NA,NA,0,NA,0,NA,0,NA,0,NA,0,NA,0,NA,0,NA,NA,NA,NA,NA,NA,NA,NA,NA,NA,NA,NA,NA,NA,NA,NA,NA,NA,NA,NA,NA,NA,NA,NA,NA,NA,NA,NA,NA,NA,NA,NA,NA,2017,1995-04-02,"IR","Knee",2018,0
"JoJo Natson","LAR","WR","13529","weighted",NA,NA,NA,NA,NA,NA,0,NA,0,NA,0,NA,0,NA,0,NA,0,NA,0,NA,NA,NA,NA,NA,NA,NA,NA,NA,NA,NA,NA,NA,NA,NA,NA,NA,NA,NA,NA,NA,NA,NA,NA,NA,NA,NA,NA,NA,NA,NA,NA,NA,2016,1994-02-01,NA,NA,NA,NA
"Tim White","BAL","WR","13398","weighted",NA,NA,NA,NA,NA,NA,0,NA,0,NA,0,NA,0,NA,0,NA,0,NA,0,NA,NA,NA,NA,NA,NA,NA,NA,NA,NA,NA,NA,NA,NA,NA,NA,NA,NA,NA,NA,NA,NA,NA,NA,NA,NA,NA,NA,NA,NA,NA,NA,NA,2017,1994-07-15,NA,NA,NA,NA
"Isaac Whitney","OAK","WR","13545","weighted",NA,NA,NA,NA,NA,NA,0,NA,0,NA,0,NA,0,NA,0,NA,0,NA,0,NA,NA,NA,NA,NA,NA,NA,NA,NA,NA,NA,NA,NA,NA,NA,NA,NA,NA,NA,NA,NA,NA,NA,NA,NA,NA,NA,NA,NA,NA,NA,NA,NA,2017,1994-06-22,NA,NA,NA,NA
"Damoreea Stringfellow","SEA","WR","13413","weighted",NA,NA,NA,NA,NA,NA,0,NA,0,NA,0,NA,0,NA,0,NA,0,NA,0,NA,NA,NA,NA,NA,NA,NA,NA,NA,NA,NA,NA,NA,NA,NA,NA,NA,NA,NA,NA,NA,NA,NA,NA,NA,NA,NA,NA,NA,NA,NA,NA,NA,2017,1994-10-18,NA,NA,NA,NA
"Carlton Agudosi","ARI","WR","13538","weighted",NA,NA,NA,NA,NA,NA,0,NA,0,NA,0,NA,0,NA,0,NA,0,NA,0,NA,NA,NA,NA,NA,NA,NA,NA,NA,NA,NA,NA,NA,NA,NA,NA,NA,NA,NA,NA,NA,NA,NA,NA,NA,NA,NA,NA,NA,NA,NA,NA,NA,2017,1994-02-01,NA,NA,NA,NA
"Tanner Gentry","CHI","WR","13372","weighted",NA,NA,NA,NA,NA,NA,0,NA,0,NA,0,NA,0,NA,0,NA,0,NA,0,NA,NA,NA,NA,NA,NA,NA,NA,NA,NA,NA,NA,NA,NA,NA,NA,NA,NA,NA,NA,NA,NA,NA,NA,NA,NA,NA,NA,NA,NA,NA,NA,NA,2017,NA,NA,NA,NA,NA
"Krishawn Hogan","IND","WR","13370","weighted",NA,NA,NA,NA,NA,NA,0,NA,0,NA,0,NA,0,NA,0,NA,0,NA,0,NA,NA,NA,NA,NA,NA,NA,NA,NA,NA,NA,NA,NA,NA,NA,NA,NA,NA,NA,NA,NA,NA,NA,NA,NA,NA,NA,NA,NA,NA,NA,NA,NA,2017,NA,NA,NA,NA,NA
"Allen Lazard","JAC","WR","13632","weighted",NA,NA,NA,NA,NA,NA,0,NA,0,NA,0,NA,0,NA,0,NA,0,NA,0,NA,NA,NA,NA,NA,NA,NA,NA,NA,NA,NA,NA,NA,NA,NA,NA,NA,NA,NA,NA,NA,NA,NA,NA,NA,NA,NA,NA,NA,NA,NA,NA,NA,2018,1995-12-11,NA,NA,NA,NA
"Marcell Ateman","OAK","WR","13647","weighted",NA,NA,NA,NA,NA,NA,0,NA,0,NA,0,NA,0,NA,0,NA,0,NA,0,NA,NA,NA,NA,NA,NA,NA,NA,NA,NA,NA,NA,NA,NA,NA,NA,NA,NA,NA,NA,NA,NA,NA,NA,NA,NA,NA,NA,NA,NA,NA,NA,NA,2018,1994-09-16,NA,NA,NA,NA
"Braxton Berrios","NE","WR","13638","weighted",NA,NA,NA,NA,NA,NA,0,NA,0,NA,0,NA,0,NA,0,NA,0,NA,0,NA,NA,NA,NA,NA,NA,NA,NA,NA,NA,NA,NA,NA,NA,NA,NA,NA,NA,NA,NA,NA,NA,NA,NA,NA,NA,NA,NA,NA,NA,NA,NA,NA,2018,1995-10-06,"IR","Undisclosed",2018,0
"Deon Cain","IND","WR","13636","weighted",NA,NA,NA,NA,NA,NA,0,NA,0,NA,0,NA,0,NA,0,NA,0,NA,0,NA,NA,NA,NA,NA,NA,NA,NA,NA,NA,NA,NA,NA,NA,NA,NA,NA,NA,NA,NA,NA,NA,NA,NA,NA,NA,NA,NA,NA,NA,NA,NA,NA,2018,1996-08-09,"IR","Knee - ACL",2018,0
"Dylan Cantrell","LAC","WR","13807","weighted",NA,NA,NA,NA,NA,NA,0,NA,0,NA,0,NA,0,NA,0,NA,0,NA,0,NA,NA,NA,NA,NA,NA,NA,NA,NA,NA,NA,NA,NA,NA,NA,NA,NA,NA,NA,NA,NA,NA,NA,NA,NA,NA,NA,NA,NA,NA,NA,NA,NA,2018,1994-06-29,NA,NA,NA,NA
"Austin Proehl","BUF","WR","13650","weighted",NA,NA,NA,NA,NA,NA,0,NA,0,NA,0,NA,0,NA,0,NA,0,NA,0,NA,NA,NA,NA,NA,NA,NA,NA,NA,NA,NA,NA,NA,NA,NA,NA,NA,NA,NA,NA,NA,NA,NA,NA,NA,NA,NA,NA,NA,NA,NA,NA,NA,2018,1996-06-17,NA,NA,NA,NA
"Rob Gronkowski","NE","TE","9902","weighted",NA,NA,NA,NA,NA,NA,0,0,0,0,0.22986017699115,0.129096176641308,0.544823008849557,0.142696558269338,0,0,1104.07803539823,59.7369584290483,9.35073781092547,1.52183540233229,NA,NA,NA,NA,NA,NA,NA,NA,NA,NA,NA,NA,NA,NA,NA,NA,NA,NA,NA,NA,NA,NA,NA,NA,NA,NA,NA,NA,NA,NA,NA,NA,2010,1989-05-14,NA,NA,NA,NA
"Travis Kelce","KC","TE","11244","weighted",NA,NA,NA,NA,NA,NA,3.41681415929204,2.08275477515561,0.0235221238938053,0.0342997148779876,0.32898407079646,0.159123530259513,0.460530973451327,0.169121846837734,0,0,1045.73573451327,59.5395875131572,6.83096561227449,0.504572165079411,NA,NA,NA,NA,NA,NA,NA,NA,NA,NA,NA,NA,NA,NA,NA,NA,NA,NA,NA,NA,NA,NA,NA,NA,NA,NA,NA,NA,NA,NA,NA,NA,2013,1989-10-05,NA,NA,NA,NA
"Jordan Reed","WAS","TE","11248","weighted",NA,NA,NA,NA,NA,NA,0,0,0,0,0.516005309734513,0.116195273225138,0.0449557522123894,0.0140934872364779,0,0,684.624672566372,120.32171932392,4.88417686289394,0.918153918012056,NA,NA,NA,NA,NA,NA,NA,NA,NA,NA,NA,NA,NA,NA,NA,NA,NA,NA,NA,NA,NA,NA,NA,NA,NA,NA,NA,NA,NA,NA,NA,NA,2013,1990-07-03,"IR","Foot",2018,0
"Jimmy Graham","GB","TE","9925","weighted",NA,NA,NA,NA,NA,NA,0.0447218710493047,0.0850800928570544,0,0,0.384458407079646,0.279858744462403,0.577389380530973,0.163836789124055,0,0,666.030477876106,135.108994641064,6.84995379083616,1.0129060103803,NA,NA,NA,NA,NA,NA,NA,NA,NA,NA,NA,NA,NA,NA,NA,NA,NA,NA,NA,NA,NA,NA,NA,NA,NA,NA,NA,NA,NA,NA,NA,NA,2010,1986-11-24,NA,NA,NA,NA
"Zach Ertz","PHI","TE","11247","weighted",NA,NA,NA,NA,NA,NA,0,0,0,0,0.721334513274336,0.191022847118302,0.471769911504425,0.165598475028615,0,0,863.583840707965,54.3335115310915,6.51654013818062,0.59650136758502,NA,NA,NA,NA,NA,NA,NA,NA,NA,NA,NA,NA,NA,NA,NA,NA,NA,NA,NA,NA,NA,NA,NA,NA,NA,NA,NA,NA,NA,NA,NA,NA,2013,1990-11-10,"Q","Undisclosed",2018,0
"Greg Olsen","CAR","TE","8687","weighted",NA,NA,NA,NA,NA,NA,0,0,0,0,0.334419469026549,0.139861182155377,0.0786725663716814,0.0246636026638363,0,0,815.710389380531,90.1851896781447,5.03991625859029,1.10899718974817,NA,NA,NA,NA,NA,NA,NA,NA,NA,NA,NA,NA,NA,NA,NA,NA,NA,NA,NA,NA,NA,NA,NA,NA,NA,NA,NA,NA,NA,NA,NA,NA,2007,1985-03-11,"IR","Foot",2018,0
"Delanie Walker","TEN","TE","8416","weighted",NA,NA,NA,NA,NA,NA,0.787970922882427,1.08190349701009,0.22353982300885,0.201745500934355,1.25681946902655,0.487082929051467,0.0505752212389381,0.0158551731410376,0,0,774.702159292036,63.3178881290593,4.8541820928942,0.827614858265452,NA,NA,NA,NA,NA,NA,NA,NA,NA,NA,NA,NA,NA,NA,NA,NA,NA,NA,NA,NA,NA,NA,NA,NA,NA,NA,NA,NA,NA,NA,NA,NA,2006,1984-08-12,"IR","Ankle",2018,0
"Evan Engram","NYG","TE","13189","weighted",NA,NA,NA,NA,NA,NA,5.06376438053097,6.05164351245338,0.00733923303834808,0.0135382315154152,0.270033628318584,0.151479405437433,0.0280973451327434,0.00880842952279867,0,0,774.618884955752,51.2972670323187,5.36632461800178,0.527786278658205,NA,NA,NA,NA,NA,NA,NA,NA,NA,NA,NA,NA,NA,NA,NA,NA,NA,NA,NA,NA,NA,NA,NA,NA,NA,NA,NA,NA,NA,NA,NA,NA,2017,1994-09-02,NA,NA,NA,NA
"Kyle Rudolph","MIN","TE","10312","weighted",NA,NA,NA,NA,NA,NA,0,0,0.00366961651917404,0.00676911575770761,0.182653097345133,0.100446291618464,0.0505752212389381,0.0158551731410376,0,0,633.252920353982,100.231628171763,6.48470684622195,1.0846549813031,NA,NA,NA,NA,NA,NA,NA,NA,NA,NA,NA,NA,NA,NA,NA,NA,NA,NA,NA,NA,NA,NA,NA,NA,NA,NA,NA,NA,NA,NA,NA,NA,2011,1989-11-09,NA,NA,NA,NA
"Trey Burton","CHI","TE","11705","weighted",NA,NA,NA,NA,NA,NA,0,0,0.00183480825958702,0.0033845578788538,0.197578761061947,0.100446157987891,0.0674336283185841,0.0211402308547168,0,0,645.124230088496,90.1410216873044,5.08477170770797,1.15589134597419,NA,NA,NA,NA,NA,NA,NA,NA,NA,NA,NA,NA,NA,NA,NA,NA,NA,NA,NA,NA,NA,NA,NA,NA,NA,NA,NA,NA,NA,NA,NA,NA,2014,1991-10-29,"Q","Groin",2018,0
"George Kittle","SF","TE","13299","weighted",NA,NA,NA,NA,NA,NA,0.00619911504424779,0.0137794768426709,0.00366961651917404,0.00676911575770761,0.240235398230088,0.12790947576612,0.016858407079646,0.0052850577136792,0,0,610.051238938053,91.9800615261128,4.44972962657296,0.831639181805487,NA,NA,NA,NA,NA,NA,NA,NA,NA,NA,NA,NA,NA,NA,NA,NA,NA,NA,NA,NA,NA,NA,NA,NA,NA,NA,NA,NA,NA,NA,NA,NA,2017,1993-10-09,NA,NA,NA,NA
"Eric Ebron","IND","TE","11695","weighted",NA,NA,NA,NA,NA,NA,-0.0976342182890856,0.176523294454961,0.0618761061946903,0.100964328416489,0.676522123893806,0.213777239285231,0.0505752212389381,0.0158551731410376,0,0,555.706265486726,116.367812036605,3.95839670626061,0.611595537376107,NA,NA,NA,NA,NA,NA,NA,NA,NA,NA,NA,NA,NA,NA,NA,NA,NA,NA,NA,NA,NA,NA,NA,NA,NA,NA,NA,NA,NA,NA,NA,NA,2014,1993-04-10,NA,NA,NA,NA
"David Njoku","CLE","TE","13192","weighted",NA,NA,NA,NA,NA,NA,0.704967920353982,0.852891360203611,0.00550442477876106,0.0101536736365614,0.255603539823009,0.137254969676836,0.0505752212389381,0.0158551731410376,0,0,575.987946902655,96.2343779085886,4.41715195956976,1.21596052262147,NA,NA,NA,NA,NA,NA,NA,NA,NA,NA,NA,NA,NA,NA,NA,NA,NA,NA,NA,NA,NA,NA,NA,NA,NA,NA,NA,NA,NA,NA,NA,NA,2017,1996-07-10,NA,NA,NA,NA
"Hunter Henry","LAC","TE","12676","weighted",NA,NA,NA,NA,NA,NA,0,0,0,0,0,0,0,0,0,0,222.128985507246,336.597189471974,2.50932971014493,2.94351693198575,NA,NA,NA,NA,NA,NA,NA,NA,NA,NA,NA,NA,NA,NA,NA,NA,NA,NA,NA,NA,NA,NA,NA,NA,NA,NA,NA,NA,NA,NA,NA,NA,2016,1994-12-07,"Q","Knee - ACL",2018,0
"Jack Doyle","IND","TE","11516","weighted",NA,NA,NA,NA,NA,NA,0,0,0.00366961651917404,0.00676911575770761,0.947223008849558,0.534892384229127,0.0449557522123894,0.0140934872364779,0,0,636.595663716814,65.9248780322011,4.71815603834246,0.788087649341193,NA,NA,NA,NA,NA,NA,NA,NA,NA,NA,NA,NA,NA,NA,NA,NA,NA,NA,NA,NA,NA,NA,NA,NA,NA,NA,NA,NA,NA,NA,NA,NA,2013,1990-05-05,"IR","Torso",2018,0
"Ricky Seals-Jones","ARI","TE","13382","weighted",NA,NA,NA,NA,NA,NA,0.179968553459119,0.351278075481286,0.00742138364779874,0.0144856938342798,0.252631578947368,0.144295250013214,0.0455610724925521,0.0149515820658715,0,0,543.985441906654,119.499732026424,4.60527162672595,0.954631775239716,NA,NA,NA,NA,NA,NA,NA,NA,NA,NA,NA,NA,NA,NA,NA,NA,NA,NA,NA,NA,NA,NA,NA,NA,NA,NA,NA,NA,NA,NA,NA,NA,2017,1995-03-15,"Q","Neck",2018,0
"Hayden Hurst","BAL","TE","13680","weighted",NA,NA,NA,NA,NA,NA,0,0,0.00366961651917404,0.00676911575770761,0.182679646017699,0.090498680809536,0.00561946902654867,0.00176168590455973,0,0,440.84014159292,126.575287268467,2.83634177264432,0.915126185786405,NA,NA,NA,NA,NA,NA,NA,NA,NA,NA,NA,NA,NA,NA,NA,NA,NA,NA,NA,NA,NA,NA,NA,NA,NA,NA,NA,NA,NA,NA,NA,NA,2018,1993-08-24,NA,NA,NA,NA
"Vance McDonald","PIT","TE","11257","weighted",NA,NA,NA,NA,NA,NA,0.00938790560471976,0.0169733936975924,0,0,0.174787610619469,0.0940764813172468,0.0280973451327434,0.00880842952279867,0,0,562.591274336283,89.6630447960137,3.92729461066238,0.850485103901494,NA,NA,NA,NA,NA,NA,NA,NA,NA,NA,NA,NA,NA,NA,NA,NA,NA,NA,NA,NA,NA,NA,NA,NA,NA,NA,NA,NA,NA,NA,NA,NA,2013,1990-06-13,NA,NA,NA,NA
"Jared Cook","OAK","TE","9474","weighted",NA,NA,NA,NA,NA,NA,0,0,0,0,0.737738053097345,0.290562623428804,0.0449557522123894,0.0140934872364779,0,0,617.093946902655,69.4637400287905,3.51233332514473,0.879464773852152,NA,NA,NA,NA,NA,NA,NA,NA,NA,NA,NA,NA,NA,NA,NA,NA,NA,NA,NA,NA,NA,NA,NA,NA,NA,NA,NA,NA,NA,NA,NA,NA,2009,1987-04-07,NA,NA,NA,NA
"Tyler Eifert","CIN","TE","11250","weighted",NA,NA,NA,NA,NA,NA,0,0,0,0,0.220369911504425,0.116468346624137,0.033716814159292,0.0105701154273584,0,0,529.997380530973,87.4442914687617,5.51865820849577,1.30354626757387,NA,NA,NA,NA,NA,NA,NA,NA,NA,NA,NA,NA,NA,NA,NA,NA,NA,NA,NA,NA,NA,NA,NA,NA,NA,NA,NA,NA,NA,NA,NA,NA,2013,1990-09-08,"IR","Ankle",2018,0
"O.J. Howard","TB","TE","13188","weighted",NA,NA,NA,NA,NA,NA,0.0733324905183312,0.158306098720006,0.00366961651917404,0.00676911575770761,1.50305132743363,0.850534674560681,0.471769911504425,0.165598475028615,0,0,529.246477876106,76.9682890029005,4.65009028237622,1.49589285874825,NA,NA,NA,NA,NA,NA,NA,NA,NA,NA,NA,NA,NA,NA,NA,NA,NA,NA,NA,NA,NA,NA,NA,NA,NA,NA,NA,NA,NA,NA,NA,NA,2017,1994-11-19,"IR","Ankle",2018,0
"Vernon Davis","WAS","TE","8247","weighted",NA,NA,NA,NA,NA,NA,0,0,0,0,1.13434159292035,0.737081377874366,0.0505752212389381,0.0158551731410376,0,0,460.314495575221,128.771158141484,2.67747121882823,0.453940251167596,NA,NA,NA,NA,NA,NA,NA,NA,NA,NA,NA,NA,NA,NA,NA,NA,NA,NA,NA,NA,NA,NA,NA,NA,NA,NA,NA,NA,NA,NA,NA,NA,2006,1984-01-31,"Q","Concussion",2018,0
"Charles Clay","BUF","TE","10409","weighted",NA,NA,NA,NA,NA,NA,0,0,0,0,0.262230088495575,0.0617613080289937,0.0449557522123894,0.0140934872364779,0,0,585.202460176991,54.2564575678303,3.14440439018399,0.677264882623067,NA,NA,NA,NA,NA,NA,NA,NA,NA,NA,NA,NA,NA,NA,NA,NA,NA,NA,NA,NA,NA,NA,NA,NA,NA,NA,NA,NA,NA,NA,NA,NA,2011,1989-02-13,NA,NA,NA,NA
"Mike Gesicki","MIA","TE","13672","weighted",NA,NA,NA,NA,NA,NA,0.159418457648546,0.344143692869579,0.00550442477876106,0.0101536736365614,0.220812389380531,0.136435911961549,0.0280973451327434,0.00880842952279867,0,0,447.918654867257,111.872084838671,3.6302351308278,1.33089032556763,NA,NA,NA,NA,NA,NA,NA,NA,NA,NA,NA,NA,NA,NA,NA,NA,NA,NA,NA,NA,NA,NA,NA,NA,NA,NA,NA,NA,NA,NA,NA,NA,2018,1995-10-03,NA,NA,NA,NA
"Benjamin Watson","NO","TE","7422","weighted",NA,NA,NA,NA,NA,NA,0,0,0,0,0.160304424778761,0.0869765419801061,0.0561946902654867,0.0176168590455973,0,0,489.980088495575,77.7661739787224,3.91123707159457,0.917764181230028,NA,NA,NA,NA,NA,NA,NA,NA,NA,NA,NA,NA,NA,NA,NA,NA,NA,NA,NA,NA,NA,NA,NA,NA,NA,NA,NA,NA,NA,NA,NA,NA,2004,1980-12-18,"Q","Appendix",2018,0
"Austin Seferian-Jenkins","JAC","TE","11697","weighted",NA,NA,NA,NA,NA,NA,0,0,0.00183480825958702,0.0033845578788538,0.667146902654867,0.22951023455921,0.0449557522123894,0.0140934872364779,0,0,509.805079646018,65.0308180374271,3.86534929213279,1.2273106209188,NA,NA,NA,NA,NA,NA,NA,NA,NA,NA,NA,NA,NA,NA,NA,NA,NA,NA,NA,NA,NA,NA,NA,NA,NA,NA,NA,NA,NA,NA,NA,NA,2014,1992-09-29,"IR","Abdomen",2018,0
"Blake Jarwin","DAL","TE","13722","weighted",NA,NA,NA,NA,NA,NA,0.0340231213872832,0.0577410068730527,0.0090728323699422,0.0153976018328141,0.243768786127168,0.160898320926786,0.0348554913294798,0.0121082193292837,0,0,327.546589595376,165.352086220972,2.22323804070313,1.2399675847374,NA,NA,NA,NA,NA,NA,NA,NA,NA,NA,NA,NA,NA,NA,NA,NA,NA,NA,NA,NA,NA,NA,NA,NA,NA,NA,NA,NA,NA,NA,NA,NA,2017,1994-07-16,NA,NA,NA,NA
"Cameron Brate","TB","TE","12110","weighted",NA,NA,NA,NA,NA,NA,0,0,0,0,0.277837168141593,0.0670258479450412,0.0280973451327434,0.00880842952279867,0,0,529.403646017699,81.8309734362205,4.25707631493875,0.847884898919973,NA,NA,NA,NA,NA,NA,NA,NA,NA,NA,NA,NA,NA,NA,NA,NA,NA,NA,NA,NA,NA,NA,NA,NA,NA,NA,NA,NA,NA,NA,NA,NA,2014,1991-07-03,"Q","Hip",2018,0
"Austin Hooper","ATL","TE","12677","weighted",NA,NA,NA,NA,NA,NA,0.0733324905183312,0.158306098720006,0.00550442477876106,0.0101536736365614,0.157378761061947,0.0902258870943572,0.0449557522123894,0.0140934872364779,0,0,486.771433628319,74.0606691065075,3.63949991625159,0.705512969721407,NA,NA,NA,NA,NA,NA,NA,NA,NA,NA,NA,NA,NA,NA,NA,NA,NA,NA,NA,NA,NA,NA,NA,NA,NA,NA,NA,NA,NA,NA,NA,NA,2016,1994-10-29,NA,NA,NA,NA
"Jordan Akins","HOU","TE","13753","weighted",NA,NA,NA,NA,NA,NA,0,0,0.00893927125506073,0.0142129461577542,0.236210526315789,0.181219984073409,0,0,0,0,290.055566801619,156.817813158051,1.75710790397787,1.08769205928333,NA,NA,NA,NA,NA,NA,NA,NA,NA,NA,NA,NA,NA,NA,NA,NA,NA,NA,NA,NA,NA,NA,NA,NA,NA,NA,NA,NA,NA,NA,NA,NA,2018,1992-04-19,NA,NA,NA,NA
"Neal Sterling","NYJ","TE","12363","weighted",NA,NA,NA,NA,NA,NA,0,0,0,0,0.0502094972067039,0.0354075887396393,0,0,0,0,156.679944134078,224.349774165158,0.191983240223464,0.178669214603676,NA,NA,NA,NA,NA,NA,NA,NA,NA,NA,NA,NA,NA,NA,NA,NA,NA,NA,NA,NA,NA,NA,NA,NA,NA,NA,NA,NA,NA,NA,NA,NA,NA,NA,"IR","Concussion",2018,0
"Jake Butt","DEN","TE","13190","weighted",NA,NA,NA,NA,NA,NA,0.192896333754741,0.416413868372191,0.00183480825958702,0.0033845578788538,0.270918584070796,0.165463390869758,0.0449557522123894,0.0140934872364779,0,0,331.231398230089,130.759454032579,2.30208395916798,1.14347960766544,NA,NA,NA,NA,NA,NA,NA,NA,NA,NA,NA,NA,NA,NA,NA,NA,NA,NA,NA,NA,NA,NA,NA,NA,NA,NA,NA,NA,NA,NA,NA,NA,2017,1995-07-11,"IR","Knee",2018,0
"Lee Smith","OAK","TE","10398","weighted",NA,NA,NA,NA,NA,NA,0,0,0,0,0.060334,0.0318968895040713,0.0285,0.00937341146203514,0,0,134.49672,182.166271018033,0.75274,1.37613081110941,NA,NA,NA,NA,NA,NA,NA,NA,NA,NA,NA,NA,NA,NA,NA,NA,NA,NA,NA,NA,NA,NA,NA,NA,NA,NA,NA,NA,NA,NA,NA,NA,2011,1987-11-21,NA,NA,NA,NA
"Dalton Schultz","DAL","TE","13772","weighted",NA,NA,NA,NA,NA,NA,0.43831914893617,0.73245580227528,0.0142434988179669,0.0185205462781169,0.307792553191489,0.107567373754901,0.0407919621749409,0.0142578057385778,0,0,162.118912529551,193.389141581693,1.02998123992981,1.22589684885726,NA,NA,NA,NA,NA,NA,NA,NA,NA,NA,NA,NA,NA,NA,NA,NA,NA,NA,NA,NA,NA,NA,NA,NA,NA,NA,NA,NA,NA,NA,NA,NA,2018,1996-07-11,NA,NA,NA,NA
"Antonio Gates","FA","TE","7236","weighted",NA,NA,NA,NA,NA,NA,0.00536662452591656,0.0102096111428465,0,0,0.208396460176991,0.137638825633588,0.0618141592920354,0.0193785449501571,0,0,414.883292035398,94.9503228854148,4.05427661510629,1.03120921603502,NA,NA,NA,NA,NA,NA,NA,NA,NA,NA,NA,NA,NA,NA,NA,NA,NA,NA,NA,NA,NA,NA,NA,NA,NA,NA,NA,NA,NA,NA,NA,NA,2003,1980-06-18,NA,NA,NA,NA
"Luke Willson","DET","TE","11381","weighted",NA,NA,NA,NA,NA,NA,0,0,0.00366961651917404,0.00676911575770761,0.365607079646018,0.14095859359185,0.033716814159292,0.0105701154273584,0,0,321.005646017699,66.2657620230048,3.07314468641506,0.972562785420053,NA,NA,NA,NA,NA,NA,NA,NA,NA,NA,NA,NA,NA,NA,NA,NA,NA,NA,NA,NA,NA,NA,NA,NA,NA,NA,NA,NA,NA,NA,NA,NA,2013,1990-01-15,"Q","Concussion",2018,0
"Nick Vannett","SEA","TE","12680","weighted",NA,NA,NA,NA,NA,NA,0,0,0.00366961651917404,0.00676911575770761,0.227881415929204,0.0450857229099788,0.033716814159292,0.0105701154273584,0,0,328.733486725664,131.978990414707,3.36859833476175,2.05364077898879,NA,NA,NA,NA,NA,NA,NA,NA,NA,NA,NA,NA,NA,NA,NA,NA,NA,NA,NA,NA,NA,NA,NA,NA,NA,NA,NA,NA,NA,NA,NA,NA,2016,1993-03-06,NA,NA,NA,NA
"Dallas Goedert","PHI","TE","13674","weighted",NA,NA,NA,NA,NA,NA,0.0526080910240202,0.113567418646961,0.00550442477876106,0.0101536736365614,0.251053097345133,0.165056645132365,0.016858407079646,0.0052850577136792,0,0,297.522247787611,106.38276981036,2.47082429223316,0.984731895226347,NA,NA,NA,NA,NA,NA,NA,NA,NA,NA,NA,NA,NA,NA,NA,NA,NA,NA,NA,NA,NA,NA,NA,NA,NA,NA,NA,NA,NA,NA,NA,NA,2018,1995-01-03,NA,NA,NA,NA
"Gerald Everett","LAR","TE","13236","weighted",NA,NA,NA,NA,NA,NA,4.02390771175727,5.27226253883755,0.0110088495575221,0.0203073472731228,0.813207079646018,0.372856416928105,0.0280973451327434,0.00880842952279867,0,0,263.051646017699,123.866684404542,2.21890243793194,1.00143064843755,NA,NA,NA,NA,NA,NA,NA,NA,NA,NA,NA,NA,NA,NA,NA,NA,NA,NA,NA,NA,NA,NA,NA,NA,NA,NA,NA,NA,NA,NA,NA,NA,2017,1994-06-25,NA,NA,NA,NA
"Jeff Heuerman","DEN","TE","12208","weighted",NA,NA,NA,NA,NA,NA,0,0,0,0,0.334186,0.129580159615536,0.0399,0.0131227760468492,0,0,288.779,123.336869619089,2.15864,1.12636386739468,NA,NA,NA,NA,NA,NA,NA,NA,NA,NA,NA,NA,NA,NA,NA,NA,NA,NA,NA,NA,NA,NA,NA,NA,NA,NA,NA,NA,NA,NA,NA,NA,2015,1992-11-24,"IR","Ribs",2018,0
"Garrett Celek","SF","TE","11007","weighted",NA,NA,NA,NA,NA,NA,0,0,0,0,0.299618,0.117567704210387,0.0228,0.00749872916962811,0,0,304.06742,94.5207359031139,2.804,1.26488577203246,NA,NA,NA,NA,NA,NA,NA,NA,NA,NA,NA,NA,NA,NA,NA,NA,NA,NA,NA,NA,NA,NA,NA,NA,NA,NA,NA,NA,NA,NA,NA,NA,2012,1988-05-29,"Q","Thumb",2018,0
"Geoff Swaim","DAL","TE","12378","weighted",NA,NA,NA,NA,NA,NA,0,0,0.00564994298745724,0.0118030391796725,0.315279361459521,0.164329972204037,0.0405872291904219,0.0140452551244497,0,0,199.821801596351,148.946531417587,1.80935005701254,1.18276506773643,NA,NA,NA,NA,NA,NA,NA,NA,NA,NA,NA,NA,NA,NA,NA,NA,NA,NA,NA,NA,NA,NA,NA,NA,NA,NA,NA,NA,NA,NA,NA,NA,NA,NA,"IR","Wrist",2018,0
"Ryan Griffin","HOU","TE","11399","weighted",NA,NA,NA,NA,NA,NA,0,0,0.00371333333333333,0.00726909915586965,0.693292,0.335669646044457,0.0342,0.0112480937544422,0,0,407.79654,67.2005242189246,2.56364,0.536340713394734,NA,NA,NA,NA,NA,NA,NA,NA,NA,NA,NA,NA,NA,NA,NA,NA,NA,NA,NA,NA,NA,NA,NA,NA,NA,NA,NA,NA,NA,NA,NA,NA,2013,1990-01-11,NA,NA,NA,NA
"Ed Dickson","SEA","TE","9912","weighted",NA,NA,NA,NA,NA,NA,0,0,0,0,0.0836918604651163,0.0647281762301356,0,0,0,0,229.169790697674,131.753620493602,2.05548837209302,1.36009837165521,NA,NA,NA,NA,NA,NA,NA,NA,NA,NA,NA,NA,NA,NA,NA,NA,NA,NA,NA,NA,NA,NA,NA,NA,NA,NA,NA,NA,NA,NA,NA,NA,2010,1987-07-25,NA,NA,NA,NA
"Tyler Kroft","CIN","TE","12212","weighted",NA,NA,NA,NA,NA,NA,0,0,0.00183480825958702,0.0033845578788538,0.178155752212389,0.108894215476618,0.033716814159292,0.0105701154273584,0,0,262.957026548673,89.6434123055085,2.66566331251109,1.05626774507842,NA,NA,NA,NA,NA,NA,NA,NA,NA,NA,NA,NA,NA,NA,NA,NA,NA,NA,NA,NA,NA,NA,NA,NA,NA,NA,NA,NA,NA,NA,NA,NA,2015,1992-10-15,"IR","Foot",2018,0
"Jesse James","PIT","TE","12211","weighted",NA,NA,NA,NA,NA,NA,0.0988394437420986,0.213369089579139,0.00366961651917404,0.00676911575770761,0.120130973451327,0.0594163680892153,0.0505752212389381,0.0158551731410376,0,0,271.935911504425,76.3340610364455,1.74631688983713,0.649208403293157,NA,NA,NA,NA,NA,NA,NA,NA,NA,NA,NA,NA,NA,NA,NA,NA,NA,NA,NA,NA,NA,NA,NA,NA,NA,NA,NA,NA,NA,NA,NA,NA,2015,1994-06-04,NA,NA,NA,NA
"Tyler Higbee","LAR","TE","12678","weighted",NA,NA,NA,NA,NA,NA,0,0,0.00550442477876106,0.0101536736365614,0.260870796460177,0.0987675747627995,0.0280973451327434,0.00880842952279867,0,0,322.475044247788,54.7097859026778,2.25821935981093,0.500143990387857,NA,NA,NA,NA,NA,NA,NA,NA,NA,NA,NA,NA,NA,NA,NA,NA,NA,NA,NA,NA,NA,NA,NA,NA,NA,NA,NA,NA,NA,NA,NA,NA,2016,1993-01-01,NA,NA,NA,NA
"Seth DeValve","CLE","TE","12792","weighted",NA,NA,NA,NA,NA,NA,0,0,0.00185666666666667,0.00363454957793482,0.234092,0.0741015794300924,0.0285,0.00937341146203514,0,0,200.26634,117.83844733481,1.45488,1.24250316411865,NA,NA,NA,NA,NA,NA,NA,NA,NA,NA,NA,NA,NA,NA,NA,NA,NA,NA,NA,NA,NA,NA,NA,NA,NA,NA,NA,NA,NA,NA,NA,NA,2016,1993-01-29,NA,NA,NA,NA
"Chris Herndon","NYJ","TE","13679","weighted",NA,NA,NA,NA,NA,NA,0.572829787234043,0.957230598740709,0.00854609929078014,0.0111123277668701,0.277949172576832,0.113700906868454,0.0407919621749409,0.0142578057385778,0,0,278.134278959811,117.263143573168,1.84167152896668,0.768638616181972,NA,NA,NA,NA,NA,NA,NA,NA,NA,NA,NA,NA,NA,NA,NA,NA,NA,NA,NA,NA,NA,NA,NA,NA,NA,NA,NA,NA,NA,NA,NA,NA,2018,NA,NA,NA,NA,NA
"Jordan Leggett","NYJ","TE","13195","weighted",NA,NA,NA,NA,NA,NA,0.219737142857143,0.502611347339572,0.00557,0.0109036487338045,0.199824,0.150178732748105,0.0399,0.0131227760468492,0,0,179.85826,121.126660212744,1.25016,1.20673164066672,NA,NA,NA,NA,NA,NA,NA,NA,NA,NA,NA,NA,NA,NA,NA,NA,NA,NA,NA,NA,NA,NA,NA,NA,NA,NA,NA,NA,NA,NA,NA,NA,2017,1995-01-31,NA,NA,NA,NA
"Mark Andrews","BAL","TE","13671","weighted",NA,NA,NA,NA,NA,NA,0.351909476661952,0.554668368769816,0.00698444130127299,0.0130336797901408,0.181782178217822,0.0779034971872176,0.029950495049505,0.0111469406764442,0,0,165.647666195191,112.921694794285,0.90990099009901,0.586468137286685,NA,NA,NA,NA,NA,NA,NA,NA,NA,NA,NA,NA,NA,NA,NA,NA,NA,NA,NA,NA,NA,NA,NA,NA,NA,NA,NA,NA,NA,NA,NA,NA,2018,1995-09-06,NA,NA,NA,NA
"Erik Swoope","IND","TE","11904","weighted",NA,NA,NA,NA,NA,NA,0,0,0.00557,0.0109036487338045,0.065426,0.0352803856207655,0.0399,0.0131227760468492,0,0,137.8203,115.896213186072,0.86174,0.914099655227375,NA,NA,NA,NA,NA,NA,NA,NA,NA,NA,NA,NA,NA,NA,NA,NA,NA,NA,NA,NA,NA,NA,NA,NA,NA,NA,NA,NA,NA,NA,NA,NA,2014,1992-05-08,NA,NA,NA,NA
"Jaylen Samuels","PIT","TE","13613","weighted",NA,NA,NA,NA,NA,NA,NA,NA,NA,NA,NA,NA,NA,NA,NA,NA,NA,NA,NA,NA,NA,NA,NA,NA,NA,NA,NA,NA,NA,NA,NA,NA,NA,NA,NA,NA,NA,NA,NA,NA,NA,NA,NA,NA,NA,NA,NA,NA,NA,NA,NA,NA,2018,1996-07-20,NA,NA,NA,NA
"A.J. Derby","MIA","TE","12351","weighted",NA,NA,NA,NA,NA,NA,0.6858,1.31221459178147,0,0,0.366014,0.108442134672989,0.0228,0.00749872916962811,0,0,173.40346,129.79481474488,1.27472,0.87440720536132,NA,NA,NA,NA,NA,NA,NA,NA,NA,NA,NA,NA,NA,NA,NA,NA,NA,NA,NA,NA,NA,NA,NA,NA,NA,NA,NA,NA,NA,NA,NA,NA,2015,1991-09-20,"IR","Foot",2018,0
"Coby Fleener","FA","TE","10743","weighted",NA,NA,NA,NA,NA,NA,0,0,0,0,0,0,0,0,0,0,173.078571428571,278.6000717875,1.31785714285714,2.12132034355964,NA,NA,NA,NA,NA,NA,NA,NA,NA,NA,NA,NA,NA,NA,NA,NA,NA,NA,NA,NA,NA,NA,NA,NA,NA,NA,NA,NA,NA,NA,NA,NA,2012,1988-09-20,"Q","Concussion",2018,0
"Eric Tomlinson","NYJ","TE","13065","weighted",NA,NA,NA,NA,NA,NA,0,0,0.0018904593639576,0.00399977710312687,0.0846077738515901,0.0392294952229679,0.0291224970553592,0.0101677810702866,0,0,152.838209658422,131.766283256595,1.06223792697291,0.791954728440508,NA,NA,NA,NA,NA,NA,NA,NA,NA,NA,NA,NA,NA,NA,NA,NA,NA,NA,NA,NA,NA,NA,NA,NA,NA,NA,NA,NA,NA,NA,NA,NA,NA,NA,"IR","Foot",2018,0
"Virgil Green","LAC","TE","10432","weighted",NA,NA,NA,NA,NA,NA,0,0,0,0,0.123714,0.0894789640671573,0.0342,0.0112480937544422,0,0,215.253,75.9978999985295,1.36738,0.928590271990796,NA,NA,NA,NA,NA,NA,NA,NA,NA,NA,NA,NA,NA,NA,NA,NA,NA,NA,NA,NA,NA,NA,NA,NA,NA,NA,NA,NA,NA,NA,NA,NA,2011,1988-08-03,NA,NA,NA,NA
"Will Dissly","SEA","TE","13763","weighted",NA,NA,NA,NA,NA,NA,0.508205128205128,1.04730186608367,0.00908158508158508,0.0154630223252928,0.214379953379953,0.131967281043745,0.0465268065268065,0.0162004944755832,0,0,178.633216783217,85.8021828954368,1.4509324009324,0.433214819081479,NA,NA,NA,NA,NA,NA,NA,NA,NA,NA,NA,NA,NA,NA,NA,NA,NA,NA,NA,NA,NA,NA,NA,NA,NA,NA,NA,NA,NA,NA,NA,NA,2018,NA,"IR","Kneecap",2018,0
"Jonnu Smith","TEN","TE","13193","weighted",NA,NA,NA,NA,NA,NA,0.170577749683944,0.36823375137045,0.00550442477876106,0.0101536736365614,0.152854867256637,0.0841551651091228,0.0393362831858407,0.0123318013319181,0,0,220.249221238938,49.1773354932705,1.72819097073501,0.780575797593076,NA,NA,NA,NA,NA,NA,NA,NA,NA,NA,NA,NA,NA,NA,NA,NA,NA,NA,NA,NA,NA,NA,NA,NA,NA,NA,NA,NA,NA,NA,NA,NA,2017,1995-08-22,"IR","Knee - MCL",2018,0
"Demetrius Harris","KC","TE","11448","weighted",NA,NA,NA,NA,NA,NA,0,0,0,0,0.0836918604651163,0.0647281762301356,0,0,0,0,188.126976744186,48.9217872970887,1.31520930232558,0.544183235455832,NA,NA,NA,NA,NA,NA,NA,NA,NA,NA,NA,NA,NA,NA,NA,NA,NA,NA,NA,NA,NA,NA,NA,NA,NA,NA,NA,NA,NA,NA,NA,NA,2013,1991-07-29,NA,NA,NA,NA
"Jermaine Gresham","ARI","TE","9838","weighted",NA,NA,NA,NA,NA,NA,0,0,0.00185666666666667,0.00363454957793482,0.146628,0.0883439608426364,0.0456,0.0149974583392562,0,0,275.2379,50.0825763887808,1.4819,0.475531627001259,NA,NA,NA,NA,NA,NA,NA,NA,NA,NA,NA,NA,NA,NA,NA,NA,NA,NA,NA,NA,NA,NA,NA,NA,NA,NA,NA,NA,NA,NA,NA,NA,2010,1988-06-16,NA,NA,NA,NA
"Nick Boyle","BAL","TE","12328","weighted",NA,NA,NA,NA,NA,NA,0,0,0.00185666666666667,0.00363454957793482,0.08834,0.0583220645957217,0.057,0.0187468229240703,0,0,192.75396,88.7382075119624,0.91936,0.613736552324222,NA,NA,NA,NA,NA,NA,NA,NA,NA,NA,NA,NA,NA,NA,NA,NA,NA,NA,NA,NA,NA,NA,NA,NA,NA,NA,NA,NA,NA,NA,NA,NA,2015,1993-02-17,NA,NA,NA,NA
"Adam Shaheen","CHI","TE","13254","weighted",NA,NA,NA,NA,NA,NA,0,0,0.00227039627039627,0.00386575558132319,0.120201048951049,0.0395547884598448,0.0116317016317016,0.00405012361889581,0,0,150.906643356643,73.3582895849985,1.45939393939394,0.827619510723607,NA,NA,NA,NA,NA,NA,NA,NA,NA,NA,NA,NA,NA,NA,NA,NA,NA,NA,NA,NA,NA,NA,NA,NA,NA,NA,NA,NA,NA,NA,NA,NA,2017,1994-01-01,NA,NA,NA,NA
"Ian Thomas","CAR","TE","13678","weighted",NA,NA,NA,NA,NA,NA,0.48968156424581,0.885149959083186,0.00873603351955307,0.0123178903475246,0.254343575418994,0.0831373118271239,0.0418435754189944,0.0155325158515837,0,0,154.377793296089,95.8735378515731,0.927653631284916,0.407554656628964,NA,NA,NA,NA,NA,NA,NA,NA,NA,NA,NA,NA,NA,NA,NA,NA,NA,NA,NA,NA,NA,NA,NA,NA,NA,NA,NA,NA,NA,NA,NA,NA,2018,1996-06-06,NA,NA,NA,NA
"Dwayne Allen","NE","TE","10742","weighted",NA,NA,NA,NA,NA,NA,0,0,0,0,0.121168,0.0902410624260735,0.0456,0.0149974583392562,0,0,134.70536,78.7126856159997,1.39678,0.816919152997771,NA,NA,NA,NA,NA,NA,NA,NA,NA,NA,NA,NA,NA,NA,NA,NA,NA,NA,NA,NA,NA,NA,NA,NA,NA,NA,NA,NA,NA,NA,NA,NA,2012,1990-02-24,NA,NA,NA,NA
"MarQueis Gray","MIA","TE","11434","weighted",NA,NA,NA,NA,NA,NA,13.7081447963801,13.3414495277528,0.0739819004524887,0.0688898160047888,0.21658371040724,0.072993096654919,0.0329185520361991,0.0142523192244159,0,0,113.021266968326,141.241580090306,0.647285067873303,0.770380845884316,NA,NA,NA,NA,NA,NA,NA,NA,NA,NA,NA,NA,NA,NA,NA,NA,NA,NA,NA,NA,NA,NA,NA,NA,NA,NA,NA,NA,NA,NA,NA,NA,2013,1990-11-07,"IR","Achilles",2018,0
"Josh Hill","NO","TE","11529","weighted",NA,NA,NA,NA,NA,NA,-3.7989,3.65761039796252,0.00557,0.0109036487338045,1.246248,0.757431312907358,0.0342,0.0112480937544422,0,0,177.73006,60.1792064110964,1.38538,0.395714737549918,NA,NA,NA,NA,NA,NA,NA,NA,NA,NA,NA,NA,NA,NA,NA,NA,NA,NA,NA,NA,NA,NA,NA,NA,NA,NA,NA,NA,NA,NA,NA,NA,2013,1990-05-21,"Q","Concussion",2018,0
"Maxx Williams","BAL","TE","12206","weighted",NA,NA,NA,NA,NA,NA,2.3840417193426,2.35695136138724,0.00366961651917404,0.00676911575770761,0.585773451327434,0.430540678909675,0.0505752212389381,0.0158551731410376,0,0,118.450336283186,81.7757008834783,0.603113708006702,0.543612646609771,NA,NA,NA,NA,NA,NA,NA,NA,NA,NA,NA,NA,NA,NA,NA,NA,NA,NA,NA,NA,NA,NA,NA,NA,NA,NA,NA,NA,NA,NA,NA,NA,2015,1994-04-12,NA,NA,NA,NA
"Troy Fumagalli","DEN","TE","13673","weighted",NA,NA,NA,NA,NA,NA,0,0,0,0,0,0,0,0,0,0,80.9647058823529,136.797948169156,0.612941176470588,1.08806683434278,NA,NA,NA,NA,NA,NA,NA,NA,NA,NA,NA,NA,NA,NA,NA,NA,NA,NA,NA,NA,NA,NA,NA,NA,NA,NA,NA,NA,NA,NA,NA,NA,2018,NA,"IR","Sports Hernia",2018,0
"Levine Toilolo","DET","TE","11252","weighted",NA,NA,NA,NA,NA,NA,0,0,0.00371333333333333,0.00726909915586965,0.067972,0.0373190873733312,0.0456,0.0149974583392562,0,0,136.11618,77.6450757728842,0.94966,0.700176420354266,NA,NA,NA,NA,NA,NA,NA,NA,NA,NA,NA,NA,NA,NA,NA,NA,NA,NA,NA,NA,NA,NA,NA,NA,NA,NA,NA,NA,NA,NA,NA,NA,2013,1991-07-30,NA,NA,NA,NA
"Logan Thomas","BUF","TE","11647","weighted",NA,NA,NA,NA,NA,NA,0,0,0,0,0.06288,0.0334604946481985,0.0285,0.00937341146203514,0,0,107.19458,77.4120327661799,0.65338,0.298236932277277,NA,NA,NA,NA,NA,NA,NA,NA,NA,NA,NA,NA,NA,NA,NA,NA,NA,NA,NA,NA,NA,NA,NA,NA,NA,NA,NA,NA,NA,NA,NA,NA,2014,1991-07-01,NA,NA,NA,NA
"Rhett Ellison","NYG","TE","10838","weighted",NA,NA,NA,NA,NA,NA,0,0,0.09112,0.143133970673015,0.167496,0.118208702263131,0.0228,0.00749872916962811,0,0,164.70896,78.031440072652,1.073,0.607615432700157,NA,NA,NA,NA,NA,NA,NA,NA,NA,NA,NA,NA,NA,NA,NA,NA,NA,NA,NA,NA,NA,NA,NA,NA,NA,NA,NA,NA,NA,NA,NA,NA,2012,1988-10-03,"Q","Concussion",2018,0
"Marcedes Lewis","GB","TE","8269","weighted",NA,NA,NA,NA,NA,NA,0,0,0,0,0.110984,0.0944477863722176,0.0684,0.0224961875088843,0,0,184.73928,47.3493964362288,1.76942,1.13950174712683,NA,NA,NA,NA,NA,NA,NA,NA,NA,NA,NA,NA,NA,NA,NA,NA,NA,NA,NA,NA,NA,NA,NA,NA,NA,NA,NA,NA,NA,NA,NA,NA,2006,1984-05-19,NA,NA,NA,NA
"David Morgan","MIN","TE","12816","weighted",NA,NA,NA,NA,NA,NA,0.00376662865830483,0.00786869278644831,0.00753325731660966,0.0157373855728966,0.145267958950969,0.0943312909302431,0.0289908779931585,0.0100323250888926,0,0,126.13338654504,56.8466595164423,1.03669327251995,0.329888690806077,NA,NA,NA,NA,NA,NA,NA,NA,NA,NA,NA,NA,NA,NA,NA,NA,NA,NA,NA,NA,NA,NA,NA,NA,NA,NA,NA,NA,NA,NA,NA,NA,2016,1993-05-19,NA,NA,NA,NA
"Lance Kendricks","GB","TE","10318","weighted",NA,NA,NA,NA,NA,NA,0,0,0,0,0.060334,0.0318968895040713,0.0342,0.0112480937544422,0,0,118.04172,65.97265643994,0.62444,0.297273687716923,NA,NA,NA,NA,NA,NA,NA,NA,NA,NA,NA,NA,NA,NA,NA,NA,NA,NA,NA,NA,NA,NA,NA,NA,NA,NA,NA,NA,NA,NA,NA,NA,2011,1988-01-30,NA,NA,NA,NA
"Dion Sims","CHI","TE","11249","weighted",NA,NA,NA,NA,NA,NA,0,0,0,0,0.0660353356890459,0.0387986074226972,0.0465959952885748,0.0162684497124586,0,0,142.998657243816,63.0802505616963,0.99057714958775,0.462939515650334,NA,NA,NA,NA,NA,NA,NA,NA,NA,NA,NA,NA,NA,NA,NA,NA,NA,NA,NA,NA,NA,NA,NA,NA,NA,NA,NA,NA,NA,NA,NA,NA,2013,1991-02-18,"IR","Concussion",2018,0
"Rico Gathers","DAL","TE","12833","weighted",NA,NA,NA,NA,NA,NA,0.034734693877551,0.0638903275375826,0.00926258503401361,0.0170374206766887,0.272619047619048,0.131457890904161,0.0416666666666667,0.0153693573686744,0,0,124.542612244898,63.3829167122712,1.04057142857143,0.324606438240404,NA,NA,NA,NA,NA,NA,NA,NA,NA,NA,NA,NA,NA,NA,NA,NA,NA,NA,NA,NA,NA,NA,NA,NA,NA,NA,NA,NA,NA,NA,NA,NA,2016,1994-01-07,NA,NA,NA,NA
"Khari Lee","BUF","TE","12479","weighted",NA,NA,NA,NA,NA,NA,0,0,0,0,0,0,0,0,0,0,86.4440955631399,87.8677408600013,0.442457337883959,0.234820184830908,NA,NA,NA,NA,NA,NA,NA,NA,NA,NA,NA,NA,NA,NA,NA,NA,NA,NA,NA,NA,NA,NA,NA,NA,NA,NA,NA,NA,NA,NA,NA,NA,NA,NA,NA,NA,NA,NA
"Darren Fells","CLE","TE","11337","weighted",NA,NA,NA,NA,NA,NA,0,0,0,0,0.219166077738516,0.165628508253701,0,0,0,0,146.616654888104,67.6526878491224,1.00489988221437,0.572431459005839,NA,NA,NA,NA,NA,NA,NA,NA,NA,NA,NA,NA,NA,NA,NA,NA,NA,NA,NA,NA,NA,NA,NA,NA,NA,NA,NA,NA,NA,NA,NA,NA,2012,1986-04-22,NA,NA,NA,NA
"Niles Paul","JAC","TE","10394","weighted",NA,NA,NA,NA,NA,NA,0.844444444444444,1.06234585682807,0.0018904593639576,0.00399977710312687,0.0898233215547703,0.0640644766621631,0.0465959952885748,0.0162684497124586,0,0,122.858563015312,62.3955502259875,0.773333333333333,0.811182584663695,NA,NA,NA,NA,NA,NA,NA,NA,NA,NA,NA,NA,NA,NA,NA,NA,NA,NA,NA,NA,NA,NA,NA,NA,NA,NA,NA,NA,NA,NA,NA,NA,2011,1989-08-09,"Q","Knee - MCL",2018,0
"Michael Roberts","DET","TE","13197","weighted",NA,NA,NA,NA,NA,NA,0.03393,0.0776091051039045,0.00742666666666667,0.0145381983117393,0.070518,0.0395427707752927,0.0285,0.00937341146203514,0,0,82.89662,30.6010970398087,0.58282,0.67741200110899,NA,NA,NA,NA,NA,NA,NA,NA,NA,NA,NA,NA,NA,NA,NA,NA,NA,NA,NA,NA,NA,NA,NA,NA,NA,NA,NA,NA,NA,NA,NA,NA,2017,1994-05-07,"IR","Shoulder",2018,0
"Eric Saubert","ATL","TE","13315","weighted",NA,NA,NA,NA,NA,NA,0.0455445544554456,0.102551854223287,0.00698444130127299,0.0130336797901408,0.0416690240452617,0.0454814310044919,0.029950495049505,0.0111469406764442,0,0,81.7301272984441,70.8221852090673,0.606732673267327,0.40623924839539,NA,NA,NA,NA,NA,NA,NA,NA,NA,NA,NA,NA,NA,NA,NA,NA,NA,NA,NA,NA,NA,NA,NA,NA,NA,NA,NA,NA,NA,NA,NA,NA,2017,1994-05-09,NA,NA,NA,NA
"Richard Rodgers","PHI","TE","11785","weighted",NA,NA,NA,NA,NA,NA,0,0,0.00292426367461431,0.00410914769713683,0.0510659186535764,0.032596114344268,0.0418723702664797,0.0155572363915824,0,0,89.1250210378682,70.3965468129263,0.811781206171108,0.714744674590464,NA,NA,NA,NA,NA,NA,NA,NA,NA,NA,NA,NA,NA,NA,NA,NA,NA,NA,NA,NA,NA,NA,NA,NA,NA,NA,NA,NA,NA,NA,NA,NA,2014,1992-01-22,NA,NA,NA,NA
"Tyler Conklin","MIN","TE","13675","weighted",NA,NA,NA,NA,NA,NA,0.356564245810056,0.644526669235329,0.0145600558659218,0.0205298172458743,0.0588233240223464,0.0640636648792215,0.0298882681564246,0.0110946541797026,0,0,87.4555865921788,60.3437831628726,0.435195530726257,0.381369876009628,NA,NA,NA,NA,NA,NA,NA,NA,NA,NA,NA,NA,NA,NA,NA,NA,NA,NA,NA,NA,NA,NA,NA,NA,NA,NA,NA,NA,NA,NA,NA,NA,2018,1995-07-30,NA,NA,NA,NA
"Mychal Rivera","FA","TE","11258","weighted",NA,NA,NA,NA,NA,NA,0,0,0,0,0.0670588235294118,0.0291048080210828,0,0,0,0,81.9929411764706,93.4950007620646,0.391764705882353,0.501196178943786,NA,NA,NA,NA,NA,NA,NA,NA,NA,NA,NA,NA,NA,NA,NA,NA,NA,NA,NA,NA,NA,NA,NA,NA,NA,NA,NA,NA,NA,NA,NA,NA,2013,1990-09-08,"Q","Wrist",2018,0
"Austin Traylor","DEN","TE","13534","weighted",NA,NA,NA,NA,NA,NA,0,0,0,0,0,0,0,0,0,0,80.3892857142857,129.400540957138,0.439285714285714,0.707106781186547,NA,NA,NA,NA,NA,NA,NA,NA,NA,NA,NA,NA,NA,NA,NA,NA,NA,NA,NA,NA,NA,NA,NA,NA,NA,NA,NA,NA,NA,NA,NA,NA,NA,NA,NA,NA,NA,NA
"Jacob Hollister","NE","TE","13391","weighted",NA,NA,NA,NA,NA,NA,1.90848484848485,2.61717709487572,0.00578512396694215,0.0132357539803248,0.0722231404958678,0.0478908808113065,0.0238567493112948,0.00882383598688322,0,0,69.0700275482094,64.6310304668147,0.536914600550964,0.765570120770773,NA,NA,NA,NA,NA,NA,NA,NA,NA,NA,NA,NA,NA,NA,NA,NA,NA,NA,NA,NA,NA,NA,NA,NA,NA,NA,NA,NA,NA,NA,NA,NA,2017,1993-11-18,"IR","Hamstring",2018,0
"Will Tye","NE","TE","12532","weighted",NA,NA,NA,NA,NA,NA,0,0,0,0,0,0,0,0,0,0,96.1763033175355,92.3127398998941,0.291469194312796,0.557938063255787,NA,NA,NA,NA,NA,NA,NA,NA,NA,NA,NA,NA,NA,NA,NA,NA,NA,NA,NA,NA,NA,NA,NA,NA,NA,NA,NA,NA,NA,NA,NA,NA,NA,NA,NA,NA,NA,NA
"James OShaughnessy","JAC","TE","12330","weighted",NA,NA,NA,NA,NA,NA,0,0,0.00185666666666667,0.00363454957793482,0.078156,0.0470513190835076,0.0285,0.00937341146203514,0,0,110.88568,50.1872910023723,0.83394,0.435241125694009,NA,NA,NA,NA,NA,NA,NA,NA,NA,NA,NA,NA,NA,NA,NA,NA,NA,NA,NA,NA,NA,NA,NA,NA,NA,NA,NA,NA,NA,NA,NA,NA,NA,NA,NA,NA,NA,NA
"C.J. Uzomah","CIN","TE","12317","weighted",NA,NA,NA,NA,NA,NA,0,0,0.00185666666666667,0.00363454957793482,0.073064,0.0419220100207155,0.0399,0.0131227760468492,0,0,79.49438,41.8066339217193,0.40632,0.375622888108413,NA,NA,NA,NA,NA,NA,NA,NA,NA,NA,NA,NA,NA,NA,NA,NA,NA,NA,NA,NA,NA,NA,NA,NA,NA,NA,NA,NA,NA,NA,NA,NA,2015,1993-01-14,NA,NA,NA,NA
"Jerell Adams","NYG","TE","12681","weighted",NA,NA,NA,NA,NA,NA,0,0,0,0,0.0390697674418605,0.0328794592271721,0,0,0,0,80.7981395348837,53.8355106954643,0.300581395348837,0.373249382646097,NA,NA,NA,NA,NA,NA,NA,NA,NA,NA,NA,NA,NA,NA,NA,NA,NA,NA,NA,NA,NA,NA,NA,NA,NA,NA,NA,NA,NA,NA,NA,NA,2016,1992-12-31,NA,NA,NA,NA
"Daniel Brown","CHI","TE","12585","weighted",NA,NA,NA,NA,NA,NA,0,0,0,0,0.039966,0.0320085297569161,0,0,0,0,63.58672,45.1509839204415,0.17092,0.234738783348723,NA,NA,NA,NA,NA,NA,NA,NA,NA,NA,NA,NA,NA,NA,NA,NA,NA,NA,NA,NA,NA,NA,NA,NA,NA,NA,NA,NA,NA,NA,NA,NA,NA,NA,NA,NA,NA,NA
"Jordan Thomas","HOU","TE","13819","weighted",NA,NA,NA,NA,NA,NA,0.398019801980198,0.896214030386117,0.0116407355021216,0.0217227996502347,0.0443564356435644,0.0662627723932103,0.0419306930693069,0.0156057169470219,0,0,72.2277227722772,42.5036368719134,0.532248939179632,0.364269649872431,NA,NA,NA,NA,NA,NA,NA,NA,NA,NA,NA,NA,NA,NA,NA,NA,NA,NA,NA,NA,NA,NA,NA,NA,NA,NA,NA,NA,NA,NA,NA,NA,2018,1996-08-02,NA,NA,NA,NA
"Nick OLeary","BUF","TE","12207","weighted",NA,NA,NA,NA,NA,NA,0,0,0,0,0,0,0,0,0,0,61.0607142857143,98.2878425849301,0.439285714285714,0.707106781186547,NA,NA,NA,NA,NA,NA,NA,NA,NA,NA,NA,NA,NA,NA,NA,NA,NA,NA,NA,NA,NA,NA,NA,NA,NA,NA,NA,NA,NA,NA,NA,NA,2015,1992-08-31,NA,NA,NA,NA
"Stephen Anderson","HOU","TE","12859","weighted",NA,NA,NA,NA,NA,NA,0,0,0,0,0,0,0,0,0,0,52.275,84.1457069611991,0.439285714285714,0.707106781186547,NA,NA,NA,NA,NA,NA,NA,NA,NA,NA,NA,NA,NA,NA,NA,NA,NA,NA,NA,NA,NA,NA,NA,NA,NA,NA,NA,NA,NA,NA,NA,NA,2016,1993-01-30,"O","Coach's Decision",2018,0
"Derek Carrier","OAK","TE","10940","weighted",NA,NA,NA,NA,NA,NA,0,0,0,0,0.068678445229682,0.0410325067748556,0.0465959952885748,0.0162684497124586,0,0,62.1833922261484,32.5487156097557,0.406925795053004,0.422509931589463,NA,NA,NA,NA,NA,NA,NA,NA,NA,NA,NA,NA,NA,NA,NA,NA,NA,NA,NA,NA,NA,NA,NA,NA,NA,NA,NA,NA,NA,NA,NA,NA,2012,1990-07-25,"Q","Concussion",2018,0
"Durham Smythe","MIA","TE","13676","weighted",NA,NA,NA,NA,NA,NA,1.12698412698413,2.25410295200615,0,0,0.22663139329806,0.207859594748781,0,0,0,0,70.5469135802469,46.0868515839922,0.562081128747795,0.410363639951046,NA,NA,NA,NA,NA,NA,NA,NA,NA,NA,NA,NA,NA,NA,NA,NA,NA,NA,NA,NA,NA,NA,NA,NA,NA,NA,NA,NA,NA,NA,NA,NA,2018,1995-08-09,NA,NA,NA,NA
"Sean McGrath","DET","TE","11123","weighted",NA,NA,NA,NA,NA,NA,0,0,0,0,0,0,0,0,0,0,48.1897658862876,71.750125086999,0.669632107023411,0.997020561473032,NA,NA,NA,NA,NA,NA,NA,NA,NA,NA,NA,NA,NA,NA,NA,NA,NA,NA,NA,NA,NA,NA,NA,NA,NA,NA,NA,NA,NA,NA,NA,NA,2012,1987-12-03,NA,NA,NA,NA
"Xavier Grimble","PIT","TE","11701","weighted",NA,NA,NA,NA,NA,NA,0,0,0.00192837465564738,0.00441191799344161,0.0722231404958678,0.0478908808113065,0.0477134986225895,0.0176476719737664,0,0,38.0344077134986,16.911587417244,0.330055096418733,0.184138237689114,NA,NA,NA,NA,NA,NA,NA,NA,NA,NA,NA,NA,NA,NA,NA,NA,NA,NA,NA,NA,NA,NA,NA,NA,NA,NA,NA,NA,NA,NA,NA,NA,2014,1992-09-02,NA,NA,NA,NA
"Hakeem Valles","DET","TE","12874","weighted",NA,NA,NA,NA,NA,NA,0,0,0,0,0,0,0,0,0,0,40.7677591973244,2.03646752981726,0.414247491638796,0.0212132034355964,NA,NA,NA,NA,NA,NA,NA,NA,NA,NA,NA,NA,NA,NA,NA,NA,NA,NA,NA,NA,NA,NA,NA,NA,NA,NA,NA,NA,NA,NA,NA,NA,2016,1992-11-23,"O","Undisclosed",2018,0
"Zach Miller","CHI","TE","9611","weighted",NA,NA,NA,NA,NA,NA,0,0,0,0,0,0,0,0,0,0,40.4142857142857,65.0538238691624,0,0,NA,NA,NA,NA,NA,NA,NA,NA,NA,NA,NA,NA,NA,NA,NA,NA,NA,NA,NA,NA,NA,NA,NA,NA,NA,NA,NA,NA,NA,NA,NA,NA,2009,1984-10-04,"IR","Knee",2018,0
"Anthony Fasano","FA","TE","8294","weighted",NA,NA,NA,NA,NA,NA,0,0,0,0,0,0,0,0,0,0,39.975,64.3467170879758,0.439285714285714,0.707106781186547,NA,NA,NA,NA,NA,NA,NA,NA,NA,NA,NA,NA,NA,NA,NA,NA,NA,NA,NA,NA,NA,NA,NA,NA,NA,NA,NA,NA,NA,NA,NA,NA,2006,1984-04-20,NA,NA,NA,NA
"Jeremy Sprinkle","WAS","TE","13194","weighted",NA,NA,NA,NA,NA,NA,0.258657243816254,0.521102359847435,0.00567137809187279,0.0119993313093806,0.068678445229682,0.0410325067748556,0.0291224970553592,0.0101677810702866,0,0,49.21691401649,24.4543651462055,0.468951707891637,0.314452704352527,NA,NA,NA,NA,NA,NA,NA,NA,NA,NA,NA,NA,NA,NA,NA,NA,NA,NA,NA,NA,NA,NA,NA,NA,NA,NA,NA,NA,NA,NA,NA,NA,2017,1994-08-10,NA,NA,NA,NA
"Jason Croom",NA,"TE","13890","weighted",NA,NA,NA,NA,NA,NA,0.6,NA,0.02,NA,0.15,NA,0.05,NA,0,NA,88.53,NA,0.61,NA,NA,NA,NA,NA,NA,NA,NA,NA,NA,NA,NA,NA,NA,NA,NA,NA,NA,NA,NA,NA,NA,NA,NA,NA,NA,NA,NA,NA,NA,NA,NA,NA,2017,1970-01-01,NA,NA,NA,NA
"Troy Niklas","FA","TE","11703","weighted",NA,NA,NA,NA,NA,NA,0,0,0,0,0.0663288288288288,0.0287316484713026,0,0,0,0,40.4626126126126,43.4453913923833,0.398108108108108,0.370386677308947,NA,NA,NA,NA,NA,NA,NA,NA,NA,NA,NA,NA,NA,NA,NA,NA,NA,NA,NA,NA,NA,NA,NA,NA,NA,NA,NA,NA,NA,NA,NA,NA,2014,1992-09-18,NA,NA,NA,NA
"Logan Paulsen","ATL","TE","10123","weighted",NA,NA,NA,NA,NA,NA,0,0,0,0,0.0475484606613455,0.0315673422797006,0.0347890535917902,0.0120387901066712,0,0,39.7974914481186,34.4316849823063,0.37981755986317,0.436205334894048,NA,NA,NA,NA,NA,NA,NA,NA,NA,NA,NA,NA,NA,NA,NA,NA,NA,NA,NA,NA,NA,NA,NA,NA,NA,NA,NA,NA,NA,NA,NA,NA,2010,1987-02-26,NA,NA,NA,NA
"Alan Cross","TB","TE","12996","weighted",NA,NA,NA,NA,NA,NA,0,0,0.00240963855421687,0.00494011188495938,0.271888984509466,0.216952632146536,0.0310240963855422,0.0123502797123984,0,0,56.9963511187608,25.2315758660828,0.34302925989673,0.2982521698115,NA,NA,NA,NA,NA,NA,NA,NA,NA,NA,NA,NA,NA,NA,NA,NA,NA,NA,NA,NA,NA,NA,NA,NA,NA,NA,NA,NA,NA,NA,NA,NA,2016,1993-05-02,"IR","Shoulder",2018,0
"Ben Koyack","JAC","TE","12209","weighted",NA,NA,NA,NA,NA,NA,0,0,0,0,0.0780392156862745,0.0194032053473885,0,0,0,0,41.4729411764706,41.6096349405338,0.528235294117647,0.517354187616094,NA,NA,NA,NA,NA,NA,NA,NA,NA,NA,NA,NA,NA,NA,NA,NA,NA,NA,NA,NA,NA,NA,NA,NA,NA,NA,NA,NA,NA,NA,NA,NA,2015,1993-04-09,"Q","Hand",2018,0
"Clive Walford","NYJ","TE","12210","weighted",NA,NA,NA,NA,NA,NA,0,0,0,0,0,0,0,0,0,0,32.0678571428571,51.618795026618,0,0,NA,NA,NA,NA,NA,NA,NA,NA,NA,NA,NA,NA,NA,NA,NA,NA,NA,NA,NA,NA,NA,NA,NA,NA,NA,NA,NA,NA,NA,NA,NA,NA,2015,1991-10-21,NA,NA,NA,NA
"Ryan Izzo","NE","TE","13847","weighted",NA,NA,NA,NA,NA,NA,0,0,0,0,0,0,0,0,0,0,32.0678571428571,51.618795026618,0,0,NA,NA,NA,NA,NA,NA,NA,NA,NA,NA,NA,NA,NA,NA,NA,NA,NA,NA,NA,NA,NA,NA,NA,NA,NA,NA,NA,NA,NA,NA,NA,NA,2018,1995-12-21,"IR","Undisclosed",2018,0
"Sean Culkin","LAC","TE","13438","weighted",NA,NA,NA,NA,NA,NA,0,0,0.00637813211845103,0.0114235934807406,0.0571640091116173,0.071682080616324,0.0197835990888383,0.00856769511055542,0,0,28.6885649202734,34.0656703158843,0.218223234624146,0.226529709034021,NA,NA,NA,NA,NA,NA,NA,NA,NA,NA,NA,NA,NA,NA,NA,NA,NA,NA,NA,NA,NA,NA,NA,NA,NA,NA,NA,NA,NA,NA,NA,NA,NA,NA,NA,NA,NA,NA
"Ben Braunecker","CHI","TE","12868","weighted",NA,NA,NA,NA,NA,NA,0.0520661157024793,0.119121785822924,0.00192837465564738,0.00441191799344161,0.0474545454545455,0.0354116545819425,0.0178925619834711,0.00661787699016242,0,0,27.7746831955923,22.4402893302256,0.158429752066116,0.211168382742459,NA,NA,NA,NA,NA,NA,NA,NA,NA,NA,NA,NA,NA,NA,NA,NA,NA,NA,NA,NA,NA,NA,NA,NA,NA,NA,NA,NA,NA,NA,NA,NA,2016,1994-02-07,NA,NA,NA,NA
"Darrell Daniels","IND","TE","13396","weighted",NA,NA,NA,NA,NA,NA,0.225619834710744,0.516194405232669,0.00578512396694215,0.0132357539803248,0.0722231404958678,0.0478908808113065,0.0357851239669421,0.0132357539803248,0,0,35.2014049586777,19.2893026712206,0.240275482093664,0.184230576964933,NA,NA,NA,NA,NA,NA,NA,NA,NA,NA,NA,NA,NA,NA,NA,NA,NA,NA,NA,NA,NA,NA,NA,NA,NA,NA,NA,NA,NA,NA,NA,NA,2016,1994-11-22,NA,NA,NA,NA
"Brandon Williams","FA","TE","11510","weighted",NA,NA,NA,NA,NA,NA,0,0,0,0,0.0740066225165563,0.0353553390593274,0,0,0,0,30.7284768211921,45.2548339959391,0.0480132450331126,0.0707106781186548,NA,NA,NA,NA,NA,NA,NA,NA,NA,NA,NA,NA,NA,NA,NA,NA,NA,NA,NA,NA,NA,NA,NA,NA,NA,NA,NA,NA,NA,NA,NA,NA,2012,1987-10-12,"Q","Concussion",2018,0
"Gabe Holmes","ARI","TE","12499","weighted",NA,NA,NA,NA,NA,NA,0,0,0.00990566037735849,0.0172794154719462,0.0455306603773585,0.0571256876922527,0.0199528301886792,0.00863970773597309,0,0,39.3275471698113,26.0809191752073,0.259150943396226,0.230698506600861,NA,NA,NA,NA,NA,NA,NA,NA,NA,NA,NA,NA,NA,NA,NA,NA,NA,NA,NA,NA,NA,NA,NA,NA,NA,NA,NA,NA,NA,NA,NA,NA,NA,NA,NA,NA,NA,NA
"Antony Auclair","TB","TE","13445","weighted",NA,NA,NA,NA,NA,NA,0,0,0.00385674931129477,0.00882383598688322,0.208451790633609,0.163196465289241,0.0178925619834711,0.00661787699016242,0,0,35.9062258953168,16.0886801931147,0.254517906336088,0.284076197242388,NA,NA,NA,NA,NA,NA,NA,NA,NA,NA,NA,NA,NA,NA,NA,NA,NA,NA,NA,NA,NA,NA,NA,NA,NA,NA,NA,NA,NA,NA,NA,NA,2017,1993-05-28,NA,NA,NA,NA
"Gavin Escobar","MIA","TE","11251","weighted",NA,NA,NA,NA,NA,NA,1.2358361774744,2.52410038941051,0,0,0.0502559726962457,0.0404155906914583,0,0,0,0,21.5736518771331,25.7868539101828,0.244880546075085,0.288700367920632,NA,NA,NA,NA,NA,NA,NA,NA,NA,NA,NA,NA,NA,NA,NA,NA,NA,NA,NA,NA,NA,NA,NA,NA,NA,NA,NA,NA,NA,NA,NA,NA,2013,1991-02-03,NA,NA,NA,NA
"Asante Cleveland","LAC","TE","12039","weighted",NA,NA,NA,NA,NA,NA,0,0,0,0,NA,NA,NA,NA,NA,NA,27.0322408026756,40.2485179851383,0.308695652173913,0.459619407771256,NA,NA,NA,NA,NA,NA,NA,NA,NA,NA,NA,NA,NA,NA,NA,NA,NA,NA,NA,NA,NA,NA,NA,NA,NA,NA,NA,NA,NA,NA,NA,NA,2014,1992-03-21,NA,NA,NA,NA
"Cole Wick","SF","TE","12899","weighted",NA,NA,NA,NA,NA,NA,0.0350797266514806,0.0628297641440731,0.00637813211845103,0.0114235934807406,0.0600531511009871,0.0418865094293821,0.0395671981776765,0.0171353902211108,0,0,42.1621867881549,19.7508218504161,0.335216400911162,0.141480466008764,NA,NA,NA,NA,NA,NA,NA,NA,NA,NA,NA,NA,NA,NA,NA,NA,NA,NA,NA,NA,NA,NA,NA,NA,NA,NA,NA,NA,NA,NA,NA,NA,2016,1993-11-30,"IR","Shoulder",2018,0
"Orson Charles","CLE","TE","10747","weighted",NA,NA,NA,NA,NA,NA,0,0,0,0,0.0503378378378378,0.0492558757601277,0,0,0,0,26.4457207207207,24.8673459958197,0.136036036036036,0.114300619426997,NA,NA,NA,NA,NA,NA,NA,NA,NA,NA,NA,NA,NA,NA,NA,NA,NA,NA,NA,NA,NA,NA,NA,NA,NA,NA,NA,NA,NA,NA,NA,NA,2012,1991-01-27,"IR","Ankle",2018,0
"Emanuel Byrd","GB","TE","13574","weighted",NA,NA,NA,NA,NA,NA,0,NA,0,NA,0,NA,0,NA,0,NA,55,NA,0.61,NA,NA,NA,NA,NA,NA,NA,NA,NA,NA,NA,NA,NA,NA,NA,NA,NA,NA,NA,NA,NA,NA,NA,NA,NA,NA,NA,NA,NA,NA,NA,NA,NA,2017,1994-12-09,NA,NA,NA,NA
"MyCole Pruitt","HOU","TE","12309","weighted",NA,NA,NA,NA,NA,NA,0,NA,0,NA,0,NA,0,NA,0,NA,54.63,NA,0.33,NA,NA,NA,NA,NA,NA,NA,NA,NA,NA,NA,NA,NA,NA,NA,NA,NA,NA,NA,NA,NA,NA,NA,NA,NA,NA,NA,NA,NA,NA,NA,NA,NA,2015,1992-03-24,NA,NA,NA,NA
"Evan Baylis","CAR","TE","13476","weighted",NA,NA,NA,NA,NA,NA,0,0,0,0,0,0,0,0,0,0,25.56,38.05648696346,0.199464882943144,0.29698484809835,NA,NA,NA,NA,NA,NA,NA,NA,NA,NA,NA,NA,NA,NA,NA,NA,NA,NA,NA,NA,NA,NA,NA,NA,NA,NA,NA,NA,NA,NA,NA,NA,2017,1993-11-18,NA,NA,NA,NA
"Luke Stocker","TEN","TE","10354","weighted",NA,NA,NA,NA,NA,NA,0,0,0,0,0.0474545454545455,0.0354116545819425,0.0357851239669421,0.0132357539803248,0,0,33.0923691460055,11.9156374875855,0.274187327823691,0.269784622929891,NA,NA,NA,NA,NA,NA,NA,NA,NA,NA,NA,NA,NA,NA,NA,NA,NA,NA,NA,NA,NA,NA,NA,NA,NA,NA,NA,NA,NA,NA,NA,NA,2011,1988-07-17,"Q","Knee",2018,0
"Chris Manhertz","CAR","TE","12955","weighted",NA,NA,NA,NA,NA,NA,0,0,0.00192837465564738,0.00441191799344161,0.0220165289256198,0.0326963993075908,0.0417493112947658,0.0154417129770456,0,0,35.8098347107438,11.6972956463393,0.186170798898072,0.158784564434626,NA,NA,NA,NA,NA,NA,NA,NA,NA,NA,NA,NA,NA,NA,NA,NA,NA,NA,NA,NA,NA,NA,NA,NA,NA,NA,NA,NA,NA,NA,NA,NA,NA,1992-04-10,NA,NA,NA,NA
"Bucky Hodges","PIT","TE","13191","weighted",NA,NA,NA,NA,NA,NA,0,0,0,0,0,0,0,0,0,0,22.5662251655629,33.2340187157677,0.19205298013245,0.282842712474619,NA,NA,NA,NA,NA,NA,NA,NA,NA,NA,NA,NA,NA,NA,NA,NA,NA,NA,NA,NA,NA,NA,NA,NA,NA,NA,NA,NA,NA,NA,NA,NA,2017,1995-08-08,NA,NA,NA,NA
"Mo Alie-Cox","IND","TE","13246","weighted",NA,NA,NA,NA,NA,NA,0,NA,0,NA,0,NA,0,NA,0,NA,45.8,NA,0,NA,NA,NA,NA,NA,NA,NA,NA,NA,NA,NA,NA,NA,NA,NA,NA,NA,NA,NA,NA,NA,NA,NA,NA,NA,NA,NA,NA,NA,NA,NA,NA,NA,2016,1993-09-19,NA,NA,NA,NA
"Jim Dray","FA","TE","10015","weighted",NA,NA,NA,NA,NA,NA,0,0,0,0,0,0,NA,NA,NA,NA,21.6059602649007,31.8198051533946,0.144039735099338,0.212132034355964,NA,NA,NA,NA,NA,NA,NA,NA,NA,NA,NA,NA,NA,NA,NA,NA,NA,NA,NA,NA,NA,NA,NA,NA,NA,NA,NA,NA,NA,NA,NA,NA,2010,1986-12-31,NA,NA,NA,NA
"Cethan Carter","CIN","TE","13369","weighted",NA,NA,NA,NA,NA,NA,0,NA,0,NA,0,NA,0,NA,0,NA,43.27,NA,0.31,NA,NA,NA,NA,NA,NA,NA,NA,NA,NA,NA,NA,NA,NA,NA,NA,NA,NA,NA,NA,NA,NA,NA,NA,NA,NA,NA,NA,NA,NA,NA,NA,NA,2017,1993-09-05,"IR","Arm",2018,0
"Matt LaCosse","DEN","TE","12596","weighted",NA,NA,NA,NA,NA,NA,0,0,0,0,0,0,0,0,0,0,22.6531772575251,26.8700576850888,0.15752508361204,0.212132034355964,NA,NA,NA,NA,NA,NA,NA,NA,NA,NA,NA,NA,NA,NA,NA,NA,NA,NA,NA,NA,NA,NA,NA,NA,NA,NA,NA,NA,NA,NA,NA,NA,NA,NA,NA,NA,NA,NA
"Joshua Perkins","FA","TE","12685","weighted",NA,NA,NA,NA,NA,NA,0,0,0,0,0.00735690235690236,0.00353553390593274,0.00735690235690236,0.00353553390593274,0,0,22.5602693602694,24.9608693758851,0.220875420875421,0.268700576850888,NA,NA,NA,NA,NA,NA,NA,NA,NA,NA,NA,NA,NA,NA,NA,NA,NA,NA,NA,NA,NA,NA,NA,NA,NA,NA,NA,NA,NA,NA,NA,NA,2016,1993-08-05,"IR","Knee",2018,0
"Robert Tonyan","GB","TE","13427","weighted",NA,NA,NA,NA,NA,NA,0,NA,0,NA,0,NA,0,NA,0,NA,38.1,NA,0.4,NA,NA,NA,NA,NA,NA,NA,NA,NA,NA,NA,NA,NA,NA,NA,NA,NA,NA,NA,NA,NA,NA,NA,NA,NA,NA,NA,NA,NA,NA,NA,NA,NA,2017,1994-04-30,NA,NA,NA,NA
"Mason Schreck","CIN","TE","13366","weighted",NA,NA,NA,NA,NA,NA,0,0,0,0,0,0,0,0,0,0,16.8046357615894,24.7487373415292,0.144039735099338,0.212132034355964,NA,NA,NA,NA,NA,NA,NA,NA,NA,NA,NA,NA,NA,NA,NA,NA,NA,NA,NA,NA,NA,NA,NA,NA,NA,NA,NA,NA,NA,NA,NA,NA,2017,NA,"IR","Knee",2018,0
"Clay Harbor","NO","TE","9941","weighted",NA,NA,NA,NA,NA,NA,0,0,0,0,0.0740066225165563,0.0353553390593274,0,0,0,0,15.8443708609271,23.3345237791561,0.0960264900662252,0.14142135623731,NA,NA,NA,NA,NA,NA,NA,NA,NA,NA,NA,NA,NA,NA,NA,NA,NA,NA,NA,NA,NA,NA,NA,NA,NA,NA,NA,NA,NA,NA,NA,NA,2010,1987-07-02,NA,NA,NA,NA
"Ross Travis","IND","TE","12898","weighted",NA,NA,NA,NA,NA,NA,0,0,0,0,0,0,0,0,0,0,14.3852173913043,21.4182644021405,0.132976588628763,0.197989898732233,NA,NA,NA,NA,NA,NA,NA,NA,NA,NA,NA,NA,NA,NA,NA,NA,NA,NA,NA,NA,NA,NA,NA,NA,NA,NA,NA,NA,NA,NA,NA,NA,2015,1993-01-09,"IR","Knee - ACL",2018,0
"Michael Hoomanawanui","NO","TE","9946","weighted",NA,NA,NA,NA,NA,NA,0,NA,0,NA,0,NA,0,NA,0,NA,0,NA,0,NA,NA,NA,NA,NA,NA,NA,NA,NA,NA,NA,NA,NA,NA,NA,NA,NA,NA,NA,NA,NA,NA,NA,NA,NA,NA,NA,NA,NA,NA,NA,NA,NA,2010,1988-07-04,"IR","Neck",2018,0
"John Phillips","NO","TE","9638","weighted",NA,NA,NA,NA,NA,NA,0,0,0,0,0.811204013377926,0.388908729652601,0,0,0,0,13.0602006688963,19.4454364826301,0,0,NA,NA,NA,NA,NA,NA,NA,NA,NA,NA,NA,NA,NA,NA,NA,NA,NA,NA,NA,NA,NA,NA,NA,NA,NA,NA,NA,NA,NA,NA,NA,NA,2009,1987-06-11,NA,NA,NA,NA
"Tim Wright","KC","TE","11526","weighted",NA,NA,NA,NA,NA,NA,0.042742474916388,0.0636396103067893,0,0,0,0,0,0,0,0,12.5852842809365,18.7383297014435,0,0,NA,NA,NA,NA,NA,NA,NA,NA,NA,NA,NA,NA,NA,NA,NA,NA,NA,NA,NA,NA,NA,NA,NA,NA,NA,NA,NA,NA,NA,NA,NA,NA,2013,1990-04-07,NA,NA,NA,NA
"Phillip Supernaw","FA","TE","11628","weighted",NA,NA,NA,NA,NA,NA,0,0,0,0,0.0740066225165563,0.0353553390593274,0,0,0,0,12.4834437086093,18.3847763108502,0.19205298013245,0.282842712474619,NA,NA,NA,NA,NA,NA,NA,NA,NA,NA,NA,NA,NA,NA,NA,NA,NA,NA,NA,NA,NA,NA,NA,NA,NA,NA,NA,NA,NA,NA,NA,NA,2012,1990-01-30,NA,NA,NA,NA
"Ryan Hewitt","CIN","TE","11927","weighted",NA,NA,NA,NA,NA,NA,0,NA,0.02,NA,0.07,NA,0.05,NA,0,NA,24.67,NA,0.15,NA,NA,NA,NA,NA,NA,NA,NA,NA,NA,NA,NA,NA,NA,NA,NA,NA,NA,NA,NA,NA,NA,NA,NA,NA,NA,NA,NA,NA,NA,NA,NA,NA,2014,1991-01-24,NA,NA,NA,NA
"Temarrick Hemingway","LAR","TE","12807","weighted",NA,NA,NA,NA,NA,NA,0,NA,0,NA,0,NA,0,NA,0,NA,0,NA,0,NA,NA,NA,NA,NA,NA,NA,NA,NA,NA,NA,NA,NA,NA,NA,NA,NA,NA,NA,NA,NA,NA,NA,NA,NA,NA,NA,NA,NA,NA,NA,NA,NA,2016,1993-07-30,NA,NA,NA,NA
"Cole Hikutini","SF","TE","13511","weighted",NA,NA,NA,NA,NA,NA,0,NA,0,NA,0,NA,0,NA,0,NA,0,NA,0,NA,NA,NA,NA,NA,NA,NA,NA,NA,NA,NA,NA,NA,NA,NA,NA,NA,NA,NA,NA,NA,NA,NA,NA,NA,NA,NA,NA,NA,NA,NA,NA,NA,2017,1994-06-11,NA,NA,NA,NA
"Ifeanyi Momah","ARI","TE","11343","weighted",NA,NA,NA,NA,NA,NA,0,0,0,0,0,0,NA,NA,NA,NA,6.41137123745819,9.54594154601839,0,0,NA,NA,NA,NA,NA,NA,NA,NA,NA,NA,NA,NA,NA,NA,NA,NA,NA,NA,NA,NA,NA,NA,NA,NA,NA,NA,NA,NA,NA,NA,NA,NA,2013,1989-10-23,"Q","Leg",2018,0
"Randall Telfer","IND","TE","12347","weighted",NA,NA,NA,NA,NA,NA,0,NA,0,NA,0,NA,0,NA,0,NA,10.9,NA,0,NA,NA,NA,NA,NA,NA,NA,NA,NA,NA,NA,NA,NA,NA,NA,NA,NA,NA,NA,NA,NA,NA,NA,NA,NA,NA,NA,NA,NA,NA,NA,NA,NA,2015,1992-05-16,NA,NA,NA,NA
"Dan Arnold",NA,"TE","13880","weighted",NA,NA,NA,NA,NA,NA,0,NA,0,NA,1.3,NA,0,NA,0,NA,10.7,NA,0,NA,NA,NA,NA,NA,NA,NA,NA,NA,NA,NA,NA,NA,NA,NA,NA,NA,NA,NA,NA,NA,NA,NA,NA,NA,NA,NA,NA,NA,NA,NA,NA,NA,2017,1970-01-01,NA,NA,NA,NA
"Clark Harris","CIN","TE","8910","weighted",NA,NA,NA,NA,NA,NA,0,NA,0,NA,0,NA,0.05,NA,0,NA,7.88,NA,0,NA,NA,NA,NA,NA,NA,NA,NA,NA,NA,NA,NA,NA,NA,NA,NA,NA,NA,NA,NA,NA,NA,NA,NA,NA,NA,NA,NA,NA,NA,NA,NA,NA,2007,1984-07-10,NA,NA,NA,NA
"Blake Bell","MIN","TE","12213","weighted",NA,NA,NA,NA,NA,NA,0,0,0,0,0,0,0,0,0,0,0.854849498327759,1.27279220613579,0,0,NA,NA,NA,NA,NA,NA,NA,NA,NA,NA,NA,NA,NA,NA,NA,NA,NA,NA,NA,NA,NA,NA,NA,NA,NA,NA,NA,NA,NA,NA,NA,NA,2015,1991-08-07,NA,NA,NA,NA
"Jace Amaro","KC","TE","11696","weighted",NA,NA,NA,NA,NA,NA,0,0,0,0,0,0,0,0,0,0,0.522408026755853,0.777817459305202,0,0,NA,NA,NA,NA,NA,NA,NA,NA,NA,NA,NA,NA,NA,NA,NA,NA,NA,NA,NA,NA,NA,NA,NA,NA,NA,NA,NA,NA,NA,NA,NA,NA,2014,1992-06-26,NA,NA,NA,NA
"Tyrone Swoopes","SEA","TE","13411","weighted",NA,NA,NA,NA,NA,NA,0,NA,0,NA,0,NA,0,NA,0,NA,0.8,NA,0,NA,NA,NA,NA,NA,NA,NA,NA,NA,NA,NA,NA,NA,NA,NA,NA,NA,NA,NA,NA,NA,NA,NA,NA,NA,NA,NA,NA,NA,NA,NA,NA,NA,2017,1994-11-14,NA,NA,NA,NA
"Garrett Griffin","NO","TE","13546","weighted",NA,NA,NA,NA,NA,NA,0,NA,0,NA,0,NA,0,NA,0,NA,0.3,NA,0,NA,NA,NA,NA,NA,NA,NA,NA,NA,NA,NA,NA,NA,NA,NA,NA,NA,NA,NA,NA,NA,NA,NA,NA,NA,NA,NA,NA,NA,NA,NA,NA,NA,NA,NA,NA,NA,NA,NA
"Henry Krieger-Coble","LAR","TE","12894","weighted",NA,NA,NA,NA,NA,NA,0,0,0,0,0,0,0,0,0,0,0.0949832775919732,0.14142135623731,0,0,NA,NA,NA,NA,NA,NA,NA,NA,NA,NA,NA,NA,NA,NA,NA,NA,NA,NA,NA,NA,NA,NA,NA,NA,NA,NA,NA,NA,NA,NA,NA,NA,2016,1992-06-12,NA,NA,NA,NA
"Julius Thomas","FA","TE","10372","weighted",NA,NA,NA,NA,NA,NA,0,0,0,0,0,0,0,0,0,0,0,0,0,0,NA,NA,NA,NA,NA,NA,NA,NA,NA,NA,NA,NA,NA,NA,NA,NA,NA,NA,NA,NA,NA,NA,NA,NA,NA,NA,NA,NA,NA,NA,NA,NA,2011,1988-06-27,NA,NA,NA,NA
"Jason Witten","FA","TE","6997","weighted",NA,NA,NA,NA,NA,NA,0,NA,0,NA,0,NA,0,NA,0,NA,0,NA,0,NA,NA,NA,NA,NA,NA,NA,NA,NA,NA,NA,NA,NA,NA,NA,NA,NA,NA,NA,NA,NA,NA,NA,NA,NA,NA,NA,NA,NA,NA,NA,NA,NA,2003,1982-05-06,NA,NA,NA,NA
"Brent Celek","FA","TE","8838","weighted",NA,NA,NA,NA,NA,NA,0,NA,0,NA,0,NA,0,NA,0,NA,0,NA,0,NA,NA,NA,NA,NA,NA,NA,NA,NA,NA,NA,NA,NA,NA,NA,NA,NA,NA,NA,NA,NA,NA,NA,NA,NA,NA,NA,NA,NA,NA,NA,NA,NA,2007,1985-01-25,NA,NA,NA,NA
"Jeff Cumberland","FA","TE","10139","weighted",NA,NA,NA,NA,NA,NA,0,NA,0,NA,0,NA,0,NA,0,NA,0,NA,0,NA,NA,NA,NA,NA,NA,NA,NA,NA,NA,NA,NA,NA,NA,NA,NA,NA,NA,NA,NA,NA,NA,NA,NA,NA,NA,NA,NA,NA,NA,NA,NA,NA,2010,1987-05-02,NA,NA,NA,NA
"James Hanna","FA","TE","10877","weighted",NA,NA,NA,NA,NA,NA,0,NA,0,NA,0,NA,0,NA,0,NA,0,NA,0,NA,NA,NA,NA,NA,NA,NA,NA,NA,NA,NA,NA,NA,NA,NA,NA,NA,NA,NA,NA,NA,NA,NA,NA,NA,NA,NA,NA,NA,NA,NA,NA,NA,2012,1989-07-14,NA,NA,NA,NA
"Chris Gragg","NYJ","TE","11256","weighted",NA,NA,NA,NA,NA,NA,0,NA,0,NA,0,NA,0,NA,0,NA,0,NA,0,NA,NA,NA,NA,NA,NA,NA,NA,NA,NA,NA,NA,NA,NA,NA,NA,NA,NA,NA,NA,NA,NA,NA,NA,NA,NA,NA,NA,NA,NA,NA,NA,NA,2013,1990-06-30,NA,NA,NA,NA
"C.J. Fiedorowicz","FA","TE","11698","weighted",NA,NA,NA,NA,NA,NA,0,NA,0,NA,0,NA,0,NA,0,NA,0,NA,0,NA,NA,NA,NA,NA,NA,NA,NA,NA,NA,NA,NA,NA,NA,NA,NA,NA,NA,NA,NA,NA,NA,NA,NA,NA,NA,NA,NA,NA,NA,NA,NA,NA,2014,1991-10-22,NA,NA,NA,NA
"Darren Waller","BAL","TE","12263","weighted",NA,NA,NA,NA,NA,NA,0,NA,0,NA,0,NA,0,NA,0,NA,0,NA,0,NA,NA,NA,NA,NA,NA,NA,NA,NA,NA,NA,NA,NA,NA,NA,NA,NA,NA,NA,NA,NA,NA,NA,NA,NA,NA,NA,NA,NA,NA,NA,NA,NA,2015,1992-09-13,NA,NA,NA,NA
"Vince Mayle","BAL","TE","12196","weighted",NA,NA,NA,NA,NA,NA,0,NA,0,NA,0,NA,0,NA,0,NA,0,NA,0,NA,NA,NA,NA,NA,NA,NA,NA,NA,NA,NA,NA,NA,NA,NA,NA,NA,NA,NA,NA,NA,NA,NA,NA,NA,NA,NA,NA,NA,NA,NA,NA,NA,NA,NA,NA,NA,NA,NA
"Matt Lengel","CLE","TE","13044","weighted",NA,NA,NA,NA,NA,NA,0,NA,0,NA,0,NA,0,NA,0,NA,0,NA,0,NA,NA,NA,NA,NA,NA,NA,NA,NA,NA,NA,NA,NA,NA,NA,NA,NA,NA,NA,NA,NA,NA,NA,NA,NA,NA,NA,NA,NA,NA,NA,NA,NA,NA,NA,"Q","Knee",2018,0
"Thomas Duarte","MIA","TE","12664","weighted",NA,NA,NA,NA,NA,NA,0,NA,0,NA,0,NA,0,NA,0,NA,0,NA,0,NA,NA,NA,NA,NA,NA,NA,NA,NA,NA,NA,NA,NA,NA,NA,NA,NA,NA,NA,NA,NA,NA,NA,NA,NA,NA,NA,NA,NA,NA,NA,NA,NA,2016,1995-03-30,NA,NA,NA,NA
"Beau Sandland","ARI","TE","12855","weighted",NA,NA,NA,NA,NA,NA,0,NA,0,NA,0,NA,0,NA,0,NA,0,NA,0,NA,NA,NA,NA,NA,NA,NA,NA,NA,NA,NA,NA,NA,NA,NA,NA,NA,NA,NA,NA,NA,NA,NA,NA,NA,NA,NA,NA,NA,NA,NA,NA,NA,2016,1993-02-23,"Q","Undisclosed",2018,0
"Braedon Bowman","LAC","TE","12954","weighted",NA,NA,NA,NA,NA,NA,0,NA,0,NA,0,NA,0,NA,0,NA,0,NA,0,NA,NA,NA,NA,NA,NA,NA,NA,NA,NA,NA,NA,NA,NA,NA,NA,NA,NA,NA,NA,NA,NA,NA,NA,NA,NA,NA,NA,NA,NA,NA,NA,NA,2016,1994-01-30,NA,NA,NA,NA
"Devon Cajuste","CLE","TE","12674","weighted",NA,NA,NA,NA,NA,NA,0,NA,0,NA,0,NA,0,NA,0,NA,0,NA,0,NA,NA,NA,NA,NA,NA,NA,NA,NA,NA,NA,NA,NA,NA,NA,NA,NA,NA,NA,NA,NA,NA,NA,NA,NA,NA,NA,NA,NA,NA,NA,NA,NA,2016,1993-01-31,NA,NA,NA,NA
"Bryce Williams","ARI","TE","12679","weighted",NA,NA,NA,NA,NA,NA,0,NA,0,NA,0,NA,0,NA,0,NA,0,NA,0,NA,NA,NA,NA,NA,NA,NA,NA,NA,NA,NA,NA,NA,NA,NA,NA,NA,NA,NA,NA,NA,NA,NA,NA,NA,NA,NA,NA,NA,NA,NA,NA,NA,2016,1993-02-24,NA,NA,NA,NA
"Stephen Gostkowski","NE","K","8359","weighted",NA,NA,NA,NA,NA,NA,NA,NA,NA,NA,NA,NA,NA,NA,NA,NA,NA,NA,NA,NA,1.27550240994984,0.637521313667513,10.4481163263294,0.653058638836686,8.57038823886901,0.964997347594635,8.70995381989774,1.28471786261146,2.70279871958616,0.718809977982955,48.1225663716814,4.18310196805996,NA,NA,NA,NA,NA,NA,NA,NA,NA,NA,NA,NA,NA,NA,NA,NA,NA,NA,NA,NA,2006,1984-01-28,NA,NA,NA,NA
"Greg Zuerlein","LAR","K","10868","weighted",NA,NA,NA,NA,NA,NA,NA,NA,NA,NA,NA,NA,NA,NA,NA,NA,NA,NA,NA,NA,0.700890022581289,0.203950230845475,8.61027083343837,0.87848059875249,9.57139296434371,0.972740437478087,8.37766261309595,1.1434094426239,4.46640693532007,0.698657408655432,41.4621415929204,3.2076057253224,NA,NA,NA,NA,NA,NA,NA,NA,NA,NA,NA,NA,NA,NA,NA,NA,NA,NA,NA,NA,2012,1987-12-27,NA,NA,NA,NA
"Wil Lutz","NO","K","12956","weighted",NA,NA,NA,NA,NA,NA,NA,NA,NA,NA,NA,NA,NA,NA,NA,NA,NA,NA,NA,NA,0.471265165453327,0.36854529170616,8.09058959411396,0.869045090933227,7.67781148561361,1.11201209151333,8.612318332167,1.48497823648048,3.6360510608425,0.761828341904463,45.9201592920354,2.78554280007519,NA,NA,NA,NA,NA,NA,NA,NA,NA,NA,NA,NA,NA,NA,NA,NA,NA,NA,NA,NA,2016,1994-07-07,NA,NA,NA,NA
"Daniel Carlson","MIN","K","13718","weighted",NA,NA,NA,NA,NA,NA,NA,NA,NA,NA,NA,NA,NA,NA,NA,NA,NA,NA,NA,NA,0.533597562728731,0.199473809166665,7.17261447950025,0.942947946303467,9.57862270551131,0.758289417998538,7.12122546933425,1.00408967219064,3.42855692900063,0.506556821375621,36.0511133603239,4.29664633421768,NA,NA,NA,NA,NA,NA,NA,NA,NA,NA,NA,NA,NA,NA,NA,NA,NA,NA,NA,NA,2018,1995-01-23,NA,NA,NA,NA
"Mason Crosby","GB","K","8742","weighted",NA,NA,NA,NA,NA,NA,NA,NA,NA,NA,NA,NA,NA,NA,NA,NA,NA,NA,NA,NA,0.717289513271675,0.269926805646214,7.91831324251531,1.00905336207687,8.63534742505405,0.994009405065915,6.19399429976249,0.962925429227356,2.56585841868985,0.782243792332453,42.1681592920354,3.66360118947947,NA,NA,NA,NA,NA,NA,NA,NA,NA,NA,NA,NA,NA,NA,NA,NA,NA,NA,NA,NA,2007,1984-09-03,NA,NA,NA,NA
"Caleb Sturgis","LAC","K","11384","weighted",NA,NA,NA,NA,NA,NA,NA,NA,NA,NA,NA,NA,NA,NA,NA,NA,NA,NA,NA,NA,0.418428032516263,0.379434399439224,8.58730909308078,0.847603565262081,7.39229692766262,1.61093351705171,6.08956295872707,1.55985495803014,2.49901068535623,0.481504856987089,36.5561061946903,7.76666337013431,NA,NA,NA,NA,NA,NA,NA,NA,NA,NA,NA,NA,NA,NA,NA,NA,NA,NA,NA,NA,2013,1989-08-09,NA,NA,NA,NA
"Jake Elliott","PHI","K","13303","weighted",NA,NA,NA,NA,NA,NA,NA,NA,NA,NA,NA,NA,NA,NA,NA,NA,NA,NA,NA,NA,0.453436254781629,0.270893966382145,8.89446973505619,0.957656154636986,8.35304175645453,0.782612365117301,8.62267097016195,1.57772761260671,3.27087446148605,0.708294914218073,41.5639469026549,3.20299799255764,NA,NA,NA,NA,NA,NA,NA,NA,NA,NA,NA,NA,NA,NA,NA,NA,NA,NA,NA,NA,2017,1995-01-21,NA,NA,NA,NA
"Matt Bryant","ATL","K","6789","weighted",NA,NA,NA,NA,NA,NA,NA,NA,NA,NA,NA,NA,NA,NA,NA,NA,NA,NA,NA,NA,0.538459374227886,0.219884351212153,8.33449500464908,1.07212343788795,8.20815668889289,0.572549215729819,8.41842631418551,1.11724792264551,4.62539087278361,1.29706401855789,40.6647610619469,4.11890410877682,NA,NA,NA,NA,NA,NA,NA,NA,NA,NA,NA,NA,NA,NA,NA,NA,NA,NA,NA,NA,2002,1975-05-29,NA,NA,NA,NA
"Chris Boswell","PIT","K","11936","weighted",NA,NA,NA,NA,NA,NA,NA,NA,NA,NA,NA,NA,NA,NA,NA,NA,NA,NA,NA,NA,0.425027273638249,0.333331569212099,8.82169273068832,0.750987366943043,9.96256409212869,1.25727246570816,8.8476570339935,1.04320856451354,3.01694661656132,0.418489609336863,40.7732566371681,3.18107579154676,NA,NA,NA,NA,NA,NA,NA,NA,NA,NA,NA,NA,NA,NA,NA,NA,NA,NA,NA,NA,2014,1991-03-16,"Q","Groin",2018,0
"Dan Bailey","DAL","K","10506","weighted",NA,NA,NA,NA,NA,NA,NA,NA,NA,NA,NA,NA,NA,NA,NA,NA,NA,NA,NA,NA,0.448212157330155,0.349252213879669,1.25109654350417,0.692557634728458,2.03059594755662,1.53130557592406,2.52730870083433,2.58185898633235,2.21585220500596,2.2684677960613,15.3728247914184,18.6383758397445,NA,NA,NA,NA,NA,NA,NA,NA,NA,NA,NA,NA,NA,NA,NA,NA,NA,NA,NA,NA,2011,1988-01-26,NA,NA,NA,NA
"Adam Vinatieri","IND","K","2842","weighted",NA,NA,NA,NA,NA,NA,NA,NA,NA,NA,NA,NA,NA,NA,NA,NA,NA,NA,NA,NA,0.392489688713986,0.303540889483741,7.72680718248143,0.42671120996711,8.30545622871943,0.513906957247967,8.07598897633148,0.550421650592656,3.67388907365409,0.984334530354928,34.9829911504425,5.2472793252108,NA,NA,NA,NA,NA,NA,NA,NA,NA,NA,NA,NA,NA,NA,NA,NA,NA,NA,NA,NA,1996,1972-12-28,NA,NA,NA,NA
"Harrison Butker","KC","K","13354","weighted",NA,NA,NA,NA,NA,NA,NA,NA,NA,NA,NA,NA,NA,NA,NA,NA,NA,NA,NA,NA,0.52627790251882,0.299625573918729,9.64663350680919,0.925872733703239,11.2331302483168,2.36166087209534,8.26491034304632,1.07334133805678,3.20598386313555,0.681573847587783,36.6151150442478,3.15964650747975,NA,NA,NA,NA,NA,NA,NA,NA,NA,NA,NA,NA,NA,NA,NA,NA,NA,NA,NA,NA,2017,1995-07-14,NA,NA,NA,NA
"Graham Gano","CAR","K","9694","weighted",NA,NA,NA,NA,NA,NA,NA,NA,NA,NA,NA,NA,NA,NA,NA,NA,NA,NA,NA,NA,0.58706458990797,0.45596169018982,8.71797751501481,0.492020248122887,8.9123941668129,0.470107323174855,9.27549650333874,1.27894490866437,2.23141564799918,0.50102739627576,35.274407079646,3.44751840392757,NA,NA,NA,NA,NA,NA,NA,NA,NA,NA,NA,NA,NA,NA,NA,NA,NA,NA,NA,NA,2009,1987-04-09,"IR","Knee",2018,0
"Robbie Gould","SF","K","8153","weighted",NA,NA,NA,NA,NA,NA,NA,NA,NA,NA,NA,NA,NA,NA,NA,NA,NA,NA,NA,NA,0.473966145406153,0.296225142280798,8.09034402828495,0.979523284021816,9.7469793241066,1.01199636198586,9.52326263474747,1.98123932882526,3.44513901628784,0.382105251477875,33.5376637168142,6.13853504333727,NA,NA,NA,NA,NA,NA,NA,NA,NA,NA,NA,NA,NA,NA,NA,NA,NA,NA,NA,NA,2005,1982-12-06,NA,NA,NA,NA
"Chandler Catanzaro","TB","K","11960","weighted",NA,NA,NA,NA,NA,NA,NA,NA,NA,NA,NA,NA,NA,NA,NA,NA,NA,NA,NA,NA,0.617426688745117,0.187409765896357,7.21453719067985,0.845693590034729,7.6308916458707,1.10362925143033,7.85921021645533,0.896539091706773,2.2707791703813,0.668505704098503,33.0920884955752,4.15288065553972,NA,NA,NA,NA,NA,NA,NA,NA,NA,NA,NA,NA,NA,NA,NA,NA,NA,NA,NA,NA,2014,1991-02-26,NA,NA,NA,NA
"Kaimi Fairbairn","HOU","K","12860","weighted",NA,NA,NA,NA,NA,NA,NA,NA,NA,NA,NA,NA,NA,NA,NA,NA,NA,NA,NA,NA,0.473721933247188,0.220717664223158,7.2128632817129,1.55913623374406,7.64404191382693,0.88033801257452,7.04788559944178,1.32522578841326,2.75511615825349,0.348335038071996,32.0946194690266,4.93611246036852,NA,NA,NA,NA,NA,NA,NA,NA,NA,NA,NA,NA,NA,NA,NA,NA,NA,NA,NA,NA,2016,1994-01-29,NA,NA,NA,NA
"Matt Prater","DET","K","8930","weighted",NA,NA,NA,NA,NA,NA,NA,NA,NA,NA,NA,NA,NA,NA,NA,NA,NA,NA,NA,NA,0.780088950933695,0.186598821642305,8.05340345682953,0.822125967810369,8.34338044944314,0.882600372524833,7.32096563969828,0.83465851526527,4.33088533315557,1.49637943064588,37.8315575221239,1.70980206372672,NA,NA,NA,NA,NA,NA,NA,NA,NA,NA,NA,NA,NA,NA,NA,NA,NA,NA,NA,NA,2006,1984-08-10,NA,NA,NA,NA
"Ryan Succop","TEN","K","9686","weighted",NA,NA,NA,NA,NA,NA,NA,NA,NA,NA,NA,NA,NA,NA,NA,NA,NA,NA,NA,NA,0.605889069499717,0.197607764568318,7.79712357326832,0.952661913690051,7.5905372114961,0.827538375175228,8.65536130818798,1.33798638677379,2.62228726970885,0.349609498521585,35.5041238938053,2.37398474665548,NA,NA,NA,NA,NA,NA,NA,NA,NA,NA,NA,NA,NA,NA,NA,NA,NA,NA,NA,NA,2009,1986-09-19,NA,NA,NA,NA
"Sebastian Janikowski","SEA","K","5666","weighted",NA,NA,NA,NA,NA,NA,NA,NA,NA,NA,NA,NA,NA,NA,NA,NA,NA,NA,NA,NA,0.572696126591099,0.340751647443007,7.18266503048029,1.45976742474679,7.60063792107341,1.31056601529332,7.09145530083992,1.11138629686448,2.27697451681554,1.14612942264753,35.1825486725664,3.69338532957191,NA,NA,NA,NA,NA,NA,NA,NA,NA,NA,NA,NA,NA,NA,NA,NA,NA,NA,NA,NA,2000,1978-03-02,"Q","Hamstring",2018,0
"Dustin Hopkins","WAS","K","11387","weighted",NA,NA,NA,NA,NA,NA,NA,NA,NA,NA,NA,NA,NA,NA,NA,NA,NA,NA,NA,NA,0.678012035469167,0.539141068725615,9.29282503560581,1.94418000821137,7.61067476819481,1.15236477462905,6.71236740646133,1.3290308592575,2.72015265109629,1.09975769805481,34.5730973451327,4.11578296909035,NA,NA,NA,NA,NA,NA,NA,NA,NA,NA,NA,NA,NA,NA,NA,NA,NA,NA,NA,NA,2013,1990-10-01,NA,NA,NA,NA
"Brett Maher",NA,"K","13909","weighted",NA,NA,NA,NA,NA,NA,NA,NA,NA,NA,NA,NA,NA,NA,NA,NA,NA,NA,NA,NA,1.29065014965101,0.338650635747942,6.63762009322347,1.09574516764106,7.69822849520028,0.704494124580461,7.25802140949874,0.317873300541263,3.05154542619699,0.430049607994973,37.5309133489461,2.5589766208504,NA,NA,NA,NA,NA,NA,NA,NA,NA,NA,NA,NA,NA,NA,NA,NA,NA,NA,NA,NA,2017,1970-01-01,NA,NA,NA,NA
"Justin Tucker","BAL","K","10976","weighted",NA,NA,NA,NA,NA,NA,NA,NA,NA,NA,NA,NA,NA,NA,NA,NA,NA,NA,NA,NA,0.372898553319875,0.345224653628502,7.59452998187069,1.03344628480166,9.51250149467285,1.13903078423862,10.3177797612776,1.33945592197669,5.14179336687018,1.22268334925427,36.9111150442478,2.37258031693733,NA,NA,NA,NA,NA,NA,NA,NA,NA,NA,NA,NA,NA,NA,NA,NA,NA,NA,NA,NA,2012,1989-11-21,NA,NA,NA,NA
"Randy Bullock","CIN","K","10862","weighted",NA,NA,NA,NA,NA,NA,NA,NA,NA,NA,NA,NA,NA,NA,NA,NA,NA,NA,NA,NA,0.546130471845637,0.332381572843229,6.98348276917155,0.798959657959237,7.24628401532616,0.742830237687725,6.23324071596474,1.36035119743447,1.99234070610438,0.711193028137145,32.9726902654867,2.57555831997259,NA,NA,NA,NA,NA,NA,NA,NA,NA,NA,NA,NA,NA,NA,NA,NA,NA,NA,NA,NA,2012,1989-12-16,NA,NA,NA,NA
"Mike Nugent","OAK","K","7859","weighted",NA,NA,NA,NA,NA,NA,NA,NA,NA,NA,NA,NA,NA,NA,NA,NA,NA,NA,NA,NA,0.542354967913096,0.378680842075491,6.13450076689717,2.1447130610328,6.74330145865215,1.90143545331071,5.82984995051169,1.61954346954022,1.89641846646337,0.723976193399684,30.6711,8.78961309356421,NA,NA,NA,NA,NA,NA,NA,NA,NA,NA,NA,NA,NA,NA,NA,NA,NA,NA,NA,NA,2005,1982-03-02,"IR","Hip",2018,0
"Josh Lambo","JAC","K","12417","weighted",NA,NA,NA,NA,NA,NA,NA,NA,NA,NA,NA,NA,NA,NA,NA,NA,NA,NA,NA,NA,0.319318350820148,0.28543387473918,6.9024962745156,1.99797569830235,9.02593551362942,0.631543740670286,8.01795107489281,0.732754474394061,3.18992438944973,0.729910486649187,35.9184778761062,1.82149562879914,NA,NA,NA,NA,NA,NA,NA,NA,NA,NA,NA,NA,NA,NA,NA,NA,NA,NA,NA,NA,2015,1990-11-19,"IR","Groin",2018,0
"Brandon McManus","DEN","K","11947","weighted",NA,NA,NA,NA,NA,NA,NA,NA,NA,NA,NA,NA,NA,NA,NA,NA,NA,NA,NA,NA,0.43063782016546,0.402968192730831,7.31557541218585,0.903105129946564,8.33295257876619,1.26028150183059,6.67670496762999,0.791749202501727,3.17744001753184,0.737897891062644,32.1769380530974,3.63112070129,NA,NA,NA,NA,NA,NA,NA,NA,NA,NA,NA,NA,NA,NA,NA,NA,NA,NA,NA,NA,2014,1991-07-25,NA,NA,NA,NA
"Aldrick Rosas","NYG","K","13241","weighted",NA,NA,NA,NA,NA,NA,NA,NA,NA,NA,NA,NA,NA,NA,NA,NA,NA,NA,NA,NA,0.313893579335582,0.280953826396927,7.41597883766221,0.773028433738675,6.68164707817268,1.66377471371529,6.00565528054102,1.14860719842026,2.42256613047003,0.479909275978328,31.0587079646018,4.630286438014,NA,NA,NA,NA,NA,NA,NA,NA,NA,NA,NA,NA,NA,NA,NA,NA,NA,NA,NA,NA,2016,1994-12-30,NA,NA,NA,NA
"Cody Parkey","CHI","K","11966","weighted",NA,NA,NA,NA,NA,NA,NA,NA,NA,NA,NA,NA,NA,NA,NA,NA,NA,NA,NA,NA,0.64288434358698,0.412895831946277,7.09011152797907,1.14904294790544,7.31796463873959,1.30372307770599,6.76023076840818,0.820631754920013,2.45306725430846,0.876439602266359,31.4535398230088,3.80100360260557,NA,NA,NA,NA,NA,NA,NA,NA,NA,NA,NA,NA,NA,NA,NA,NA,NA,NA,NA,NA,2014,1992-02-19,NA,NA,NA,NA
"Jason Sanders","MIA","K","13832","weighted",NA,NA,NA,NA,NA,NA,NA,NA,NA,NA,NA,NA,NA,NA,NA,NA,NA,NA,NA,NA,0.377284990408797,0.359612754079495,7.30246377030211,1.10299819197794,7.56742281376951,1.19708166951717,6.54398599388489,1.26504416886098,1.70248724278866,0.879571135685103,31.4001012145749,3.33856683315498,NA,NA,NA,NA,NA,NA,NA,NA,NA,NA,NA,NA,NA,NA,NA,NA,NA,NA,NA,NA,2018,1995-11-16,NA,NA,NA,NA
"Giorgio Tavecchio","ATL","K","11339","weighted",NA,NA,NA,NA,NA,NA,NA,NA,NA,NA,NA,NA,NA,NA,NA,NA,NA,NA,NA,NA,0,0,0,0,0,0,2.03849637681159,3.28438127743692,0.582427536231884,0.938394650696264,8.2427536231884,17.1735466247226,NA,NA,NA,NA,NA,NA,NA,NA,NA,NA,NA,NA,NA,NA,NA,NA,NA,NA,NA,NA,2012,1990-07-16,NA,NA,NA,NA
"Cairo Santos","FA","K","11945","weighted",NA,NA,NA,NA,NA,NA,NA,NA,NA,NA,NA,NA,NA,NA,NA,NA,NA,NA,NA,NA,0.0125724637681159,0.0050547554369531,0.270307971014493,0.108677241894492,0.333170289855072,0.133951019079257,1.8975,2.71733895088754,0.613722826086956,0.917388827546923,11.3256884057971,16.0634763734519,NA,NA,NA,NA,NA,NA,NA,NA,NA,NA,NA,NA,NA,NA,NA,NA,NA,NA,NA,NA,2014,1991-11-12,NA,NA,NA,NA
"Zane Gonzalez","CLE","K","13347","weighted",NA,NA,NA,NA,NA,NA,NA,NA,NA,NA,NA,NA,NA,NA,NA,NA,NA,NA,NA,NA,0.61429456951795,0.486195443998883,6.41606655142352,0.870467862351394,6.55298982673926,1.31417386200383,6.03502019784955,1.03877123780849,2.17760461711551,0.338660881264312,30.4160884955752,3.31066338187292,NA,NA,NA,NA,NA,NA,NA,NA,NA,NA,NA,NA,NA,NA,NA,NA,NA,NA,NA,NA,2017,NA,NA,NA,NA,NA
"Phil Dawson","ARI","K","3494","weighted",NA,NA,NA,NA,NA,NA,NA,NA,NA,NA,NA,NA,NA,NA,NA,NA,NA,NA,NA,NA,0.906586409367951,0.365026147896664,7.03006120399313,0.819651246611605,8.79378089582172,0.966696519018111,8.34523029027796,0.925312059754394,2.756757818747,0.621388084386276,30.6491150442478,3.97056661688128,NA,NA,NA,NA,NA,NA,NA,NA,NA,NA,NA,NA,NA,NA,NA,NA,NA,NA,NA,NA,1998,1975-01-23,"IR","Hip",2018,0
"Steven Hauschka","BUF","K","9319","weighted",NA,NA,NA,NA,NA,NA,NA,NA,NA,NA,NA,NA,NA,NA,NA,NA,NA,NA,NA,NA,0.268497391892276,0.316549179118306,7.44279333309379,0.875849323610762,8.05877677440909,1.47296629352431,7.51587514430495,0.874052823190992,3.18347084713617,0.756479257140052,28.6443185840708,2.92618527763072,NA,NA,NA,NA,NA,NA,NA,NA,NA,NA,NA,NA,NA,NA,NA,NA,NA,NA,NA,NA,NA,NA,NA,NA,NA,NA
"Jason Myers","NYJ","K","12437","weighted",NA,NA,NA,NA,NA,NA,NA,NA,NA,NA,NA,NA,NA,NA,NA,NA,NA,NA,NA,NA,0.573249426868883,0.341849960774096,5.54982382850521,2.22824684083904,5.99697357875022,2.45539507854754,6.53697077474316,3.1783475499268,2.02325112401531,0.754121711832465,26.01956,7.65123629550586,NA,NA,NA,NA,NA,NA,NA,NA,NA,NA,NA,NA,NA,NA,NA,NA,NA,NA,NA,NA,NA,1991-05-12,NA,NA,NA,NA
"Eddy Pineiro","OAK","K","13719","weighted",NA,NA,NA,NA,NA,NA,NA,NA,NA,NA,NA,NA,NA,NA,NA,NA,NA,NA,NA,NA,0,NA,0,NA,0,NA,0,NA,0,NA,0,NA,NA,NA,NA,NA,NA,NA,NA,NA,NA,NA,NA,NA,NA,NA,NA,NA,NA,NA,NA,NA,2018,1995-09-13,"IR","Groin",2018,0
"Nick Rose","HOU","K","12907","weighted",NA,NA,NA,NA,NA,NA,NA,NA,NA,NA,NA,NA,NA,NA,NA,NA,NA,NA,NA,NA,0,0,3.47488151658768,1.508323079773,2.40568720379147,1.04422367061208,0.477014218009479,0.574293890836567,0.0433649289099526,0.052208535530597,9.48815165876777,12.1833862441493,NA,NA,NA,NA,NA,NA,NA,NA,NA,NA,NA,NA,NA,NA,NA,NA,NA,NA,NA,NA,2016,1994-05-05,NA,NA,NA,NA
"Roberto Aguayo","LAC","K","12721","weighted",NA,NA,NA,NA,NA,NA,NA,NA,NA,NA,NA,NA,NA,NA,NA,NA,NA,NA,NA,NA,0,0,2.67298578199052,1.16024852290231,3.94265402843602,1.7113665712809,0.433649289099526,0.52208535530597,0,0,6.1914691943128,10.6742864107012,NA,NA,NA,NA,NA,NA,NA,NA,NA,NA,NA,NA,NA,NA,NA,NA,NA,NA,NA,NA,2016,1994-05-17,NA,NA,NA,NA
"Blair Walsh","FA","K","10872","weighted",NA,NA,NA,NA,NA,NA,NA,NA,NA,NA,NA,NA,NA,NA,NA,NA,NA,NA,NA,NA,0,0,0,0,0,0,0,0,0,0,7.46785714285714,12.0208152801713,NA,NA,NA,NA,NA,NA,NA,NA,NA,NA,NA,NA,NA,NA,NA,NA,NA,NA,NA,NA,2012,1990-01-08,NA,NA,NA,NA
"Nick Novak","FA","K","8144","weighted",NA,NA,NA,NA,NA,NA,NA,NA,NA,NA,NA,NA,NA,NA,NA,NA,NA,NA,NA,NA,0,0,0,0,0,0,0,0,0,0,3.95357142857143,6.36396103067893,NA,NA,NA,NA,NA,NA,NA,NA,NA,NA,NA,NA,NA,NA,NA,NA,NA,NA,NA,NA,NA,NA,NA,NA,NA,NA
"Nick Folk","FA","K","8851","weighted",NA,NA,NA,NA,NA,NA,NA,NA,NA,NA,NA,NA,NA,NA,NA,NA,NA,NA,NA,NA,0,0,0,0,0,0,0,0,0,0,3.51428571428571,5.65685424949238,NA,NA,NA,NA,NA,NA,NA,NA,NA,NA,NA,NA,NA,NA,NA,NA,NA,NA,NA,NA,2007,1984-11-05,NA,NA,NA,NA
"Sam Ficken","LAR","K","13564","weighted",NA,NA,NA,NA,NA,NA,NA,NA,NA,NA,NA,NA,NA,NA,NA,NA,NA,NA,NA,NA,0,0,0.133649289099526,0.0580124261451154,0,0,0,0,0,0,3.39810426540284,3.88323396387361,NA,NA,NA,NA,NA,NA,NA,NA,NA,NA,NA,NA,NA,NA,NA,NA,NA,NA,NA,NA,2015,1992-12-14,NA,NA,NA,NA
"Connor Barth","FA","K","9307","weighted",NA,NA,NA,NA,NA,NA,NA,NA,NA,NA,NA,NA,NA,NA,NA,NA,NA,NA,NA,NA,NA,NA,NA,NA,NA,NA,0,0,0,0,3.075,4.94974746830583,NA,NA,NA,NA,NA,NA,NA,NA,NA,NA,NA,NA,NA,NA,NA,NA,NA,NA,NA,NA,2008,1986-04-11,NA,NA,NA,NA
"Younghoe Koo","FA","K","13403","weighted",NA,NA,NA,NA,NA,NA,NA,NA,NA,NA,NA,NA,NA,NA,NA,NA,NA,NA,NA,NA,NA,NA,NA,NA,NA,NA,0,0,0,0,1.31785714285714,2.12132034355964,NA,NA,NA,NA,NA,NA,NA,NA,NA,NA,NA,NA,NA,NA,NA,NA,NA,NA,NA,NA,2017,1994-08-03,NA,NA,NA,NA
"Travis Coons","FA","K","11909","weighted",NA,NA,NA,NA,NA,NA,NA,NA,NA,NA,NA,NA,NA,NA,NA,NA,NA,NA,NA,NA,NA,NA,NA,NA,NA,NA,0,0,0,0,0.878571428571428,1.41421356237309,NA,NA,NA,NA,NA,NA,NA,NA,NA,NA,NA,NA,NA,NA,NA,NA,NA,NA,NA,NA,2014,1992-02-06,NA,NA,NA,NA
"Marshall Koehn","NYG","K","12885","weighted",NA,NA,NA,NA,NA,NA,NA,NA,NA,NA,NA,NA,NA,NA,NA,NA,NA,NA,NA,NA,0,NA,0,NA,0,NA,0,NA,0,NA,0.03,NA,NA,NA,NA,NA,NA,NA,NA,NA,NA,NA,NA,NA,NA,NA,NA,NA,NA,NA,NA,NA,2016,1992-08-29,NA,NA,NA,NA
"Kai Forbath","FA","K","10487","weighted",NA,NA,NA,NA,NA,NA,NA,NA,NA,NA,NA,NA,NA,NA,NA,NA,NA,NA,NA,NA,0,0,0,0,0,0,0,0,0,0,0,0,NA,NA,NA,NA,NA,NA,NA,NA,NA,NA,NA,NA,NA,NA,NA,NA,NA,NA,NA,NA,2011,1987-09-02,NA,NA,NA,NA
"Colts","IND","DST","0502","weighted",NA,NA,NA,NA,NA,NA,NA,NA,NA,NA,NA,NA,NA,NA,NA,NA,NA,NA,NA,NA,NA,NA,NA,NA,NA,NA,NA,NA,NA,NA,NA,NA,12.21512,1.8500621194522,28.23744,4.48225286129133,1.04744333333333,1.00665483440874,1.69776,1.22188825596145,0.6042,0.198716322995145,NA,NA,NA,NA,NA,NA,NA,NA,NA,NA,NA,NA,NA,NA,NA,NA
"Dolphins","MIA","DST","0503","weighted",NA,NA,NA,NA,NA,NA,NA,NA,NA,NA,NA,NA,NA,NA,NA,NA,NA,NA,NA,NA,NA,NA,NA,NA,NA,NA,NA,NA,NA,NA,NA,NA,12.28452,2.05798747174424,34.96232,3.54565251178569,1.04954666666667,1.00567696701224,2.97796,0.855198050253387,0.7467,0.245583380305321,NA,NA,NA,NA,NA,NA,NA,NA,NA,NA,NA,NA,NA,NA,NA,NA
"49ers","SF","DST","0530","weighted",NA,NA,NA,NA,NA,NA,NA,NA,NA,NA,NA,NA,NA,NA,NA,NA,NA,NA,NA,NA,NA,NA,NA,NA,NA,NA,NA,NA,NA,NA,NA,NA,11.99882,1.86026084137682,29.0657,3.0917643646342,0.374286666666667,0.349399985980443,2.38824,0.987219119100634,0.6669,0.219337828211622,NA,NA,NA,NA,NA,NA,NA,NA,NA,NA,NA,NA,NA,NA,NA,NA
"Buccaneers","TB","DST","0525","weighted",NA,NA,NA,NA,NA,NA,NA,NA,NA,NA,NA,NA,NA,NA,NA,NA,NA,NA,NA,NA,NA,NA,NA,NA,NA,NA,NA,NA,NA,NA,NA,NA,13.90526,1.06173656642867,28.71914,2.71083696128868,0.386906666666667,0.354781556634676,3.07876,0.865909318484485,1.0399,0.0131227760468492,NA,NA,NA,NA,NA,NA,NA,NA,NA,NA,NA,NA,NA,NA,NA,NA
"Browns","CLE","DST","0507","weighted",NA,NA,NA,NA,NA,NA,NA,NA,NA,NA,NA,NA,NA,NA,NA,NA,NA,NA,NA,NA,NA,NA,NA,NA,NA,NA,NA,NA,NA,NA,NA,NA,11.0402,3.5811751364543,33.54686,3.21396970581032,0.12975,0.193622447741871,1.55596,0.910876723695442,0.7296,0.2399593334281,NA,NA,NA,NA,NA,NA,NA,NA,NA,NA,NA,NA,NA,NA,NA,NA
"Packers","GB","DST","0523","weighted",NA,NA,NA,NA,NA,NA,NA,NA,NA,NA,NA,NA,NA,NA,NA,NA,NA,NA,NA,NA,NA,NA,NA,NA,NA,NA,NA,NA,NA,NA,NA,NA,11.68184,2.48785751172012,42.67846,5.73065656454967,0.368286666666667,0.346809664880288,2.6662,0.802687634174234,0.6327,0.20808973445718,NA,NA,NA,NA,NA,NA,NA,NA,NA,NA,NA,NA,NA,NA,NA,NA
"Panthers","CAR","DST","0527","weighted",NA,NA,NA,NA,NA,NA,NA,NA,NA,NA,NA,NA,NA,NA,NA,NA,NA,NA,NA,NA,NA,NA,NA,NA,NA,NA,NA,NA,NA,NA,NA,NA,13.0125,1.34191373979225,41.7823,3.92642625981678,0.417076666666667,0.366896601413283,3.27332,1.44220955562016,1.0684,0.0224961875088844,NA,NA,NA,NA,NA,NA,NA,NA,NA,NA,NA,NA,NA,NA,NA,NA
"Steelers","PIT","DST","0510","weighted",NA,NA,NA,NA,NA,NA,NA,NA,NA,NA,NA,NA,NA,NA,NA,NA,NA,NA,NA,NA,NA,NA,NA,NA,NA,NA,NA,NA,NA,NA,NA,NA,14.51846,1.91618160042733,42.35052,7.97480607128658,0.202186666666667,0.214306677627978,2.77507,1.16136044227989,1.114,0.0374936458481405,NA,NA,NA,NA,NA,NA,NA,NA,NA,NA,NA,NA,NA,NA,NA,NA
"Jets","NYJ","DST","0505","weighted",NA,NA,NA,NA,NA,NA,NA,NA,NA,NA,NA,NA,NA,NA,NA,NA,NA,NA,NA,NA,NA,NA,NA,NA,NA,NA,NA,NA,NA,NA,NA,NA,11.09318,4.38931837806952,33.1322,3.8861259382791,0.133956666666667,0.200678957630424,1.7118,1.02890948783685,0.6726,0.221212510504029,NA,NA,NA,NA,NA,NA,NA,NA,NA,NA,NA,NA,NA,NA,NA,NA
"Giants","NYG","DST","0517","weighted",NA,NA,NA,NA,NA,NA,NA,NA,NA,NA,NA,NA,NA,NA,NA,NA,NA,NA,NA,NA,NA,NA,NA,NA,NA,NA,NA,NA,NA,NA,NA,NA,14.6672,2.67576903996928,29.50644,2.98621676792794,0.378493333333333,0.351060045333501,2.15236,0.304637220893676,1.0342,0.0112480937544422,NA,NA,NA,NA,NA,NA,NA,NA,NA,NA,NA,NA,NA,NA,NA,NA
"Raiders","OAK","DST","0513","weighted",NA,NA,NA,NA,NA,NA,NA,NA,NA,NA,NA,NA,NA,NA,NA,NA,NA,NA,NA,NA,NA,NA,NA,NA,NA,NA,NA,NA,NA,NA,NA,NA,11.42394,2.52471626851168,31.83002,4.02734871624022,0.446723333333333,0.354125133515205,1.71408,1.49360052531392,0.5928,0.194966958410331,NA,NA,NA,NA,NA,NA,NA,NA,NA,NA,NA,NA,NA,NA,NA,NA
"Lions","DET","DST","0522","weighted",NA,NA,NA,NA,NA,NA,NA,NA,NA,NA,NA,NA,NA,NA,NA,NA,NA,NA,NA,NA,NA,NA,NA,NA,NA,NA,NA,NA,NA,NA,NA,NA,15.62208,2.23642710973589,35.4525,2.94153373345184,0.61041,0.6840072455596,2.85664,1.15788401965854,1.0684,0.0224961875088844,NA,NA,NA,NA,NA,NA,NA,NA,NA,NA,NA,NA,NA,NA,NA,NA
"Cardinals","ARI","DST","0519","weighted",NA,NA,NA,NA,NA,NA,NA,NA,NA,NA,NA,NA,NA,NA,NA,NA,NA,NA,NA,NA,NA,NA,NA,NA,NA,NA,NA,NA,NA,NA,NA,NA,13.81266,2.53687445717567,36.3887,3.55165649034154,0.440413333333333,0.352120011422082,2.93992,0.726733111643872,0.7239,0.238084651135693,NA,NA,NA,NA,NA,NA,NA,NA,NA,NA,NA,NA,NA,NA,NA,NA
"Bengals","CIN","DST","0506","weighted",NA,NA,NA,NA,NA,NA,NA,NA,NA,NA,NA,NA,NA,NA,NA,NA,NA,NA,NA,NA,NA,NA,NA,NA,NA,NA,NA,NA,NA,NA,NA,NA,13.74074,1.98615208390808,35.45936,2.0293543342182,0.131853333333333,0.197150446847974,2.29476,0.892805214164384,1.0513,0.0168721406316633,NA,NA,NA,NA,NA,NA,NA,NA,NA,NA,NA,NA,NA,NA,NA,NA
"Seahawks","SEA","DST","0515","weighted",NA,NA,NA,NA,NA,NA,NA,NA,NA,NA,NA,NA,NA,NA,NA,NA,NA,NA,NA,NA,NA,NA,NA,NA,NA,NA,NA,NA,NA,NA,NA,NA,13.65632,2.218776949843,35.77388,3.78389482301833,0.862976666666667,0.601798854506289,3.17168,1.27451388386345,1.0798,0.0262455520936984,NA,NA,NA,NA,NA,NA,NA,NA,NA,NA,NA,NA,NA,NA,NA,NA
"Bills","BUF","DST","0501","weighted",NA,NA,NA,NA,NA,NA,NA,NA,NA,NA,NA,NA,NA,NA,NA,NA,NA,NA,NA,NA,NA,NA,NA,NA,NA,NA,NA,NA,NA,NA,NA,NA,16.31992,1.47634080874727,33.14274,2.68197966215339,0.125543333333333,0.186568100664013,2.71748,0.604059500041619,0.6498,0.213713781334401,NA,NA,NA,NA,NA,NA,NA,NA,NA,NA,NA,NA,NA,NA,NA,NA
"Commanders","WAS","DST","0520","weighted",NA,NA,NA,NA,NA,NA,NA,NA,NA,NA,NA,NA,NA,NA,NA,NA,NA,NA,NA,NA,NA,NA,NA,NA,NA,NA,NA,NA,NA,NA,NA,NA,15.21022,1.80520329595826,39.09514,2.96628904323034,0.14237,0.214797613146668,2.68519,1.50796258547065,0.5814,0.191217593825517,NA,NA,NA,NA,NA,NA,NA,NA,NA,NA,NA,NA,NA,NA,NA,NA
"Patriots","NE","DST","0504","weighted",NA,NA,NA,NA,NA,NA,NA,NA,NA,NA,NA,NA,NA,NA,NA,NA,NA,NA,NA,NA,NA,NA,NA,NA,NA,NA,NA,NA,NA,NA,NA,NA,13.24654,3.65295070423797,44.6261,11.3903035563688,0.883153333333333,0.560397651779413,2.30268,1.31254641358486,1.0772,0.00749872916962812,NA,NA,NA,NA,NA,NA,NA,NA,NA,NA,NA,NA,NA,NA,NA,NA
"Saints","NO","DST","0529","weighted",NA,NA,NA,NA,NA,NA,NA,NA,NA,NA,NA,NA,NA,NA,NA,NA,NA,NA,NA,NA,NA,NA,NA,NA,NA,NA,NA,NA,NA,NA,NA,NA,17.50704,2.90409520600919,35.4847,2.60921349384084,0.144473333333333,0.218328318271276,2.78756,1.1482193811142,0.6783,0.223087192796436,NA,NA,NA,NA,NA,NA,NA,NA,NA,NA,NA,NA,NA,NA,NA,NA
"Falcons","ATL","DST","0526","weighted",NA,NA,NA,NA,NA,NA,NA,NA,NA,NA,NA,NA,NA,NA,NA,NA,NA,NA,NA,NA,NA,NA,NA,NA,NA,NA,NA,NA,NA,NA,NA,NA,12.25582,2.65520733931438,34.27746,1.31978190222532,0.12975,0.193622447741871,2.52058,1.30570438668675,0.6726,0.221212510504029,NA,NA,NA,NA,NA,NA,NA,NA,NA,NA,NA,NA,NA,NA,NA,NA
"Cowboys","DAL","DST","0516","weighted",NA,NA,NA,NA,NA,NA,NA,NA,NA,NA,NA,NA,NA,NA,NA,NA,NA,NA,NA,NA,NA,NA,NA,NA,NA,NA,NA,NA,NA,NA,NA,NA,12.42212,2.33530791843964,34.44728,5.52608599218713,0.12975,0.193622447741871,2.36348,0.784244633866086,0.6897,0.22683655738125,NA,NA,NA,NA,NA,NA,NA,NA,NA,NA,NA,NA,NA,NA,NA,NA
"Bears","CHI","DST","0521","weighted",NA,NA,NA,NA,NA,NA,NA,NA,NA,NA,NA,NA,NA,NA,NA,NA,NA,NA,NA,NA,NA,NA,NA,NA,NA,NA,NA,NA,NA,NA,NA,NA,11.5683,3.13071236287002,40.37946,6.44529661912667,0.36408,0.345189215317196,3.23238,0.863985506050288,1.0684,0.0224961875088844,NA,NA,NA,NA,NA,NA,NA,NA,NA,NA,NA,NA,NA,NA,NA,NA
"Titans","TEN","DST","0508","weighted",NA,NA,NA,NA,NA,NA,NA,NA,NA,NA,NA,NA,NA,NA,NA,NA,NA,NA,NA,NA,NA,NA,NA,NA,NA,NA,NA,NA,NA,NA,NA,NA,12.34168,3.98345333441995,42.24402,9.92936803407366,0.40025,0.357225102017871,2.54684,1.22517037082433,1.0627,0.0206215052164773,NA,NA,NA,NA,NA,NA,NA,NA,NA,NA,NA,NA,NA,NA,NA,NA
"Broncos","DEN","DST","0511","weighted",NA,NA,NA,NA,NA,NA,NA,NA,NA,NA,NA,NA,NA,NA,NA,NA,NA,NA,NA,NA,NA,NA,NA,NA,NA,NA,NA,NA,NA,NA,NA,NA,14.20254,2.56678664255815,37.5851,4.47542526775557,0.42549,0.372447528557393,3.75756,0.98207074148918,1.0342,0.0112480937544422,NA,NA,NA,NA,NA,NA,NA,NA,NA,NA,NA,NA,NA,NA,NA,NA
"Chiefs","KC","DST","0512","weighted",NA,NA,NA,NA,NA,NA,NA,NA,NA,NA,NA,NA,NA,NA,NA,NA,NA,NA,NA,NA,NA,NA,NA,NA,NA,NA,NA,NA,NA,NA,NA,NA,15.0597,2.33455134104856,31.07952,3.69257093151276,0.37008,0.347876329546309,2.73128,1.1056337603143,0.5871,0.193092276117924,NA,NA,NA,NA,NA,NA,NA,NA,NA,NA,NA,NA,NA,NA,NA,NA
"Texans","HOU","DST","0532","weighted",NA,NA,NA,NA,NA,NA,NA,NA,NA,NA,NA,NA,NA,NA,NA,NA,NA,NA,NA,NA,NA,NA,NA,NA,NA,NA,NA,NA,NA,NA,NA,NA,13.95176,2.90449329961329,40.89008,3.35287637021564,0.43231,0.350228911930829,2.40072,1.25780415314169,0.6327,0.20808973445718,NA,NA,NA,NA,NA,NA,NA,NA,NA,NA,NA,NA,NA,NA,NA,NA
"Ravens","BAL","DST","0531","weighted",NA,NA,NA,NA,NA,NA,NA,NA,NA,NA,NA,NA,NA,NA,NA,NA,NA,NA,NA,NA,NA,NA,NA,NA,NA,NA,NA,NA,NA,NA,NA,NA,17.65786,1.81709617374792,36.94412,1.81207170221481,0.214806666666667,0.233015016757084,3.573,0.866294161873418,0.7353,0.241834015720507,NA,NA,NA,NA,NA,NA,NA,NA,NA,NA,NA,NA,NA,NA,NA,NA
"Rams","LAR","DST","0528","weighted",NA,NA,NA,NA,NA,NA,NA,NA,NA,NA,NA,NA,NA,NA,NA,NA,NA,NA,NA,NA,NA,NA,NA,NA,NA,NA,NA,NA,NA,NA,NA,NA,15.86662,2.25522413012851,43.60856,5.84018388245491,0.872223333333333,0.564595400306378,3.6903,0.95082143487078,0.6783,0.223087192796436,NA,NA,NA,NA,NA,NA,NA,NA,NA,NA,NA,NA,NA,NA,NA,NA
"Chargers","LAC","DST","0514","weighted",NA,NA,NA,NA,NA,NA,NA,NA,NA,NA,NA,NA,NA,NA,NA,NA,NA,NA,NA,NA,NA,NA,NA,NA,NA,NA,NA,NA,NA,NA,NA,NA,16.60878,2.61657860477197,39.77162,4.2470373548041,0.37008,0.347876329546309,3.53312,0.937055394588671,0.6441,0.211839099041994,NA,NA,NA,NA,NA,NA,NA,NA,NA,NA,NA,NA,NA,NA,NA,NA
"Jaguars","JAC","DST","0509","weighted",NA,NA,NA,NA,NA,NA,NA,NA,NA,NA,NA,NA,NA,NA,NA,NA,NA,NA,NA,NA,NA,NA,NA,NA,NA,NA,NA,NA,NA,NA,NA,NA,17.8559,1.46449628006526,45.95034,4.06689595110749,0.70281,0.33856660518604,4.17374,1.23803792285968,0.57,0.187468229240703,NA,NA,NA,NA,NA,NA,NA,NA,NA,NA,NA,NA,NA,NA,NA,NA
"Eagles","PHI","DST","0518","weighted",NA,NA,NA,NA,NA,NA,NA,NA,NA,NA,NA,NA,NA,NA,NA,NA,NA,NA,NA,NA,NA,NA,NA,NA,NA,NA,NA,NA,NA,NA,NA,NA,15.9191,1.85477383025899,35.77132,5.78321513102266,0.45724,0.35814350220101,4.26552,1.75463520887008,1.6212,0.15747331256219,NA,NA,NA,NA,NA,NA,NA,NA,NA,NA,NA,NA,NA,NA,NA,NA
"Vikings","MIN","DST","0524","weighted",NA,NA,NA,NA,NA,NA,NA,NA,NA,NA,NA,NA,NA,NA,NA,NA,NA,NA,NA,NA,NA,NA,NA,NA,NA,NA,NA,NA,NA,NA,NA,NA,16.53114,2.3757172289518,41.10462,4.09970791876915,1.48844333333333,1.01021935645265,3.13838,0.98501378589306,0.6099,0.200591005287552,NA,NA,NA,NA,NA,NA,NA,NA,NA,NA,NA,NA,NA,NA,NA,NA
"Damon Harrison","NYG","DL","11045","weighted",NA,NA,NA,NA,NA,NA,NA,NA,NA,NA,NA,NA,NA,NA,NA,NA,NA,NA,NA,NA,NA,NA,NA,NA,NA,NA,NA,NA,NA,NA,NA,NA,NA,NA,NA,NA,NA,NA,NA,NA,NA,NA,54.7751304347826,15.4285489274529,2.02751304347826,0.0975544172767333,0.381008695652174,0.300528006964871,2.42024347826087,0.349318523404584,0,0,2012,1988-11-29,NA,NA,NA,NA
"DeForest Buckner","SF","DL","12688","weighted",NA,NA,NA,NA,NA,NA,NA,NA,NA,NA,NA,NA,NA,NA,NA,NA,NA,NA,NA,NA,NA,NA,NA,NA,NA,NA,NA,NA,NA,NA,NA,NA,NA,NA,NA,NA,NA,NA,NA,NA,NA,NA,49.5401391304348,12.428937032846,3.88177391304348,0.96939136509001,0.185739130434783,0.262676483601547,3.5656347826087,0.585203192340537,0,0,2016,1994-03-17,NA,NA,NA,NA
"Linval Joseph","MIN","DL","9904","weighted",NA,NA,NA,NA,NA,NA,NA,NA,NA,NA,NA,NA,NA,NA,NA,NA,NA,NA,NA,NA,NA,NA,NA,NA,NA,NA,NA,NA,NA,NA,NA,NA,NA,NA,NA,NA,NA,NA,NA,NA,NA,NA,45.8661913043478,14.1693535308611,3.59377391304348,0.721024530763881,0.0121739130434783,0.0247824301673487,0.546017391304348,0.479493135531317,0,0,2010,1988-10-10,NA,NA,NA,NA
"Chandler Jones","ARI","DL","10753","weighted",NA,NA,NA,NA,NA,NA,NA,NA,NA,NA,NA,NA,NA,NA,NA,NA,NA,NA,NA,NA,NA,NA,NA,NA,NA,NA,NA,NA,NA,NA,NA,NA,NA,NA,NA,NA,NA,NA,NA,NA,NA,NA,48.0712695652174,12.5093972171357,12.721252173913,4.1700727130994,0.0493217391304348,0.0621941770699347,2.83909565217391,0.393323713271187,0.9,2.5643264419505e-16,2012,1990-02-27,NA,NA,NA,NA
"Trey Flowers","NE","DL","12222","weighted",NA,NA,NA,NA,NA,NA,NA,NA,NA,NA,NA,NA,NA,NA,NA,NA,NA,NA,NA,NA,NA,NA,NA,NA,NA,NA,NA,NA,NA,NA,NA,NA,NA,NA,NA,NA,NA,NA,NA,NA,NA,NA,48.5677565217391,11.4206765423859,6.52580869565217,0.626714447194156,0.218226086956522,0.256922893657944,2.70379130434783,0.642161402595117,0,0,2015,1993-08-16,NA,NA,NA,NA
"Jason Pierre-Paul","TB","DL","9833","weighted",NA,NA,NA,NA,NA,NA,NA,NA,NA,NA,NA,NA,NA,NA,NA,NA,NA,NA,NA,NA,NA,NA,NA,NA,NA,NA,NA,NA,NA,NA,NA,NA,NA,NA,NA,NA,NA,NA,NA,NA,NA,NA,46.9761391304348,10.8697283672802,7.44984347826087,0.520308800252282,0.151373913043478,0.2352979954747,4.9224347826087,0.801413029651946,0,0,2010,1989-02-28,NA,NA,NA,NA
"Cameron Jordan","NO","DL","10292","weighted",NA,NA,NA,NA,NA,NA,NA,NA,NA,NA,NA,NA,NA,NA,NA,NA,NA,NA,NA,NA,NA,NA,NA,NA,NA,NA,NA,NA,NA,NA,NA,NA,NA,NA,NA,NA,NA,NA,NA,NA,NA,NA,44.5374260869565,12.1912600972474,10.8241739130435,0.919445253671465,0.488347826086957,0.521359028918542,7.1456,1.08734502566013,0,0,2011,1989-07-10,NA,NA,NA,NA
"Akiem Hicks","CHI","DL","10823","weighted",NA,NA,NA,NA,NA,NA,NA,NA,NA,NA,NA,NA,NA,NA,NA,NA,NA,NA,NA,NA,NA,NA,NA,NA,NA,NA,NA,NA,NA,NA,NA,NA,NA,NA,NA,NA,NA,NA,NA,NA,NA,NA,44.0008347826087,11.0241929837799,7.94198260869565,0.370725035340461,0.0492521739130435,0.0756054082189925,1.69801739130435,0.910941579325981,0,0,2012,1989-11-16,NA,NA,NA,NA
"Bradley Chubb","DEN","DL","13681","weighted",NA,NA,NA,NA,NA,NA,NA,NA,NA,NA,NA,NA,NA,NA,NA,NA,NA,NA,NA,NA,NA,NA,NA,NA,NA,NA,NA,NA,NA,NA,NA,NA,NA,NA,NA,NA,NA,NA,NA,NA,NA,NA,59.69,NA,3.65,NA,0.85,NA,4.17,NA,0,NA,2018,1996-06-24,NA,NA,NA,NA
"Bruce Irvin","OAK","DL","10766","weighted",NA,NA,NA,NA,NA,NA,NA,NA,NA,NA,NA,NA,NA,NA,NA,NA,NA,NA,NA,NA,NA,NA,NA,NA,NA,NA,NA,NA,NA,NA,NA,NA,NA,NA,NA,NA,NA,NA,NA,NA,NA,NA,53.425,7.67210857587404,8.58,0.735391052434009,0,0,2.85,1.20208152801713,0,0,2012,1990-01-11,NA,NA,NA,NA
"Joey Bosa","LAC","DL","12686","weighted",NA,NA,NA,NA,NA,NA,NA,NA,NA,NA,NA,NA,NA,NA,NA,NA,NA,NA,NA,NA,NA,NA,NA,NA,NA,NA,NA,NA,NA,NA,NA,NA,NA,NA,NA,NA,NA,NA,NA,NA,NA,NA,50.5242782608696,6.02974442313059,11.5289739130435,1.29099980662037,0.0562086956521739,0.079729095242166,1.52006956521739,0.746634153044362,0.9,2.5643264419505e-16,2016,1995-07-11,NA,NA,NA,NA
"J.J. Watt","HOU","DL","10272","weighted",NA,NA,NA,NA,NA,NA,NA,NA,NA,NA,NA,NA,NA,NA,NA,NA,NA,NA,NA,NA,NA,NA,NA,NA,NA,NA,NA,NA,NA,NA,NA,NA,NA,NA,NA,NA,NA,NA,NA,NA,NA,NA,47.2,11.5272369694054,8.83856812933026,6.80239174087357,0.0193995381062356,0.0343816042904612,4.44572748267898,2.32802293201535,0,0,2011,1989-03-22,"Q","Knee",2018,0
"Carlos Dunlap","CIN","DL","9825","weighted",NA,NA,NA,NA,NA,NA,NA,NA,NA,NA,NA,NA,NA,NA,NA,NA,NA,NA,NA,NA,NA,NA,NA,NA,NA,NA,NA,NA,NA,NA,NA,NA,NA,NA,NA,NA,NA,NA,NA,NA,NA,NA,38.6885565217391,11.9678490589664,8.17311304347826,1.09533601329671,0.402852173913044,0.282458017029308,7.18605217391304,2.44652851224392,0,0,2010,1989-02-28,NA,NA,NA,NA
"Demarcus Lawrence","DAL","DL","11769","weighted",NA,NA,NA,NA,NA,NA,NA,NA,NA,NA,NA,NA,NA,NA,NA,NA,NA,NA,NA,NA,NA,NA,NA,NA,NA,NA,NA,NA,NA,NA,NA,NA,NA,NA,NA,NA,NA,NA,NA,NA,NA,NA,40.6085913043478,10.6678189049566,12.4865739130435,0.882418374337761,0.0246260869565217,0.0378027041094963,1.35930434782609,0.332180089465371,0,0,2014,1992-04-28,"Q","Shoulder",2018,0
"Kawann Short","CAR","DL","11333","weighted",NA,NA,NA,NA,NA,NA,NA,NA,NA,NA,NA,NA,NA,NA,NA,NA,NA,NA,NA,NA,NA,NA,NA,NA,NA,NA,NA,NA,NA,NA,NA,NA,NA,NA,NA,NA,NA,NA,NA,NA,NA,NA,35.8807304347826,13.4121137570766,8.10483478260869,1.20563187089573,0.129286956521739,0.198464196574855,1.86831304347826,0.976413416062431,0,0,2013,1989-02-02,NA,NA,NA,NA
"Everson Griffen","MIN","DL","9828","weighted",NA,NA,NA,NA,NA,NA,NA,NA,NA,NA,NA,NA,NA,NA,NA,NA,NA,NA,NA,NA,NA,NA,NA,NA,NA,NA,NA,NA,NA,NA,NA,NA,NA,NA,NA,NA,NA,NA,NA,NA,NA,NA,38.5182608695652,11.7115721886113,12.0845565217391,1.490995059721,0.0862608695652174,0.143286950416793,2.4199652173913,0.681537507875376,0,0,2010,1987-12-22,NA,NA,NA,NA
"Khalil Mack","OAK","DL","11721","weighted",NA,NA,NA,NA,NA,NA,NA,NA,NA,NA,NA,NA,NA,NA,NA,NA,NA,NA,NA,NA,NA,NA,NA,NA,NA,NA,NA,NA,NA,NA,NA,NA,NA,NA,NA,NA,NA,NA,NA,NA,NA,NA,46.6199312714777,9.72978930912689,8.78384879725086,0.417193000900063,0.192439862542955,0.282842712474619,2.72164948453608,1.06066017177982,0.9,1.57121540850238e-16,2014,1991-02-22,"Q","Knee",2018,0
"Calais Campbell","JAC","DL","9051","weighted",NA,NA,NA,NA,NA,NA,NA,NA,NA,NA,NA,NA,NA,NA,NA,NA,NA,NA,NA,NA,NA,NA,NA,NA,NA,NA,NA,NA,NA,NA,NA,NA,NA,NA,NA,NA,NA,NA,NA,NA,NA,NA,45.1554782608696,6.26755238218707,11.1971826086957,1.76707123950403,0.116973913043478,0.179562844520107,2.8376347826087,1.22494102948033,0,0,2008,1986-09-01,NA,NA,NA,NA
"Aaron Donald","LAR","DL","11757","weighted",NA,NA,NA,NA,NA,NA,NA,NA,NA,NA,NA,NA,NA,NA,NA,NA,NA,NA,NA,NA,NA,NA,NA,NA,NA,NA,NA,NA,NA,NA,NA,NA,NA,NA,NA,NA,NA,NA,NA,NA,NA,NA,40.4447652173913,9.66949498448987,10.9393043478261,0.61861770184703,0.0369391304347826,0.0567040561642444,2.62413913043478,0.982592021990518,0,0,2014,1991-05-23,NA,NA,NA,NA
"Ezekiel Ansah","DET","DL","11267","weighted",NA,NA,NA,NA,NA,NA,NA,NA,NA,NA,NA,NA,NA,NA,NA,NA,NA,NA,NA,NA,NA,NA,NA,NA,NA,NA,NA,NA,NA,NA,NA,NA,NA,NA,NA,NA,NA,NA,NA,NA,NA,NA,41.9014608695652,7.35632916807188,10.3828173913043,0.630896845660315,0.0269913043478261,0.0320298685515076,1.0624,0.489146100306501,0,0,2013,1989-05-29,"IR","Shoulder - Labrum",2018,0
"Cameron Heyward","PIT","DL","10266","weighted",NA,NA,NA,NA,NA,NA,NA,NA,NA,NA,NA,NA,NA,NA,NA,NA,NA,NA,NA,NA,NA,NA,NA,NA,NA,NA,NA,NA,NA,NA,NA,NA,NA,NA,NA,NA,NA,NA,NA,NA,NA,NA,37.8730782608696,9.74201969876775,10.8597565217391,0.845020071645167,0.106017391304348,0.182708786669145,3.09321739130435,0.504177813246664,0,0,2011,1989-05-06,NA,NA,NA,NA
"Danielle Hunter","MIN","DL","12221","weighted",NA,NA,NA,NA,NA,NA,NA,NA,NA,NA,NA,NA,NA,NA,NA,NA,NA,NA,NA,NA,NA,NA,NA,NA,NA,NA,NA,NA,NA,NA,NA,NA,NA,NA,NA,NA,NA,NA,NA,NA,NA,NA,39.1499826086957,8.70512306425458,9.20671304347826,1.51443609239932,0.0760347826086956,0.0895978130106893,2.11777391304348,0.237429143506723,0,0,2015,1994-10-29,NA,NA,NA,NA
"Melvin Ingram","LAC","DL","10749","weighted",NA,NA,NA,NA,NA,NA,NA,NA,NA,NA,NA,NA,NA,NA,NA,NA,NA,NA,NA,NA,NA,NA,NA,NA,NA,NA,NA,NA,NA,NA,NA,NA,NA,NA,NA,NA,NA,NA,NA,NA,NA,NA,40.1709006928406,1.73687598198936,10.1133949191686,0.611828193950932,0.0871439568899153,0.102209656515734,2.78337182448037,1.99741776803601,0,0,2012,1989-04-26,NA,NA,NA,NA
"Jadeveon Clowney","HOU","DL","11706","weighted",NA,NA,NA,NA,NA,NA,NA,NA,NA,NA,NA,NA,NA,NA,NA,NA,NA,NA,NA,NA,NA,NA,NA,NA,NA,NA,NA,NA,NA,NA,NA,NA,NA,NA,NA,NA,NA,NA,NA,NA,NA,NA,39.32,NA,10.61,NA,0,NA,1.51,NA,0,NA,2014,1993-02-14,NA,NA,NA,NA
"Julius Peppers","CAR","DL","6510","weighted",NA,NA,NA,NA,NA,NA,NA,NA,NA,NA,NA,NA,NA,NA,NA,NA,NA,NA,NA,NA,NA,NA,NA,NA,NA,NA,NA,NA,NA,NA,NA,NA,NA,NA,NA,NA,NA,NA,NA,NA,NA,NA,29.2721043478261,11.5710988684159,11.0165565217391,1.13494537154243,0.0492521739130435,0.0756054082189925,1.01572173913043,0.732982236251386,0,0,2002,1980-01-18,NA,NA,NA,NA
"Yannick Ngakoue","JAC","DL","12756","weighted",NA,NA,NA,NA,NA,NA,NA,NA,NA,NA,NA,NA,NA,NA,NA,NA,NA,NA,NA,NA,NA,NA,NA,NA,NA,NA,NA,NA,NA,NA,NA,NA,NA,NA,NA,NA,NA,NA,NA,NA,NA,NA,31.8345391304348,11.5124583432224,11.245947826087,1.34189231124912,0.0677217391304348,0.103957436301115,1.67944347826087,0.669596372666442,0,0,2016,1995-03-31,NA,NA,NA,NA
"Carl Lawson","CIN","DL","13202","weighted",NA,NA,NA,NA,NA,NA,NA,NA,NA,NA,NA,NA,NA,NA,NA,NA,NA,NA,NA,NA,NA,NA,NA,NA,NA,NA,NA,NA,NA,NA,NA,NA,NA,NA,NA,NA,NA,NA,NA,NA,NA,NA,26.8297872340425,25.8801081914276,5.49078014184397,0.15556349186104,0.451063829787234,0.212132034355964,3.5241134751773,0.176776695296637,0,0,2017,1995-06-29,"IR","Knee - ACL",2018,0
"Markus Golden","ARI","DL","12278","weighted",NA,NA,NA,NA,NA,NA,NA,NA,NA,NA,NA,NA,NA,NA,NA,NA,NA,NA,NA,NA,NA,NA,NA,NA,NA,NA,NA,NA,NA,NA,NA,NA,NA,NA,NA,NA,NA,NA,NA,NA,NA,NA,29.2295612009238,13.7744726538227,6.08521939953811,4.01666761086442,0.113163972286374,0.200559358361024,2.26004618937644,1.08618752360196,0,0,NA,NA,"Q","Ankle",2018,0
"Cameron Wake","MIA","DL","9425","weighted",NA,NA,NA,NA,NA,NA,NA,NA,NA,NA,NA,NA,NA,NA,NA,NA,NA,NA,NA,NA,NA,NA,NA,NA,NA,NA,NA,NA,NA,NA,NA,NA,NA,NA,NA,NA,NA,NA,NA,NA,NA,NA,30.4256,9.86669190708504,10.6818434782609,1.76911947743312,0.160069565217391,0.231926039096376,1.15860869565217,0.563300899443888,0,0,2009,1982-01-30,NA,NA,NA,NA
"Solomon Thomas","SF","DL","13199","weighted",NA,NA,NA,NA,NA,NA,NA,NA,NA,NA,NA,NA,NA,NA,NA,NA,NA,NA,NA,NA,NA,NA,NA,NA,NA,NA,NA,NA,NA,NA,NA,NA,NA,NA,NA,NA,NA,NA,NA,NA,NA,NA,40.4036951501155,1.4210521217016,4.50046189376443,1.11429014832811,0.0355658198614319,0.0630329411991789,0.98337182448037,0.771276977389392,0,0,2017,1995-08-26,NA,NA,NA,NA
"Gerald McCoy","TB","DL","9819","weighted",NA,NA,NA,NA,NA,NA,NA,NA,NA,NA,NA,NA,NA,NA,NA,NA,NA,NA,NA,NA,NA,NA,NA,NA,NA,NA,NA,NA,NA,NA,NA,NA,NA,NA,NA,NA,NA,NA,NA,NA,NA,NA,35.8087759815242,6.60502146397664,5.70692840646651,0.806429875512821,0.0290993071593533,0.0515724064356918,2.2526558891455,0.754041335490344,0,0,2010,1988-02-25,NA,NA,NA,NA
"Brandon Graham","PHI","DL","9826","weighted",NA,NA,NA,NA,NA,NA,NA,NA,NA,NA,NA,NA,NA,NA,NA,NA,NA,NA,NA,NA,NA,NA,NA,NA,NA,NA,NA,NA,NA,NA,NA,NA,NA,NA,NA,NA,NA,NA,NA,NA,NA,NA,35.7639722863741,4.84804593026922,8.04157043879908,0.938941115903885,0,0,2.12655889145497,0.798819351488582,0,0,2010,1988-04-03,NA,NA,NA,NA
"Olivier Vernon","NYG","DL","10815","weighted",NA,NA,NA,NA,NA,NA,NA,NA,NA,NA,NA,NA,NA,NA,NA,NA,NA,NA,NA,NA,NA,NA,NA,NA,NA,NA,NA,NA,NA,NA,NA,NA,NA,NA,NA,NA,NA,NA,NA,NA,NA,NA,36.0309278350515,5.83363094478902,7.43230240549828,0.834386001800126,0.115463917525773,0.169705627484771,1.3127147766323,0.459619407771256,0,0,2012,1990-10-07,NA,NA,NA,NA
"Michael Bennett","JAC","DL","12228","weighted",NA,NA,NA,NA,NA,NA,NA,NA,NA,NA,NA,NA,NA,NA,NA,NA,NA,NA,NA,NA,NA,NA,NA,NA,NA,NA,NA,NA,NA,NA,NA,NA,NA,NA,NA,NA,NA,NA,NA,NA,NA,NA,9.98936170212766,5.85484414822461,1.13829787234043,0.657609306503489,0,0,1.25248226950355,1.49199530830362,0,0,NA,NA,NA,NA,NA,NA
"Derek Wolfe","DEN","DL","10806","weighted",NA,NA,NA,NA,NA,NA,NA,NA,NA,NA,NA,NA,NA,NA,NA,NA,NA,NA,NA,NA,NA,NA,NA,NA,NA,NA,NA,NA,NA,NA,NA,NA,NA,NA,NA,NA,NA,NA,NA,NA,NA,NA,33.0572748267898,3.07507402200116,4.58591224018476,0.844130114280435,0.0937644341801386,0.166177754070562,2.41709006928406,0.522576360276477,0,0,2012,1990-02-24,NA,NA,NA,NA
"Jabaal Sheard","IND","DL","10320","weighted",NA,NA,NA,NA,NA,NA,NA,NA,NA,NA,NA,NA,NA,NA,NA,NA,NA,NA,NA,NA,NA,NA,NA,NA,NA,NA,NA,NA,NA,NA,NA,NA,NA,NA,NA,NA,NA,NA,NA,NA,NA,NA,34.0951501154734,3.27773803598039,6.24965357967668,0.812623775987382,0.119630484988453,0.212019893124511,3.77228637413395,0.773827947474705,0,0,2011,1989-05-10,NA,NA,NA,NA
"Jurrell Casey","TEN","DL","10335","weighted",NA,NA,NA,NA,NA,NA,NA,NA,NA,NA,NA,NA,NA,NA,NA,NA,NA,NA,NA,NA,NA,NA,NA,NA,NA,NA,NA,NA,NA,NA,NA,NA,NA,NA,NA,NA,NA,NA,NA,NA,NA,NA,37.5547344110855,1.44609902671159,5.85612009237875,0.607005045049732,0.00646651270207852,0.0114605347634871,2.76397228637413,1.078789617358,0,0,2011,1989-12-05,"IR","Knee - MCL",2018,0
"Malcom Brown","NE","DL","12173","weighted",NA,NA,NA,NA,NA,NA,NA,NA,NA,NA,NA,NA,NA,NA,NA,NA,NA,NA,NA,NA,NA,NA,NA,NA,NA,NA,NA,NA,NA,NA,NA,NA,NA,NA,NA,NA,NA,NA,NA,NA,NA,NA,34.6355658198614,4.29302740210674,3.15196304849885,0.484215086778759,0.00646651270207852,0.0114605347634871,0.376443418013857,0.436474702796208,0,0,2015,1994-02-02,NA,NA,NA,NA
"Lawrence Guy","NE","DL","10457","weighted",NA,NA,NA,NA,NA,NA,NA,NA,NA,NA,NA,NA,NA,NA,NA,NA,NA,NA,NA,NA,NA,NA,NA,NA,NA,NA,NA,NA,NA,NA,NA,NA,NA,NA,NA,NA,NA,NA,NA,NA,NA,NA,35.4177304964539,3.44361002437848,2.51843971631206,1.30814754519511,0.109219858156028,0.15556349186104,1.49148936170213,0.700035713374682,0,0,2011,1990-03-17,NA,NA,NA,NA
"Alex Okafor","NO","DL","11262","weighted",NA,NA,NA,NA,NA,NA,NA,NA,NA,NA,NA,NA,NA,NA,NA,NA,NA,NA,NA,NA,NA,NA,NA,NA,NA,NA,NA,NA,NA,NA,NA,NA,NA,NA,NA,NA,NA,NA,NA,NA,NA,NA,29.3302540415704,8.99599747699656,5.43418013856813,2.20742464422332,0.165819861431871,0.158282938186719,2.49376443418014,1.35289966412914,0,0,2013,1991-02-08,NA,NA,NA,NA
"Bennie Logan","TEN","DL","11289","weighted",NA,NA,NA,NA,NA,NA,NA,NA,NA,NA,NA,NA,NA,NA,NA,NA,NA,NA,NA,NA,NA,NA,NA,NA,NA,NA,NA,NA,NA,NA,NA,NA,NA,NA,NA,NA,NA,NA,NA,NA,NA,NA,33.0147806004619,4.25029528269201,2.1337182448037,1.08404565874047,0.0193995381062356,0.0343816042904612,0.972286374133949,0.356773562254593,0,0,2013,1989-12-28,NA,NA,NA,NA
"Larry Ogunjobi","CLE","DL","13265","weighted",NA,NA,NA,NA,NA,NA,NA,NA,NA,NA,NA,NA,NA,NA,NA,NA,NA,NA,NA,NA,NA,NA,NA,NA,NA,NA,NA,NA,NA,NA,NA,NA,NA,NA,NA,NA,NA,NA,NA,NA,NA,NA,27.2688221709007,10.0720997154093,2.26512702078522,1.8149397267614,0,0,0.657274826789838,0.35260151917064,0,0,2017,1994-06-03,NA,NA,NA,NA
"Robert Quinn","MIA","DL","10269","weighted",NA,NA,NA,NA,NA,NA,NA,NA,NA,NA,NA,NA,NA,NA,NA,NA,NA,NA,NA,NA,NA,NA,NA,NA,NA,NA,NA,NA,NA,NA,NA,NA,NA,NA,NA,NA,NA,NA,NA,NA,NA,NA,30.7413394919169,5.36596478701473,9.39284064665127,2.32316208687767,0.00646651270207852,0.0114605347634871,2.17413394919169,0.787002944829423,0,0,2011,1990-05-18,NA,NA,NA,NA
"Myles Garrett","CLE","DL","13198","weighted",NA,NA,NA,NA,NA,NA,NA,NA,NA,NA,NA,NA,NA,NA,NA,NA,NA,NA,NA,NA,NA,NA,NA,NA,NA,NA,NA,NA,NA,NA,NA,NA,NA,NA,NA,NA,NA,NA,NA,NA,NA,NA,33.9173210161663,2.70819848277881,9.59976905311778,0.267496244793296,0.0969976905311778,0.171908021452306,2.1662817551963,0.756309313903514,0,0,2017,1995-12-29,NA,NA,NA,NA
"Sheldon Richardson","MIN","DL","11283","weighted",NA,NA,NA,NA,NA,NA,NA,NA,NA,NA,NA,NA,NA,NA,NA,NA,NA,NA,NA,NA,NA,NA,NA,NA,NA,NA,NA,NA,NA,NA,NA,NA,NA,NA,NA,NA,NA,NA,NA,NA,NA,NA,34.6879432624113,2.40416305603426,1.93617021276596,0.763675323681471,0.670921985815603,0.183847763108502,1.96524822695035,0.947523086789974,0,0,2013,1990-11-30,NA,NA,NA,NA
"Muhammad Wilkerson","GB","DL","10314","weighted",NA,NA,NA,NA,NA,NA,NA,NA,NA,NA,NA,NA,NA,NA,NA,NA,NA,NA,NA,NA,NA,NA,NA,NA,NA,NA,NA,NA,NA,NA,NA,NA,NA,NA,NA,NA,NA,NA,NA,NA,NA,NA,33.6152424942263,3.28702404744319,6.73233256351039,1.1131533241546,0.684526558891455,0.295028855455759,2.85958429561201,0.151349103674648,0,0,2011,1989-10-22,"IR","Ankle",2018,0
"Geno Atkins","CIN","DL","9868","weighted",NA,NA,NA,NA,NA,NA,NA,NA,NA,NA,NA,NA,NA,NA,NA,NA,NA,NA,NA,NA,NA,NA,NA,NA,NA,NA,NA,NA,NA,NA,NA,NA,NA,NA,NA,NA,NA,NA,NA,NA,NA,NA,32.2577367205543,3.59616397183859,9.36120092378753,2.75267818391617,0,0,0.55242494226328,0.507905846349541,0,0,2010,1988-03-28,"Q","Undisclosed",2018,0
"Jerry Hughes","BUF","DL","9853","weighted",NA,NA,NA,NA,NA,NA,NA,NA,NA,NA,NA,NA,NA,NA,NA,NA,NA,NA,NA,NA,NA,NA,NA,NA,NA,NA,NA,NA,NA,NA,NA,NA,NA,NA,NA,NA,NA,NA,NA,NA,NA,NA,32.1875288683603,3.28043497515264,5.15242494226328,0.841617301608563,0,0,1.03972286374134,0.864033370089428,0,0,2010,1988-08-13,NA,NA,NA,NA
"Kenny Clark","GB","DL","12739","weighted",NA,NA,NA,NA,NA,NA,NA,NA,NA,NA,NA,NA,NA,NA,NA,NA,NA,NA,NA,NA,NA,NA,NA,NA,NA,NA,NA,NA,NA,NA,NA,NA,NA,NA,NA,NA,NA,NA,NA,NA,NA,NA,30.1376443418014,5.48338260335197,3.5621247113164,1.08331182178446,0.0226327944572748,0.0401118716722047,1.63279445727483,0.627191862779408,0,0,2016,1995-10-04,"IR","Elbow",2018,0
"AShawn Robinson","DET","DL","12697","weighted",NA,NA,NA,NA,NA,NA,NA,NA,NA,NA,NA,NA,NA,NA,NA,NA,NA,NA,NA,NA,NA,NA,NA,NA,NA,NA,NA,NA,NA,NA,NA,NA,NA,NA,NA,NA,NA,NA,NA,NA,NA,NA,29.7260969976905,6.7935222615657,1.70531177829099,1.07594209325778,0.601847575057737,0.403336204049235,4.96859122401847,1.0579201891622,0,0,2016,1995-03-21,"IR","Knee",2018,0
"Mike Daniels","GB","DL","10841","weighted",NA,NA,NA,NA,NA,NA,NA,NA,NA,NA,NA,NA,NA,NA,NA,NA,NA,NA,NA,NA,NA,NA,NA,NA,NA,NA,NA,NA,NA,NA,NA,NA,NA,NA,NA,NA,NA,NA,NA,NA,NA,NA,29.8480369515012,4.56870376725178,4.14942263279446,1.19863403251981,0.00969976905311778,0.0171908021452306,0.950115473441108,0.226892794171054,0,0,2012,1989-05-05,"IR","Foot",2018,0
"Ndamukong Suh","LAR","DL","9815","weighted",NA,NA,NA,NA,NA,NA,NA,NA,NA,NA,NA,NA,NA,NA,NA,NA,NA,NA,NA,NA,NA,NA,NA,NA,NA,NA,NA,NA,NA,NA,NA,NA,NA,NA,NA,NA,NA,NA,NA,NA,NA,NA,32.870207852194,2.19290869940517,6.33741339491917,1.45074282148089,0.00969976905311778,0.0171908021452306,2.74180138568129,1.20712445541714,0,0,2010,1987-01-06,NA,NA,NA,NA
"Michael Bennett","PHI","DL","9749","weighted",NA,NA,NA,NA,NA,NA,NA,NA,NA,NA,NA,NA,NA,NA,NA,NA,NA,NA,NA,NA,NA,NA,NA,NA,NA,NA,NA,NA,NA,NA,NA,NA,NA,NA,NA,NA,NA,NA,NA,NA,NA,NA,28.7094688221709,5.4245284526336,8.74572748267898,1.1814266170447,0,0,0.884988452655889,0.48561461623982,0,0,2009,1985-11-13,NA,NA,NA,NA
"Vic Beasley","ATL","DL","12230","weighted",NA,NA,NA,NA,NA,NA,NA,NA,NA,NA,NA,NA,NA,NA,NA,NA,NA,NA,NA,NA,NA,NA,NA,NA,NA,NA,NA,NA,NA,NA,NA,NA,NA,NA,NA,NA,NA,NA,NA,NA,NA,NA,32.4232081911263,3.53553390593274,10.0969283276451,0.141421356237309,0,0,2.70921501706485,0.424264068711929,NA,NA,2015,1992-07-08,NA,NA,NA,NA
"Leonard Williams","NYJ","DL","12225","weighted",NA,NA,NA,NA,NA,NA,NA,NA,NA,NA,NA,NA,NA,NA,NA,NA,NA,NA,NA,NA,NA,NA,NA,NA,NA,NA,NA,NA,NA,NA,NA,NA,NA,NA,NA,NA,NA,NA,NA,NA,NA,NA,32.4928406466513,3.61969669394093,4.07043879907621,1.28154794448022,0.530254041570439,0.75245432153962,1.7635103926097,0.337020002595019,0,0,2015,1994-06-20,NA,NA,NA,NA
"Derek Barnett","PHI","DL","13201","weighted",NA,NA,NA,NA,NA,NA,NA,NA,NA,NA,NA,NA,NA,NA,NA,NA,NA,NA,NA,NA,NA,NA,NA,NA,NA,NA,NA,NA,NA,NA,NA,NA,NA,NA,NA,NA,NA,NA,NA,NA,NA,NA,23.9741339491917,10.0823961779586,6.69653579676674,0.885438657944821,0,0,0.252193995381062,0.446960855775996,0,0,2017,1996-06-25,"IR","Shoulder",2018,0
"Nathan Shepherd","NYJ","DL","13744","weighted",NA,NA,NA,NA,NA,NA,NA,NA,NA,NA,NA,NA,NA,NA,NA,NA,NA,NA,NA,NA,NA,NA,NA,NA,NA,NA,NA,NA,NA,NA,NA,NA,NA,NA,NA,NA,NA,NA,NA,NA,NA,NA,31.8106382978723,4.11536146650571,3.41276595744681,0.445477272147525,0.0794326241134752,0.113137084989848,2.36312056737589,0.622253967444162,0,0,2018,1993-10-09,NA,NA,NA,NA
"Taco Charlton","DAL","DL","13200","weighted",NA,NA,NA,NA,NA,NA,NA,NA,NA,NA,NA,NA,NA,NA,NA,NA,NA,NA,NA,NA,NA,NA,NA,NA,NA,NA,NA,NA,NA,NA,NA,NA,NA,NA,NA,NA,NA,NA,NA,NA,NA,NA,17.7575057736721,4.39600649895657,3.39607390300231,0.989633283299188,0.00969976905311778,0.0171908021452306,1.33302540415704,0.610550575611284,0,0,2017,1994-11-07,"Q","Shoulder - Labrum",2018,0
"Denico Autry","IND","DL","12083","weighted",NA,NA,NA,NA,NA,NA,NA,NA,NA,NA,NA,NA,NA,NA,NA,NA,NA,NA,NA,NA,NA,NA,NA,NA,NA,NA,NA,NA,NA,NA,NA,NA,NA,NA,NA,NA,NA,NA,NA,NA,NA,NA,23.038337182448,10.5896913914793,4.4526558891455,2.81242693578404,0.181062355658199,0.320894973377638,3.82725173210162,1.55283933891681,0,0,NA,NA,NA,NA,NA,NA
"Grady Jarrett","ATL","DL","12305","weighted",NA,NA,NA,NA,NA,NA,NA,NA,NA,NA,NA,NA,NA,NA,NA,NA,NA,NA,NA,NA,NA,NA,NA,NA,NA,NA,NA,NA,NA,NA,NA,NA,NA,NA,NA,NA,NA,NA,NA,NA,NA,NA,33.3584295612009,1.22306776918491,4.13972286374134,0.688300187669737,0,0,0.306235565819861,0.276124125486831,0,0,2015,1993-04-28,NA,NA,NA,NA
"Mario Addison","CAR","DL","10554","weighted",NA,NA,NA,NA,NA,NA,NA,NA,NA,NA,NA,NA,NA,NA,NA,NA,NA,NA,NA,NA,NA,NA,NA,NA,NA,NA,NA,NA,NA,NA,NA,NA,NA,NA,NA,NA,NA,NA,NA,NA,NA,NA,27.8771362586605,5.24110126811547,11.4357967667436,1.85632769173965,0,0,0.702540415704388,0.360243305760873,0,0,2011,1987-09-06,NA,NA,NA,NA
"Malik Jackson","JAC","DL","10846","weighted",NA,NA,NA,NA,NA,NA,NA,NA,NA,NA,NA,NA,NA,NA,NA,NA,NA,NA,NA,NA,NA,NA,NA,NA,NA,NA,NA,NA,NA,NA,NA,NA,NA,NA,NA,NA,NA,NA,NA,NA,NA,NA,31.2332563510393,3.23743077493213,8.06096997690531,1.20243067760139,0.00323325635103926,0.00573026738174353,3.30346420323326,0.988402255624453,0,0,2012,1990-01-11,NA,NA,NA,NA
"Stephon Tuitt","PIT","DL","11707","weighted",NA,NA,NA,NA,NA,NA,NA,NA,NA,NA,NA,NA,NA,NA,NA,NA,NA,NA,NA,NA,NA,NA,NA,NA,NA,NA,NA,NA,NA,NA,NA,NA,NA,NA,NA,NA,NA,NA,NA,NA,NA,NA,32.4539249146758,2.12132034355964,5.35460750853242,0.212132034355964,0,0,2.43617747440273,0.636396103067893,0,0,2014,1993-05-23,NA,NA,NA,NA
"Trent Murphy","BUF","DL","11709","weighted",NA,NA,NA,NA,NA,NA,NA,NA,NA,NA,NA,NA,NA,NA,NA,NA,NA,NA,NA,NA,NA,NA,NA,NA,NA,NA,NA,NA,NA,NA,NA,NA,NA,NA,NA,NA,NA,NA,NA,NA,NA,NA,15.3,NA,1,NA,0,NA,0.3,NA,0,NA,2014,1990-12-20,NA,NA,NA,NA
"Michael Brockers","LAR","DL","10763","weighted",NA,NA,NA,NA,NA,NA,NA,NA,NA,NA,NA,NA,NA,NA,NA,NA,NA,NA,NA,NA,NA,NA,NA,NA,NA,NA,NA,NA,NA,NA,NA,NA,NA,NA,NA,NA,NA,NA,NA,NA,NA,NA,28.9995381062356,6.36168360444907,3.78060046189376,0.727171986321941,0.100230946882217,0.17763828883405,2.57182448036951,0.582582296758628,0,0,2012,1990-12-21,NA,NA,NA,NA
"Emmanuel Ogbah","CLE","DL","12691","weighted",NA,NA,NA,NA,NA,NA,NA,NA,NA,NA,NA,NA,NA,NA,NA,NA,NA,NA,NA,NA,NA,NA,NA,NA,NA,NA,NA,NA,NA,NA,NA,NA,NA,NA,NA,NA,NA,NA,NA,NA,NA,NA,32.1879907621247,1.3444370802407,6.83533487297922,2.25036291495736,0.181062355658199,0.320894973377638,5.84526558891455,0.363631432241021,0,0,2016,1993-11-06,NA,NA,NA,NA
"Adrian Clayborn","NE","DL","10263","weighted",NA,NA,NA,NA,NA,NA,NA,NA,NA,NA,NA,NA,NA,NA,NA,NA,NA,NA,NA,NA,NA,NA,NA,NA,NA,NA,NA,NA,NA,NA,NA,NA,NA,NA,NA,NA,NA,NA,NA,NA,NA,NA,20.4859122401848,4.42573603785878,6.70785219399538,2.21743489885468,0,0,0.310392609699769,0.550105668647379,0,0,2011,1988-07-06,NA,NA,NA,NA
"Michael Pierce","BAL","DL","12952","weighted",NA,NA,NA,NA,NA,NA,NA,NA,NA,NA,NA,NA,NA,NA,NA,NA,NA,NA,NA,NA,NA,NA,NA,NA,NA,NA,NA,NA,NA,NA,NA,NA,NA,NA,NA,NA,NA,NA,NA,NA,NA,NA,32.0794457274827,1.03105080766514,1.31385681293303,0.201919124825872,0.0775981524249423,0.137526417161845,1.03695150115473,0.455975520740657,0,0,2016,1992-11-06,"Q","Elbow",2018,0
"Fletcher Cox","PHI","DL","10762","weighted",NA,NA,NA,NA,NA,NA,NA,NA,NA,NA,NA,NA,NA,NA,NA,NA,NA,NA,NA,NA,NA,NA,NA,NA,NA,NA,NA,NA,NA,NA,NA,NA,NA,NA,NA,NA,NA,NA,NA,NA,NA,NA,27.4198614318707,4.78582904344241,6.56558891454965,1.65604727332388,0.012933025404157,0.0229210695269741,2.10993071593533,0.538020500877145,0,0,2012,1990-12-13,"Q","Foot",2018,0
"Brandon Williams","BAL","DL","11360","weighted",NA,NA,NA,NA,NA,NA,NA,NA,NA,NA,NA,NA,NA,NA,NA,NA,NA,NA,NA,NA,NA,NA,NA,NA,NA,NA,NA,NA,NA,NA,NA,NA,NA,NA,NA,NA,NA,NA,NA,NA,NA,NA,31.789376443418,1.38170981402833,1.67390300230947,0.30859627484757,0.0355658198614319,0.0630329411991789,1.80600461893764,0.807643544617214,0,0,2013,1989-02-21,NA,NA,NA,NA
"Frank Clark","SEA","DL","12280","weighted",NA,NA,NA,NA,NA,NA,NA,NA,NA,NA,NA,NA,NA,NA,NA,NA,NA,NA,NA,NA,NA,NA,NA,NA,NA,NA,NA,NA,NA,NA,NA,NA,NA,NA,NA,NA,NA,NA,NA,NA,NA,NA,26.070207852194,6.18640829381049,10.4113163972286,1.01250459587028,0,0,2.47113163972286,1.24533459994719,0,0,2015,1993-06-14,NA,NA,NA,NA
"Jordan Willis","CIN","DL","13207","weighted",NA,NA,NA,NA,NA,NA,NA,NA,NA,NA,NA,NA,NA,NA,NA,NA,NA,NA,NA,NA,NA,NA,NA,NA,NA,NA,NA,NA,NA,NA,NA,NA,NA,NA,NA,NA,NA,NA,NA,NA,NA,NA,25.0332563510393,8.32502458307841,2.79561200923788,2.26772555309146,0.0193995381062356,0.0343816042904612,1.49561200923788,1.51356334105459,0,0,2017,1995-05-02,NA,NA,NA,NA
"Steve McLendon","NYJ","DL","10143","weighted",NA,NA,NA,NA,NA,NA,NA,NA,NA,NA,NA,NA,NA,NA,NA,NA,NA,NA,NA,NA,NA,NA,NA,NA,NA,NA,NA,NA,NA,NA,NA,NA,NA,NA,NA,NA,NA,NA,NA,NA,NA,NA,27.4069284064665,4.61374525091125,2.33140877598152,0.559599725094835,0,0,0.288683602771363,0.354459258519929,0,0,2009,1986-01-03,NA,NA,NA,NA
"Kerry Hyder","DET","DL","12987","weighted",NA,NA,NA,NA,NA,NA,NA,NA,NA,NA,NA,NA,NA,NA,NA,NA,NA,NA,NA,NA,NA,NA,NA,NA,NA,NA,NA,NA,NA,NA,NA,NA,NA,NA,NA,NA,NA,NA,NA,NA,NA,NA,24.69792147806,7.05621391612646,6.02794457274827,0.836619037734556,0,0,1.27667436489607,0.888895531680678,0,0,NA,NA,NA,NA,NA,NA
"David Irving","DAL","DL","12536","weighted",NA,NA,NA,NA,NA,NA,NA,NA,NA,NA,NA,NA,NA,NA,NA,NA,NA,NA,NA,NA,NA,NA,NA,NA,NA,NA,NA,NA,NA,NA,NA,NA,NA,NA,NA,NA,NA,NA,NA,NA,NA,NA,17.6477815699659,2.40416305603426,6.64778156996587,2.40416305603426,0,0,3.40546075085324,2.05060966544099,0,0,NA,NA,"Q","Ankle",2018,0
"Randy Gregory","DAL","DL","12215","weighted",NA,NA,NA,NA,NA,NA,NA,NA,NA,NA,NA,NA,NA,NA,NA,NA,NA,NA,NA,NA,NA,NA,NA,NA,NA,NA,NA,NA,NA,NA,NA,NA,NA,NA,NA,NA,NA,NA,NA,NA,NA,NA,27.4021276595745,6.55487986159929,4.70567375886525,1.13137084989848,0.114184397163121,0.162634559672906,2.05035460992908,0.0707106781186548,0,0,2015,1992-11-23,NA,NA,NA,NA
"Dalvin Tomlinson","NYG","DL","13260","weighted",NA,NA,NA,NA,NA,NA,NA,NA,NA,NA,NA,NA,NA,NA,NA,NA,NA,NA,NA,NA,NA,NA,NA,NA,NA,NA,NA,NA,NA,NA,NA,NA,NA,NA,NA,NA,NA,NA,NA,NA,NA,NA,31.3602771362587,1.16436965782935,1.30323325635104,0.345079353909185,0.0678983833718245,0.120335615016614,1.53856812933025,0.64077669872179,0,0,2017,1994-02-18,NA,NA,NA,NA
"Davon Godchaux","MIA","DL","13317","weighted",NA,NA,NA,NA,NA,NA,NA,NA,NA,NA,NA,NA,NA,NA,NA,NA,NA,NA,NA,NA,NA,NA,NA,NA,NA,NA,NA,NA,NA,NA,NA,NA,NA,NA,NA,NA,NA,NA,NA,NA,NA,NA,27.1120274914089,7.18420489685532,0.485567010309278,0.0212132034355964,0.0384879725085911,0.0565685424949238,1.39381443298969,0.89095454429505,0,0,2017,1994-11-11,NA,NA,NA,NA
"Marcus Davenport","NO","DL","13688","weighted",NA,NA,NA,NA,NA,NA,NA,NA,NA,NA,NA,NA,NA,NA,NA,NA,NA,NA,NA,NA,NA,NA,NA,NA,NA,NA,NA,NA,NA,NA,NA,NA,NA,NA,NA,NA,NA,NA,NA,NA,NA,NA,21.2411085450346,11.1379625504642,4.16859122401848,3.44622609826848,0.00323325635103926,0.00573026738174353,2.71501154734411,2.23924186726606,0,0,2018,1996-09-04,NA,NA,NA,NA
"Marcell Dareus","JAC","DL","10265","weighted",NA,NA,NA,NA,NA,NA,NA,NA,NA,NA,NA,NA,NA,NA,NA,NA,NA,NA,NA,NA,NA,NA,NA,NA,NA,NA,NA,NA,NA,NA,NA,NA,NA,NA,NA,NA,NA,NA,NA,NA,NA,NA,21.8028368794326,1.56270598642227,2.99290780141844,0.579827560572969,0,0,0.66241134751773,0.480832611206852,0,0,2011,1989-11-18,NA,NA,NA,NA
"Abry Jones","JAC","DL","11278","weighted",NA,NA,NA,NA,NA,NA,NA,NA,NA,NA,NA,NA,NA,NA,NA,NA,NA,NA,NA,NA,NA,NA,NA,NA,NA,NA,NA,NA,NA,NA,NA,NA,NA,NA,NA,NA,NA,NA,NA,NA,NA,NA,31.25,NA,1.59,NA,0.67,NA,5.2,NA,0,NA,2013,1991-09-08,NA,NA,NA,NA
"Tank Carradine","OAK","DL","11270","weighted",NA,NA,NA,NA,NA,NA,NA,NA,NA,NA,NA,NA,NA,NA,NA,NA,NA,NA,NA,NA,NA,NA,NA,NA,NA,NA,NA,NA,NA,NA,NA,NA,NA,NA,NA,NA,NA,NA,NA,NA,NA,NA,26.5780141843972,6.37810316630266,2.65035460992908,0.926309883354377,0.143971631205674,0.205060966544099,1.20921985815603,1.15258405333407,0,0,2013,1989-02-18,NA,NA,NA,NA
"Adam Gotsis","DEN","DL","12751","weighted",NA,NA,NA,NA,NA,NA,NA,NA,NA,NA,NA,NA,NA,NA,NA,NA,NA,NA,NA,NA,NA,NA,NA,NA,NA,NA,NA,NA,NA,NA,NA,NA,NA,NA,NA,NA,NA,NA,NA,NA,NA,NA,26.1602836879433,6.9225753878163,2.10070921985816,1.85261976670875,0.228368794326241,0.325269119345812,3.84964539007092,0.0707106781186548,0,0,2016,1992-09-23,NA,NA,NA,NA
"Allen Bailey","KC","DL","10275","weighted",NA,NA,NA,NA,NA,NA,NA,NA,NA,NA,NA,NA,NA,NA,NA,NA,NA,NA,NA,NA,NA,NA,NA,NA,NA,NA,NA,NA,NA,NA,NA,NA,NA,NA,NA,NA,NA,NA,NA,NA,NA,NA,27.4078521939954,3.52558208687064,3.84480369515012,0.27505283432369,0,0,1.05080831408776,0.422630096714347,0,0,2011,1989-03-25,NA,NA,NA,NA
"Corey Liuget","LAC","DL","10285","weighted",NA,NA,NA,NA,NA,NA,NA,NA,NA,NA,NA,NA,NA,NA,NA,NA,NA,NA,NA,NA,NA,NA,NA,NA,NA,NA,NA,NA,NA,NA,NA,NA,NA,NA,NA,NA,NA,NA,NA,NA,NA,NA,25.3310580204778,7.77817459305202,3.45392491467577,2.12132034355964,0,0,1.75767918088737,0.353553390593274,0,0,2011,1990-03-18,"IR","Quadriceps",2018,0
"Branden Jackson","SEA","DL","13072","weighted",NA,NA,NA,NA,NA,NA,NA,NA,NA,NA,NA,NA,NA,NA,NA,NA,NA,NA,NA,NA,NA,NA,NA,NA,NA,NA,NA,NA,NA,NA,NA,NA,NA,NA,NA,NA,NA,NA,NA,NA,NA,NA,31,NA,4.8,NA,0.4,NA,1.5,NA,0,NA,2016,1992-11-11,NA,NA,NA,NA
"Nazair Jones","SEA","DL","13283","weighted",NA,NA,NA,NA,NA,NA,NA,NA,NA,NA,NA,NA,NA,NA,NA,NA,NA,NA,NA,NA,NA,NA,NA,NA,NA,NA,NA,NA,NA,NA,NA,NA,NA,NA,NA,NA,NA,NA,NA,NA,NA,NA,22.7182448036951,9.09124434299354,3.55219399538106,2.29827282001872,0.384757505773672,0.361655840998007,2.68729792147806,0.617736276779542,0,0,2017,1994-12-13,NA,NA,NA,NA
"Eddie Goldman","CHI","DL","12271","weighted",NA,NA,NA,NA,NA,NA,NA,NA,NA,NA,NA,NA,NA,NA,NA,NA,NA,NA,NA,NA,NA,NA,NA,NA,NA,NA,NA,NA,NA,NA,NA,NA,NA,NA,NA,NA,NA,NA,NA,NA,NA,NA,27.7034642032333,0.269528225687739,2.13695150115473,0.482278301559353,0.0452655889145497,0.0802237433444095,0.710854503464203,0.611308688449661,0,0,NA,NA,NA,NA,NA,NA
"Anthony Zettel","DET","DL","12695","weighted",NA,NA,NA,NA,NA,NA,NA,NA,NA,NA,NA,NA,NA,NA,NA,NA,NA,NA,NA,NA,NA,NA,NA,NA,NA,NA,NA,NA,NA,NA,NA,NA,NA,NA,NA,NA,NA,NA,NA,NA,NA,NA,28.0189376443418,2.77932342924396,5.46166281755196,0.984066784095887,0.0226327944572748,0.0401118716722047,0.4364896073903,0.773586096535377,0,0,2016,1992-08-09,NA,NA,NA,NA
"Mario Edwards","OAK","DL","12219","weighted",NA,NA,NA,NA,NA,NA,NA,NA,NA,NA,NA,NA,NA,NA,NA,NA,NA,NA,NA,NA,NA,NA,NA,NA,NA,NA,NA,NA,NA,NA,NA,NA,NA,NA,NA,NA,NA,NA,NA,NA,NA,NA,9.22,NA,2.35,NA,0,NA,0.34,NA,0,NA,NA,1994-01-25,"Q","Calf",2018,0
"Jonathan Allen","WAS","DL","13208","weighted",NA,NA,NA,NA,NA,NA,NA,NA,NA,NA,NA,NA,NA,NA,NA,NA,NA,NA,NA,NA,NA,NA,NA,NA,NA,NA,NA,NA,NA,NA,NA,NA,NA,NA,NA,NA,NA,NA,NA,NA,NA,NA,26.9260969976905,3.75860464563651,4.52678983833718,1.17757502658195,0.0193995381062356,0.0343816042904612,1.48036951501155,0.56183220137055,0,0,2017,1995-01-16,NA,NA,NA,NA
"Rasheem Green","SEA","DL","13746","weighted",NA,NA,NA,NA,NA,NA,NA,NA,NA,NA,NA,NA,NA,NA,NA,NA,NA,NA,NA,NA,NA,NA,NA,NA,NA,NA,NA,NA,NA,NA,NA,NA,NA,NA,NA,NA,NA,NA,NA,NA,NA,NA,24.9397163120567,7.03571247280615,3.64397163120567,1.20208152801713,0.109219858156028,0.15556349186104,1.70141843971631,0.714177848998413,0,0,2018,1997-05-15,NA,NA,NA,NA
"Takkarist McKinley","ATL","DL","13205","weighted",NA,NA,NA,NA,NA,NA,NA,NA,NA,NA,NA,NA,NA,NA,NA,NA,NA,NA,NA,NA,NA,NA,NA,NA,NA,NA,NA,NA,NA,NA,NA,NA,NA,NA,NA,NA,NA,NA,NA,NA,NA,NA,20.5635103926097,7.8477323770185,7.61131639722864,2.77981215052385,0.00323325635103926,0.00573026738174353,1.90900692840647,0.662481353683814,0,0,2017,1995-11-02,NA,NA,NA,NA
"Jarran Reed","SEA","DL","12698","weighted",NA,NA,NA,NA,NA,NA,NA,NA,NA,NA,NA,NA,NA,NA,NA,NA,NA,NA,NA,NA,NA,NA,NA,NA,NA,NA,NA,NA,NA,NA,NA,NA,NA,NA,NA,NA,NA,NA,NA,NA,NA,NA,24.084064665127,4.58026603909525,2.14618937644342,0.655357181822054,0.130715935334873,0.153314484773601,1.25173210161663,0.866613821644708,0,0,2016,1992-12-16,NA,NA,NA,NA
"Trevon Coley","CLE","DL","13435","weighted",NA,NA,NA,NA,NA,NA,NA,NA,NA,NA,NA,NA,NA,NA,NA,NA,NA,NA,NA,NA,NA,NA,NA,NA,NA,NA,NA,NA,NA,NA,NA,NA,NA,NA,NA,NA,NA,NA,NA,NA,NA,NA,22.7413394919169,8.66822654134248,2.41339491916859,0.953891881247783,0,0,1.62586605080831,0.343492847524473,0,0,2016,1994-07-13,NA,NA,NA,NA
"Xavier Williams","KC","DL","12428","weighted",NA,NA,NA,NA,NA,NA,NA,NA,NA,NA,NA,NA,NA,NA,NA,NA,NA,NA,NA,NA,NA,NA,NA,NA,NA,NA,NA,NA,NA,NA,NA,NA,NA,NA,NA,NA,NA,NA,NA,NA,NA,NA,22.8212765957447,8.71862661203013,2.02978723404255,0.0424264068711929,0.129078014184397,0.183847763108502,1.51276595744681,0.445477272147525,0,0,2015,1992-01-18,NA,NA,NA,NA
"Vinny Curry","TB","DL","10755","weighted",NA,NA,NA,NA,NA,NA,NA,NA,NA,NA,NA,NA,NA,NA,NA,NA,NA,NA,NA,NA,NA,NA,NA,NA,NA,NA,NA,NA,NA,NA,NA,NA,NA,NA,NA,NA,NA,NA,NA,NA,NA,NA,24.3889145496536,4.52217930651291,3.55635103926097,1.18249469282899,0.00323325635103926,0.00573026738174353,0.727944572748268,0.452055650801253,0,0,2012,1988-06-30,NA,NA,NA,NA
"Olsen Pierre",NA,"DL","12966","weighted",NA,NA,NA,NA,NA,NA,NA,NA,NA,NA,NA,NA,NA,NA,NA,NA,NA,NA,NA,NA,NA,NA,NA,NA,NA,NA,NA,NA,NA,NA,NA,NA,NA,NA,NA,NA,NA,NA,NA,NA,NA,NA,23.8618556701031,7.55190042307233,5.46563573883161,1.52027957955108,0.00962199312714777,0.0141421356237309,1.48522336769759,0.756604255869606,0,0,NA,NA,"IR","Knee",2018,0
"Chris Jones","KC","DL","nfl_2556369","weighted",NA,NA,NA,NA,NA,NA,NA,NA,NA,NA,NA,NA,NA,NA,NA,NA,NA,NA,NA,NA,NA,NA,NA,NA,NA,NA,NA,NA,NA,NA,NA,NA,NA,NA,NA,NA,NA,NA,NA,NA,NA,NA,24.7496535796767,2.35503194260163,5.91154734411086,2.41664150733086,0.572286374133949,0.45352374992428,4.94180138568129,0.103144812871383,0,0,2016,1994-07-03,NA,NA,NA,NA
"B.J. Hill","NYG","DL","13742","weighted",NA,NA,NA,NA,NA,NA,NA,NA,NA,NA,NA,NA,NA,NA,NA,NA,NA,NA,NA,NA,NA,NA,NA,NA,NA,NA,NA,NA,NA,NA,NA,NA,NA,NA,NA,NA,NA,NA,NA,NA,NA,NA,23.753264604811,6.98621499812309,3.6106529209622,0.162634559672906,0.0769759450171821,0.113137084989848,1.96151202749141,0.0565685424949238,0,0,2018,1995-04-20,NA,NA,NA,NA
"Christian Covington","HOU","DL","12360","weighted",NA,NA,NA,NA,NA,NA,NA,NA,NA,NA,NA,NA,NA,NA,NA,NA,NA,NA,NA,NA,NA,NA,NA,NA,NA,NA,NA,NA,NA,NA,NA,NA,NA,NA,NA,NA,NA,NA,NA,NA,NA,NA,23.6397163120567,7.03571247280615,2.15602836879433,1.78898015640197,0.109219858156028,0.15556349186104,1.26950354609929,1.09601551083915,0,0,2015,1993-10-16,NA,NA,NA,NA
"P.J. Hall","OAK","DL","13740","weighted",NA,NA,NA,NA,NA,NA,NA,NA,NA,NA,NA,NA,NA,NA,NA,NA,NA,NA,NA,NA,NA,NA,NA,NA,NA,NA,NA,NA,NA,NA,NA,NA,NA,NA,NA,NA,NA,NA,NA,NA,NA,NA,28.61,NA,3.86,NA,0.18,NA,2.06,NA,0,NA,2018,1995-04-05,NA,NA,NA,NA
"Da'Ron Payne","WAS","DL","13723","weighted",NA,NA,NA,NA,NA,NA,NA,NA,NA,NA,NA,NA,NA,NA,NA,NA,NA,NA,NA,NA,NA,NA,NA,NA,NA,NA,NA,NA,NA,NA,NA,NA,NA,NA,NA,NA,NA,NA,NA,NA,NA,NA,23.70207852194,4.38888877069607,2.32863741339492,1.30070667462533,0.0581986143187067,0.103144812871384,1.44110854503464,0.545439142660182,0,0,2018,1997-05-27,NA,NA,NA,NA
"Vita Vea","TB","DL","13692","weighted",NA,NA,NA,NA,NA,NA,NA,NA,NA,NA,NA,NA,NA,NA,NA,NA,NA,NA,NA,NA,NA,NA,NA,NA,NA,NA,NA,NA,NA,NA,NA,NA,NA,NA,NA,NA,NA,NA,NA,NA,NA,NA,19.8936170212766,12.2400183823391,2.31914893617021,2.16374675043084,0.0893617021276596,0.127279220613579,1.22411347517731,1.17379725676967,0,0,2018,1995-02-05,NA,NA,NA,NA
"Domata Peko","DEN","DL","8364","weighted",NA,NA,NA,NA,NA,NA,NA,NA,NA,NA,NA,NA,NA,NA,NA,NA,NA,NA,NA,NA,NA,NA,NA,NA,NA,NA,NA,NA,NA,NA,NA,NA,NA,NA,NA,NA,NA,NA,NA,NA,NA,NA,24.4304849884527,3.33208125972898,1.53672055427252,0.455813454903042,0.0161662817551963,0.0286513369087177,1.67713625866051,0.660025018373642,0,0,2006,1984-11-27,NA,NA,NA,NA
"Dontari Poe","CAR","DL","10761","weighted",NA,NA,NA,NA,NA,NA,NA,NA,NA,NA,NA,NA,NA,NA,NA,NA,NA,NA,NA,NA,NA,NA,NA,NA,NA,NA,NA,NA,NA,NA,NA,NA,NA,NA,NA,NA,NA,NA,NA,NA,NA,NA,23.4152424942263,3.96524428536799,2.03187066974596,0.845763020930358,0.0484988452655889,0.085954010726153,1.67575057736721,0.494781790170262,0,0,2012,1990-08-18,NA,NA,NA,NA
"Justin Ellis","OAK","DL","11789","weighted",NA,NA,NA,NA,NA,NA,NA,NA,NA,NA,NA,NA,NA,NA,NA,NA,NA,NA,NA,NA,NA,NA,NA,NA,NA,NA,NA,NA,NA,NA,NA,NA,NA,NA,NA,NA,NA,NA,NA,NA,NA,NA,26.5376443418014,2.51416045345036,0.903002309468822,0.55553806215543,0.0258660508083141,0.0458421390539483,0.434180138568129,0.606136053833444,0,0,2014,1990-12-27,NA,NA,NA,NA
"Danny Shelton","NE","DL","12226","weighted",NA,NA,NA,NA,NA,NA,NA,NA,NA,NA,NA,NA,NA,NA,NA,NA,NA,NA,NA,NA,NA,NA,NA,NA,NA,NA,NA,NA,NA,NA,NA,NA,NA,NA,NA,NA,NA,NA,NA,NA,NA,NA,16.6752886836028,10.7960371224756,0.521939953810624,0.448861227610722,0,0,0.499307159353349,0.479282881965562,0,0,2015,1993-08-20,NA,NA,NA,NA
"Brent Urban","BAL","DL","11807","weighted",NA,NA,NA,NA,NA,NA,NA,NA,NA,NA,NA,NA,NA,NA,NA,NA,NA,NA,NA,NA,NA,NA,NA,NA,NA,NA,NA,NA,NA,NA,NA,NA,NA,NA,NA,NA,NA,NA,NA,NA,NA,NA,22.7234042553191,7.29734198184517,2.50496453900709,2.00111219075793,0.188652482269504,0.268700576850888,2.67375886524823,1.24450793488832,0,0,2014,1991-05-05,NA,NA,NA,NA
"Michael Johnson","CIN","DL","9442","weighted",NA,NA,NA,NA,NA,NA,NA,NA,NA,NA,NA,NA,NA,NA,NA,NA,NA,NA,NA,NA,NA,NA,NA,NA,NA,NA,NA,NA,NA,NA,NA,NA,NA,NA,NA,NA,NA,NA,NA,NA,NA,NA,11.7539518900344,12.1198102295374,2.09518900343643,2.06475180106472,0,0,0.56701030927835,0.636396103067893,0,0,2009,1987-02-07,NA,NA,NA,NA
"Jonathan Bullard","CHI","DL","12758","weighted",NA,NA,NA,NA,NA,NA,NA,NA,NA,NA,NA,NA,NA,NA,NA,NA,NA,NA,NA,NA,NA,NA,NA,NA,NA,NA,NA,NA,NA,NA,NA,NA,NA,NA,NA,NA,NA,NA,NA,NA,NA,NA,25.2997690531178,2.96720655960763,2.36096997690531,0.500205746788044,0.109930715935335,0.19482909097928,2.16674364896074,0.573458147890854,0,0,2016,1993-10-22,NA,NA,NA,NA
"Andrew Billings","CIN","DL","12699","weighted",NA,NA,NA,NA,NA,NA,NA,NA,NA,NA,NA,NA,NA,NA,NA,NA,NA,NA,NA,NA,NA,NA,NA,NA,NA,NA,NA,NA,NA,NA,NA,NA,NA,NA,NA,NA,NA,NA,NA,NA,NA,NA,23.7326241134752,4.51134126397017,2.20141843971631,0.282842712474619,0.0099290780141844,0.014142135623731,1.09007092198582,0.014142135623731,0,0,2016,1995-06-03,NA,NA,NA,NA
"D.J. Reader","HOU","DL","12802","weighted",NA,NA,NA,NA,NA,NA,NA,NA,NA,NA,NA,NA,NA,NA,NA,NA,NA,NA,NA,NA,NA,NA,NA,NA,NA,NA,NA,NA,NA,NA,NA,NA,NA,NA,NA,NA,NA,NA,NA,NA,NA,NA,20.831914893617,7.59432682994352,1.05390070921986,0.21920310216783,0.0297872340425532,0.0424264068711928,0.553900709219858,0.21920310216783,0,0,2016,1994-07-01,NA,NA,NA,NA
"Tyson Alualu","PIT","DL","9875","weighted",NA,NA,NA,NA,NA,NA,NA,NA,NA,NA,NA,NA,NA,NA,NA,NA,NA,NA,NA,NA,NA,NA,NA,NA,NA,NA,NA,NA,NA,NA,NA,NA,NA,NA,NA,NA,NA,NA,NA,NA,NA,NA,21.6974595842956,5.8854569806561,3.19237875288684,0.462054503899335,0,0,0.848036951501155,0.269322566941946,0,0,2010,1987-05-12,NA,NA,NA,NA
"DaQuan Jones","TEN","DL","11793","weighted",NA,NA,NA,NA,NA,NA,NA,NA,NA,NA,NA,NA,NA,NA,NA,NA,NA,NA,NA,NA,NA,NA,NA,NA,NA,NA,NA,NA,NA,NA,NA,NA,NA,NA,NA,NA,NA,NA,NA,NA,NA,NA,23.4697459584296,4.17052838794763,3.9526558891455,0.901527446646041,0,0,0.509930715935335,0.536988738241538,0,0,2014,1991-12-17,NA,NA,NA,NA
"Willie Henry","BAL","DL","12789","weighted",NA,NA,NA,NA,NA,NA,NA,NA,NA,NA,NA,NA,NA,NA,NA,NA,NA,NA,NA,NA,NA,NA,NA,NA,NA,NA,NA,NA,NA,NA,NA,NA,NA,NA,NA,NA,NA,NA,NA,NA,NA,NA,22.9979381443299,4.41234631460406,3.77835051546392,1.06066017177982,0.120274914089347,0.176776695296637,2.72096219931271,0.410121933088198,0,0,2016,1994-03-20,"IR","Back",2018,0
"Kyle Williams","BUF","DL","8375","weighted",NA,NA,NA,NA,NA,NA,NA,NA,NA,NA,NA,NA,NA,NA,NA,NA,NA,NA,NA,NA,NA,NA,NA,NA,NA,NA,NA,NA,NA,NA,NA,NA,NA,NA,NA,NA,NA,NA,NA,NA,NA,NA,21.8143187066975,3.13001128658632,3.17528868360277,0.35189306311228,0.0387990762124711,0.0687632085809224,1.37090069284065,0.339621648988389,0,0,2006,1984-03-19,NA,NA,NA,NA
"Earl Mitchell","SF","DL","9917","weighted",NA,NA,NA,NA,NA,NA,NA,NA,NA,NA,NA,NA,NA,NA,NA,NA,NA,NA,NA,NA,NA,NA,NA,NA,NA,NA,NA,NA,NA,NA,NA,NA,NA,NA,NA,NA,NA,NA,NA,NA,NA,NA,19.8858156028369,7.81352993211135,1.49574468085106,0.848528137423857,0.104255319148936,0.148492424049175,3.24326241134752,0.650538238691624,0,0,2010,1987-09-25,NA,NA,NA,NA
"Sheldon Rankins","NO","DL","12735","weighted",NA,NA,NA,NA,NA,NA,NA,NA,NA,NA,NA,NA,NA,NA,NA,NA,NA,NA,NA,NA,NA,NA,NA,NA,NA,NA,NA,NA,NA,NA,NA,NA,NA,NA,NA,NA,NA,NA,NA,NA,NA,NA,24.5652482269504,1.04651803615609,3.18297872340426,0.5939696961967,0.18936170212766,0.127279220613579,1.0113475177305,0.728319984622144,0,0,2016,1994-04-02,"IR","Achilles",2018,0
"Deatrich Wise","NE","DL","13296","weighted",NA,NA,NA,NA,NA,NA,NA,NA,NA,NA,NA,NA,NA,NA,NA,NA,NA,NA,NA,NA,NA,NA,NA,NA,NA,NA,NA,NA,NA,NA,NA,NA,NA,NA,NA,NA,NA,NA,NA,NA,NA,NA,17.0023094688222,4.64315057209207,4.68452655889145,1.179429530257,0,0,0.607390300230947,0.463460777091521,0,0,2017,1994-07-26,NA,NA,NA,NA
"Margus Hunt","IND","DL","11274","weighted",NA,NA,NA,NA,NA,NA,NA,NA,NA,NA,NA,NA,NA,NA,NA,NA,NA,NA,NA,NA,NA,NA,NA,NA,NA,NA,NA,NA,NA,NA,NA,NA,NA,NA,NA,NA,NA,NA,NA,NA,NA,NA,21.5574468085106,4.47598592491084,2.2468085106383,1.63341666454092,0.024822695035461,0.0353553390593274,2.45460992907801,0.0777817459305201,0,0,2013,1987-07-14,NA,NA,NA,NA
"William Gholston","TB","DL","11265","weighted",NA,NA,NA,NA,NA,NA,NA,NA,NA,NA,NA,NA,NA,NA,NA,NA,NA,NA,NA,NA,NA,NA,NA,NA,NA,NA,NA,NA,NA,NA,NA,NA,NA,NA,NA,NA,NA,NA,NA,NA,NA,NA,17.1408934707904,7.14177848998413,2.08144329896907,0.615182899632296,0,0,1.32646048109966,0.989949493661166,0,0,2013,1991-07-31,NA,NA,NA,NA
"Dion Jordan","SEA","DL","11263","weighted",NA,NA,NA,NA,NA,NA,NA,NA,NA,NA,NA,NA,NA,NA,NA,NA,NA,NA,NA,NA,NA,NA,NA,NA,NA,NA,NA,NA,NA,NA,NA,NA,NA,NA,NA,NA,NA,NA,NA,NA,NA,NA,15.0337182448037,2.735685745423,3.09006928406467,0.466750769274799,0,0,0.759353348729792,0.226557417853089,0,0,2013,1990-03-05,NA,NA,NA,NA
"Akeem Spence","MIA","DL","11282","weighted",NA,NA,NA,NA,NA,NA,NA,NA,NA,NA,NA,NA,NA,NA,NA,NA,NA,NA,NA,NA,NA,NA,NA,NA,NA,NA,NA,NA,NA,NA,NA,NA,NA,NA,NA,NA,NA,NA,NA,NA,NA,NA,24.4,NA,4.07,NA,0,NA,0.38,NA,0,NA,2013,1991-11-29,NA,NA,NA,NA
"Shaq Lawson","BUF","DL","12687","weighted",NA,NA,NA,NA,NA,NA,NA,NA,NA,NA,NA,NA,NA,NA,NA,NA,NA,NA,NA,NA,NA,NA,NA,NA,NA,NA,NA,NA,NA,NA,NA,NA,NA,NA,NA,NA,NA,NA,NA,NA,NA,NA,16.7431870669746,6.55812849874405,3.10369515011547,0.971861393850926,0,0,1.65912240184757,0.968879498342928,0,0,2016,1994-06-17,NA,NA,NA,NA
"Javon Hargrave","PIT","DL","12764","weighted",NA,NA,NA,NA,NA,NA,NA,NA,NA,NA,NA,NA,NA,NA,NA,NA,NA,NA,NA,NA,NA,NA,NA,NA,NA,NA,NA,NA,NA,NA,NA,NA,NA,NA,NA,NA,NA,NA,NA,NA,NA,NA,22.6157043879908,2.49552727877109,1.80461893764434,0.175150483975233,0.0484988452655889,0.085954010726153,1.13764434180139,0.523884235736304,0,0,2016,1993-02-07,NA,NA,NA,NA
"Breeland Speaks","KC","DL","13734","weighted",NA,NA,NA,NA,NA,NA,NA,NA,NA,NA,NA,NA,NA,NA,NA,NA,NA,NA,NA,NA,NA,NA,NA,NA,NA,NA,NA,NA,NA,NA,NA,NA,NA,NA,NA,NA,NA,NA,NA,NA,NA,NA,24,NA,3,NA,0,NA,2,NA,0,NA,2018,1995-12-18,NA,NA,NA,NA
"Al Woods","IND","DL","9940","weighted",NA,NA,NA,NA,NA,NA,NA,NA,NA,NA,NA,NA,NA,NA,NA,NA,NA,NA,NA,NA,NA,NA,NA,NA,NA,NA,NA,NA,NA,NA,NA,NA,NA,NA,NA,NA,NA,NA,NA,NA,NA,NA,22.63,NA,1.67,NA,0,NA,0.18,NA,0,NA,2010,1987-03-25,"IR","Foot",2018,0
"Josh Mauro","NYG","DL","12099","weighted",NA,NA,NA,NA,NA,NA,NA,NA,NA,NA,NA,NA,NA,NA,NA,NA,NA,NA,NA,NA,NA,NA,NA,NA,NA,NA,NA,NA,NA,NA,NA,NA,NA,NA,NA,NA,NA,NA,NA,NA,NA,NA,23.8,NA,1.4,NA,0,NA,1.5,NA,0,NA,2014,1991-02-17,NA,NA,NA,NA
"Henry Anderson","NYJ","DL","12288","weighted",NA,NA,NA,NA,NA,NA,NA,NA,NA,NA,NA,NA,NA,NA,NA,NA,NA,NA,NA,NA,NA,NA,NA,NA,NA,NA,NA,NA,NA,NA,NA,NA,NA,NA,NA,NA,NA,NA,NA,NA,NA,NA,11.8035460992908,1.70412734265958,1.09007092198582,0.014142135623731,0,0,0.6,1.57013194743414e-16,0,0,2015,1991-08-03,NA,NA,NA,NA
"Stacy McGee","WAS","DL","11402","weighted",NA,NA,NA,NA,NA,NA,NA,NA,NA,NA,NA,NA,NA,NA,NA,NA,NA,NA,NA,NA,NA,NA,NA,NA,NA,NA,NA,NA,NA,NA,NA,NA,NA,NA,NA,NA,NA,NA,NA,NA,NA,NA,21.5,NA,0.1,NA,0,NA,0.9,NA,0,NA,2013,1990-01-17,NA,NA,NA,NA
"Arik Armstead","SF","DL","12218","weighted",NA,NA,NA,NA,NA,NA,NA,NA,NA,NA,NA,NA,NA,NA,NA,NA,NA,NA,NA,NA,NA,NA,NA,NA,NA,NA,NA,NA,NA,NA,NA,NA,NA,NA,NA,NA,NA,NA,NA,NA,NA,NA,21.2758865248227,2.81428498912246,4.33404255319149,1.1879393923934,0.024822695035461,0.0353553390593274,1.38085106382979,0.169705627484771,0,0,2015,1993-11-15,"Q","Hand",2018,0
"Terrell McClain","ATL","DL","10329","weighted",NA,NA,NA,NA,NA,NA,NA,NA,NA,NA,NA,NA,NA,NA,NA,NA,NA,NA,NA,NA,NA,NA,NA,NA,NA,NA,NA,NA,NA,NA,NA,NA,NA,NA,NA,NA,NA,NA,NA,NA,NA,NA,23.26,NA,2.99,NA,0.14,NA,1.58,NA,0,NA,2011,1988-07-20,NA,NA,NA,NA
"Taven Bryan","JAC","DL","13695","weighted",NA,NA,NA,NA,NA,NA,NA,NA,NA,NA,NA,NA,NA,NA,NA,NA,NA,NA,NA,NA,NA,NA,NA,NA,NA,NA,NA,NA,NA,NA,NA,NA,NA,NA,NA,NA,NA,NA,NA,NA,NA,NA,16,NA,3,NA,0,NA,2,NA,0,NA,2018,NA,NA,NA,NA,NA
"Darius Philon","LAC","DL","12343","weighted",NA,NA,NA,NA,NA,NA,NA,NA,NA,NA,NA,NA,NA,NA,NA,NA,NA,NA,NA,NA,NA,NA,NA,NA,NA,NA,NA,NA,NA,NA,NA,NA,NA,NA,NA,NA,NA,NA,NA,NA,NA,NA,22.38,NA,5.15,NA,0,NA,1.25,NA,0,NA,2015,1994-01-22,NA,NA,NA,NA
"Brooks Reed","ATL","DL","10315","weighted",NA,NA,NA,NA,NA,NA,NA,NA,NA,NA,NA,NA,NA,NA,NA,NA,NA,NA,NA,NA,NA,NA,NA,NA,NA,NA,NA,NA,NA,NA,NA,NA,NA,NA,NA,NA,NA,NA,NA,NA,NA,NA,21.6,NA,2.7,NA,0,NA,0.4,NA,0,NA,2011,1987-02-28,NA,NA,NA,NA
"Wes Horton","CAR","DL","11515","weighted",NA,NA,NA,NA,NA,NA,NA,NA,NA,NA,NA,NA,NA,NA,NA,NA,NA,NA,NA,NA,NA,NA,NA,NA,NA,NA,NA,NA,NA,NA,NA,NA,NA,NA,NA,NA,NA,NA,NA,NA,NA,NA,12.8429561200924,2.64471250962921,4.8473441108545,1.20265125160208,0,0,0.752424942263279,1.12154848739313,0,0,2013,1990-01-18,NA,NA,NA,NA
"William Hayes","MIA","DL","9156","weighted",NA,NA,NA,NA,NA,NA,NA,NA,NA,NA,NA,NA,NA,NA,NA,NA,NA,NA,NA,NA,NA,NA,NA,NA,NA,NA,NA,NA,NA,NA,NA,NA,NA,NA,NA,NA,NA,NA,NA,NA,NA,NA,19.9399538106236,1.8652311570043,3.18775981524249,0.678338799763493,0,0,0.265127020785219,0.37622716076981,0,0,2008,1985-05-02,"IR","Knee - ACL",2018,0
"Tyrone Crawford","DAL","DL","10819","weighted",NA,NA,NA,NA,NA,NA,NA,NA,NA,NA,NA,NA,NA,NA,NA,NA,NA,NA,NA,NA,NA,NA,NA,NA,NA,NA,NA,NA,NA,NA,NA,NA,NA,NA,NA,NA,NA,NA,NA,NA,NA,NA,20.0429561200924,2.72568943366562,3.74434180138568,1.00068355012013,0.0387990762124711,0.0687632085809224,1.54872979214781,0.598591371029284,0,0,2012,1989-11-22,NA,NA,NA,NA
"Cassius Marsh","SF","DL","11790","weighted",NA,NA,NA,NA,NA,NA,NA,NA,NA,NA,NA,NA,NA,NA,NA,NA,NA,NA,NA,NA,NA,NA,NA,NA,NA,NA,NA,NA,NA,NA,NA,NA,NA,NA,NA,NA,NA,NA,NA,NA,NA,NA,18.7921478060046,2.97729458066819,2.31316397228637,0.889976073220977,0.0258660508083141,0.0458421390539483,0.970900692840647,0.87713716186081,0,0,2014,1992-07-07,NA,NA,NA,NA
"Shelby Harris","DEN","DL","11872","weighted",NA,NA,NA,NA,NA,NA,NA,NA,NA,NA,NA,NA,NA,NA,NA,NA,NA,NA,NA,NA,NA,NA,NA,NA,NA,NA,NA,NA,NA,NA,NA,NA,NA,NA,NA,NA,NA,NA,NA,NA,NA,NA,20.4893470790378,2.22031529292576,4.63951890034364,0.205060966544099,0.0529209621993127,0.0777817459305202,1.81718213058419,0.268700576850888,0,0,2014,1991-08-11,NA,NA,NA,NA
"Noah Spence","TB","DL","12690","weighted",NA,NA,NA,NA,NA,NA,NA,NA,NA,NA,NA,NA,NA,NA,NA,NA,NA,NA,NA,NA,NA,NA,NA,NA,NA,NA,NA,NA,NA,NA,NA,NA,NA,NA,NA,NA,NA,NA,NA,NA,NA,NA,19.0230946882217,3.59328021324751,4.62540415704388,0.336716934535158,0,0,1.03695150115473,0.24446945271443,0,0,2016,NA,NA,NA,NA,NA
"Sam Hubbard","CIN","DL","13684","weighted",NA,NA,NA,NA,NA,NA,NA,NA,NA,NA,NA,NA,NA,NA,NA,NA,NA,NA,NA,NA,NA,NA,NA,NA,NA,NA,NA,NA,NA,NA,NA,NA,NA,NA,NA,NA,NA,NA,NA,NA,NA,NA,12.6041237113402,13.8097954365733,2.03745704467354,2.1496046148071,0,0,1.60962199312715,2.04353859762912,0,0,2018,NA,NA,NA,NA,NA
"Tyeler Davison","NO","DL","12316","weighted",NA,NA,NA,NA,NA,NA,NA,NA,NA,NA,NA,NA,NA,NA,NA,NA,NA,NA,NA,NA,NA,NA,NA,NA,NA,NA,NA,NA,NA,NA,NA,NA,NA,NA,NA,NA,NA,NA,NA,NA,NA,NA,21.99,NA,1.81,NA,0.04,NA,1.33,NA,0,NA,2015,1992-09-23,NA,NA,NA,NA
"Sylvester Williams","DET","DL","11285","weighted",NA,NA,NA,NA,NA,NA,NA,NA,NA,NA,NA,NA,NA,NA,NA,NA,NA,NA,NA,NA,NA,NA,NA,NA,NA,NA,NA,NA,NA,NA,NA,NA,NA,NA,NA,NA,NA,NA,NA,NA,NA,NA,19.1156028368794,3.86787409309042,1.6645390070922,0.0919238815542511,0.0297872340425532,0.0424264068711928,0.812765957446808,0.445477272147525,0,0,2013,1988-11-21,NA,NA,NA,NA
"Jordan Phillips","MIA","DL","12229","weighted",NA,NA,NA,NA,NA,NA,NA,NA,NA,NA,NA,NA,NA,NA,NA,NA,NA,NA,NA,NA,NA,NA,NA,NA,NA,NA,NA,NA,NA,NA,NA,NA,NA,NA,NA,NA,NA,NA,NA,NA,NA,NA,17.8900709219858,4.97096067174143,2.62482269503546,1.03237590053236,0.0794326241134752,0.113137084989848,2.40212765957447,0.572756492761104,0,0,2015,1992-09-21,NA,NA,NA,NA
"Ryan Glasgow","CIN","DL","13297","weighted",NA,NA,NA,NA,NA,NA,NA,NA,NA,NA,NA,NA,NA,NA,NA,NA,NA,NA,NA,NA,NA,NA,NA,NA,NA,NA,NA,NA,NA,NA,NA,NA,NA,NA,NA,NA,NA,NA,NA,NA,NA,NA,16.9007092198582,6.1235447250755,0.764539007092199,0.0919238815542512,0,0,1.12765957446808,0.53033008588991,0,0,2017,1993-09-30,"IR","Knee - ACL",2018,0
"Corey Peters","ARI","DL","9919","weighted",NA,NA,NA,NA,NA,NA,NA,NA,NA,NA,NA,NA,NA,NA,NA,NA,NA,NA,NA,NA,NA,NA,NA,NA,NA,NA,NA,NA,NA,NA,NA,NA,NA,NA,NA,NA,NA,NA,NA,NA,NA,NA,19.6241134751773,2.1708178182427,1.71843971631206,0.311126983722081,0.0297872340425532,0.0424264068711928,0.860283687943262,0.940452018978108,0,0,2010,1988-06-08,NA,NA,NA,NA
"Adolphus Washington","BUF","DL","12761","weighted",NA,NA,NA,NA,NA,NA,NA,NA,NA,NA,NA,NA,NA,NA,NA,NA,NA,NA,NA,NA,NA,NA,NA,NA,NA,NA,NA,NA,NA,NA,NA,NA,NA,NA,NA,NA,NA,NA,NA,NA,NA,NA,16.2522336769759,5.5083618254432,1.44192439862543,0.820243866176395,0,0,1.25910652920962,1.08894444302728,0,0,2016,NA,"IR","Knee",2018,0
"Derek Rivers","NE","DL","13271","weighted",NA,NA,NA,NA,NA,NA,NA,NA,NA,NA,NA,NA,NA,NA,NA,NA,NA,NA,NA,NA,NA,NA,NA,NA,NA,NA,NA,NA,NA,NA,NA,NA,NA,NA,NA,NA,NA,NA,NA,NA,NA,NA,20.7,NA,2,NA,0,NA,0.9,NA,0,NA,2017,1994-01-01,"O","Coach's Decision",2018,0
"Brandon Mebane","LAC","DL","8721","weighted",NA,NA,NA,NA,NA,NA,NA,NA,NA,NA,NA,NA,NA,NA,NA,NA,NA,NA,NA,NA,NA,NA,NA,NA,NA,NA,NA,NA,NA,NA,NA,NA,NA,NA,NA,NA,NA,NA,NA,NA,NA,NA,19.4730496453901,1.60513239329346,0.531205673758865,0.240416305603426,0.211347517730496,0.268700576850888,0.634751773049645,0.0494974746830584,0,0,2007,1985-01-15,NA,NA,NA,NA
"Chris Long","PHI","DL","9084","weighted",NA,NA,NA,NA,NA,NA,NA,NA,NA,NA,NA,NA,NA,NA,NA,NA,NA,NA,NA,NA,NA,NA,NA,NA,NA,NA,NA,NA,NA,NA,NA,NA,NA,NA,NA,NA,NA,NA,NA,NA,NA,NA,18.0836879432624,0.735391052434011,3.85531914893617,0.0636396103067892,0.0397163120567376,0.0565685424949238,0.846099290780142,0.777817459305202,0,0,2008,1985-03-28,NA,NA,NA,NA
"Frostee Rucker","OAK","DL","8332","weighted",NA,NA,NA,NA,NA,NA,NA,NA,NA,NA,NA,NA,NA,NA,NA,NA,NA,NA,NA,NA,NA,NA,NA,NA,NA,NA,NA,NA,NA,NA,NA,NA,NA,NA,NA,NA,NA,NA,NA,NA,NA,NA,11,NA,0.8,NA,0,NA,0.5,NA,0,NA,2006,1983-09-14,NA,NA,NA,NA
"Dante Fowler","JAC","DL","12217","weighted",NA,NA,NA,NA,NA,NA,NA,NA,NA,NA,NA,NA,NA,NA,NA,NA,NA,NA,NA,NA,NA,NA,NA,NA,NA,NA,NA,NA,NA,NA,NA,NA,NA,NA,NA,NA,NA,NA,NA,NA,NA,NA,17,NA,5,NA,0,NA,2,NA,0,NA,NA,1994-08-03,NA,NA,NA,NA
"Haloti Ngata","PHI","DL","8253","weighted",NA,NA,NA,NA,NA,NA,NA,NA,NA,NA,NA,NA,NA,NA,NA,NA,NA,NA,NA,NA,NA,NA,NA,NA,NA,NA,NA,NA,NA,NA,NA,NA,NA,NA,NA,NA,NA,NA,NA,NA,NA,NA,13.3397163120567,9.02975359575221,1.8886524822695,1.26572113832392,0.119148936170213,0.169705627484771,1.63900709219858,1.19501046020527,0,0,2006,1984-01-21,NA,NA,NA,NA
"Matt Ioannidis","WAS","DL","12797","weighted",NA,NA,NA,NA,NA,NA,NA,NA,NA,NA,NA,NA,NA,NA,NA,NA,NA,NA,NA,NA,NA,NA,NA,NA,NA,NA,NA,NA,NA,NA,NA,NA,NA,NA,NA,NA,NA,NA,NA,NA,NA,NA,17.1459584295612,3.07269244455513,4.64965357967667,1.67180083926647,0,0,0.685912240184757,0.423514284911986,0,0,2016,1994-01-11,"Q","Hamstring",2018,0
"Chris Smith","CLE","DL","11821","weighted",NA,NA,NA,NA,NA,NA,NA,NA,NA,NA,NA,NA,NA,NA,NA,NA,NA,NA,NA,NA,NA,NA,NA,NA,NA,NA,NA,NA,NA,NA,NA,NA,NA,NA,NA,NA,NA,NA,NA,NA,NA,NA,16.213475177305,4.68104689145494,2.7468085106383,0.636396103067893,0.0049645390070922,0.00707106781186548,1.55531914893617,1.06066017177982,0,0,2014,1992-02-11,NA,NA,NA,NA
"Tom Johnson","SEA","DL","10540","weighted",NA,NA,NA,NA,NA,NA,NA,NA,NA,NA,NA,NA,NA,NA,NA,NA,NA,NA,NA,NA,NA,NA,NA,NA,NA,NA,NA,NA,NA,NA,NA,NA,NA,NA,NA,NA,NA,NA,NA,NA,NA,NA,17.2503546099291,3.06177236253775,1.81276595744681,0.551543289325507,0,0,0.225531914893617,0.106066017177982,0,0,2010,1984-08-30,NA,NA,NA,NA
"Alan Branch","NE","DL","8661","weighted",NA,NA,NA,NA,NA,NA,NA,NA,NA,NA,NA,NA,NA,NA,NA,NA,NA,NA,NA,NA,NA,NA,NA,NA,NA,NA,NA,NA,NA,NA,NA,NA,NA,NA,NA,NA,NA,NA,NA,NA,NA,NA,19.1,NA,1.9,NA,0,NA,1.8,NA,0,NA,2007,1984-12-29,NA,NA,NA,NA
"Maliek Collins","DAL","DL","12754","weighted",NA,NA,NA,NA,NA,NA,NA,NA,NA,NA,NA,NA,NA,NA,NA,NA,NA,NA,NA,NA,NA,NA,NA,NA,NA,NA,NA,NA,NA,NA,NA,NA,NA,NA,NA,NA,NA,NA,NA,NA,NA,NA,13.5048498845266,4.28341103361917,2.94618937644342,0.896447285445851,0,0,0.13256351039261,0.234940962651485,0,0,2016,1995-04-08,NA,NA,NA,NA
"Timmy Jernigan","PHI","DL","11717","weighted",NA,NA,NA,NA,NA,NA,NA,NA,NA,NA,NA,NA,NA,NA,NA,NA,NA,NA,NA,NA,NA,NA,NA,NA,NA,NA,NA,NA,NA,NA,NA,NA,NA,NA,NA,NA,NA,NA,NA,NA,NA,NA,11.6,NA,1.5,NA,0,NA,0,NA,0,NA,2014,1992-09-24,NA,NA,NA,NA
"Benson Mayowa","ARI","DL","11491","weighted",NA,NA,NA,NA,NA,NA,NA,NA,NA,NA,NA,NA,NA,NA,NA,NA,NA,NA,NA,NA,NA,NA,NA,NA,NA,NA,NA,NA,NA,NA,NA,NA,NA,NA,NA,NA,NA,NA,NA,NA,NA,NA,15.7418439716312,3.62038671967512,1.51914893617021,1.1667261889578,0.0397163120567376,0.0565685424949238,0.446808510638298,0.636396103067893,0,0,2013,1991-08-03,"Q","Back",2018,0
"Tanzel Smart","LAR","DL","13324","weighted",NA,NA,NA,NA,NA,NA,NA,NA,NA,NA,NA,NA,NA,NA,NA,NA,NA,NA,NA,NA,NA,NA,NA,NA,NA,NA,NA,NA,NA,NA,NA,NA,NA,NA,NA,NA,NA,NA,NA,NA,NA,NA,13.3489361702128,6.76701189595526,0.570212765957447,0.0424264068711928,0,0,1.37375886524823,1.74655374953077,0,0,2017,1994-11-06,"O","Coach's Decision",2018,0
"Robert Thomas","NYG","DL","12449","weighted",NA,NA,NA,NA,NA,NA,NA,NA,NA,NA,NA,NA,NA,NA,NA,NA,NA,NA,NA,NA,NA,NA,NA,NA,NA,NA,NA,NA,NA,NA,NA,NA,NA,NA,NA,NA,NA,NA,NA,NA,NA,NA,17.9,NA,1.8,NA,0,NA,0.4,NA,0,NA,NA,NA,NA,NA,NA,NA
"Derrick Shelby","ATL","DL","11031","weighted",NA,NA,NA,NA,NA,NA,NA,NA,NA,NA,NA,NA,NA,NA,NA,NA,NA,NA,NA,NA,NA,NA,NA,NA,NA,NA,NA,NA,NA,NA,NA,NA,NA,NA,NA,NA,NA,NA,NA,NA,NA,NA,16.4,NA,1.96,NA,0,NA,0.51,NA,0,NA,2012,1989-03-04,"IR","Groin",2018,0
"Ziggy Hood","WAS","DL","9475","weighted",NA,NA,NA,NA,NA,NA,NA,NA,NA,NA,NA,NA,NA,NA,NA,NA,NA,NA,NA,NA,NA,NA,NA,NA,NA,NA,NA,NA,NA,NA,NA,NA,NA,NA,NA,NA,NA,NA,NA,NA,NA,NA,13.4205673758865,5.09823989235501,1.02765957446809,0.466690475583121,0.0099290780141844,0.014142135623731,0.625531914893617,0.106066017177982,0,0,2009,1987-02-16,NA,NA,NA,NA
"Dominique Easley","LAR","DL","11710","weighted",NA,NA,NA,NA,NA,NA,NA,NA,NA,NA,NA,NA,NA,NA,NA,NA,NA,NA,NA,NA,NA,NA,NA,NA,NA,NA,NA,NA,NA,NA,NA,NA,NA,NA,NA,NA,NA,NA,NA,NA,NA,NA,17,NA,3.5,NA,0,NA,1,NA,0,NA,2014,1992-02-24,"IR","Knee",2018,0
"Maurice Hurst","OAK","DL","13691","weighted",NA,NA,NA,NA,NA,NA,NA,NA,NA,NA,NA,NA,NA,NA,NA,NA,NA,NA,NA,NA,NA,NA,NA,NA,NA,NA,NA,NA,NA,NA,NA,NA,NA,NA,NA,NA,NA,NA,NA,NA,NA,NA,13.3063829787234,5.26087445202791,0.80354609929078,0.289913780286484,0,0,0.643262411347518,0.650538238691624,0,0,2018,1995-05-09,"Q","Ankle",2018,0
"Dean Lowry","GB","DL","12791","weighted",NA,NA,NA,NA,NA,NA,NA,NA,NA,NA,NA,NA,NA,NA,NA,NA,NA,NA,NA,NA,NA,NA,NA,NA,NA,NA,NA,NA,NA,NA,NA,NA,NA,NA,NA,NA,NA,NA,NA,NA,NA,NA,14.5219858156028,3.38704148188356,2.47872340425532,0.254558441227157,0,0,1.34184397163121,1.36471608769004,0,0,2016,NA,NA,NA,NA,NA
"Trey Hendrickson","NO","DL","13284","weighted",NA,NA,NA,NA,NA,NA,NA,NA,NA,NA,NA,NA,NA,NA,NA,NA,NA,NA,NA,NA,NA,NA,NA,NA,NA,NA,NA,NA,NA,NA,NA,NA,NA,NA,NA,NA,NA,NA,NA,NA,NA,NA,12.0645390070922,3.89615836433788,1.76241134751773,0.51618795026618,0.0148936170212766,0.0212132034355964,1.54539007092199,1.07480230740355,0,0,2017,1994-12-05,NA,NA,NA,NA
"Andre Branch","MIA","DL","10752","weighted",NA,NA,NA,NA,NA,NA,NA,NA,NA,NA,NA,NA,NA,NA,NA,NA,NA,NA,NA,NA,NA,NA,NA,NA,NA,NA,NA,NA,NA,NA,NA,NA,NA,NA,NA,NA,NA,NA,NA,NA,NA,NA,10.6035460992908,7.68625071149777,2.97730496453901,1.45663996924429,0,0,0.382269503546099,0.45254833995939,0,0,2012,1989-07-14,NA,NA,NA,NA
"Zach Kerr","DEN","DL","11993","weighted",NA,NA,NA,NA,NA,NA,NA,NA,NA,NA,NA,NA,NA,NA,NA,NA,NA,NA,NA,NA,NA,NA,NA,NA,NA,NA,NA,NA,NA,NA,NA,NA,NA,NA,NA,NA,NA,NA,NA,NA,NA,NA,13.7034642032333,2.81370550746149,1.98406466512702,0.554838674156947,0,0,0.838799076212471,0.374984870496245,0,0,2014,1990-08-29,NA,NA,NA,NA
"Star Lotulelei","BUF","DL","11280","weighted",NA,NA,NA,NA,NA,NA,NA,NA,NA,NA,NA,NA,NA,NA,NA,NA,NA,NA,NA,NA,NA,NA,NA,NA,NA,NA,NA,NA,NA,NA,NA,NA,NA,NA,NA,NA,NA,NA,NA,NA,NA,NA,11.5340425531915,4.1790010768125,2.30496453900709,1.0040916292849,0,0,0.193758865248227,0.247487373415292,0,0,2013,1989-12-20,NA,NA,NA,NA
"Ethan Westbrooks","LAR","DL","12002","weighted",NA,NA,NA,NA,NA,NA,NA,NA,NA,NA,NA,NA,NA,NA,NA,NA,NA,NA,NA,NA,NA,NA,NA,NA,NA,NA,NA,NA,NA,NA,NA,NA,NA,NA,NA,NA,NA,NA,NA,NA,NA,NA,15.2333333333333,0.332340187157678,3.15460992907801,0.0777817459305201,0,0,0.691489361702128,0.29698484809835,0,0,2014,1990-11-15,NA,NA,NA,NA
"Tyrunn Walker","BUF","DL","11043","weighted",NA,NA,NA,NA,NA,NA,NA,NA,NA,NA,NA,NA,NA,NA,NA,NA,NA,NA,NA,NA,NA,NA,NA,NA,NA,NA,NA,NA,NA,NA,NA,NA,NA,NA,NA,NA,NA,NA,NA,NA,NA,NA,15.3,NA,0.9,NA,0,NA,2.4,NA,0,NA,2012,1990-03-18,NA,NA,NA,NA
"Eddie Vanderdoes","OAK","DL","13272","weighted",NA,NA,NA,NA,NA,NA,NA,NA,NA,NA,NA,NA,NA,NA,NA,NA,NA,NA,NA,NA,NA,NA,NA,NA,NA,NA,NA,NA,NA,NA,NA,NA,NA,NA,NA,NA,NA,NA,NA,NA,NA,NA,15.3,NA,0.1,NA,0,NA,0.3,NA,0,NA,2017,1994-10-13,NA,"Knee - ACL",2018,0
"Charles Harris","MIA","DL","13204","weighted",NA,NA,NA,NA,NA,NA,NA,NA,NA,NA,NA,NA,NA,NA,NA,NA,NA,NA,NA,NA,NA,NA,NA,NA,NA,NA,NA,NA,NA,NA,NA,NA,NA,NA,NA,NA,NA,NA,NA,NA,NA,NA,14.3404255319149,1.08187337521542,2.32269503546099,0.459619407771256,0.0347517730496454,0.0494974746830583,1.34042553191489,0.0848528137423856,0,0,2017,NA,NA,NA,NA,NA
"Mitch Unrein","TB","DL","10560","weighted",NA,NA,NA,NA,NA,NA,NA,NA,NA,NA,NA,NA,NA,NA,NA,NA,NA,NA,NA,NA,NA,NA,NA,NA,NA,NA,NA,NA,NA,NA,NA,NA,NA,NA,NA,NA,NA,NA,NA,NA,NA,NA,9.2,NA,1.27,NA,0.01,NA,0.23,NA,0,NA,2010,1987-03-25,"IR","Knee",2018,0
"Mike Pennel","NYJ","DL","11970","weighted",NA,NA,NA,NA,NA,NA,NA,NA,NA,NA,NA,NA,NA,NA,NA,NA,NA,NA,NA,NA,NA,NA,NA,NA,NA,NA,NA,NA,NA,NA,NA,NA,NA,NA,NA,NA,NA,NA,NA,NA,NA,NA,14.0347517730496,0.947523086789973,0.193617021276596,0.275771644662754,0,0,0.0645390070921986,0.0919238815542512,0,0,2014,1991-05-09,NA,NA,NA,NA
"Al-Quadin Muhammad","NO","DL","13330","weighted",NA,NA,NA,NA,NA,NA,NA,NA,NA,NA,NA,NA,NA,NA,NA,NA,NA,NA,NA,NA,NA,NA,NA,NA,NA,NA,NA,NA,NA,NA,NA,NA,NA,NA,NA,NA,NA,NA,NA,NA,NA,NA,14.3,NA,0.4,NA,0,NA,0.8,NA,0,NA,2017,1995-03-28,NA,NA,NA,NA
"Jack Crawford","ATL","DL","10861","weighted",NA,NA,NA,NA,NA,NA,NA,NA,NA,NA,NA,NA,NA,NA,NA,NA,NA,NA,NA,NA,NA,NA,NA,NA,NA,NA,NA,NA,NA,NA,NA,NA,NA,NA,NA,NA,NA,NA,NA,NA,NA,NA,11.1283687943262,3.66281312654632,1.14042553191489,0.912167747730646,0,0,0.0297872340425532,0.0424264068711928,0,0,2012,1988-09-07,NA,NA,NA,NA
"Hassan Ridgeway","IND","DL","12780","weighted",NA,NA,NA,NA,NA,NA,NA,NA,NA,NA,NA,NA,NA,NA,NA,NA,NA,NA,NA,NA,NA,NA,NA,NA,NA,NA,NA,NA,NA,NA,NA,NA,NA,NA,NA,NA,NA,NA,NA,NA,NA,NA,10.2758865248227,2.1708178182427,2.48439716312057,0.876812408671319,0,0,0.274468085106383,0.106066017177982,0,0,2016,NA,NA,NA,NA,NA
"Austin Johnson","TEN","DL","12700","weighted",NA,NA,NA,NA,NA,NA,NA,NA,NA,NA,NA,NA,NA,NA,NA,NA,NA,NA,NA,NA,NA,NA,NA,NA,NA,NA,NA,NA,NA,NA,NA,NA,NA,NA,NA,NA,NA,NA,NA,NA,NA,NA,11.7624113475177,2.47487373415292,0.480141843971631,0.0282842712474619,0,0,1.35602836879433,1.20208152801713,0,0,2016,1994-05-08,NA,NA,NA,NA
"Ronald Blair","SF","DL","12794","weighted",NA,NA,NA,NA,NA,NA,NA,NA,NA,NA,NA,NA,NA,NA,NA,NA,NA,NA,NA,NA,NA,NA,NA,NA,NA,NA,NA,NA,NA,NA,NA,NA,NA,NA,NA,NA,NA,NA,NA,NA,NA,NA,13.44,NA,2.4,NA,0,NA,0.15,NA,0,NA,2016,1993-01-21,NA,NA,NA,NA
"Brandon Dunn","HOU","DL","12111","weighted",NA,NA,NA,NA,NA,NA,NA,NA,NA,NA,NA,NA,NA,NA,NA,NA,NA,NA,NA,NA,NA,NA,NA,NA,NA,NA,NA,NA,NA,NA,NA,NA,NA,NA,NA,NA,NA,NA,NA,NA,NA,NA,13.3,NA,1.33,NA,0.01,NA,0.38,NA,0,NA,2014,1992-09-05,NA,NA,NA,NA
"Joel Heath","HOU","DL","12950","weighted",NA,NA,NA,NA,NA,NA,NA,NA,NA,NA,NA,NA,NA,NA,NA,NA,NA,NA,NA,NA,NA,NA,NA,NA,NA,NA,NA,NA,NA,NA,NA,NA,NA,NA,NA,NA,NA,NA,NA,NA,NA,NA,12.2716312056738,1.32228968081884,1.84468085106383,0.0636396103067892,0,0,0.198581560283688,0.282842712474619,0,0,2016,1993-06-18,NA,NA,NA,NA
"Ricky Jean Francois","DET","DL","9674","weighted",NA,NA,NA,NA,NA,NA,NA,NA,NA,NA,NA,NA,NA,NA,NA,NA,NA,NA,NA,NA,NA,NA,NA,NA,NA,NA,NA,NA,NA,NA,NA,NA,NA,NA,NA,NA,NA,NA,NA,NA,NA,NA,12.89,NA,1,NA,0,NA,0.18,NA,0,NA,2009,1986-11-23,NA,NA,NA,NA
"Damion Square","LAC","DL","11492","weighted",NA,NA,NA,NA,NA,NA,NA,NA,NA,NA,NA,NA,NA,NA,NA,NA,NA,NA,NA,NA,NA,NA,NA,NA,NA,NA,NA,NA,NA,NA,NA,NA,NA,NA,NA,NA,NA,NA,NA,NA,NA,NA,12.8,NA,0.68,NA,0.11,NA,1.26,NA,0,NA,2013,1989-02-06,NA,NA,NA,NA
"Kerry Wynn","NYG","DL","12008","weighted",NA,NA,NA,NA,NA,NA,NA,NA,NA,NA,NA,NA,NA,NA,NA,NA,NA,NA,NA,NA,NA,NA,NA,NA,NA,NA,NA,NA,NA,NA,NA,NA,NA,NA,NA,NA,NA,NA,NA,NA,NA,NA,9.62198581560284,4.38406204335659,1.70354609929078,0.707106781186548,0,0,0.213475177304965,0.304055915910215,0,0,2014,1991-02-12,NA,NA,NA,NA
"Jarvis Jenkins","KC","DL","10322","weighted",NA,NA,NA,NA,NA,NA,NA,NA,NA,NA,NA,NA,NA,NA,NA,NA,NA,NA,NA,NA,NA,NA,NA,NA,NA,NA,NA,NA,NA,NA,NA,NA,NA,NA,NA,NA,NA,NA,NA,NA,NA,NA,10.1468085106383,3.35168614282424,1.41205673758865,0.586898628384834,0,0,0.264539007092199,0.0919238815542512,0,0,2011,1988-04-24,NA,NA,NA,NA
"Nate Orchard","CLE","DL","12223","weighted",NA,NA,NA,NA,NA,NA,NA,NA,NA,NA,NA,NA,NA,NA,NA,NA,NA,NA,NA,NA,NA,NA,NA,NA,NA,NA,NA,NA,NA,NA,NA,NA,NA,NA,NA,NA,NA,NA,NA,NA,NA,NA,12.4,NA,1.5,NA,0,NA,0.5,NA,0,NA,2015,1993-01-05,NA,NA,NA,NA
"Roy Robertson-Harris","CHI","DL","13434","weighted",NA,NA,NA,NA,NA,NA,NA,NA,NA,NA,NA,NA,NA,NA,NA,NA,NA,NA,NA,NA,NA,NA,NA,NA,NA,NA,NA,NA,NA,NA,NA,NA,NA,NA,NA,NA,NA,NA,NA,NA,NA,NA,10.5723404255319,2.46073159852919,1.32269503546099,0.459619407771256,0,0,0.736879432624113,0.37476659402887,0,0,2016,1993-07-23,NA,NA,NA,NA
"Stephen Weatherly","MIN","DL","12841","weighted",NA,NA,NA,NA,NA,NA,NA,NA,NA,NA,NA,NA,NA,NA,NA,NA,NA,NA,NA,NA,NA,NA,NA,NA,NA,NA,NA,NA,NA,NA,NA,NA,NA,NA,NA,NA,NA,NA,NA,NA,NA,NA,8.4709219858156,5.16895057047366,0.629787234042553,0.0424264068711929,0,0,0.49290780141844,0.579827560572969,0,0,2016,1994-03-19,NA,NA,NA,NA
"Sheldon Day","SF","DL","12771","weighted",NA,NA,NA,NA,NA,NA,NA,NA,NA,NA,NA,NA,NA,NA,NA,NA,NA,NA,NA,NA,NA,NA,NA,NA,NA,NA,NA,NA,NA,NA,NA,NA,NA,NA,NA,NA,NA,NA,NA,NA,NA,NA,11.41,NA,1.98,NA,0,NA,0.54,NA,0,NA,2016,1994-07-01,NA,NA,NA,NA
"Adam Butler","NE","DL","13448","weighted",NA,NA,NA,NA,NA,NA,NA,NA,NA,NA,NA,NA,NA,NA,NA,NA,NA,NA,NA,NA,NA,NA,NA,NA,NA,NA,NA,NA,NA,NA,NA,NA,NA,NA,NA,NA,NA,NA,NA,NA,NA,NA,11.34,NA,2.83,NA,0,NA,0,NA,0,NA,NA,1994-04-12,NA,NA,NA,NA
"Grover Stewart","IND","DL","13298","weighted",NA,NA,NA,NA,NA,NA,NA,NA,NA,NA,NA,NA,NA,NA,NA,NA,NA,NA,NA,NA,NA,NA,NA,NA,NA,NA,NA,NA,NA,NA,NA,NA,NA,NA,NA,NA,NA,NA,NA,NA,NA,NA,11.06,NA,0.78,NA,0,NA,0.11,NA,0,NA,2017,1993-10-20,NA,NA,NA,NA
"Dan McCullers-Sanders","PIT","DL","11719","weighted",NA,NA,NA,NA,NA,NA,NA,NA,NA,NA,NA,NA,NA,NA,NA,NA,NA,NA,NA,NA,NA,NA,NA,NA,NA,NA,NA,NA,NA,NA,NA,NA,NA,NA,NA,NA,NA,NA,NA,NA,NA,NA,3.29,NA,0.37,NA,0,NA,0.07,NA,0,NA,2014,1992-08-11,NA,NA,NA,NA
"Beau Allen","TB","DL","11862","weighted",NA,NA,NA,NA,NA,NA,NA,NA,NA,NA,NA,NA,NA,NA,NA,NA,NA,NA,NA,NA,NA,NA,NA,NA,NA,NA,NA,NA,NA,NA,NA,NA,NA,NA,NA,NA,NA,NA,NA,NA,NA,NA,10.64,NA,1.16,NA,0,NA,0,NA,0,NA,2014,1991-11-14,NA,NA,NA,NA
"Shamar Stephen","SEA","DL","11859","weighted",NA,NA,NA,NA,NA,NA,NA,NA,NA,NA,NA,NA,NA,NA,NA,NA,NA,NA,NA,NA,NA,NA,NA,NA,NA,NA,NA,NA,NA,NA,NA,NA,NA,NA,NA,NA,NA,NA,NA,NA,NA,NA,10.57,NA,0.79,NA,0,NA,0,NA,0,NA,2014,1991-02-25,NA,NA,NA,NA
"Robert Nkemdiche","ARI","DL","12696","weighted",NA,NA,NA,NA,NA,NA,NA,NA,NA,NA,NA,NA,NA,NA,NA,NA,NA,NA,NA,NA,NA,NA,NA,NA,NA,NA,NA,NA,NA,NA,NA,NA,NA,NA,NA,NA,NA,NA,NA,NA,NA,NA,7.29219858156028,4.42648845022779,0.363120567375887,0.37476659402887,0,0,0.49290780141844,0.579827560572969,0,0,2016,1994-09-19,"IR","Knee",2018,0
"Bryan Cox","CAR","DL","13512","weighted",NA,NA,NA,NA,NA,NA,NA,NA,NA,NA,NA,NA,NA,NA,NA,NA,NA,NA,NA,NA,NA,NA,NA,NA,NA,NA,NA,NA,NA,NA,NA,NA,NA,NA,NA,NA,NA,NA,NA,NA,NA,NA,10.1,NA,0.5,NA,0,NA,0,NA,0,NA,2017,1994-06-25,NA,NA,NA,NA
"Tarell Basham","IND","DL","13269","weighted",NA,NA,NA,NA,NA,NA,NA,NA,NA,NA,NA,NA,NA,NA,NA,NA,NA,NA,NA,NA,NA,NA,NA,NA,NA,NA,NA,NA,NA,NA,NA,NA,NA,NA,NA,NA,NA,NA,NA,NA,NA,NA,10.08,NA,1.61,NA,0.05,NA,0.46,NA,0,NA,2017,1994-03-18,NA,NA,NA,NA
"Jake Martin","SEA","DL","13802","weighted",NA,NA,NA,NA,NA,NA,NA,NA,NA,NA,NA,NA,NA,NA,NA,NA,NA,NA,NA,NA,NA,NA,NA,NA,NA,NA,NA,NA,NA,NA,NA,NA,NA,NA,NA,NA,NA,NA,NA,NA,NA,NA,10.06,NA,0.96,NA,0,NA,0.24,NA,0,NA,2018,1995-12-11,NA,NA,NA,NA
"John Franklin-Myers","LAR","DL","13770","weighted",NA,NA,NA,NA,NA,NA,NA,NA,NA,NA,NA,NA,NA,NA,NA,NA,NA,NA,NA,NA,NA,NA,NA,NA,NA,NA,NA,NA,NA,NA,NA,NA,NA,NA,NA,NA,NA,NA,NA,NA,NA,NA,9.74,NA,1.85,NA,0.01,NA,0.53,NA,0,NA,2018,1996-09-26,NA,NA,NA,NA
"Jalyn Holmes","MIN","DL","13755","weighted",NA,NA,NA,NA,NA,NA,NA,NA,NA,NA,NA,NA,NA,NA,NA,NA,NA,NA,NA,NA,NA,NA,NA,NA,NA,NA,NA,NA,NA,NA,NA,NA,NA,NA,NA,NA,NA,NA,NA,NA,NA,NA,9.74,NA,1.85,NA,0.01,NA,0.53,NA,0,NA,2018,1996-01-25,NA,NA,NA,NA
"Chad Thomas","CLE","DL","13741","weighted",NA,NA,NA,NA,NA,NA,NA,NA,NA,NA,NA,NA,NA,NA,NA,NA,NA,NA,NA,NA,NA,NA,NA,NA,NA,NA,NA,NA,NA,NA,NA,NA,NA,NA,NA,NA,NA,NA,NA,NA,NA,NA,9.74,NA,1.85,NA,0.01,NA,0.53,NA,0,NA,2018,NA,NA,NA,NA,NA
"Da'Shawn Hand","DET","DL","13683","weighted",NA,NA,NA,NA,NA,NA,NA,NA,NA,NA,NA,NA,NA,NA,NA,NA,NA,NA,NA,NA,NA,NA,NA,NA,NA,NA,NA,NA,NA,NA,NA,NA,NA,NA,NA,NA,NA,NA,NA,NA,NA,NA,9.74,NA,1.85,NA,0.01,NA,0.53,NA,0,NA,2018,1995-11-14,"IR","Knee - MCL",2018,0
"Marquis Haynes","CAR","DL","13771","weighted",NA,NA,NA,NA,NA,NA,NA,NA,NA,NA,NA,NA,NA,NA,NA,NA,NA,NA,NA,NA,NA,NA,NA,NA,NA,NA,NA,NA,NA,NA,NA,NA,NA,NA,NA,NA,NA,NA,NA,NA,NA,NA,9.74,NA,1.85,NA,0.01,NA,0.53,NA,0,NA,2018,1993-12-16,NA,NA,NA,NA
"Hauoli Kikaha","NO","DL","12273","weighted",NA,NA,NA,NA,NA,NA,NA,NA,NA,NA,NA,NA,NA,NA,NA,NA,NA,NA,NA,NA,NA,NA,NA,NA,NA,NA,NA,NA,NA,NA,NA,NA,NA,NA,NA,NA,NA,NA,NA,NA,NA,NA,9.6,NA,2.4,NA,0,NA,2.2,NA,0,NA,NA,NA,NA,NA,NA,NA
"Foley Fatukasi","NYJ","DL","13798","weighted",NA,NA,NA,NA,NA,NA,NA,NA,NA,NA,NA,NA,NA,NA,NA,NA,NA,NA,NA,NA,NA,NA,NA,NA,NA,NA,NA,NA,NA,NA,NA,NA,NA,NA,NA,NA,NA,NA,NA,NA,NA,NA,9.56,NA,1.01,NA,0,NA,0.18,NA,0,NA,2018,1995-03-04,NA,NA,NA,NA
"Bilal Nichols","CHI","DL","13777","weighted",NA,NA,NA,NA,NA,NA,NA,NA,NA,NA,NA,NA,NA,NA,NA,NA,NA,NA,NA,NA,NA,NA,NA,NA,NA,NA,NA,NA,NA,NA,NA,NA,NA,NA,NA,NA,NA,NA,NA,NA,NA,NA,9.56,NA,1.01,NA,0,NA,0.18,NA,0,NA,2018,1996-09-14,NA,NA,NA,NA
"Tim Settle","WAS","DL","13694","weighted",NA,NA,NA,NA,NA,NA,NA,NA,NA,NA,NA,NA,NA,NA,NA,NA,NA,NA,NA,NA,NA,NA,NA,NA,NA,NA,NA,NA,NA,NA,NA,NA,NA,NA,NA,NA,NA,NA,NA,NA,NA,NA,9.56,NA,1.01,NA,0,NA,0.18,NA,0,NA,2018,1997-07-11,NA,NA,NA,NA
"Sebastian Joseph","LAR","DL","13810","weighted",NA,NA,NA,NA,NA,NA,NA,NA,NA,NA,NA,NA,NA,NA,NA,NA,NA,NA,NA,NA,NA,NA,NA,NA,NA,NA,NA,NA,NA,NA,NA,NA,NA,NA,NA,NA,NA,NA,NA,NA,NA,NA,9.56,NA,1.01,NA,0,NA,0.18,NA,0,NA,2018,1995-03-21,"O","Coach's Decision",2018,0
"Carl Davis","BAL","DL","12227","weighted",NA,NA,NA,NA,NA,NA,NA,NA,NA,NA,NA,NA,NA,NA,NA,NA,NA,NA,NA,NA,NA,NA,NA,NA,NA,NA,NA,NA,NA,NA,NA,NA,NA,NA,NA,NA,NA,NA,NA,NA,NA,NA,9.54,NA,1.04,NA,0,NA,0.3,NA,0,NA,2015,1992-03-02,NA,NA,NA,NA
"Caleb Brantley","CLE","DL","13209","weighted",NA,NA,NA,NA,NA,NA,NA,NA,NA,NA,NA,NA,NA,NA,NA,NA,NA,NA,NA,NA,NA,NA,NA,NA,NA,NA,NA,NA,NA,NA,NA,NA,NA,NA,NA,NA,NA,NA,NA,NA,NA,NA,9.43,NA,1.35,NA,0,NA,0.09,NA,0,NA,2017,NA,NA,NA,NA,NA
"Zach Sieler","BAL","DL","13839","weighted",NA,NA,NA,NA,NA,NA,NA,NA,NA,NA,NA,NA,NA,NA,NA,NA,NA,NA,NA,NA,NA,NA,NA,NA,NA,NA,NA,NA,NA,NA,NA,NA,NA,NA,NA,NA,NA,NA,NA,NA,NA,NA,9.08,NA,1,NA,0,NA,0.25,NA,0,NA,2018,1995-09-07,NA,NA,NA,NA
"Vincent Taylor","MIA","DL","13328","weighted",NA,NA,NA,NA,NA,NA,NA,NA,NA,NA,NA,NA,NA,NA,NA,NA,NA,NA,NA,NA,NA,NA,NA,NA,NA,NA,NA,NA,NA,NA,NA,NA,NA,NA,NA,NA,NA,NA,NA,NA,NA,NA,9.07,NA,0.57,NA,0,NA,0.51,NA,0,NA,2017,1994-01-05,"IR","Foot",2018,0
"Rodney Gunter","ARI","DL","12298","weighted",NA,NA,NA,NA,NA,NA,NA,NA,NA,NA,NA,NA,NA,NA,NA,NA,NA,NA,NA,NA,NA,NA,NA,NA,NA,NA,NA,NA,NA,NA,NA,NA,NA,NA,NA,NA,NA,NA,NA,NA,NA,NA,9.05,NA,0.8,NA,0,NA,0.15,NA,0,NA,NA,NA,NA,NA,NA,NA
"Derrick Nnadi","KC","DL","13745","weighted",NA,NA,NA,NA,NA,NA,NA,NA,NA,NA,NA,NA,NA,NA,NA,NA,NA,NA,NA,NA,NA,NA,NA,NA,NA,NA,NA,NA,NA,NA,NA,NA,NA,NA,NA,NA,NA,NA,NA,NA,NA,NA,8.67,NA,1.08,NA,0,NA,0.24,NA,0,NA,2018,1996-05-09,NA,NA,NA,NA
"Deadrin Senat","ATL","DL","13751","weighted",NA,NA,NA,NA,NA,NA,NA,NA,NA,NA,NA,NA,NA,NA,NA,NA,NA,NA,NA,NA,NA,NA,NA,NA,NA,NA,NA,NA,NA,NA,NA,NA,NA,NA,NA,NA,NA,NA,NA,NA,NA,NA,8.67,NA,1.08,NA,0,NA,0.24,NA,0,NA,2018,1994-07-22,NA,NA,NA,NA
"DeMarcus Walker","DEN","DL","13258","weighted",NA,NA,NA,NA,NA,NA,NA,NA,NA,NA,NA,NA,NA,NA,NA,NA,NA,NA,NA,NA,NA,NA,NA,NA,NA,NA,NA,NA,NA,NA,NA,NA,NA,NA,NA,NA,NA,NA,NA,NA,NA,NA,8.57,NA,1.79,NA,0.01,NA,0.53,NA,0,NA,2017,1994-09-30,NA,NA,NA,NA
"Carlos Watkins","HOU","DL","13211","weighted",NA,NA,NA,NA,NA,NA,NA,NA,NA,NA,NA,NA,NA,NA,NA,NA,NA,NA,NA,NA,NA,NA,NA,NA,NA,NA,NA,NA,NA,NA,NA,NA,NA,NA,NA,NA,NA,NA,NA,NA,NA,NA,8.53,NA,1.46,NA,0,NA,0.38,NA,0,NA,2017,1993-12-05,NA,NA,NA,NA
"Nick Williams","FA","DL","11412","weighted",NA,NA,NA,NA,NA,NA,NA,NA,NA,NA,NA,NA,NA,NA,NA,NA,NA,NA,NA,NA,NA,NA,NA,NA,NA,NA,NA,NA,NA,NA,NA,NA,NA,NA,NA,NA,NA,NA,NA,NA,NA,NA,8.35,NA,1.31,NA,0.01,NA,0.45,NA,0,NA,2013,1990-02-21,NA,NA,NA,NA
"Vernon Butler","CAR","DL","12740","weighted",NA,NA,NA,NA,NA,NA,NA,NA,NA,NA,NA,NA,NA,NA,NA,NA,NA,NA,NA,NA,NA,NA,NA,NA,NA,NA,NA,NA,NA,NA,NA,NA,NA,NA,NA,NA,NA,NA,NA,NA,NA,NA,8.28,NA,0.84,NA,0,NA,0.42,NA,0,NA,2016,1994-06-14,NA,NA,NA,NA
"Antwaun Woods","DAL","DL","13100","weighted",NA,NA,NA,NA,NA,NA,NA,NA,NA,NA,NA,NA,NA,NA,NA,NA,NA,NA,NA,NA,NA,NA,NA,NA,NA,NA,NA,NA,NA,NA,NA,NA,NA,NA,NA,NA,NA,NA,NA,NA,NA,NA,8.1,NA,0.62,NA,0,NA,0.14,NA,0,NA,2016,1993-01-03,"Q","Shoulder - Labrum",2018,0
"D.J. Jones","SF","DL","13332","weighted",NA,NA,NA,NA,NA,NA,NA,NA,NA,NA,NA,NA,NA,NA,NA,NA,NA,NA,NA,NA,NA,NA,NA,NA,NA,NA,NA,NA,NA,NA,NA,NA,NA,NA,NA,NA,NA,NA,NA,NA,NA,NA,8.02,NA,0.75,NA,0,NA,0.17,NA,0,NA,2017,1995-01-19,NA,NA,NA,NA
"Kyle Love","CAR","DL","10111","weighted",NA,NA,NA,NA,NA,NA,NA,NA,NA,NA,NA,NA,NA,NA,NA,NA,NA,NA,NA,NA,NA,NA,NA,NA,NA,NA,NA,NA,NA,NA,NA,NA,NA,NA,NA,NA,NA,NA,NA,NA,NA,NA,7.91,NA,2.2,NA,0,NA,0,NA,0,NA,2010,1986-11-18,NA,NA,NA,NA
"Chris Wormley","BAL","DL","13212","weighted",NA,NA,NA,NA,NA,NA,NA,NA,NA,NA,NA,NA,NA,NA,NA,NA,NA,NA,NA,NA,NA,NA,NA,NA,NA,NA,NA,NA,NA,NA,NA,NA,NA,NA,NA,NA,NA,NA,NA,NA,NA,NA,7.9,NA,1.44,NA,0.01,NA,0.47,NA,0,NA,2017,1993-10-25,NA,NA,NA,NA
"Leterrius Walton","PIT","DL","12348","weighted",NA,NA,NA,NA,NA,NA,NA,NA,NA,NA,NA,NA,NA,NA,NA,NA,NA,NA,NA,NA,NA,NA,NA,NA,NA,NA,NA,NA,NA,NA,NA,NA,NA,NA,NA,NA,NA,NA,NA,NA,NA,NA,7.89,NA,1.57,NA,0,NA,0.47,NA,0,NA,2015,NA,NA,NA,NA,NA
"Isaac Rochell","LAC","DL","13203","weighted",NA,NA,NA,NA,NA,NA,NA,NA,NA,NA,NA,NA,NA,NA,NA,NA,NA,NA,NA,NA,NA,NA,NA,NA,NA,NA,NA,NA,NA,NA,NA,NA,NA,NA,NA,NA,NA,NA,NA,NA,NA,NA,7.63,NA,1.36,NA,0.01,NA,0.39,NA,0,NA,2017,NA,NA,NA,NA,NA
"Destiny Vaeao","PHI","DL","12960","weighted",NA,NA,NA,NA,NA,NA,NA,NA,NA,NA,NA,NA,NA,NA,NA,NA,NA,NA,NA,NA,NA,NA,NA,NA,NA,NA,NA,NA,NA,NA,NA,NA,NA,NA,NA,NA,NA,NA,NA,NA,NA,NA,7.58,NA,0.45,NA,0,NA,0.34,NA,0,NA,2016,1994-01-15,NA,NA,NA,NA
"Tashawn Bower","MIN","DL","13537","weighted",NA,NA,NA,NA,NA,NA,NA,NA,NA,NA,NA,NA,NA,NA,NA,NA,NA,NA,NA,NA,NA,NA,NA,NA,NA,NA,NA,NA,NA,NA,NA,NA,NA,NA,NA,NA,NA,NA,NA,NA,NA,NA,7.34,NA,1.5,NA,0,NA,0.38,NA,0,NA,2017,1995-02-18,NA,NA,NA,NA
"Justin Hamilton",NA,"DL","13502","weighted",NA,NA,NA,NA,NA,NA,NA,NA,NA,NA,NA,NA,NA,NA,NA,NA,NA,NA,NA,NA,NA,NA,NA,NA,NA,NA,NA,NA,NA,NA,NA,NA,NA,NA,NA,NA,NA,NA,NA,NA,NA,NA,7.31,NA,1.02,NA,0,NA,0.14,NA,0,NA,NA,NA,NA,NA,NA,NA
"Xavier Cooper","NYJ","DL","12289","weighted",NA,NA,NA,NA,NA,NA,NA,NA,NA,NA,NA,NA,NA,NA,NA,NA,NA,NA,NA,NA,NA,NA,NA,NA,NA,NA,NA,NA,NA,NA,NA,NA,NA,NA,NA,NA,NA,NA,NA,NA,NA,NA,7.3,NA,0.4,NA,0,NA,0.8,NA,0,NA,NA,NA,NA,NA,NA,NA
"Jaleel Johnson","MIN","DL","13286","weighted",NA,NA,NA,NA,NA,NA,NA,NA,NA,NA,NA,NA,NA,NA,NA,NA,NA,NA,NA,NA,NA,NA,NA,NA,NA,NA,NA,NA,NA,NA,NA,NA,NA,NA,NA,NA,NA,NA,NA,NA,NA,NA,6.82,NA,0.79,NA,0,NA,0.13,NA,0,NA,2017,1994-07-12,NA,NA,NA,NA
"Montravius Adams","GB","DL","13275","weighted",NA,NA,NA,NA,NA,NA,NA,NA,NA,NA,NA,NA,NA,NA,NA,NA,NA,NA,NA,NA,NA,NA,NA,NA,NA,NA,NA,NA,NA,NA,NA,NA,NA,NA,NA,NA,NA,NA,NA,NA,NA,NA,3.21219858156028,4.5466966030295,0.377304964539007,0.537401153701776,0,0,0.0645390070921986,0.0919238815542512,0,0,2017,1994-06-24,NA,NA,NA,NA
"Treyvon Hester","OAK","DL","13360","weighted",NA,NA,NA,NA,NA,NA,NA,NA,NA,NA,NA,NA,NA,NA,NA,NA,NA,NA,NA,NA,NA,NA,NA,NA,NA,NA,NA,NA,NA,NA,NA,NA,NA,NA,NA,NA,NA,NA,NA,NA,NA,NA,6.4,NA,0,NA,0,NA,0,NA,0,NA,2017,1992-09-21,NA,NA,NA,NA
"Angelo Blackson","HOU","DL","12292","weighted",NA,NA,NA,NA,NA,NA,NA,NA,NA,NA,NA,NA,NA,NA,NA,NA,NA,NA,NA,NA,NA,NA,NA,NA,NA,NA,NA,NA,NA,NA,NA,NA,NA,NA,NA,NA,NA,NA,NA,NA,NA,NA,4.98,NA,0.64,NA,0.05,NA,0.51,NA,0,NA,2015,1992-11-14,NA,NA,NA,NA
"Duke Ejiofor","HOU","DL","13795","weighted",NA,NA,NA,NA,NA,NA,NA,NA,NA,NA,NA,NA,NA,NA,NA,NA,NA,NA,NA,NA,NA,NA,NA,NA,NA,NA,NA,NA,NA,NA,NA,NA,NA,NA,NA,NA,NA,NA,NA,NA,NA,NA,4.77,NA,0.27,NA,0.01,NA,0.14,NA,0,NA,2018,1995-04-24,NA,NA,NA,NA
"Dawuane Smoot","JAC","DL","13267","weighted",NA,NA,NA,NA,NA,NA,NA,NA,NA,NA,NA,NA,NA,NA,NA,NA,NA,NA,NA,NA,NA,NA,NA,NA,NA,NA,NA,NA,NA,NA,NA,NA,NA,NA,NA,NA,NA,NA,NA,NA,NA,NA,4.41,NA,0.46,NA,0,NA,0.09,NA,0,NA,2017,1995-03-02,NA,NA,NA,NA
"David Onyemata","NO","DL","12782","weighted",NA,NA,NA,NA,NA,NA,NA,NA,NA,NA,NA,NA,NA,NA,NA,NA,NA,NA,NA,NA,NA,NA,NA,NA,NA,NA,NA,NA,NA,NA,NA,NA,NA,NA,NA,NA,NA,NA,NA,NA,NA,NA,3.54,NA,0.51,NA,0,NA,0,NA,0,NA,2016,1992-11-13,NA,NA,NA,NA
"Harrison Phillips","BUF","DL","13693","weighted",NA,NA,NA,NA,NA,NA,NA,NA,NA,NA,NA,NA,NA,NA,NA,NA,NA,NA,NA,NA,NA,NA,NA,NA,NA,NA,NA,NA,NA,NA,NA,NA,NA,NA,NA,NA,NA,NA,NA,NA,NA,NA,2.2,NA,0.26,NA,0,NA,0.04,NA,0,NA,2018,1996-01-25,NA,NA,NA,NA
"Quinton Jefferson","SEA","DL","12796","weighted",NA,NA,NA,NA,NA,NA,NA,NA,NA,NA,NA,NA,NA,NA,NA,NA,NA,NA,NA,NA,NA,NA,NA,NA,NA,NA,NA,NA,NA,NA,NA,NA,NA,NA,NA,NA,NA,NA,NA,NA,NA,NA,1.65,NA,0.31,NA,0,NA,0.07,NA,0,NA,2016,NA,NA,NA,NA,NA
"Patrick Ricard","BAL","DL","13455","weighted",NA,NA,NA,NA,NA,NA,NA,NA,NA,NA,NA,NA,NA,NA,NA,NA,NA,NA,NA,NA,NA,NA,NA,NA,NA,NA,NA,NA,NA,NA,NA,NA,NA,NA,NA,NA,NA,NA,NA,NA,NA,NA,0.1,NA,0.01,NA,0,NA,0,NA,0,NA,2017,1994-05-27,NA,NA,NA,NA
"Luke Kuechly","CAR","LB","10773","weighted",NA,NA,NA,NA,NA,NA,NA,NA,NA,NA,NA,NA,NA,NA,NA,NA,NA,NA,NA,NA,NA,NA,NA,NA,NA,NA,NA,NA,NA,NA,NA,NA,NA,NA,NA,NA,NA,NA,NA,NA,NA,NA,100.087269565217,34.7329151069706,2.05401739130435,0.485731173229178,1.66699130434783,0.713469740930487,5.60344347826087,1.12290608014813,0,0,2012,1991-04-20,"Q","Undisclosed",2018,0
"Chris Kirksey","CLE","LB","11772","weighted",NA,NA,NA,NA,NA,NA,NA,NA,NA,NA,NA,NA,NA,NA,NA,NA,NA,NA,NA,NA,NA,NA,NA,NA,NA,NA,NA,NA,NA,NA,NA,NA,NA,NA,NA,NA,NA,NA,NA,NA,NA,NA,97.0774956521739,32.4804203302458,3.06904347826087,0.731757023582685,0.362573913043478,0.434408921537198,3.97154782608696,0.34534557149693,0,0,2014,1992-08-31,"IR","Hamstring",2018,0
"Bobby Wagner","SEA","LB","10775","weighted",NA,NA,NA,NA,NA,NA,NA,NA,NA,NA,NA,NA,NA,NA,NA,NA,NA,NA,NA,NA,NA,NA,NA,NA,NA,NA,NA,NA,NA,NA,NA,NA,NA,NA,NA,NA,NA,NA,NA,NA,NA,NA,100.946434782609,27.4398613351566,2.75046956521739,0.705697857490311,1.27046956521739,0.211141349131187,4.73029565217391,0.893205776155089,0,0,2012,1990-06-27,NA,NA,NA,NA
"Preston Brown","CIN","LB","11775","weighted",NA,NA,NA,NA,NA,NA,NA,NA,NA,NA,NA,NA,NA,NA,NA,NA,NA,NA,NA,NA,NA,NA,NA,NA,NA,NA,NA,NA,NA,NA,NA,NA,NA,NA,NA,NA,NA,NA,NA,NA,NA,NA,94.1288,32.0197519881698,0.747130434782609,0.30077469466204,0.776069565217391,0.198396454263145,2.76890434782609,0.596760854888181,0,0,2014,1992-10-27,"IR","Knee",2018,0
"Deion Jones","ATL","LB","12745","weighted",NA,NA,NA,NA,NA,NA,NA,NA,NA,NA,NA,NA,NA,NA,NA,NA,NA,NA,NA,NA,NA,NA,NA,NA,NA,NA,NA,NA,NA,NA,NA,NA,NA,NA,NA,NA,NA,NA,NA,NA,NA,NA,101.999408695652,25.7755456717595,0.902747826086957,0.361688182779851,2.23589565217391,0.663135374707142,8.73975652173913,1.66126415313881,1,0,2016,1994-11-04,NA,NA,NA,NA
"Demario Davis","NO","LB","10816","weighted",NA,NA,NA,NA,NA,NA,NA,NA,NA,NA,NA,NA,NA,NA,NA,NA,NA,NA,NA,NA,NA,NA,NA,NA,NA,NA,NA,NA,NA,NA,NA,NA,NA,NA,NA,NA,NA,NA,NA,NA,NA,NA,90.3980521739131,32.7868495038124,3.63711304347826,0.590133111478452,0.777878260869565,0.588219791947657,3.13502608695652,0.992556669279091,0,0,2012,1989-01-11,NA,NA,NA,NA
"C.J. Mosley","BAL","LB","11728","weighted",NA,NA,NA,NA,NA,NA,NA,NA,NA,NA,NA,NA,NA,NA,NA,NA,NA,NA,NA,NA,NA,NA,NA,NA,NA,NA,NA,NA,NA,NA,NA,NA,NA,NA,NA,NA,NA,NA,NA,NA,NA,NA,99.7186434782609,25.3321978038453,1.6480347826087,1.1182322359397,2.11944347826087,0.463581551516986,7.39714782608696,1.07431045264201,0,0,2014,1992-06-19,NA,NA,NA,NA
"Tahir Whitehead","OAK","LB","10847","weighted",NA,NA,NA,NA,NA,NA,NA,NA,NA,NA,NA,NA,NA,NA,NA,NA,NA,NA,NA,NA,NA,NA,NA,NA,NA,NA,NA,NA,NA,NA,NA,NA,NA,NA,NA,NA,NA,NA,NA,NA,NA,NA,89.7563826086956,31.7133758100577,1.33186086956522,0.543858318519782,0.787547826086957,0.283505229956901,3.44347826086957,1.31711457336387,0,0,2012,1990-04-02,NA,NA,NA,NA
"Zach Brown","WAS","LB","10770","weighted",NA,NA,NA,NA,NA,NA,NA,NA,NA,NA,NA,NA,NA,NA,NA,NA,NA,NA,NA,NA,NA,NA,NA,NA,NA,NA,NA,NA,NA,NA,NA,NA,NA,NA,NA,NA,NA,NA,NA,NA,NA,NA,99.0828173913044,23.7065396545097,3.25711304347826,0.714286119155845,0.995686956521739,0.18988365924128,3.20062608695652,0.956537642133885,0,0,2012,1989-10-23,"Q","Oblique",2018,0
"Blake Martinez","GB","LB","12788","weighted",NA,NA,NA,NA,NA,NA,NA,NA,NA,NA,NA,NA,NA,NA,NA,NA,NA,NA,NA,NA,NA,NA,NA,NA,NA,NA,NA,NA,NA,NA,NA,NA,NA,NA,NA,NA,NA,NA,NA,NA,NA,NA,97.9966956521739,22.5851822786365,1.45126956521739,0.414478568740146,1.10539130434783,0.12465607638696,7.32326956521739,1.37960016187354,0,0,2016,1994-01-09,NA,NA,NA,NA
"Eric Kendricks","MIN","LB","12239","weighted",NA,NA,NA,NA,NA,NA,NA,NA,NA,NA,NA,NA,NA,NA,NA,NA,NA,NA,NA,NA,NA,NA,NA,NA,NA,NA,NA,NA,NA,NA,NA,NA,NA,NA,NA,NA,NA,NA,NA,NA,NA,NA,84.2425391304348,28.6065349912645,1.60692173913043,0.273820581429177,1.17662608695652,0.346275672808135,6.41968695652174,0.994213292182358,0,0,2015,1992-02-29,"Q","Hamstring",2018,0
"Wesley Woodyard","TEN","LB","9330","weighted",NA,NA,NA,NA,NA,NA,NA,NA,NA,NA,NA,NA,NA,NA,NA,NA,NA,NA,NA,NA,NA,NA,NA,NA,NA,NA,NA,NA,NA,NA,NA,NA,NA,NA,NA,NA,NA,NA,NA,NA,NA,NA,85.7646956521739,26.0201469152434,3.68358260869565,0.201863638585443,0.907895652173913,0.52803651796174,4.22733913043478,0.971948530784265,0,0,2008,1986-07-21,NA,NA,NA,NA
"Alec Ogletree","NYG","LB","11293","weighted",NA,NA,NA,NA,NA,NA,NA,NA,NA,NA,NA,NA,NA,NA,NA,NA,NA,NA,NA,NA,NA,NA,NA,NA,NA,NA,NA,NA,NA,NA,NA,NA,NA,NA,NA,NA,NA,NA,NA,NA,NA,NA,91.2357217391304,24.4282079914757,1.54365217391304,0.55377310307725,2.30991304347826,0.662326155819869,8.77544347826087,1.56613938224664,0,0,2013,1991-09-25,"Q","Concussion",2018,0
"Kiko Alonso","MIA","LB","11308","weighted",NA,NA,NA,NA,NA,NA,NA,NA,NA,NA,NA,NA,NA,NA,NA,NA,NA,NA,NA,NA,NA,NA,NA,NA,NA,NA,NA,NA,NA,NA,NA,NA,NA,NA,NA,NA,NA,NA,NA,NA,NA,NA,84.1020869565217,26.4321495937532,0.988730434782609,0.422840071896449,0.677217391304348,0.276186027383741,2.4679652173913,0.808407709124194,0,0,2013,1990-08-14,NA,NA,NA,NA
"Telvin Smith","JAC","LB","11813","weighted",NA,NA,NA,NA,NA,NA,NA,NA,NA,NA,NA,NA,NA,NA,NA,NA,NA,NA,NA,NA,NA,NA,NA,NA,NA,NA,NA,NA,NA,NA,NA,NA,NA,NA,NA,NA,NA,NA,NA,NA,NA,NA,100.014052173913,16.5039065038657,1.59899130434783,0.883796081824258,1.79631304347826,0.381799938132857,6.15659130434783,1.4929393780643,1,0,2014,1991-04-11,NA,NA,NA,NA
"Sean Lee","DAL","LB","9866","weighted",NA,NA,NA,NA,NA,NA,NA,NA,NA,NA,NA,NA,NA,NA,NA,NA,NA,NA,NA,NA,NA,NA,NA,NA,NA,NA,NA,NA,NA,NA,NA,NA,NA,NA,NA,NA,NA,NA,NA,NA,NA,NA,98.4085913043478,16.332619417473,0.568382608695652,0.962196198469377,0.674295652173913,0.351140220723855,3.24424347826087,2.00405119272856,0,0,2010,1986-07-22,NA,NA,NA,NA
"Joe Schobert","CLE","LB","12768","weighted",NA,NA,NA,NA,NA,NA,NA,NA,NA,NA,NA,NA,NA,NA,NA,NA,NA,NA,NA,NA,NA,NA,NA,NA,NA,NA,NA,NA,NA,NA,NA,NA,NA,NA,NA,NA,NA,NA,NA,NA,NA,NA,83.1034086956522,24.7671110011621,2.64570434782609,0.469461546361143,0.615269565217391,0.406186957072616,3.05474782608696,0.373993521377491,0,0,2016,NA,NA,NA,NA,NA
"Kwon Alexander","TB","LB","12233","weighted",NA,NA,NA,NA,NA,NA,NA,NA,NA,NA,NA,NA,NA,NA,NA,NA,NA,NA,NA,NA,NA,NA,NA,NA,NA,NA,NA,NA,NA,NA,NA,NA,NA,NA,NA,NA,NA,NA,NA,NA,NA,NA,95.3656695652174,13.2789548896273,1.54469565217391,1.00695046391405,1.66462608695652,0.658441105725172,5.76,1.1595842589744,0,0,2015,1994-08-03,"IR","Knee - ACL",2018,0
"Brandon Marshall","DEN","LB","10850","weighted",NA,NA,NA,NA,NA,NA,NA,NA,NA,NA,NA,NA,NA,NA,NA,NA,NA,NA,NA,NA,NA,NA,NA,NA,NA,NA,NA,NA,NA,NA,NA,NA,NA,NA,NA,NA,NA,NA,NA,NA,NA,NA,82.3975304347826,18.7742459492643,2.63784347826087,0.589375055664654,0.625113043478261,0.442556336105402,4.75547826086957,0.876013812724381,0,0,2012,1989-09-10,NA,NA,NA,NA
"Benardrick McKinney","HOU","LB","12272","weighted",NA,NA,NA,NA,NA,NA,NA,NA,NA,NA,NA,NA,NA,NA,NA,NA,NA,NA,NA,NA,NA,NA,NA,NA,NA,NA,NA,NA,NA,NA,NA,NA,NA,NA,NA,NA,NA,NA,NA,NA,NA,NA,77.7002086956522,20.1358314198407,3.29394782608696,0.515662582780973,0.225530434782609,0.26598186347169,1.80306086956522,0.660779787119876,0,0,2015,1992-11-19,NA,NA,NA,NA
"Jon Bostic","PIT","LB","11299","weighted",NA,NA,NA,NA,NA,NA,NA,NA,NA,NA,NA,NA,NA,NA,NA,NA,NA,NA,NA,NA,NA,NA,NA,NA,NA,NA,NA,NA,NA,NA,NA,NA,NA,NA,NA,NA,NA,NA,NA,NA,NA,NA,56.0556173913044,38.7353480245197,1.8047652173913,2.30822541237402,0.160347826086957,0.291708397772518,1.92751304347826,1.1130620434909,0,0,2013,1991-05-05,NA,NA,NA,NA
"Danny Trevathan","CHI","LB","10879","weighted",NA,NA,NA,NA,NA,NA,NA,NA,NA,NA,NA,NA,NA,NA,NA,NA,NA,NA,NA,NA,NA,NA,NA,NA,NA,NA,NA,NA,NA,NA,NA,NA,NA,NA,NA,NA,NA,NA,NA,NA,NA,NA,79.661252173913,19.03875247109,1.99314782608696,0.890177067792918,1.20549565217391,0.366847788814558,5.46462608695652,1.03416939762427,0,0,2012,1990-03-24,NA,NA,NA,NA
"Vontaze Burfict","CIN","LB","10772","weighted",NA,NA,NA,NA,NA,NA,NA,NA,NA,NA,NA,NA,NA,NA,NA,NA,NA,NA,NA,NA,NA,NA,NA,NA,NA,NA,NA,NA,NA,NA,NA,NA,NA,NA,NA,NA,NA,NA,NA,NA,NA,NA,73.3075862068966,28.5925630568888,2.01632183908046,0.0287208528318256,0.69967816091954,0.301936691652018,3.68009195402299,0.562928715503783,0,0,2012,1990-09-24,"Q","Concussion",2018,0
"Darron Lee","NYJ","LB","12705","weighted",NA,NA,NA,NA,NA,NA,NA,NA,NA,NA,NA,NA,NA,NA,NA,NA,NA,NA,NA,NA,NA,NA,NA,NA,NA,NA,NA,NA,NA,NA,NA,NA,NA,NA,NA,NA,NA,NA,NA,NA,NA,NA,76.1906434782609,19.0822422935544,2.99610434782609,0.372851643441343,0.281530434782609,0.348932808642632,2.92841739130435,0.604855230561058,0,0,2016,1994-10-18,NA,NA,NA,NA
"K.J. Wright","SEA","LB","10350","weighted",NA,NA,NA,NA,NA,NA,NA,NA,NA,NA,NA,NA,NA,NA,NA,NA,NA,NA,NA,NA,NA,NA,NA,NA,NA,NA,NA,NA,NA,NA,NA,NA,NA,NA,NA,NA,NA,NA,NA,NA,NA,NA,77.5469217391304,20.0828721441016,1.17975652173913,0.324538439125978,0.956382608695652,0.661225201839495,5.15937391304348,0.935122606343865,0,0,2011,1989-07-23,NA,NA,NA,NA
"Lavonte David","TB","LB","10768","weighted",NA,NA,NA,NA,NA,NA,NA,NA,NA,NA,NA,NA,NA,NA,NA,NA,NA,NA,NA,NA,NA,NA,NA,NA,NA,NA,NA,NA,NA,NA,NA,NA,NA,NA,NA,NA,NA,NA,NA,NA,NA,NA,86.0340173913044,12.8582540210987,2.91930434782609,1.59182135372973,0.681808695652174,0.321776298262027,3.39248695652174,1.53517136759788,0,0,2012,1990-01-23,NA,NA,NA,NA
"Mark Barron","LAR","LB","10782","weighted",NA,NA,NA,NA,NA,NA,NA,NA,NA,NA,NA,NA,NA,NA,NA,NA,NA,NA,NA,NA,NA,NA,NA,NA,NA,NA,NA,NA,NA,NA,NA,NA,NA,NA,NA,NA,NA,NA,NA,NA,NA,NA,82.3137043478261,14.3138748839668,1.31533913043478,0.295249098569692,1.81885217391304,0.479530050116157,5.96688695652174,0.800862544095507,1,0,2012,1989-10-27,NA,NA,NA,NA
"Jarrad Davis","DET","LB","13221","weighted",NA,NA,NA,NA,NA,NA,NA,NA,NA,NA,NA,NA,NA,NA,NA,NA,NA,NA,NA,NA,NA,NA,NA,NA,NA,NA,NA,NA,NA,NA,NA,NA,NA,NA,NA,NA,NA,NA,NA,NA,NA,NA,78.9623304347826,14.9978474280555,2.09575652173913,0.391947593514202,0.824417391304348,0.29060123370747,3.37906086956522,0.998977977589874,0,0,2017,NA,NA,NA,NA,NA
"Jordan Hicks","PHI","LB","12287","weighted",NA,NA,NA,NA,NA,NA,NA,NA,NA,NA,NA,NA,NA,NA,NA,NA,NA,NA,NA,NA,NA,NA,NA,NA,NA,NA,NA,NA,NA,NA,NA,NA,NA,NA,NA,NA,NA,NA,NA,NA,NA,NA,68.956,21.6836649107679,0.691860869565217,0.661750887128499,1.87332173913043,1.01208369178018,5.74886956521739,2.30600152728855,0,0,2015,1992-06-27,NA,NA,NA,NA
"DeVondre Campbell","ATL","LB","12779","weighted",NA,NA,NA,NA,NA,NA,NA,NA,NA,NA,NA,NA,NA,NA,NA,NA,NA,NA,NA,NA,NA,NA,NA,NA,NA,NA,NA,NA,NA,NA,NA,NA,NA,NA,NA,NA,NA,NA,NA,NA,NA,NA,66.2625043478261,22.7045040365883,2.0599652173913,0.346107984947835,0.778852173913044,0.294500769435523,4.2208,0.769088101723802,0,0,2016,1993-07-01,NA,NA,NA,NA
"Reuben Foster","SF","LB","13215","weighted",NA,NA,NA,NA,NA,NA,NA,NA,NA,NA,NA,NA,NA,NA,NA,NA,NA,NA,NA,NA,NA,NA,NA,NA,NA,NA,NA,NA,NA,NA,NA,NA,NA,NA,NA,NA,NA,NA,NA,NA,NA,NA,76.2403218390805,9.2392030790559,0.729057471264368,0.394696970089964,0.326436781609195,0.574417056636513,2.08597701149425,0.868764785343106,0,0,2017,1994-04-04,"O","Undisclosed",2018,0
"Antonio Morrison","GB","LB","12784","weighted",NA,NA,NA,NA,NA,NA,NA,NA,NA,NA,NA,NA,NA,NA,NA,NA,NA,NA,NA,NA,NA,NA,NA,NA,NA,NA,NA,NA,NA,NA,NA,NA,NA,NA,NA,NA,NA,NA,NA,NA,NA,NA,55.1404869565217,36.589600829678,0.173565217391304,0.239707363598397,0.101147826086957,0.184955117410033,1.48848695652174,1.23941392379453,0,0,2016,NA,NA,NA,NA,NA
"Connor Barwin","NYG","LB","9494","weighted",NA,NA,NA,NA,NA,NA,NA,NA,NA,NA,NA,NA,NA,NA,NA,NA,NA,NA,NA,NA,NA,NA,NA,NA,NA,NA,NA,NA,NA,NA,NA,NA,NA,NA,NA,NA,NA,NA,NA,NA,NA,NA,15.821247113164,10.9399386153762,3.32956120092379,2.85466552122394,0,0,1.10438799076212,1.70166017100397,0,0,2009,1986-10-15,NA,NA,NA,NA
"Avery Williamson","NYJ","LB","11816","weighted",NA,NA,NA,NA,NA,NA,NA,NA,NA,NA,NA,NA,NA,NA,NA,NA,NA,NA,NA,NA,NA,NA,NA,NA,NA,NA,NA,NA,NA,NA,NA,NA,NA,NA,NA,NA,NA,NA,NA,NA,NA,NA,74.1913043478261,16.12582507171,3.37102608695652,0.490672548623386,0.424139130434783,0.431941365998031,2.46365217391304,0.962296156556202,0,0,2014,1992-03-09,NA,NA,NA,NA
"Deone Bucannon","ARI","LB","11767","weighted",NA,NA,NA,NA,NA,NA,NA,NA,NA,NA,NA,NA,NA,NA,NA,NA,NA,NA,NA,NA,NA,NA,NA,NA,NA,NA,NA,NA,NA,NA,NA,NA,NA,NA,NA,NA,NA,NA,NA,NA,NA,NA,77.1810086956522,14.4485826746443,1.34173913043478,0.251558699821534,0.917704347826087,0.419515902528454,4.27394782608696,0.419847427518506,0,0,2014,1992-08-30,NA,NA,NA,NA
"Emmanuel Lamur","OAK","LB","11078","weighted",NA,NA,NA,NA,NA,NA,NA,NA,NA,NA,NA,NA,NA,NA,NA,NA,NA,NA,NA,NA,NA,NA,NA,NA,NA,NA,NA,NA,NA,NA,NA,NA,NA,NA,NA,NA,NA,NA,NA,NA,NA,NA,55.1984,33.3576025349929,1.26546086956522,1.36834078870068,0.32744347826087,0.468836246139999,2.58740869565217,1.74055459454048,0,0,2012,1989-06-08,NA,NA,NA,NA
"Nigel Bradham","PHI","LB","10827","weighted",NA,NA,NA,NA,NA,NA,NA,NA,NA,NA,NA,NA,NA,NA,NA,NA,NA,NA,NA,NA,NA,NA,NA,NA,NA,NA,NA,NA,NA,NA,NA,NA,NA,NA,NA,NA,NA,NA,NA,NA,NA,NA,74.376367816092,19.1688981505538,1.79816091954023,0.631290416599278,0.836781609195402,0.208085438100674,6.37866666666667,0.583211827757322,0,0,2012,1989-09-04,NA,NA,NA,NA
"Jamie Collins","CLE","LB","11349","weighted",NA,NA,NA,NA,NA,NA,NA,NA,NA,NA,NA,NA,NA,NA,NA,NA,NA,NA,NA,NA,NA,NA,NA,NA,NA,NA,NA,NA,NA,NA,NA,NA,NA,NA,NA,NA,NA,NA,NA,NA,NA,NA,76.1050782608696,14.88819954765,3.11926956521739,1.82211328663053,0.90664347826087,0.267735068067523,4.3224347826087,0.522111834824712,0,0,2013,1990-05-02,NA,NA,NA,NA
"Vincent Rey","CIN","LB","10224","weighted",NA,NA,NA,NA,NA,NA,NA,NA,NA,NA,NA,NA,NA,NA,NA,NA,NA,NA,NA,NA,NA,NA,NA,NA,NA,NA,NA,NA,NA,NA,NA,NA,NA,NA,NA,NA,NA,NA,NA,NA,NA,NA,51.6238260869565,31.2219246288322,0.178782608695652,0.216925026744708,0.659478260869565,0.365582332889446,2.76869565217391,1.37375929407493,0,0,NA,NA,NA,NA,NA,NA
"Matt Milano","BUF","LB","13307","weighted",NA,NA,NA,NA,NA,NA,NA,NA,NA,NA,NA,NA,NA,NA,NA,NA,NA,NA,NA,NA,NA,NA,NA,NA,NA,NA,NA,NA,NA,NA,NA,NA,NA,NA,NA,NA,NA,NA,NA,NA,NA,NA,66.5309433962264,24.3636833299656,1.14915094339623,0.794448152681204,0.666320754716981,0.57485130984979,2.94150943396226,0.732191413090077,0,0,2017,NA,"IR","Leg",2018,0
"Jatavis Brown","LAC","LB","12805","weighted",NA,NA,NA,NA,NA,NA,NA,NA,NA,NA,NA,NA,NA,NA,NA,NA,NA,NA,NA,NA,NA,NA,NA,NA,NA,NA,NA,NA,NA,NA,NA,NA,NA,NA,NA,NA,NA,NA,NA,NA,NA,NA,65.1981524249423,24.8201743971859,0.868591224018476,0.570244899127514,0.384757505773672,0.681901818427481,2.80230946882217,1.89658510521339,0,0,2016,1994-02-18,"IR","Ankle",2018,0
"Todd Davis","DEN","LB","12087","weighted",NA,NA,NA,NA,NA,NA,NA,NA,NA,NA,NA,NA,NA,NA,NA,NA,NA,NA,NA,NA,NA,NA,NA,NA,NA,NA,NA,NA,NA,NA,NA,NA,NA,NA,NA,NA,NA,NA,NA,NA,NA,NA,65.2802782608696,19.9851503554284,0.924869565217391,0.295925744642156,0.403269565217391,0.540681352471533,1.52048695652174,0.765714663993742,0,0,2014,1992-05-17,NA,NA,NA,NA
"Nick Vigil","CIN","LB","12762","weighted",NA,NA,NA,NA,NA,NA,NA,NA,NA,NA,NA,NA,NA,NA,NA,NA,NA,NA,NA,NA,NA,NA,NA,NA,NA,NA,NA,NA,NA,NA,NA,NA,NA,NA,NA,NA,NA,NA,NA,NA,NA,NA,66.1352358490566,30.946980608256,1.53301886792453,0.504482278844606,0.905377358490566,0.246355424662546,4.29490566037736,0.963601065907469,0,0,2016,1993-08-20,NA,NA,NA,NA
"Jaylon Smith","DAL","LB","12701","weighted",NA,NA,NA,NA,NA,NA,NA,NA,NA,NA,NA,NA,NA,NA,NA,NA,NA,NA,NA,NA,NA,NA,NA,NA,NA,NA,NA,NA,NA,NA,NA,NA,NA,NA,NA,NA,NA,NA,NA,NA,NA,NA,67.5601043478261,18.6285847172637,1.70006956521739,0.557487363464063,0.630469565217391,0.433787982856161,2.25412173913044,0.81667450961517,0,0,2016,1995-06-14,NA,NA,NA,NA
"Kyle Van Noy","NE","LB","11723","weighted",NA,NA,NA,NA,NA,NA,NA,NA,NA,NA,NA,NA,NA,NA,NA,NA,NA,NA,NA,NA,NA,NA,NA,NA,NA,NA,NA,NA,NA,NA,NA,NA,NA,NA,NA,NA,NA,NA,NA,NA,NA,NA,68.7262260869565,15.8069546542385,5.57634782608696,0.923480788052372,0.274365217391304,0.329393543495122,2.92598260869565,0.607262857905061,0,0,2014,1991-03-26,NA,NA,NA,NA
"Malcolm Smith","SF","LB","10465","weighted",NA,NA,NA,NA,NA,NA,NA,NA,NA,NA,NA,NA,NA,NA,NA,NA,NA,NA,NA,NA,NA,NA,NA,NA,NA,NA,NA,NA,NA,NA,NA,NA,NA,NA,NA,NA,NA,NA,NA,NA,NA,NA,83.2488,10.0285432613121,0.832069565217391,0.809471955181794,0.723930434782609,0.68057728308275,3.58052173913044,2.32764922505514,0,0,2011,1989-07-05,NA,NA,NA,NA
"Anthony Walker","IND","LB","13306","weighted",NA,NA,NA,NA,NA,NA,NA,NA,NA,NA,NA,NA,NA,NA,NA,NA,NA,NA,NA,NA,NA,NA,NA,NA,NA,NA,NA,NA,NA,NA,NA,NA,NA,NA,NA,NA,NA,NA,NA,NA,NA,NA,59.9235826086957,22.9992191159264,1.62205217391304,1.01259466659737,0.227547826086957,0.292409323786978,1.48813913043478,1.23880304389879,0,0,2017,1995-08-08,NA,NA,NA,NA
"Zach Cunningham","HOU","LB","13216","weighted",NA,NA,NA,NA,NA,NA,NA,NA,NA,NA,NA,NA,NA,NA,NA,NA,NA,NA,NA,NA,NA,NA,NA,NA,NA,NA,NA,NA,NA,NA,NA,NA,NA,NA,NA,NA,NA,NA,NA,NA,NA,NA,60.3390608695652,20.674027272665,2.32900869565217,0.752547731100902,0.323965217391304,0.386814235163667,4.67276521739131,0.710481640227118,0,0,2017,1994-12-12,NA,NA,NA,NA
"B.J. Goodson","NYG","LB","12774","weighted",NA,NA,NA,NA,NA,NA,NA,NA,NA,NA,NA,NA,NA,NA,NA,NA,NA,NA,NA,NA,NA,NA,NA,NA,NA,NA,NA,NA,NA,NA,NA,NA,NA,NA,NA,NA,NA,NA,NA,NA,NA,NA,66.3510260869565,19.2095312687271,0.970852173913043,1.17500239873855,0.6048,0.497802486907422,3.53662608695652,1.42980781874846,0,0,2016,1993-05-29,NA,NA,NA,NA
"Josh Bynes","ARI","LB","10653","weighted",NA,NA,NA,NA,NA,NA,NA,NA,NA,NA,NA,NA,NA,NA,NA,NA,NA,NA,NA,NA,NA,NA,NA,NA,NA,NA,NA,NA,NA,NA,NA,NA,NA,NA,NA,NA,NA,NA,NA,NA,NA,NA,61.2451130434783,19.8647435736551,2.65846956521739,2.56577761662452,1.15693913043478,0.535806445285938,5.01426086956522,0.614221398904792,0,0,2011,1989-08-24,"IR","Thumb",2018,0
"Kyle Emanuel","LAC","LB","12315","weighted",NA,NA,NA,NA,NA,NA,NA,NA,NA,NA,NA,NA,NA,NA,NA,NA,NA,NA,NA,NA,NA,NA,NA,NA,NA,NA,NA,NA,NA,NA,NA,NA,NA,NA,NA,NA,NA,NA,NA,NA,NA,NA,41.7384,31.6314345707251,1.63262608695652,0.690602890434699,0.479791304347826,0.413011441295022,2.2967652173913,0.349556216999588,0,0,2015,1991-08-16,NA,NA,NA,NA
"Anthony Hitchens","KC","LB","11795","weighted",NA,NA,NA,NA,NA,NA,NA,NA,NA,NA,NA,NA,NA,NA,NA,NA,NA,NA,NA,NA,NA,NA,NA,NA,NA,NA,NA,NA,NA,NA,NA,NA,NA,NA,NA,NA,NA,NA,NA,NA,NA,NA,70.5574260869565,12.3445424050645,1.60462608695652,0.911748338322015,0.3616,0.394233777604275,3.16132173913044,1.4459210898624,0,0,2014,1992-06-10,NA,NA,NA,NA
"Myles Jack","JAC","LB","12702","weighted",NA,NA,NA,NA,NA,NA,NA,NA,NA,NA,NA,NA,NA,NA,NA,NA,NA,NA,NA,NA,NA,NA,NA,NA,NA,NA,NA,NA,NA,NA,NA,NA,NA,NA,NA,NA,NA,NA,NA,NA,NA,NA,70.8243826086957,13.7942495121768,2.11401739130435,0.580217677678105,0.616417391304348,0.565259454765789,4.1608347826087,2.04778721702327,1,0,2016,1995-09-03,NA,NA,NA,NA
"Vince Williams","PIT","LB","11403","weighted",NA,NA,NA,NA,NA,NA,NA,NA,NA,NA,NA,NA,NA,NA,NA,NA,NA,NA,NA,NA,NA,NA,NA,NA,NA,NA,NA,NA,NA,NA,NA,NA,NA,NA,NA,NA,NA,NA,NA,NA,NA,NA,73.1672347826087,10.1086930260959,6.50511304347826,0.485613561580089,0.797773913043478,0.796130559690877,2.65906086956522,0.47690759675515,0,0,2013,1989-12-27,"Q","Toe",2018,0
"Anthony Barr","MIN","LB","11720","weighted",NA,NA,NA,NA,NA,NA,NA,NA,NA,NA,NA,NA,NA,NA,NA,NA,NA,NA,NA,NA,NA,NA,NA,NA,NA,NA,NA,NA,NA,NA,NA,NA,NA,NA,NA,NA,NA,NA,NA,NA,NA,NA,55.9485565217391,22.1525636705991,1.66970434782609,0.7126040395738,1.02434782608696,0.248482664239058,4.7464347826087,0.854490028853701,0,0,2014,1992-03-18,NA,NA,NA,NA
"Mason Foster","WAS","LB","10339","weighted",NA,NA,NA,NA,NA,NA,NA,NA,NA,NA,NA,NA,NA,NA,NA,NA,NA,NA,NA,NA,NA,NA,NA,NA,NA,NA,NA,NA,NA,NA,NA,NA,NA,NA,NA,NA,NA,NA,NA,NA,NA,NA,72.8813913043478,16.8078672976812,1.66382608695652,0.654468299308989,0.734469565217391,0.569030664082652,3.39144347826087,1.76204619358591,0,0,2011,1989-03-01,NA,NA,NA,NA
"Nate Gerry","PHI","LB","13321","weighted",NA,NA,NA,NA,NA,NA,NA,NA,NA,NA,NA,NA,NA,NA,NA,NA,NA,NA,NA,NA,NA,NA,NA,NA,NA,NA,NA,NA,NA,NA,NA,NA,NA,NA,NA,NA,NA,NA,NA,NA,NA,NA,43.145,61.0162441485872,0.225,0.318198051533946,0.03,0.0424264068711929,1.3,1.5556349186104,0,0,2017,1995-02-23,NA,NA,NA,NA
"Alex Anzalone","NO","LB","13268","weighted",NA,NA,NA,NA,NA,NA,NA,NA,NA,NA,NA,NA,NA,NA,NA,NA,NA,NA,NA,NA,NA,NA,NA,NA,NA,NA,NA,NA,NA,NA,NA,NA,NA,NA,NA,NA,NA,NA,NA,NA,NA,NA,35.4226886792453,43.9688646329309,1.1047641509434,0.366079847815068,0.0634905660377359,0.0852039649301042,1.16037735849057,0.875138445377758,0,0,2017,1994-09-22,NA,NA,NA,NA
"Devon Kennard","DET","LB","11830","weighted",NA,NA,NA,NA,NA,NA,NA,NA,NA,NA,NA,NA,NA,NA,NA,NA,NA,NA,NA,NA,NA,NA,NA,NA,NA,NA,NA,NA,NA,NA,NA,NA,NA,NA,NA,NA,NA,NA,NA,NA,NA,NA,44.9085565217391,28.0072811543624,2.85739130434783,0.877339157430067,0.144973913043478,0.183985238484289,2.64417391304348,1.00841979283818,0,0,2014,1991-06-24,NA,NA,NA,NA
"Leighton Vander Esch","DAL","LB","13727","weighted",NA,NA,NA,NA,NA,NA,NA,NA,NA,NA,NA,NA,NA,NA,NA,NA,NA,NA,NA,NA,NA,NA,NA,NA,NA,NA,NA,NA,NA,NA,NA,NA,NA,NA,NA,NA,NA,NA,NA,NA,NA,NA,54.4742260869565,31.7377751922735,2.02761739130435,1.80701933751297,0.6128,0.441387118644005,2.89718260869565,2.75086666065619,0,0,2018,1997-02-09,NA,NA,NA,NA
"Jordan Jenkins","NYJ","LB","12707","weighted",NA,NA,NA,NA,NA,NA,NA,NA,NA,NA,NA,NA,NA,NA,NA,NA,NA,NA,NA,NA,NA,NA,NA,NA,NA,NA,NA,NA,NA,NA,NA,NA,NA,NA,NA,NA,NA,NA,NA,NA,NA,NA,49.988,24.29977451486,3.81074782608696,0.559005980980411,0.11735652173913,0.160081313848928,2.89926956521739,0.809370877861379,0,0,2016,1994-07-01,NA,NA,NA,NA
"Bryce Hager","LAR","LB","12244","weighted",NA,NA,NA,NA,NA,NA,NA,NA,NA,NA,NA,NA,NA,NA,NA,NA,NA,NA,NA,NA,NA,NA,NA,NA,NA,NA,NA,NA,NA,NA,NA,NA,NA,NA,NA,NA,NA,NA,NA,NA,NA,NA,47.9929078014184,52.4248967571706,0.353617021276596,0.275771644662754,0.171063829787234,0.212132034355964,0.793191489361702,0.636396103067893,0,0,2015,1992-05-04,NA,NA,NA,NA
"Aaron Lynch","CHI","LB","11712","weighted",NA,NA,NA,NA,NA,NA,NA,NA,NA,NA,NA,NA,NA,NA,NA,NA,NA,NA,NA,NA,NA,NA,NA,NA,NA,NA,NA,NA,NA,NA,NA,NA,NA,NA,NA,NA,NA,NA,NA,NA,NA,NA,45.58,55.2674660175405,1.255,0.643467170879758,0.33,0.466690475583121,1.7,1.27279220613579,0,0,2014,1993-03-08,"Q","Elbow",2018,0
"Reggie Ragland","KC","LB","12703","weighted",NA,NA,NA,NA,NA,NA,NA,NA,NA,NA,NA,NA,NA,NA,NA,NA,NA,NA,NA,NA,NA,NA,NA,NA,NA,NA,NA,NA,NA,NA,NA,NA,NA,NA,NA,NA,NA,NA,NA,NA,NA,NA,63.4349217391304,15.2835474888479,1.8879652173913,1.24141284886574,0.498017391304348,0.412506144515347,0.770156521739131,1.05002766945703,0,0,2016,1993-09-24,NA,NA,NA,NA
"Shaq Green-Thompson","CAR","LB","12231","weighted",NA,NA,NA,NA,NA,NA,NA,NA,NA,NA,NA,NA,NA,NA,NA,NA,NA,NA,NA,NA,NA,NA,NA,NA,NA,NA,NA,NA,NA,NA,NA,NA,NA,NA,NA,NA,NA,NA,NA,NA,NA,NA,56.7150260869565,19.379498451896,1.90215652173913,0.748162496636579,0.1616,0.198477171144974,1.90733913043478,0.397535082397589,0,0,NA,1994-04-21,"IR","Shoulder",2018,0
"Lorenzo Alexander","BUF","LB","8951","weighted",NA,NA,NA,NA,NA,NA,NA,NA,NA,NA,NA,NA,NA,NA,NA,NA,NA,NA,NA,NA,NA,NA,NA,NA,NA,NA,NA,NA,NA,NA,NA,NA,NA,NA,NA,NA,NA,NA,NA,NA,NA,NA,60.3023304347826,17.3796199634301,4.52793043478261,0.771915179812685,0.326886956521739,0.230537378347578,2.66615652173913,0.459274521888174,0,0,2006,1983-05-31,NA,NA,NA,NA
"Duke Riley","ATL","LB","13220","weighted",NA,NA,NA,NA,NA,NA,NA,NA,NA,NA,NA,NA,NA,NA,NA,NA,NA,NA,NA,NA,NA,NA,NA,NA,NA,NA,NA,NA,NA,NA,NA,NA,NA,NA,NA,NA,NA,NA,NA,NA,NA,NA,43.5394782608696,27.8706660458892,1.25794782608696,0.572797639568896,0.2208,0.261050960223987,1.26518260869565,0.589402269264959,0,0,2017,1994-08-09,NA,NA,NA,NA
"Raekwon McMillan","MIA","LB","13222","weighted",NA,NA,NA,NA,NA,NA,NA,NA,NA,NA,NA,NA,NA,NA,NA,NA,NA,NA,NA,NA,NA,NA,NA,NA,NA,NA,NA,NA,NA,NA,NA,NA,NA,NA,NA,NA,NA,NA,NA,NA,NA,NA,65.830052173913,12.1559956976744,1.72302608695652,1.65120027761468,0.667130434782609,0.310925674246444,2.89140869565217,2.0363508195646,0,0,2017,1996-11-17,NA,NA,NA,NA
"Tremaine Edmunds","BUF","LB","13697","weighted",NA,NA,NA,NA,NA,NA,NA,NA,NA,NA,NA,NA,NA,NA,NA,NA,NA,NA,NA,NA,NA,NA,NA,NA,NA,NA,NA,NA,NA,NA,NA,NA,NA,NA,NA,NA,NA,NA,NA,NA,NA,NA,72.9277217391304,10.4358541410038,2.32890434782609,1.57535939748943,0.736278260869565,0.303118708906953,3.21739130434783,1.72285414162843,0,0,2018,1998-05-02,NA,NA,NA,NA
"Patrick Onwuasor","BAL","LB","13026","weighted",NA,NA,NA,NA,NA,NA,NA,NA,NA,NA,NA,NA,NA,NA,NA,NA,NA,NA,NA,NA,NA,NA,NA,NA,NA,NA,NA,NA,NA,NA,NA,NA,NA,NA,NA,NA,NA,NA,NA,NA,NA,NA,54.9628045977012,23.8410908742989,0.731218390804598,0.753712134692007,0.202390804597701,0.181054220140351,1.6071724137931,0.543162660421053,0,0,2016,1992-08-22,NA,NA,NA,NA
"Denzel Perryman","LAC","LB","12238","weighted",NA,NA,NA,NA,NA,NA,NA,NA,NA,NA,NA,NA,NA,NA,NA,NA,NA,NA,NA,NA,NA,NA,NA,NA,NA,NA,NA,NA,NA,NA,NA,NA,NA,NA,NA,NA,NA,NA,NA,NA,NA,NA,66.2338782608696,11.6007574205523,1.6551652173913,0.834394610785889,0.481252173913044,0.486556789365932,2.27554782608696,0.499229633727855,0,0,NA,1992-12-05,"IR","Knee",2018,0
"Christian Jones","DET","LB","11724","weighted",NA,NA,NA,NA,NA,NA,NA,NA,NA,NA,NA,NA,NA,NA,NA,NA,NA,NA,NA,NA,NA,NA,NA,NA,NA,NA,NA,NA,NA,NA,NA,NA,NA,NA,NA,NA,NA,NA,NA,NA,NA,NA,64.3839304347826,13.7451046614469,1.81798260869565,0.417992345539272,0.232069565217391,0.342289853612616,2.09871304347826,0.914901755485227,0,0,2014,1991-02-18,NA,NA,NA,NA
"Ramon Humber","BUF","LB","9729","weighted",NA,NA,NA,NA,NA,NA,NA,NA,NA,NA,NA,NA,NA,NA,NA,NA,NA,NA,NA,NA,NA,NA,NA,NA,NA,NA,NA,NA,NA,NA,NA,NA,NA,NA,NA,NA,NA,NA,NA,NA,NA,NA,36.7219399538106,15.3627194934798,0.772286374133949,0.210034905942613,0,0,0.846651270207852,0.647486154986426,0,0,2009,1987-08-10,NA,NA,NA,NA
"Leonard Floyd","CHI","LB","12734","weighted",NA,NA,NA,NA,NA,NA,NA,NA,NA,NA,NA,NA,NA,NA,NA,NA,NA,NA,NA,NA,NA,NA,NA,NA,NA,NA,NA,NA,NA,NA,NA,NA,NA,NA,NA,NA,NA,NA,NA,NA,NA,NA,42.8574260869565,26.4695302074262,6.36935652173913,0.908233039217178,0.0513391304347826,0.0705473188293988,2.24626086956522,0.862849552758448,0,0,2016,1992-09-08,NA,NA,NA,NA
"Shane Ray","DEN","LB","12216","weighted",NA,NA,NA,NA,NA,NA,NA,NA,NA,NA,NA,NA,NA,NA,NA,NA,NA,NA,NA,NA,NA,NA,NA,NA,NA,NA,NA,NA,NA,NA,NA,NA,NA,NA,NA,NA,NA,NA,NA,NA,NA,NA,46.575,49.7449620564736,2.63,0.0989949493661167,0.2,0.282842712474619,0.76,1.07480230740355,0,0,2015,1993-05-18,NA,NA,NA,NA
"T.J. Watt","PIT","LB","13214","weighted",NA,NA,NA,NA,NA,NA,NA,NA,NA,NA,NA,NA,NA,NA,NA,NA,NA,NA,NA,NA,NA,NA,NA,NA,NA,NA,NA,NA,NA,NA,NA,NA,NA,NA,NA,NA,NA,NA,NA,NA,NA,NA,51.5943652173913,21.1351077327897,6.23860869565217,1.46403775549703,0.824973913043478,0.428068418688174,5.81384347826087,1.03985217781915,0,0,2017,1994-10-11,NA,NA,NA,NA
"Haason Reddick","ARI","LB","13245","weighted",NA,NA,NA,NA,NA,NA,NA,NA,NA,NA,NA,NA,NA,NA,NA,NA,NA,NA,NA,NA,NA,NA,NA,NA,NA,NA,NA,NA,NA,NA,NA,NA,NA,NA,NA,NA,NA,NA,NA,NA,NA,NA,50.6160347826087,20.372268652957,4.02438260869565,1.00240115883236,0.149913043478261,0.192473948875949,1.36932173913044,0.537960186052388,0,0,2017,1994-09-22,NA,NA,NA,NA
"Donta Hightower","NE","LB","10774","weighted",NA,NA,NA,NA,NA,NA,NA,NA,NA,NA,NA,NA,NA,NA,NA,NA,NA,NA,NA,NA,NA,NA,NA,NA,NA,NA,NA,NA,NA,NA,NA,NA,NA,NA,NA,NA,NA,NA,NA,NA,NA,NA,54.8808347826087,17.071436656519,4.05972173913044,0.899025193444398,0.14935652173913,0.183509886911439,1.5672347826087,0.606423646107327,0,0,2012,1990-03-12,NA,NA,NA,NA
"Samson Ebukam","LAR","LB","13294","weighted",NA,NA,NA,NA,NA,NA,NA,NA,NA,NA,NA,NA,NA,NA,NA,NA,NA,NA,NA,NA,NA,NA,NA,NA,NA,NA,NA,NA,NA,NA,NA,NA,NA,NA,NA,NA,NA,NA,NA,NA,NA,NA,44.5316173913044,25.9438070928455,3.04010434782609,0.713403577150626,0.348521739130435,0.416678961964007,1.56549565217391,1.03631466489704,0,0,2017,1995-05-09,NA,NA,NA,NA
"Ben Gedeon","MIN","LB","13291","weighted",NA,NA,NA,NA,NA,NA,NA,NA,NA,NA,NA,NA,NA,NA,NA,NA,NA,NA,NA,NA,NA,NA,NA,NA,NA,NA,NA,NA,NA,NA,NA,NA,NA,NA,NA,NA,NA,NA,NA,NA,NA,NA,40.0324056603774,35.8263076477084,0.510754716981132,0.530041579340134,0.039622641509434,0.0691176618877847,1.35028301886792,1.08379664415276,0,0,2017,1994-10-16,NA,NA,NA,NA
"Stephone Anthony","MIA","LB","12243","weighted",NA,NA,NA,NA,NA,NA,NA,NA,NA,NA,NA,NA,NA,NA,NA,NA,NA,NA,NA,NA,NA,NA,NA,NA,NA,NA,NA,NA,NA,NA,NA,NA,NA,NA,NA,NA,NA,NA,NA,NA,NA,NA,48.9312,22.2581291461012,0.68024347826087,0.842483792822673,0.415234782608696,0.524453931832327,1.82782608695652,1.60799302217504,0,0,2015,1992-07-28,NA,NA,NA,NA
"Barkevious Mingo","SEA","LB","11295","weighted",NA,NA,NA,NA,NA,NA,NA,NA,NA,NA,NA,NA,NA,NA,NA,NA,NA,NA,NA,NA,NA,NA,NA,NA,NA,NA,NA,NA,NA,NA,NA,NA,NA,NA,NA,NA,NA,NA,NA,NA,NA,NA,46.5279652173913,24.3350377775327,2.79499130434783,1.81181059413111,0.175373913043478,0.343847129434441,2.15158260869565,1.18038966306561,0,0,2013,1990-10-04,NA,NA,NA,NA
"Thomas Davis","CAR","LB","7826","weighted",NA,NA,NA,NA,NA,NA,NA,NA,NA,NA,NA,NA,NA,NA,NA,NA,NA,NA,NA,NA,NA,NA,NA,NA,NA,NA,NA,NA,NA,NA,NA,NA,NA,NA,NA,NA,NA,NA,NA,NA,NA,NA,69.0131034482759,11.6190805184659,2.31066666666667,0.350362103549462,0.54951724137931,0.444167913221042,2.43420689655172,2.29206003175946,0,0,2005,1983-03-22,NA,NA,NA,NA
"Whitney Mercilus","HOU","LB","10754","weighted",NA,NA,NA,NA,NA,NA,NA,NA,NA,NA,NA,NA,NA,NA,NA,NA,NA,NA,NA,NA,NA,NA,NA,NA,NA,NA,NA,NA,NA,NA,NA,NA,NA,NA,NA,NA,NA,NA,NA,NA,NA,NA,45.4328735632184,28.4621556565401,5.2943908045977,2.86544597412525,0.0457011494252874,0.0804183879291118,1.52993103448276,0.436360872227118,0,0,2012,1990-07-21,NA,NA,NA,NA
"Khalil Mack","OAK","LB","11721","weighted",NA,NA,NA,NA,NA,NA,NA,NA,NA,NA,NA,NA,NA,NA,NA,NA,NA,NA,NA,NA,NA,NA,NA,NA,NA,NA,NA,NA,NA,NA,NA,NA,NA,NA,NA,NA,NA,NA,NA,NA,NA,NA,76.51,2.84256926036992,9.05,1.76776695296637,0.18,0.254558441227157,3.16,0.197989898732233,0.9,0,2014,1991-02-22,"Q","Knee",2018,0
"Roquan Smith","CHI","LB","13696","weighted",NA,NA,NA,NA,NA,NA,NA,NA,NA,NA,NA,NA,NA,NA,NA,NA,NA,NA,NA,NA,NA,NA,NA,NA,NA,NA,NA,NA,NA,NA,NA,NA,NA,NA,NA,NA,NA,NA,NA,NA,NA,NA,59.7260969976905,9.61956432250416,3.75727482678984,1.36285785317802,0.75473441108545,0.312767064327127,4.35889145496536,1.61956523884351,0,0,2018,1997-04-08,NA,NA,NA,NA
"Von Miller","DEN","LB","10267","weighted",NA,NA,NA,NA,NA,NA,NA,NA,NA,NA,NA,NA,NA,NA,NA,NA,NA,NA,NA,NA,NA,NA,NA,NA,NA,NA,NA,NA,NA,NA,NA,NA,NA,NA,NA,NA,NA,NA,NA,NA,NA,NA,57.4398956521739,13.0618739619615,10.7465739130435,1.10394616786473,0.206260869565217,0.251278237365793,3.10295652173913,0.12146774527007,0,0,2011,1989-03-26,NA,NA,NA,NA
"Matt Longacre","LAR","LB","12563","weighted",NA,NA,NA,NA,NA,NA,NA,NA,NA,NA,NA,NA,NA,NA,NA,NA,NA,NA,NA,NA,NA,NA,NA,NA,NA,NA,NA,NA,NA,NA,NA,NA,NA,NA,NA,NA,NA,NA,NA,NA,NA,NA,39.7690114942529,29.1095419636471,4.27857471264368,1.09546634316578,0.457011494252874,0.420049332152119,1.29268965517241,1.33653141235671,0,0,NA,NA,NA,NA,NA,NA
"Preston Smith","WAS","LB","12270","weighted",NA,NA,NA,NA,NA,NA,NA,NA,NA,NA,NA,NA,NA,NA,NA,NA,NA,NA,NA,NA,NA,NA,NA,NA,NA,NA,NA,NA,NA,NA,NA,NA,NA,NA,NA,NA,NA,NA,NA,NA,NA,NA,43.6352643678161,25.3706261419251,7.14689655172414,0.347420513950333,1.35255172413793,1.00104404957484,3.30032183908046,0.96832445608497,0,0,2015,1992-11-17,NA,NA,NA,NA
"Brooks Reed","ATL","LB","10315","weighted",NA,NA,NA,NA,NA,NA,NA,NA,NA,NA,NA,NA,NA,NA,NA,NA,NA,NA,NA,NA,NA,NA,NA,NA,NA,NA,NA,NA,NA,NA,NA,NA,NA,NA,NA,NA,NA,NA,NA,NA,NA,NA,47.071134751773,35.1219938215358,3.28787234042553,0.572756492761104,0.66,1.57013194743414e-16,0.923404255319149,0.678822509939085,NA,NA,2011,1987-02-28,NA,NA,NA,NA
"Bud Dupree","PIT","LB","12234","weighted",NA,NA,NA,NA,NA,NA,NA,NA,NA,NA,NA,NA,NA,NA,NA,NA,NA,NA,NA,NA,NA,NA,NA,NA,NA,NA,NA,NA,NA,NA,NA,NA,NA,NA,NA,NA,NA,NA,NA,NA,NA,NA,43.1941217391304,18.8884540124211,6.24184347826087,0.794245768058034,0.127930434782609,0.179159378953748,1.5831652173913,0.421488641976809,0,0,2015,1993-02-12,NA,NA,NA,NA
"Nick Perry","GB","LB","10750","weighted",NA,NA,NA,NA,NA,NA,NA,NA,NA,NA,NA,NA,NA,NA,NA,NA,NA,NA,NA,NA,NA,NA,NA,NA,NA,NA,NA,NA,NA,NA,NA,NA,NA,NA,NA,NA,NA,NA,NA,NA,NA,NA,39.5152347826087,21.1247198914061,7.4287652173913,0.896356137481576,0.0243478260869565,0.0495648603346974,1.58678260869565,0.435469536667431,0,0,2012,1990-04-12,"IR","Knee",2018,0
"Matt Judon","BAL","LB","12795","weighted",NA,NA,NA,NA,NA,NA,NA,NA,NA,NA,NA,NA,NA,NA,NA,NA,NA,NA,NA,NA,NA,NA,NA,NA,NA,NA,NA,NA,NA,NA,NA,NA,NA,NA,NA,NA,NA,NA,NA,NA,NA,NA,41.0696245733788,10.1116269709676,6.12764505119454,1.27279220613579,0,0,2.51535836177474,0.707106781186547,0,0,2016,NA,NA,NA,NA,NA
"Clay Matthews","GB","LB","9464","weighted",NA,NA,NA,NA,NA,NA,NA,NA,NA,NA,NA,NA,NA,NA,NA,NA,NA,NA,NA,NA,NA,NA,NA,NA,NA,NA,NA,NA,NA,NA,NA,NA,NA,NA,NA,NA,NA,NA,NA,NA,NA,NA,42.4792347826087,19.1817754893949,7.1408,1.04463038237587,0.316591304347826,0.473876227981758,2.5623652173913,0.76333077027364,0,0,2009,1986-05-14,NA,NA,NA,NA
"Terrell Suggs","BAL","LB","6938","weighted",NA,NA,NA,NA,NA,NA,NA,NA,NA,NA,NA,NA,NA,NA,NA,NA,NA,NA,NA,NA,NA,NA,NA,NA,NA,NA,NA,NA,NA,NA,NA,NA,NA,NA,NA,NA,NA,NA,NA,NA,NA,NA,43.254747826087,17.7889789206539,10.0789565217391,0.984743991939441,0.218434782608696,0.260955689127728,3.6023652173913,0.415936092983386,0,0,2003,1982-10-11,NA,NA,NA,NA
"Brian Orakpo","TEN","LB","9435","weighted",NA,NA,NA,NA,NA,NA,NA,NA,NA,NA,NA,NA,NA,NA,NA,NA,NA,NA,NA,NA,NA,NA,NA,NA,NA,NA,NA,NA,NA,NA,NA,NA,NA,NA,NA,NA,NA,NA,NA,NA,NA,NA,40.4983304347826,20.1233870007431,7.52528695652174,1.3746991054256,0.034295652173913,0.0411741929368902,2.4672,0.755916547445232,0,0,2009,1986-07-31,NA,NA,NA,NA
"Justin Houston","KC","LB","10277","weighted",NA,NA,NA,NA,NA,NA,NA,NA,NA,NA,NA,NA,NA,NA,NA,NA,NA,NA,NA,NA,NA,NA,NA,NA,NA,NA,NA,NA,NA,NA,NA,NA,NA,NA,NA,NA,NA,NA,NA,NA,NA,NA,53.793947826087,10.839510530553,9.7616,1.26875312010724,0.480765217391304,0.414501764744626,4.17064347826087,0.616401401186785,0,0,2011,1989-01-21,NA,NA,NA,NA
"Vic Beasley","ATL","LB","12230","weighted",NA,NA,NA,NA,NA,NA,NA,NA,NA,NA,NA,NA,NA,NA,NA,NA,NA,NA,NA,NA,NA,NA,NA,NA,NA,NA,NA,NA,NA,NA,NA,NA,NA,NA,NA,NA,NA,NA,NA,NA,NA,NA,50.8670212765957,25.3285649021021,6.49673758865248,0.346482322781408,0.263829787234043,0.233345237791561,2.56085106382979,0.827314933988261,1,0,2015,1992-07-08,NA,NA,NA,NA
"Elandon Roberts","NE","LB","12831","weighted",NA,NA,NA,NA,NA,NA,NA,NA,NA,NA,NA,NA,NA,NA,NA,NA,NA,NA,NA,NA,NA,NA,NA,NA,NA,NA,NA,NA,NA,NA,NA,NA,NA,NA,NA,NA,NA,NA,NA,NA,NA,NA,43.9214780600462,4.26158506863781,2.08683602771363,0.245023113371495,0.119630484988453,0.212019893124511,1.30715935334873,0.544375401265636,0,0,2016,1994-04-22,NA,NA,NA,NA
"Oren Burks","GB","LB","13750","weighted",NA,NA,NA,NA,NA,NA,NA,NA,NA,NA,NA,NA,NA,NA,NA,NA,NA,NA,NA,NA,NA,NA,NA,NA,NA,NA,NA,NA,NA,NA,NA,NA,NA,NA,NA,NA,NA,NA,NA,NA,NA,NA,46.0207852193995,11.5948841621618,2.94919168591224,0.916722033446484,0.607390300230947,0.529392856139983,3.7094688221709,1.47468952094445,0,0,2018,1995-03-21,NA,NA,NA,NA
"Derrick Morgan","TEN","LB","9824","weighted",NA,NA,NA,NA,NA,NA,NA,NA,NA,NA,NA,NA,NA,NA,NA,NA,NA,NA,NA,NA,NA,NA,NA,NA,NA,NA,NA,NA,NA,NA,NA,NA,NA,NA,NA,NA,NA,NA,NA,NA,NA,NA,34.2935632183908,28.8960049473005,6.66703448275862,0.310472612710434,0.00652873563218391,0.0114883411327303,1.90206896551724,0.551380331776778,0,0,2010,1989-01-06,NA,NA,NA,NA
"Jadeveon Clowney","HOU","LB","11706","weighted",NA,NA,NA,NA,NA,NA,NA,NA,NA,NA,NA,NA,NA,NA,NA,NA,NA,NA,NA,NA,NA,NA,NA,NA,NA,NA,NA,NA,NA,NA,NA,NA,NA,NA,NA,NA,NA,NA,NA,NA,NA,NA,43.5297931034483,21.2719238176853,7.19094252873563,2.04310894084093,0.169747126436782,0.205408843024814,2.58216091954023,0.502551149294933,NA,NA,2014,1993-02-14,NA,NA,NA,NA
"Darius Leonard","IND","LB","13733","weighted",NA,NA,NA,NA,NA,NA,NA,NA,NA,NA,NA,NA,NA,NA,NA,NA,NA,NA,NA,NA,NA,NA,NA,NA,NA,NA,NA,NA,NA,NA,NA,NA,NA,NA,NA,NA,NA,NA,NA,NA,NA,NA,63.3454965357968,4.32597909678823,3.53810623556582,0.512475638267937,0.284665127020785,0.478979714301724,3.51824480369515,1.94348338753589,0,0,2018,NA,NA,NA,NA,NA
"Tyler Matakevich","PIT","LB","12851","weighted",NA,NA,NA,NA,NA,NA,NA,NA,NA,NA,NA,NA,NA,NA,NA,NA,NA,NA,NA,NA,NA,NA,NA,NA,NA,NA,NA,NA,NA,NA,NA,NA,NA,NA,NA,NA,NA,NA,NA,NA,NA,NA,37.9382978723404,40.2202337138908,1.68439716312057,1.11722871427475,0.45177304964539,0.643467170879758,4.15673758865248,0.650538238691624,0,0,2016,1992-12-22,NA,NA,NA,NA
"Rashaan Evans","TEN","LB","13699","weighted",NA,NA,NA,NA,NA,NA,NA,NA,NA,NA,NA,NA,NA,NA,NA,NA,NA,NA,NA,NA,NA,NA,NA,NA,NA,NA,NA,NA,NA,NA,NA,NA,NA,NA,NA,NA,NA,NA,NA,NA,NA,NA,40.4204778156997,28.5671139599365,2.04846416382253,0.0707106781186548,0.515358361774744,0.707106781186547,2.83686006825939,1.69705627484771,0,0,2018,1996-11-08,NA,NA,NA,NA
"Cory Littleton","LAR","LB","12985","weighted",NA,NA,NA,NA,NA,NA,NA,NA,NA,NA,NA,NA,NA,NA,NA,NA,NA,NA,NA,NA,NA,NA,NA,NA,NA,NA,NA,NA,NA,NA,NA,NA,NA,NA,NA,NA,NA,NA,NA,NA,NA,NA,50.2812933025404,11.6848211904214,2.16928406466513,1.22474961647956,0.912240184757506,0.0859460012030499,4.28960739030023,1.76291678883816,0,0,2016,1993-11-18,NA,NA,NA,NA
"Ryan Kerrigan","WAS","LB","10280","weighted",NA,NA,NA,NA,NA,NA,NA,NA,NA,NA,NA,NA,NA,NA,NA,NA,NA,NA,NA,NA,NA,NA,NA,NA,NA,NA,NA,NA,NA,NA,NA,NA,NA,NA,NA,NA,NA,NA,NA,NA,NA,NA,40.968,14.8745315141091,11.2717565217391,1.31745800836368,0.273321739130435,0.248876395216922,2.29627826086957,0.368976840378799,0,0,2011,1988-08-16,NA,NA,NA,NA
"Adarius Glanton","TB","LB","12072","weighted",NA,NA,NA,NA,NA,NA,NA,NA,NA,NA,NA,NA,NA,NA,NA,NA,NA,NA,NA,NA,NA,NA,NA,NA,NA,NA,NA,NA,NA,NA,NA,NA,NA,NA,NA,NA,NA,NA,NA,NA,NA,NA,36.636170212766,36.6564155367106,1.76382978723404,2.22738636073762,0.33758865248227,0.480832611206852,2.42836879432624,2.31931024229188,0,0,2014,1990-09-21,NA,NA,NA,NA
"Leon Jacobs","JAC","LB","13834","weighted",NA,NA,NA,NA,NA,NA,NA,NA,NA,NA,NA,NA,NA,NA,NA,NA,NA,NA,NA,NA,NA,NA,NA,NA,NA,NA,NA,NA,NA,NA,NA,NA,NA,NA,NA,NA,NA,NA,NA,NA,NA,NA,41.7741339491917,19.7034670615468,1.470207852194,1.19403218106232,0.620323325635104,0.536897902481911,2.98568129330254,0.973887059802723,0,0,2018,NA,"IR","Quadriceps",2018,0
"Matthew Thomas",NA,"LB","13903","weighted",NA,NA,NA,NA,NA,NA,NA,NA,NA,NA,NA,NA,NA,NA,NA,NA,NA,NA,NA,NA,NA,NA,NA,NA,NA,NA,NA,NA,NA,NA,NA,NA,NA,NA,NA,NA,NA,NA,NA,NA,NA,NA,62.73,NA,2.86,NA,0.84,NA,3.97,NA,0,NA,2018,1970-01-01,NA,NA,NA,NA
"Mark Nzeocha","SF","LB","12372","weighted",NA,NA,NA,NA,NA,NA,NA,NA,NA,NA,NA,NA,NA,NA,NA,NA,NA,NA,NA,NA,NA,NA,NA,NA,NA,NA,NA,NA,NA,NA,NA,NA,NA,NA,NA,NA,NA,NA,NA,NA,NA,NA,43.0914893617021,26.6225703116735,2.37801418439716,0.395979797464467,0.417021276595745,0.5939696961967,2.20780141843972,2.43244732728172,0,0,2015,1990-01-01,NA,NA,NA,NA
"Kenny Young","BAL","LB","13765","weighted",NA,NA,NA,NA,NA,NA,NA,NA,NA,NA,NA,NA,NA,NA,NA,NA,NA,NA,NA,NA,NA,NA,NA,NA,NA,NA,NA,NA,NA,NA,NA,NA,NA,NA,NA,NA,NA,NA,NA,NA,NA,NA,41.8831408775982,25.2075390182818,2.19815242494226,2.31559042818261,0.30161662817552,0.512183445441304,2.44942263279446,1.88643758476946,0,0,2018,1995-11-15,NA,NA,NA,NA
"Craig Robertson","NO","LB","11012","weighted",NA,NA,NA,NA,NA,NA,NA,NA,NA,NA,NA,NA,NA,NA,NA,NA,NA,NA,NA,NA,NA,NA,NA,NA,NA,NA,NA,NA,NA,NA,NA,NA,NA,NA,NA,NA,NA,NA,NA,NA,NA,NA,40.1792147806005,18.4968282846332,1.34503464203233,0.594611757696208,1.20461893764434,0.8819280813431,3.23094688221709,1.99542208047365,0,0,2011,1988-02-11,NA,NA,NA,NA
"Derrick Johnson","OAK","LB","7827","weighted",NA,NA,NA,NA,NA,NA,NA,NA,NA,NA,NA,NA,NA,NA,NA,NA,NA,NA,NA,NA,NA,NA,NA,NA,NA,NA,NA,NA,NA,NA,NA,NA,NA,NA,NA,NA,NA,NA,NA,NA,NA,NA,53.6360277136259,9.18409071544592,2.74919168591224,1.00409571585064,0.668822170900693,0.572387293137884,4.66281755196305,1.11919945018967,0,0,2005,1982-11-22,NA,NA,NA,NA
"Kendell Beckwith","TB","LB","13217","weighted",NA,NA,NA,NA,NA,NA,NA,NA,NA,NA,NA,NA,NA,NA,NA,NA,NA,NA,NA,NA,NA,NA,NA,NA,NA,NA,NA,NA,NA,NA,NA,NA,NA,NA,NA,NA,NA,NA,NA,NA,NA,NA,44.6061433447099,21.0010714012405,0.806143344709898,0.282842712474619,0,0,1.51535836177474,0.707106781186547,0,0,2017,1994-12-02,"IR","Ankle",2018,0
"Brock Coyle","SF","LB","11955","weighted",NA,NA,NA,NA,NA,NA,NA,NA,NA,NA,NA,NA,NA,NA,NA,NA,NA,NA,NA,NA,NA,NA,NA,NA,NA,NA,NA,NA,NA,NA,NA,NA,NA,NA,NA,NA,NA,NA,NA,NA,NA,NA,42.143648960739,14.7751238840749,1.44688221709007,0.915723450643446,0.181986143187067,0.181303065189974,1.61339491916859,0.611828193950932,0,0,2014,1990-10-12,"IR","Concussion",2018,0
"Will Compton","TEN","LB","11632","weighted",NA,NA,NA,NA,NA,NA,NA,NA,NA,NA,NA,NA,NA,NA,NA,NA,NA,NA,NA,NA,NA,NA,NA,NA,NA,NA,NA,NA,NA,NA,NA,NA,NA,NA,NA,NA,NA,NA,NA,NA,NA,NA,35.0794326241135,32.0177950521269,1.27234042553191,0.466690475583121,0.496950354609929,0.608111831820431,2.37375886524823,2.24152849636136,0,0,2013,1989-09-19,NA,NA,NA,NA
"Manti Teo","NO","LB","11292","weighted",NA,NA,NA,NA,NA,NA,NA,NA,NA,NA,NA,NA,NA,NA,NA,NA,NA,NA,NA,NA,NA,NA,NA,NA,NA,NA,NA,NA,NA,NA,NA,NA,NA,NA,NA,NA,NA,NA,NA,NA,NA,NA,41.8498845265589,13.9590368108577,1.37806004618938,1.22922719775404,0.151963048498845,0.269322566941946,2.50346420323326,0.526893908915525,0,0,2013,1991-01-26,NA,NA,NA,NA
"Jayon Brown","TEN","LB","13304","weighted",NA,NA,NA,NA,NA,NA,NA,NA,NA,NA,NA,NA,NA,NA,NA,NA,NA,NA,NA,NA,NA,NA,NA,NA,NA,NA,NA,NA,NA,NA,NA,NA,NA,NA,NA,NA,NA,NA,NA,NA,NA,NA,48.0327944572748,10.7503809363058,2.18314087759815,0.561566203410866,0.529792147806005,0.504288800960742,3.69607390300231,2.09665392620558,0,0,2017,1995-02-26,NA,NA,NA,NA
"Kyzir White","LAC","LB","13762","weighted",NA,NA,NA,NA,NA,NA,NA,NA,NA,NA,NA,NA,NA,NA,NA,NA,NA,NA,NA,NA,NA,NA,NA,NA,NA,NA,NA,NA,NA,NA,NA,NA,NA,NA,NA,NA,NA,NA,NA,NA,NA,NA,34.4283687943262,28.5883271633721,1.05886524822695,0.770746391493337,0.59645390070922,0.289913780286484,2.02482269503546,1.95868578388674,0,0,2018,1996-03-24,"IR","Knee",2018,0
"LaRoy Reynolds","PHI","LB","11462","weighted",NA,NA,NA,NA,NA,NA,NA,NA,NA,NA,NA,NA,NA,NA,NA,NA,NA,NA,NA,NA,NA,NA,NA,NA,NA,NA,NA,NA,NA,NA,NA,NA,NA,NA,NA,NA,NA,NA,NA,NA,NA,NA,26.968085106383,38.2686189978159,1.30070921985816,1.85261976670875,0.382269503546099,0.544472221513641,1.81702127659574,2.58801081914276,0,0,2013,1990-11-03,NA,NA,NA,NA
"Jordan Evans","CIN","LB","13327","weighted",NA,NA,NA,NA,NA,NA,NA,NA,NA,NA,NA,NA,NA,NA,NA,NA,NA,NA,NA,NA,NA,NA,NA,NA,NA,NA,NA,NA,NA,NA,NA,NA,NA,NA,NA,NA,NA,NA,NA,NA,NA,NA,53.09,NA,1.82,NA,0.68,NA,3.77,NA,0,NA,2017,NA,"IR","Ankle",2018,0
"David Mayo","CAR","LB","12326","weighted",NA,NA,NA,NA,NA,NA,NA,NA,NA,NA,NA,NA,NA,NA,NA,NA,NA,NA,NA,NA,NA,NA,NA,NA,NA,NA,NA,NA,NA,NA,NA,NA,NA,NA,NA,NA,NA,NA,NA,NA,NA,NA,29.9283687943262,32.2299270864828,1.42695035460993,1.60513239329346,0.362411347517731,0.51618795026618,2.20921985815603,2.1496046148071,0,0,2015,1993-08-18,NA,NA,NA,NA
"A.J. Klein","NO","LB","11375","weighted",NA,NA,NA,NA,NA,NA,NA,NA,NA,NA,NA,NA,NA,NA,NA,NA,NA,NA,NA,NA,NA,NA,NA,NA,NA,NA,NA,NA,NA,NA,NA,NA,NA,NA,NA,NA,NA,NA,NA,NA,NA,NA,44.0882217090069,10.1731643756619,2.09699769053118,1.25582089979761,0.168129330254042,0.297973903850664,2.97274826789838,1.85760000325297,0,0,2013,1991-07-30,NA,NA,NA,NA
"Skai Moore","IND","LB","13853","weighted",NA,NA,NA,NA,NA,NA,NA,NA,NA,NA,NA,NA,NA,NA,NA,NA,NA,NA,NA,NA,NA,NA,NA,NA,NA,NA,NA,NA,NA,NA,NA,NA,NA,NA,NA,NA,NA,NA,NA,NA,NA,NA,32.3964539007092,26.2124483785853,2.71418439716312,2.82842712474619,0.0099290780141844,0.014142135623731,1.11063829787234,1.12429978208661,0,0,2018,1995-01-08,"IR","Neck",2018,0
"Kamu Grugier-Hill","PHI","LB","12828","weighted",NA,NA,NA,NA,NA,NA,NA,NA,NA,NA,NA,NA,NA,NA,NA,NA,NA,NA,NA,NA,NA,NA,NA,NA,NA,NA,NA,NA,NA,NA,NA,NA,NA,NA,NA,NA,NA,NA,NA,NA,NA,NA,26.8221709006928,21.5625046029372,0.581709006928406,0.490606351275524,0.0130715935334873,0.0153314484773601,1.17444187836798,0.751723945075872,0,0,2016,1994-05-16,NA,NA,NA,NA
"Nick Kwiatkoski","CHI","LB","12778","weighted",NA,NA,NA,NA,NA,NA,NA,NA,NA,NA,NA,NA,NA,NA,NA,NA,NA,NA,NA,NA,NA,NA,NA,NA,NA,NA,NA,NA,NA,NA,NA,NA,NA,NA,NA,NA,NA,NA,NA,NA,NA,NA,24.0872852233677,8.69034234078267,1.23539518900344,0.388908729652601,0.0625429553264605,0.0919238815542512,1.43230240549828,0.834386001800126,0,0,2016,1993-05-26,NA,NA,NA,NA
"Jerome Baker","MIA","LB","13706","weighted",NA,NA,NA,NA,NA,NA,NA,NA,NA,NA,NA,NA,NA,NA,NA,NA,NA,NA,NA,NA,NA,NA,NA,NA,NA,NA,NA,NA,NA,NA,NA,NA,NA,NA,NA,NA,NA,NA,NA,NA,NA,NA,25.740415704388,20.8514988964292,0.939953810623557,1.02004245787244,0.355196304849885,0.578122541689313,1.49838337182448,2.24816043756104,0,0,2018,1996-12-25,NA,NA,NA,NA
"Najee Goode","IND","LB","10849","weighted",NA,NA,NA,NA,NA,NA,NA,NA,NA,NA,NA,NA,NA,NA,NA,NA,NA,NA,NA,NA,NA,NA,NA,NA,NA,NA,NA,NA,NA,NA,NA,NA,NA,NA,NA,NA,NA,NA,NA,NA,NA,NA,32.245390070922,18.8656089220571,1.50567375886525,0.862670273047588,0.208510638297872,0.29698484809835,2.29007092198582,0.014142135623731,0,0,2012,1989-06-04,NA,NA,NA,NA
"Hayes Pullard","LAC","LB","12362","weighted",NA,NA,NA,NA,NA,NA,NA,NA,NA,NA,NA,NA,NA,NA,NA,NA,NA,NA,NA,NA,NA,NA,NA,NA,NA,NA,NA,NA,NA,NA,NA,NA,NA,NA,NA,NA,NA,NA,NA,NA,NA,NA,41.7706484641638,3.25269119345812,0.145392491467577,0.212132034355964,0.339249146757679,0.494974746830583,1.3877133105802,0.565685424949238,0,0,2015,1992-04-18,NA,NA,NA,NA
"Blair Brown","JAC","LB","13300","weighted",NA,NA,NA,NA,NA,NA,NA,NA,NA,NA,NA,NA,NA,NA,NA,NA,NA,NA,NA,NA,NA,NA,NA,NA,NA,NA,NA,NA,NA,NA,NA,NA,NA,NA,NA,NA,NA,NA,NA,NA,NA,NA,21.1695150115473,20.4799472706852,0.77066974595843,0.654111241152151,0.456505003849115,0.514327124745949,1.44665127020785,2.29033024441414,0,0,2017,1994-05-27,NA,NA,NA,NA
"Bruce Irvin","OAK","LB","10766","weighted",NA,NA,NA,NA,NA,NA,NA,NA,NA,NA,NA,NA,NA,NA,NA,NA,NA,NA,NA,NA,NA,NA,NA,NA,NA,NA,NA,NA,NA,NA,NA,NA,NA,NA,NA,NA,NA,NA,NA,NA,NA,NA,30.4144329896907,12.3672976029527,7.70687285223368,0.304055915910215,0.134707903780069,0.197989898732233,3.37938144329897,0.912167747730646,0,0,2012,1990-01-11,NA,NA,NA,NA
"Korey Toomer","SF","LB","10857","weighted",NA,NA,NA,NA,NA,NA,NA,NA,NA,NA,NA,NA,NA,NA,NA,NA,NA,NA,NA,NA,NA,NA,NA,NA,NA,NA,NA,NA,NA,NA,NA,NA,NA,NA,NA,NA,NA,NA,NA,NA,NA,NA,40,NA,1.5,NA,0,NA,2,NA,0,NA,2012,1988-12-09,NA,NA,NA,NA
"Bradley Chubb","DEN","LB","13681","weighted",NA,NA,NA,NA,NA,NA,NA,NA,NA,NA,NA,NA,NA,NA,NA,NA,NA,NA,NA,NA,NA,NA,NA,NA,NA,NA,NA,NA,NA,NA,NA,NA,NA,NA,NA,NA,NA,NA,NA,NA,NA,NA,34.6204778156997,7.84888527117068,6.52832764505119,3.60624458405139,0,0,2.77064846416382,3.25269119345812,0,0,2018,1996-06-24,NA,NA,NA,NA
"Olivier Vernon","NYG","LB","10815","weighted",NA,NA,NA,NA,NA,NA,NA,NA,NA,NA,NA,NA,NA,NA,NA,NA,NA,NA,NA,NA,NA,NA,NA,NA,NA,NA,NA,NA,NA,NA,NA,NA,NA,NA,NA,NA,NA,NA,NA,NA,NA,NA,33.4,NA,6.8,NA,0.9,NA,3,NA,0,NA,2012,1990-10-07,NA,NA,NA,NA
"Ramik Wilson","LAR","LB","12237","weighted",NA,NA,NA,NA,NA,NA,NA,NA,NA,NA,NA,NA,NA,NA,NA,NA,NA,NA,NA,NA,NA,NA,NA,NA,NA,NA,NA,NA,NA,NA,NA,NA,NA,NA,NA,NA,NA,NA,NA,NA,NA,NA,21.1473441108545,13.3283996584876,0.193995381062356,0.343816042904612,0.0193995381062356,0.0343816042904612,0.772748267898383,0.251979451812314,0,0,2015,1992-08-19,NA,NA,NA,NA
"Nicholas Morrow","OAK","LB","13426","weighted",NA,NA,NA,NA,NA,NA,NA,NA,NA,NA,NA,NA,NA,NA,NA,NA,NA,NA,NA,NA,NA,NA,NA,NA,NA,NA,NA,NA,NA,NA,NA,NA,NA,NA,NA,NA,NA,NA,NA,NA,NA,NA,34.1311778290993,1.71455117886079,0.142263279445728,0.252131764796715,0.116397228637413,0.206289625742767,2.58198614318707,0.577902717334698,0,0,2017,1995-07-10,NA,NA,NA,NA
"Ray-Ray Armstrong","NYG","LB","11487","weighted",NA,NA,NA,NA,NA,NA,NA,NA,NA,NA,NA,NA,NA,NA,NA,NA,NA,NA,NA,NA,NA,NA,NA,NA,NA,NA,NA,NA,NA,NA,NA,NA,NA,NA,NA,NA,NA,NA,NA,NA,NA,NA,28.9419795221843,8.83883476483184,0.773037542662116,1.06066017177982,1.04846416382253,0.0707106781186548,1.85460750853242,0.212132034355964,0,0,2013,1989-05-06,NA,NA,NA,NA
"Marquis Flowers","NE","LB","11852","weighted",NA,NA,NA,NA,NA,NA,NA,NA,NA,NA,NA,NA,NA,NA,NA,NA,NA,NA,NA,NA,NA,NA,NA,NA,NA,NA,NA,NA,NA,NA,NA,NA,NA,NA,NA,NA,NA,NA,NA,NA,NA,NA,25.6281786941581,13.7744400975139,2.41786941580756,0.855599205235722,0.0336769759450172,0.0494974746830583,1.32164948453608,0.997020561473032,0,0,2014,1992-02-16,NA,NA,NA,NA
"Josh Martin","NYJ","LB","11542","weighted",NA,NA,NA,NA,NA,NA,NA,NA,NA,NA,NA,NA,NA,NA,NA,NA,NA,NA,NA,NA,NA,NA,NA,NA,NA,NA,NA,NA,NA,NA,NA,NA,NA,NA,NA,NA,NA,NA,NA,NA,NA,NA,26.9106382978723,10.8399469555898,2.25035460992908,1.92333044482741,0.0148936170212766,0.0212132034355964,0.968794326241135,0.240416305603426,0,0,2013,1991-11-07,"IR","Concussion",2018,0
"Trent Murphy","BUF","LB","11709","weighted",NA,NA,NA,NA,NA,NA,NA,NA,NA,NA,NA,NA,NA,NA,NA,NA,NA,NA,NA,NA,NA,NA,NA,NA,NA,NA,NA,NA,NA,NA,NA,NA,NA,NA,NA,NA,NA,NA,NA,NA,NA,NA,25.61,NA,7.44,NA,0,NA,0.87,NA,0,NA,2014,1990-12-20,NA,NA,NA,NA
"Kemal Ishmael","ATL","LB","11422","weighted",NA,NA,NA,NA,NA,NA,NA,NA,NA,NA,NA,NA,NA,NA,NA,NA,NA,NA,NA,NA,NA,NA,NA,NA,NA,NA,NA,NA,NA,NA,NA,NA,NA,NA,NA,NA,NA,NA,NA,NA,NA,NA,22.4040955631399,14.0007142674936,0.742320819112628,0.353553390593274,0.515358361774744,0.707106781186547,2.27303754266212,1.06066017177982,NA,NA,2013,1991-05-06,NA,NA,NA,NA
"James Burgess","CLE","LB","13466","weighted",NA,NA,NA,NA,NA,NA,NA,NA,NA,NA,NA,NA,NA,NA,NA,NA,NA,NA,NA,NA,NA,NA,NA,NA,NA,NA,NA,NA,NA,NA,NA,NA,NA,NA,NA,NA,NA,NA,NA,NA,NA,NA,25.277304964539,9.43280446102854,2.41560283687943,1.11722871427475,0,0,1.52482269503546,1.95868578388674,0,0,2016,1994-03-09,NA,NA,NA,NA
"Gerald Hodges","ARI","LB","11303","weighted",NA,NA,NA,NA,NA,NA,NA,NA,NA,NA,NA,NA,NA,NA,NA,NA,NA,NA,NA,NA,NA,NA,NA,NA,NA,NA,NA,NA,NA,NA,NA,NA,NA,NA,NA,NA,NA,NA,NA,NA,NA,NA,10.7992907801418,3.84666088965482,1.10851063829787,0.700035713374682,0.375886524822695,0.176776695296637,1.05673758865248,1.34350288425444,0,0,2013,1991-01-17,NA,NA,NA,NA
"Dominique Easley","LAR","LB","11710","weighted",NA,NA,NA,NA,NA,NA,NA,NA,NA,NA,NA,NA,NA,NA,NA,NA,NA,NA,NA,NA,NA,NA,NA,NA,NA,NA,NA,NA,NA,NA,NA,NA,NA,NA,NA,NA,NA,NA,NA,NA,NA,NA,30.1,NA,5.3,NA,0,NA,1.9,NA,0,NA,2014,1992-02-24,"IR","Knee",2018,0
"John Simon","IND","LB","11273","weighted",NA,NA,NA,NA,NA,NA,NA,NA,NA,NA,NA,NA,NA,NA,NA,NA,NA,NA,NA,NA,NA,NA,NA,NA,NA,NA,NA,NA,NA,NA,NA,NA,NA,NA,NA,NA,NA,NA,NA,NA,NA,NA,30,NA,2.5,NA,0,NA,1,NA,0,NA,2013,1990-10-14,NA,NA,NA,NA
"Kareem Martin","NYG","LB","11779","weighted",NA,NA,NA,NA,NA,NA,NA,NA,NA,NA,NA,NA,NA,NA,NA,NA,NA,NA,NA,NA,NA,NA,NA,NA,NA,NA,NA,NA,NA,NA,NA,NA,NA,NA,NA,NA,NA,NA,NA,NA,NA,NA,22.1,10.9672261762033,1.76312056737589,1.3717871555019,0.78936170212766,0.127279220613579,2.63120567375887,1.75362481734264,0,0,2014,1992-02-19,NA,NA,NA,NA
"Jalen Reeves-Maybin","DET","LB","13293","weighted",NA,NA,NA,NA,NA,NA,NA,NA,NA,NA,NA,NA,NA,NA,NA,NA,NA,NA,NA,NA,NA,NA,NA,NA,NA,NA,NA,NA,NA,NA,NA,NA,NA,NA,NA,NA,NA,NA,NA,NA,NA,NA,23.1113163972286,4.66090081055051,0.94378752886836,0.752447219348498,0.0581986143187067,0.103144812871384,1.40046189376443,0.543247574960111,0,0,2017,1995-01-31,"IR","Neck",2018,0
"Sam Acho","CHI","LB","10353","weighted",NA,NA,NA,NA,NA,NA,NA,NA,NA,NA,NA,NA,NA,NA,NA,NA,NA,NA,NA,NA,NA,NA,NA,NA,NA,NA,NA,NA,NA,NA,NA,NA,NA,NA,NA,NA,NA,NA,NA,NA,NA,NA,29.7,NA,2.2,NA,0,NA,1,NA,0,NA,2011,1988-09-06,"IR","Pectoral",2018,0
"Kemoko Turay","IND","LB","13735","weighted",NA,NA,NA,NA,NA,NA,NA,NA,NA,NA,NA,NA,NA,NA,NA,NA,NA,NA,NA,NA,NA,NA,NA,NA,NA,NA,NA,NA,NA,NA,NA,NA,NA,NA,NA,NA,NA,NA,NA,NA,NA,NA,24.1333333333333,7.54482935526046,4.29828178694158,0.438406204335659,0.115463917525773,0.169705627484771,2.16838487972509,0.247487373415292,NA,NA,2018,1995-07-11,NA,NA,NA,NA
"Zach Vigil","WAS","LB","12427","weighted",NA,NA,NA,NA,NA,NA,NA,NA,NA,NA,NA,NA,NA,NA,NA,NA,NA,NA,NA,NA,NA,NA,NA,NA,NA,NA,NA,NA,NA,NA,NA,NA,NA,NA,NA,NA,NA,NA,NA,NA,NA,NA,19.7262411347518,13.2087546725647,0.80709219858156,0.417193000900063,0,0,1.22836879432624,1.66877200360025,0,0,2015,1991-03-28,NA,NA,NA,NA
"Eli Harold","SF","LB","12220","weighted",NA,NA,NA,NA,NA,NA,NA,NA,NA,NA,NA,NA,NA,NA,NA,NA,NA,NA,NA,NA,NA,NA,NA,NA,NA,NA,NA,NA,NA,NA,NA,NA,NA,NA,NA,NA,NA,NA,NA,NA,NA,NA,22.3049645390071,1.0040916292849,1.78581560283688,0.162634559672906,0.049645390070922,0.0707106781186548,0.268085106382979,0.381837661840736,0,0,NA,NA,NA,NA,NA,NA
"Dee Ford","KC","LB","11711","weighted",NA,NA,NA,NA,NA,NA,NA,NA,NA,NA,NA,NA,NA,NA,NA,NA,NA,NA,NA,NA,NA,NA,NA,NA,NA,NA,NA,NA,NA,NA,NA,NA,NA,NA,NA,NA,NA,NA,NA,NA,NA,NA,19.7221843003413,3.32340187157677,3.04607508532423,2.12132034355964,0,0,1.6122866894198,0.565685424949238,0,0,2014,1991-03-19,NA,NA,NA,NA
"Frank Zombo","KC","LB","10099","weighted",NA,NA,NA,NA,NA,NA,NA,NA,NA,NA,NA,NA,NA,NA,NA,NA,NA,NA,NA,NA,NA,NA,NA,NA,NA,NA,NA,NA,NA,NA,NA,NA,NA,NA,NA,NA,NA,NA,NA,NA,NA,NA,27,NA,2.5,NA,0,NA,1,NA,0,NA,2010,1987-03-05,NA,NA,NA,NA
"Shaquil Barrett","DEN","LB","12075","weighted",NA,NA,NA,NA,NA,NA,NA,NA,NA,NA,NA,NA,NA,NA,NA,NA,NA,NA,NA,NA,NA,NA,NA,NA,NA,NA,NA,NA,NA,NA,NA,NA,NA,NA,NA,NA,NA,NA,NA,NA,NA,NA,23.4558891454965,1.95699565095136,3.45103926096998,0.0503716455958058,0,0,0.894688221709007,1.03572764610596,0,0,2014,1992-11-17,NA,NA,NA,NA
"Marquel Lee","OAK","LB","13310","weighted",NA,NA,NA,NA,NA,NA,NA,NA,NA,NA,NA,NA,NA,NA,NA,NA,NA,NA,NA,NA,NA,NA,NA,NA,NA,NA,NA,NA,NA,NA,NA,NA,NA,NA,NA,NA,NA,NA,NA,NA,NA,NA,18.231914893617,9.35502271509802,0.282978723404255,0.403050865276332,0.0049645390070922,0.00707106781186548,0.985815602836879,1.15965512114594,0,0,2017,1995-10-21,NA,NA,NA,NA
"Carl Lawson","CIN","LB","13202","weighted",NA,NA,NA,NA,NA,NA,NA,NA,NA,NA,NA,NA,NA,NA,NA,NA,NA,NA,NA,NA,NA,NA,NA,NA,NA,NA,NA,NA,NA,NA,NA,NA,NA,NA,NA,NA,NA,NA,NA,NA,NA,NA,24,NA,8.5,NA,0,NA,0,NA,0,NA,2017,1995-06-29,"IR","Knee - ACL",2018,0
"Reggie Gilbert",NA,"LB","13565","weighted",NA,NA,NA,NA,NA,NA,NA,NA,NA,NA,NA,NA,NA,NA,NA,NA,NA,NA,NA,NA,NA,NA,NA,NA,NA,NA,NA,NA,NA,NA,NA,NA,NA,NA,NA,NA,NA,NA,NA,NA,NA,NA,23.71,NA,1.46,NA,0.16,NA,0.87,NA,0,NA,2016,1970-01-01,NA,NA,NA,NA
"Pernell McPhee","WAS","LB","10402","weighted",NA,NA,NA,NA,NA,NA,NA,NA,NA,NA,NA,NA,NA,NA,NA,NA,NA,NA,NA,NA,NA,NA,NA,NA,NA,NA,NA,NA,NA,NA,NA,NA,NA,NA,NA,NA,NA,NA,NA,NA,NA,NA,20.7929078014184,1.576848122046,3.08014184397163,0.96873629022557,0.0943262411347518,0.134350288425444,2.50780141843972,1.5556349186104,0,0,2011,1988-12-17,NA,NA,NA,NA
"Lorenzo Carter","NYG","LB","13703","weighted",NA,NA,NA,NA,NA,NA,NA,NA,NA,NA,NA,NA,NA,NA,NA,NA,NA,NA,NA,NA,NA,NA,NA,NA,NA,NA,NA,NA,NA,NA,NA,NA,NA,NA,NA,NA,NA,NA,NA,NA,NA,NA,13.17,NA,0.75,NA,0.02,NA,0.32,NA,0,NA,2018,1995-12-10,NA,NA,NA,NA
"Dylan Cole","HOU","LB","13423","weighted",NA,NA,NA,NA,NA,NA,NA,NA,NA,NA,NA,NA,NA,NA,NA,NA,NA,NA,NA,NA,NA,NA,NA,NA,NA,NA,NA,NA,NA,NA,NA,NA,NA,NA,NA,NA,NA,NA,NA,NA,NA,NA,19.01,NA,0.82,NA,0.17,NA,0.76,NA,0,NA,2017,1994-05-19,NA,NA,NA,NA
"Damien Wilson","DAL","LB","12302","weighted",NA,NA,NA,NA,NA,NA,NA,NA,NA,NA,NA,NA,NA,NA,NA,NA,NA,NA,NA,NA,NA,NA,NA,NA,NA,NA,NA,NA,NA,NA,NA,NA,NA,NA,NA,NA,NA,NA,NA,NA,NA,NA,18.331914893617,0.615182899632297,0.739007092198582,0.197989898732233,0.0347517730496454,0.0494974746830583,0.968085106382979,0.615182899632296,0,0,2015,1993-05-28,NA,NA,NA,NA
"Neville Hewitt","NYJ","LB","12481","weighted",NA,NA,NA,NA,NA,NA,NA,NA,NA,NA,NA,NA,NA,NA,NA,NA,NA,NA,NA,NA,NA,NA,NA,NA,NA,NA,NA,NA,NA,NA,NA,NA,NA,NA,NA,NA,NA,NA,NA,NA,NA,NA,18.69,NA,1.04,NA,0.06,NA,0.29,NA,0,NA,NA,NA,NA,NA,NA,NA
"Chase Allen","MIA","LB","13463","weighted",NA,NA,NA,NA,NA,NA,NA,NA,NA,NA,NA,NA,NA,NA,NA,NA,NA,NA,NA,NA,NA,NA,NA,NA,NA,NA,NA,NA,NA,NA,NA,NA,NA,NA,NA,NA,NA,NA,NA,NA,NA,NA,18.08,NA,0.47,NA,0.06,NA,0.4,NA,0,NA,2017,1993-08-29,"IR","Undisclosed",2018,0
"ZaDarius Smith","BAL","LB","12301","weighted",NA,NA,NA,NA,NA,NA,NA,NA,NA,NA,NA,NA,NA,NA,NA,NA,NA,NA,NA,NA,NA,NA,NA,NA,NA,NA,NA,NA,NA,NA,NA,NA,NA,NA,NA,NA,NA,NA,NA,NA,NA,NA,15.4313993174061,3.7476659402887,3.36996587030717,0.919238815542512,0.0969283276450512,0.14142135623731,1.29078498293515,0.424264068711929,0,0,NA,1992-09-08,"Q","Sports Hernia",2018,0
"Brennan Scarlett","HOU","LB","12964","weighted",NA,NA,NA,NA,NA,NA,NA,NA,NA,NA,NA,NA,NA,NA,NA,NA,NA,NA,NA,NA,NA,NA,NA,NA,NA,NA,NA,NA,NA,NA,NA,NA,NA,NA,NA,NA,NA,NA,NA,NA,NA,NA,18,NA,1.35,NA,0.02,NA,0.36,NA,0,NA,2016,1993-07-31,"IR","Ankle",2018,0
"Kyler Fackrell","GB","LB","12763","weighted",NA,NA,NA,NA,NA,NA,NA,NA,NA,NA,NA,NA,NA,NA,NA,NA,NA,NA,NA,NA,NA,NA,NA,NA,NA,NA,NA,NA,NA,NA,NA,NA,NA,NA,NA,NA,NA,NA,NA,NA,NA,NA,17.27,NA,1.71,NA,0,NA,0.1,NA,0,NA,2016,1991-11-25,NA,NA,NA,NA
"Josh Harvey-Clemons","WAS","LB","13352","weighted",NA,NA,NA,NA,NA,NA,NA,NA,NA,NA,NA,NA,NA,NA,NA,NA,NA,NA,NA,NA,NA,NA,NA,NA,NA,NA,NA,NA,NA,NA,NA,NA,NA,NA,NA,NA,NA,NA,NA,NA,NA,NA,17,NA,1.3,NA,0,NA,2.1,NA,0,NA,2017,1994-02-20,NA,NA,NA,NA
"Ryan Anderson","WAS","LB","13218","weighted",NA,NA,NA,NA,NA,NA,NA,NA,NA,NA,NA,NA,NA,NA,NA,NA,NA,NA,NA,NA,NA,NA,NA,NA,NA,NA,NA,NA,NA,NA,NA,NA,NA,NA,NA,NA,NA,NA,NA,NA,NA,NA,14.8148936170213,1.01823376490863,0.809929078014184,0.0141421356237309,0.0695035460992908,0.0989949493661167,0.735460992907801,0.0919238815542512,0,0,2017,NA,"Q","Hamstring",2018,0
"Aaron Wallace","TEN","LB","12837","weighted",NA,NA,NA,NA,NA,NA,NA,NA,NA,NA,NA,NA,NA,NA,NA,NA,NA,NA,NA,NA,NA,NA,NA,NA,NA,NA,NA,NA,NA,NA,NA,NA,NA,NA,NA,NA,NA,NA,NA,NA,NA,NA,14.54,NA,0.84,NA,0.01,NA,0.18,NA,0,NA,2016,1993-07-08,NA,NA,NA,NA
"Julian Stanford","BUF","LB","11000","weighted",NA,NA,NA,NA,NA,NA,NA,NA,NA,NA,NA,NA,NA,NA,NA,NA,NA,NA,NA,NA,NA,NA,NA,NA,NA,NA,NA,NA,NA,NA,NA,NA,NA,NA,NA,NA,NA,NA,NA,NA,NA,NA,14.26,NA,0.26,NA,0,NA,0.02,NA,0,NA,2012,1990-09-02,"Q","Ankle",2018,0
"Josey Jewell","DEN","LB","13702","weighted",NA,NA,NA,NA,NA,NA,NA,NA,NA,NA,NA,NA,NA,NA,NA,NA,NA,NA,NA,NA,NA,NA,NA,NA,NA,NA,NA,NA,NA,NA,NA,NA,NA,NA,NA,NA,NA,NA,NA,NA,NA,NA,13.6382978723404,0.657609306503489,1.02695035460993,0.388908729652601,0.0099290780141844,0.014142135623731,0.41063829787234,0.127279220613579,0,0,2018,1994-12-25,NA,NA,NA,NA
"Matthew Adams","IND","LB","13826","weighted",NA,NA,NA,NA,NA,NA,NA,NA,NA,NA,NA,NA,NA,NA,NA,NA,NA,NA,NA,NA,NA,NA,NA,NA,NA,NA,NA,NA,NA,NA,NA,NA,NA,NA,NA,NA,NA,NA,NA,NA,NA,NA,13.73,NA,0.7,NA,0.02,NA,0.31,NA,0,NA,2018,NA,NA,NA,NA,NA
"Devante Downs","MIN","LB","13829","weighted",NA,NA,NA,NA,NA,NA,NA,NA,NA,NA,NA,NA,NA,NA,NA,NA,NA,NA,NA,NA,NA,NA,NA,NA,NA,NA,NA,NA,NA,NA,NA,NA,NA,NA,NA,NA,NA,NA,NA,NA,NA,NA,13.73,NA,0.7,NA,0.02,NA,0.31,NA,0,NA,2018,1995-10-18,NA,NA,NA,NA
"Zaire Franklin","IND","LB","13837","weighted",NA,NA,NA,NA,NA,NA,NA,NA,NA,NA,NA,NA,NA,NA,NA,NA,NA,NA,NA,NA,NA,NA,NA,NA,NA,NA,NA,NA,NA,NA,NA,NA,NA,NA,NA,NA,NA,NA,NA,NA,NA,NA,12.3049645390071,2.00111219075793,0.649645390070922,0.0707106781186547,0.0099290780141844,0.014142135623731,0.456028368794326,0.205060966544099,0,0,2018,1996-07-02,NA,NA,NA,NA
"Dennis Gardeck",NA,"LB","13888","weighted",NA,NA,NA,NA,NA,NA,NA,NA,NA,NA,NA,NA,NA,NA,NA,NA,NA,NA,NA,NA,NA,NA,NA,NA,NA,NA,NA,NA,NA,NA,NA,NA,NA,NA,NA,NA,NA,NA,NA,NA,NA,NA,13.73,NA,0.7,NA,0.02,NA,0.31,NA,0,NA,2018,1994-08-09,NA,NA,NA,NA
"Tyus Bowser","BAL","LB","13256","weighted",NA,NA,NA,NA,NA,NA,NA,NA,NA,NA,NA,NA,NA,NA,NA,NA,NA,NA,NA,NA,NA,NA,NA,NA,NA,NA,NA,NA,NA,NA,NA,NA,NA,NA,NA,NA,NA,NA,NA,NA,NA,NA,9.70851063829787,5.28208765546351,1.54255319148936,0.509116882454314,0.295744680851064,0.148492424049175,1.68581560283688,1.15965512114594,0,0,2017,1995-05-23,NA,NA,NA,NA
"Isaiah Irving","CHI","LB","13536","weighted",NA,NA,NA,NA,NA,NA,NA,NA,NA,NA,NA,NA,NA,NA,NA,NA,NA,NA,NA,NA,NA,NA,NA,NA,NA,NA,NA,NA,NA,NA,NA,NA,NA,NA,NA,NA,NA,NA,NA,NA,NA,NA,13.31,NA,0.73,NA,0.02,NA,0.27,NA,0,NA,2017,1994-06-09,NA,NA,NA,NA
"Joe Thomas","DAL","LB","12525","weighted",NA,NA,NA,NA,NA,NA,NA,NA,NA,NA,NA,NA,NA,NA,NA,NA,NA,NA,NA,NA,NA,NA,NA,NA,NA,NA,NA,NA,NA,NA,NA,NA,NA,NA,NA,NA,NA,NA,NA,NA,NA,NA,7.00070921985816,8.83176369701998,0.553191489361702,0.360624458405139,0.0695035460992908,0.0989949493661167,0.64822695035461,0.353553390593274,0,0,NA,NA,NA,NA,NA,NA
"Malik Jefferson","CIN","LB","13698","weighted",NA,NA,NA,NA,NA,NA,NA,NA,NA,NA,NA,NA,NA,NA,NA,NA,NA,NA,NA,NA,NA,NA,NA,NA,NA,NA,NA,NA,NA,NA,NA,NA,NA,NA,NA,NA,NA,NA,NA,NA,NA,NA,10.5163120567376,3.7264527368531,1.07730496453901,0.459619407771256,0.0099290780141844,0.014142135623731,0.360283687943262,0.0565685424949238,0,0,2018,1996-11-15,"IR","Foot",2018,0
"Dorian O'Daniel","KC","LB","13701","weighted",NA,NA,NA,NA,NA,NA,NA,NA,NA,NA,NA,NA,NA,NA,NA,NA,NA,NA,NA,NA,NA,NA,NA,NA,NA,NA,NA,NA,NA,NA,NA,NA,NA,NA,NA,NA,NA,NA,NA,NA,NA,NA,13.17,NA,0.75,NA,0.02,NA,0.32,NA,0,NA,2018,1994-09-04,"Q","Ankle",2018,0
"Fred Warner","SF","LB","13743","weighted",NA,NA,NA,NA,NA,NA,NA,NA,NA,NA,NA,NA,NA,NA,NA,NA,NA,NA,NA,NA,NA,NA,NA,NA,NA,NA,NA,NA,NA,NA,NA,NA,NA,NA,NA,NA,NA,NA,NA,NA,NA,NA,10.8184397163121,3.30218866814118,0.473049645390071,0.388908729652601,0.02,4.90666233573169e-18,0.204184397163121,0.162634559672906,0,0,2018,1996-11-19,NA,NA,NA,NA
"Richard Jarvis",NA,"LB","13902","weighted",NA,NA,NA,NA,NA,NA,NA,NA,NA,NA,NA,NA,NA,NA,NA,NA,NA,NA,NA,NA,NA,NA,NA,NA,NA,NA,NA,NA,NA,NA,NA,NA,NA,NA,NA,NA,NA,NA,NA,NA,NA,NA,12.85,NA,0.66,NA,0.02,NA,0.3,NA,0,NA,2018,1970-01-01,NA,NA,NA,NA
"Peter Kalambayi","HOU","LB","13820","weighted",NA,NA,NA,NA,NA,NA,NA,NA,NA,NA,NA,NA,NA,NA,NA,NA,NA,NA,NA,NA,NA,NA,NA,NA,NA,NA,NA,NA,NA,NA,NA,NA,NA,NA,NA,NA,NA,NA,NA,NA,NA,NA,12.81,NA,0.7,NA,0.02,NA,0.31,NA,0,NA,2018,1995-06-26,NA,NA,NA,NA
"Genard Avery","CLE","LB","13781","weighted",NA,NA,NA,NA,NA,NA,NA,NA,NA,NA,NA,NA,NA,NA,NA,NA,NA,NA,NA,NA,NA,NA,NA,NA,NA,NA,NA,NA,NA,NA,NA,NA,NA,NA,NA,NA,NA,NA,NA,NA,NA,NA,12.81,NA,0.7,NA,0.02,NA,0.31,NA,0,NA,2018,1995-04-26,NA,NA,NA,NA
"Shaquem Griffin","SEA","LB","13705","weighted",NA,NA,NA,NA,NA,NA,NA,NA,NA,NA,NA,NA,NA,NA,NA,NA,NA,NA,NA,NA,NA,NA,NA,NA,NA,NA,NA,NA,NA,NA,NA,NA,NA,NA,NA,NA,NA,NA,NA,NA,NA,NA,7.41702127659574,7.57311362650792,0.347517730496454,0.494974746830583,0.0099290780141844,0.014142135623731,0.153900709219858,0.21920310216783,0,0,2018,1995-07-20,NA,NA,NA,NA
"Shaun Dion Hamilton","WAS","LB","13812","weighted",NA,NA,NA,NA,NA,NA,NA,NA,NA,NA,NA,NA,NA,NA,NA,NA,NA,NA,NA,NA,NA,NA,NA,NA,NA,NA,NA,NA,NA,NA,NA,NA,NA,NA,NA,NA,NA,NA,NA,NA,NA,NA,12.81,NA,0.7,NA,0.02,NA,0.31,NA,0,NA,2018,1995-09-11,NA,NA,NA,NA
"Jack Cichy","TB","LB","13815","weighted",NA,NA,NA,NA,NA,NA,NA,NA,NA,NA,NA,NA,NA,NA,NA,NA,NA,NA,NA,NA,NA,NA,NA,NA,NA,NA,NA,NA,NA,NA,NA,NA,NA,NA,NA,NA,NA,NA,NA,NA,NA,NA,12.81,NA,0.7,NA,0.02,NA,0.31,NA,0,NA,2018,1995-05-05,"IR","Knee - ACL",2018,0
"Jermaine Carter","CAR","LB","13787","weighted",NA,NA,NA,NA,NA,NA,NA,NA,NA,NA,NA,NA,NA,NA,NA,NA,NA,NA,NA,NA,NA,NA,NA,NA,NA,NA,NA,NA,NA,NA,NA,NA,NA,NA,NA,NA,NA,NA,NA,NA,NA,NA,12.81,NA,0.7,NA,0.02,NA,0.31,NA,0,NA,2018,NA,NA,NA,NA,NA
"Foyesade Oluokun","ATL","LB","13813","weighted",NA,NA,NA,NA,NA,NA,NA,NA,NA,NA,NA,NA,NA,NA,NA,NA,NA,NA,NA,NA,NA,NA,NA,NA,NA,NA,NA,NA,NA,NA,NA,NA,NA,NA,NA,NA,NA,NA,NA,NA,NA,NA,12.81,NA,0.7,NA,0.02,NA,0.31,NA,0,NA,2018,1995-08-02,NA,NA,NA,NA
"Ja'Whaun Bentley","NE","LB","13775","weighted",NA,NA,NA,NA,NA,NA,NA,NA,NA,NA,NA,NA,NA,NA,NA,NA,NA,NA,NA,NA,NA,NA,NA,NA,NA,NA,NA,NA,NA,NA,NA,NA,NA,NA,NA,NA,NA,NA,NA,NA,NA,NA,12.81,NA,0.7,NA,0.02,NA,0.31,NA,0,NA,2018,1996-08-24,"IR","Biceps",2018,0
"Arden Key","OAK","LB","13682","weighted",NA,NA,NA,NA,NA,NA,NA,NA,NA,NA,NA,NA,NA,NA,NA,NA,NA,NA,NA,NA,NA,NA,NA,NA,NA,NA,NA,NA,NA,NA,NA,NA,NA,NA,NA,NA,NA,NA,NA,NA,NA,NA,12.49,NA,1.6,NA,0.08,NA,0.6,NA,0,NA,2018,1996-05-03,NA,NA,NA,NA
"Nick Dzubnar","LAC","LB","12494","weighted",NA,NA,NA,NA,NA,NA,NA,NA,NA,NA,NA,NA,NA,NA,NA,NA,NA,NA,NA,NA,NA,NA,NA,NA,NA,NA,NA,NA,NA,NA,NA,NA,NA,NA,NA,NA,NA,NA,NA,NA,NA,NA,12.44,NA,0.07,NA,0,NA,0,NA,0,NA,NA,NA,NA,NA,NA,NA
"Uchenna Nwosu","LAC","LB","13704","weighted",NA,NA,NA,NA,NA,NA,NA,NA,NA,NA,NA,NA,NA,NA,NA,NA,NA,NA,NA,NA,NA,NA,NA,NA,NA,NA,NA,NA,NA,NA,NA,NA,NA,NA,NA,NA,NA,NA,NA,NA,NA,NA,8.6468085106383,4.62447834896002,0.729787234042553,0.0424264068711929,0.0347517730496454,0.0494974746830583,0.374468085106383,0.106066017177982,0,0,2018,1996-12-28,NA,NA,NA,NA
"L.J. Fort","PIT","LB","10989","weighted",NA,NA,NA,NA,NA,NA,NA,NA,NA,NA,NA,NA,NA,NA,NA,NA,NA,NA,NA,NA,NA,NA,NA,NA,NA,NA,NA,NA,NA,NA,NA,NA,NA,NA,NA,NA,NA,NA,NA,NA,NA,NA,11.71,NA,0.55,NA,0.01,NA,0.38,NA,0,NA,2012,1990-01-03,NA,NA,NA,NA
"Justin March-Lillard","DAL","LB","12733","weighted",NA,NA,NA,NA,NA,NA,NA,NA,NA,NA,NA,NA,NA,NA,NA,NA,NA,NA,NA,NA,NA,NA,NA,NA,NA,NA,NA,NA,NA,NA,NA,NA,NA,NA,NA,NA,NA,NA,NA,NA,NA,NA,11.6,NA,0.59,NA,0.03,NA,0.36,NA,0,NA,NA,NA,NA,NA,NA,NA
"Lerentee McCray","JAC","LB","11460","weighted",NA,NA,NA,NA,NA,NA,NA,NA,NA,NA,NA,NA,NA,NA,NA,NA,NA,NA,NA,NA,NA,NA,NA,NA,NA,NA,NA,NA,NA,NA,NA,NA,NA,NA,NA,NA,NA,NA,NA,NA,NA,NA,11.47,NA,0.5,NA,0,NA,0.24,NA,0,NA,2013,1990-08-26,NA,NA,NA,NA
"Terrance Smith",NA,"LB","13045","weighted",NA,NA,NA,NA,NA,NA,NA,NA,NA,NA,NA,NA,NA,NA,NA,NA,NA,NA,NA,NA,NA,NA,NA,NA,NA,NA,NA,NA,NA,NA,NA,NA,NA,NA,NA,NA,NA,NA,NA,NA,NA,NA,9.33687943262411,2.36880771697493,0.90354609929078,0.707106781186547,0.150354609929078,0.0707106781186548,0.765248226950354,1.04651803615609,0,0,2016,1970-01-01,"IR","Knee - ACL",2018,0
"Brian Peters",NA,"LB","12529","weighted",NA,NA,NA,NA,NA,NA,NA,NA,NA,NA,NA,NA,NA,NA,NA,NA,NA,NA,NA,NA,NA,NA,NA,NA,NA,NA,NA,NA,NA,NA,NA,NA,NA,NA,NA,NA,NA,NA,NA,NA,NA,NA,10.86,NA,0.35,NA,0,NA,0.05,NA,0,NA,NA,NA,"IR","Undisclosed",2018,0
"Joseph Jones",NA,"LB","13543","weighted",NA,NA,NA,NA,NA,NA,NA,NA,NA,NA,NA,NA,NA,NA,NA,NA,NA,NA,NA,NA,NA,NA,NA,NA,NA,NA,NA,NA,NA,NA,NA,NA,NA,NA,NA,NA,NA,NA,NA,NA,NA,NA,10.77,NA,0.46,NA,0,NA,0.05,NA,0,NA,2017,1970-01-01,NA,NA,NA,NA
"Donald Payne","JAC","LB","13461","weighted",NA,NA,NA,NA,NA,NA,NA,NA,NA,NA,NA,NA,NA,NA,NA,NA,NA,NA,NA,NA,NA,NA,NA,NA,NA,NA,NA,NA,NA,NA,NA,NA,NA,NA,NA,NA,NA,NA,NA,NA,NA,NA,10.54,NA,0.22,NA,0,NA,0,NA,0,NA,2017,1994-07-12,NA,NA,NA,NA
"Brandon King","NE","LB","12542","weighted",NA,NA,NA,NA,NA,NA,NA,NA,NA,NA,NA,NA,NA,NA,NA,NA,NA,NA,NA,NA,NA,NA,NA,NA,NA,NA,NA,NA,NA,NA,NA,NA,NA,NA,NA,NA,NA,NA,NA,NA,NA,NA,10.4,NA,0,NA,0,NA,0.6,NA,0,NA,NA,NA,NA,NA,NA,NA
"Harold Landry","TEN","LB","13700","weighted",NA,NA,NA,NA,NA,NA,NA,NA,NA,NA,NA,NA,NA,NA,NA,NA,NA,NA,NA,NA,NA,NA,NA,NA,NA,NA,NA,NA,NA,NA,NA,NA,NA,NA,NA,NA,NA,NA,NA,NA,NA,NA,9.19,NA,1.01,NA,0,NA,0.38,NA,0,NA,2018,1996-06-05,NA,NA,NA,NA
"Hardy Nickerson","CIN","LB","13446","weighted",NA,NA,NA,NA,NA,NA,NA,NA,NA,NA,NA,NA,NA,NA,NA,NA,NA,NA,NA,NA,NA,NA,NA,NA,NA,NA,NA,NA,NA,NA,NA,NA,NA,NA,NA,NA,NA,NA,NA,NA,NA,NA,10.21,NA,0.46,NA,0.08,NA,0.58,NA,0,NA,2017,1994-01-05,NA,NA,NA,NA
"Kevin Minter","NYJ","LB","11310","weighted",NA,NA,NA,NA,NA,NA,NA,NA,NA,NA,NA,NA,NA,NA,NA,NA,NA,NA,NA,NA,NA,NA,NA,NA,NA,NA,NA,NA,NA,NA,NA,NA,NA,NA,NA,NA,NA,NA,NA,NA,NA,NA,10.1,NA,0,NA,0,NA,0,NA,0,NA,2013,1990-12-03,"IR","Calf",2018,0
"Kyle Wilber","OAK","LB","10831","weighted",NA,NA,NA,NA,NA,NA,NA,NA,NA,NA,NA,NA,NA,NA,NA,NA,NA,NA,NA,NA,NA,NA,NA,NA,NA,NA,NA,NA,NA,NA,NA,NA,NA,NA,NA,NA,NA,NA,NA,NA,NA,NA,9.63,NA,0.49,NA,0,NA,0.06,NA,0,NA,2012,1989-04-26,NA,NA,NA,NA
"Daren Bates","TEN","LB","11511","weighted",NA,NA,NA,NA,NA,NA,NA,NA,NA,NA,NA,NA,NA,NA,NA,NA,NA,NA,NA,NA,NA,NA,NA,NA,NA,NA,NA,NA,NA,NA,NA,NA,NA,NA,NA,NA,NA,NA,NA,NA,NA,NA,9.31,NA,0.23,NA,0,NA,0,NA,0,NA,2013,1990-11-27,NA,NA,NA,NA
"Nicholas Grigsby","NE","LB","12951","weighted",NA,NA,NA,NA,NA,NA,NA,NA,NA,NA,NA,NA,NA,NA,NA,NA,NA,NA,NA,NA,NA,NA,NA,NA,NA,NA,NA,NA,NA,NA,NA,NA,NA,NA,NA,NA,NA,NA,NA,NA,NA,NA,9,NA,0.44,NA,0,NA,0.09,NA,0,NA,2016,1992-07-02,NA,NA,NA,NA
"D.J. Alexander","SEA","LB","12329","weighted",NA,NA,NA,NA,NA,NA,NA,NA,NA,NA,NA,NA,NA,NA,NA,NA,NA,NA,NA,NA,NA,NA,NA,NA,NA,NA,NA,NA,NA,NA,NA,NA,NA,NA,NA,NA,NA,NA,NA,NA,NA,NA,8.62,NA,0.21,NA,0,NA,0,NA,0,NA,2015,1991-09-30,NA,NA,NA,NA
"Deon Lacey","BUF","LB","13247","weighted",NA,NA,NA,NA,NA,NA,NA,NA,NA,NA,NA,NA,NA,NA,NA,NA,NA,NA,NA,NA,NA,NA,NA,NA,NA,NA,NA,NA,NA,NA,NA,NA,NA,NA,NA,NA,NA,NA,NA,NA,NA,NA,8.3,NA,0.33,NA,0,NA,0,NA,0,NA,2016,1990-07-18,NA,NA,NA,NA
"Cameron Lynch","TB","LB","12496","weighted",NA,NA,NA,NA,NA,NA,NA,NA,NA,NA,NA,NA,NA,NA,NA,NA,NA,NA,NA,NA,NA,NA,NA,NA,NA,NA,NA,NA,NA,NA,NA,NA,NA,NA,NA,NA,NA,NA,NA,NA,NA,NA,5.10141843971631,3.70523953341751,0.233333333333333,0.332340187157677,0,0,0.0347517730496454,0.0494974746830583,0,0,NA,NA,NA,NA,NA,NA
"Elijah Lee","SF","LB","13353","weighted",NA,NA,NA,NA,NA,NA,NA,NA,NA,NA,NA,NA,NA,NA,NA,NA,NA,NA,NA,NA,NA,NA,NA,NA,NA,NA,NA,NA,NA,NA,NA,NA,NA,NA,NA,NA,NA,NA,NA,NA,NA,NA,7.68,NA,0.47,NA,0,NA,0.12,NA,0,NA,2017,1996-02-08,NA,NA,NA,NA
"Tanner Vallejo","BUF","LB","13329","weighted",NA,NA,NA,NA,NA,NA,NA,NA,NA,NA,NA,NA,NA,NA,NA,NA,NA,NA,NA,NA,NA,NA,NA,NA,NA,NA,NA,NA,NA,NA,NA,NA,NA,NA,NA,NA,NA,NA,NA,NA,NA,NA,4.11914893617021,4.1577878733769,0.0794326241134752,0.113137084989848,0,0,0.024822695035461,0.0353553390593274,0,0,2017,NA,"IR","Hamstring",2018,0
"Jared Norris","CAR","LB","12958","weighted",NA,NA,NA,NA,NA,NA,NA,NA,NA,NA,NA,NA,NA,NA,NA,NA,NA,NA,NA,NA,NA,NA,NA,NA,NA,NA,NA,NA,NA,NA,NA,NA,NA,NA,NA,NA,NA,NA,NA,NA,NA,NA,6.76,NA,0.37,NA,0,NA,0.02,NA,0,NA,2016,1993-07-19,"IR","Toe",2018,0
"Ben Jacobs","CAR","LB","10662","weighted",NA,NA,NA,NA,NA,NA,NA,NA,NA,NA,NA,NA,NA,NA,NA,NA,NA,NA,NA,NA,NA,NA,NA,NA,NA,NA,NA,NA,NA,NA,NA,NA,NA,NA,NA,NA,NA,NA,NA,NA,NA,NA,6.6,NA,0.35,NA,0,NA,0.07,NA,0,NA,2011,1988-04-17,NA,NA,NA,NA
"Ben Heeney","HOU","LB","12306","weighted",NA,NA,NA,NA,NA,NA,NA,NA,NA,NA,NA,NA,NA,NA,NA,NA,NA,NA,NA,NA,NA,NA,NA,NA,NA,NA,NA,NA,NA,NA,NA,NA,NA,NA,NA,NA,NA,NA,NA,NA,NA,NA,6.4,NA,0.5,NA,0,NA,0,NA,0,NA,NA,NA,"Q","Ankle",2018,0
"Eric Wilson","MIN","LB","13447","weighted",NA,NA,NA,NA,NA,NA,NA,NA,NA,NA,NA,NA,NA,NA,NA,NA,NA,NA,NA,NA,NA,NA,NA,NA,NA,NA,NA,NA,NA,NA,NA,NA,NA,NA,NA,NA,NA,NA,NA,NA,NA,NA,6.33,NA,0.34,NA,0,NA,0.17,NA,0,NA,2017,1994-09-26,NA,NA,NA,NA
"Dylan Donahue","NYJ","LB","13318","weighted",NA,NA,NA,NA,NA,NA,NA,NA,NA,NA,NA,NA,NA,NA,NA,NA,NA,NA,NA,NA,NA,NA,NA,NA,NA,NA,NA,NA,NA,NA,NA,NA,NA,NA,NA,NA,NA,NA,NA,NA,NA,NA,3.6,NA,0.2,NA,0,NA,0.2,NA,0,NA,2017,NA,NA,NA,NA,NA
"Joe Walker","PHI","LB","12854","weighted",NA,NA,NA,NA,NA,NA,NA,NA,NA,NA,NA,NA,NA,NA,NA,NA,NA,NA,NA,NA,NA,NA,NA,NA,NA,NA,NA,NA,NA,NA,NA,NA,NA,NA,NA,NA,NA,NA,NA,NA,NA,NA,2.9,NA,0,NA,0,NA,1.1,NA,0,NA,2016,1992-12-11,NA,NA,NA,NA
"Kentrell Brothers","MIN","LB","12710","weighted",NA,NA,NA,NA,NA,NA,NA,NA,NA,NA,NA,NA,NA,NA,NA,NA,NA,NA,NA,NA,NA,NA,NA,NA,NA,NA,NA,NA,NA,NA,NA,NA,NA,NA,NA,NA,NA,NA,NA,NA,NA,NA,2.1,NA,0,NA,0,NA,0,NA,0,NA,2016,NA,NA,NA,NA,NA
"Corey Nelson","FA","LB","11877","weighted",NA,NA,NA,NA,NA,NA,NA,NA,NA,NA,NA,NA,NA,NA,NA,NA,NA,NA,NA,NA,NA,NA,NA,NA,NA,NA,NA,NA,NA,NA,NA,NA,NA,NA,NA,NA,NA,NA,NA,NA,NA,NA,0.7,NA,0,NA,0,NA,0,NA,0,NA,2014,1992-04-22,NA,NA,NA,NA
"Paul Dawson","SEA","LB","12236","weighted",NA,NA,NA,NA,NA,NA,NA,NA,NA,NA,NA,NA,NA,NA,NA,NA,NA,NA,NA,NA,NA,NA,NA,NA,NA,NA,NA,NA,NA,NA,NA,NA,NA,NA,NA,NA,NA,NA,NA,NA,NA,NA,0.1,NA,0,NA,0,NA,0,NA,0,NA,2015,1993-01-13,NA,NA,NA,NA
"Nick Bellore","DET","LB","10514","weighted",NA,NA,NA,NA,NA,NA,NA,NA,NA,NA,NA,NA,NA,NA,NA,NA,NA,NA,NA,NA,NA,NA,NA,NA,NA,NA,NA,NA,NA,NA,NA,NA,NA,NA,NA,NA,NA,NA,NA,NA,NA,NA,0,NA,0,NA,0,NA,0,NA,0,NA,2011,1989-05-12,NA,NA,NA,NA
"Josh Forrest","SEA","LB","12818","weighted",NA,NA,NA,NA,NA,NA,NA,NA,NA,NA,NA,NA,NA,NA,NA,NA,NA,NA,NA,NA,NA,NA,NA,NA,NA,NA,NA,NA,NA,NA,NA,NA,NA,NA,NA,NA,NA,NA,NA,NA,NA,NA,0,NA,0,NA,0,NA,0,NA,0,NA,2016,1992-02-24,NA,NA,NA,NA
"Reshad Jones","MIA","DB","9966","weighted",NA,NA,NA,NA,NA,NA,NA,NA,NA,NA,NA,NA,NA,NA,NA,NA,NA,NA,NA,NA,NA,NA,NA,NA,NA,NA,NA,NA,NA,NA,NA,NA,NA,NA,NA,NA,NA,NA,NA,NA,NA,NA,97.7061913043478,18.7164130618519,1.63433043478261,0.198499311422894,1.91220869565217,0.841780235697666,5.84438260869565,1.32815551717667,0,0,2010,1988-02-25,"Q","Leg",2018,0
"Landon Collins","NYG","DB","12250","weighted",NA,NA,NA,NA,NA,NA,NA,NA,NA,NA,NA,NA,NA,NA,NA,NA,NA,NA,NA,NA,NA,NA,NA,NA,NA,NA,NA,NA,NA,NA,NA,NA,NA,NA,NA,NA,NA,NA,NA,NA,NA,NA,89.3557217391304,9.77835788518426,1.55064347826087,0.685418990401686,2.94914782608696,0.671215007729142,8.66379130434783,3.19199231466948,0,0,2015,1994-01-10,"IR","Shoulder",2018,0
"Devin McCourty","NE","DB","9846","weighted",NA,NA,NA,NA,NA,NA,NA,NA,NA,NA,NA,NA,NA,NA,NA,NA,NA,NA,NA,NA,NA,NA,NA,NA,NA,NA,NA,NA,NA,NA,NA,NA,NA,NA,NA,NA,NA,NA,NA,NA,NA,NA,77.0660173913043,15.6162949802812,0.605252173913044,0.212125374770713,1.33398260869565,0.346356464540875,4.84020869565217,0.93859844503238,0,0,2010,1987-08-13,NA,NA,NA,NA
"Sean Davis","PIT","DB","12748","weighted",NA,NA,NA,NA,NA,NA,NA,NA,NA,NA,NA,NA,NA,NA,NA,NA,NA,NA,NA,NA,NA,NA,NA,NA,NA,NA,NA,NA,NA,NA,NA,NA,NA,NA,NA,NA,NA,NA,NA,NA,NA,NA,71.3558956521739,17.1244615923865,1.12257391304348,0.384764701678225,2.07005217391304,0.787446360344534,5.70935652173913,1.87863619468482,0,0,2016,NA,"Q","Quadriceps",2018,0
"Patrick Chung","NE","DB","9465","weighted",NA,NA,NA,NA,NA,NA,NA,NA,NA,NA,NA,NA,NA,NA,NA,NA,NA,NA,NA,NA,NA,NA,NA,NA,NA,NA,NA,NA,NA,NA,NA,NA,NA,NA,NA,NA,NA,NA,NA,NA,NA,NA,70.5026086956522,15.3576261061287,0.180834782608696,0.257890726055324,1.71332173913043,0.722518628651321,7.48285217391304,1.04481365157998,0,0,2009,1987-08-19,NA,NA,NA,NA
"Tony Jefferson","BAL","DB","11327","weighted",NA,NA,NA,NA,NA,NA,NA,NA,NA,NA,NA,NA,NA,NA,NA,NA,NA,NA,NA,NA,NA,NA,NA,NA,NA,NA,NA,NA,NA,NA,NA,NA,NA,NA,NA,NA,NA,NA,NA,NA,NA,NA,68.5305739130435,15.6775511939933,2.33506086956522,0.415225552167977,1.23666086956522,0.224487899855201,3.70455652173913,0.897356043307765,0,0,2013,1992-01-27,"Q","Ankle",2018,0
"Marcus Maye","NYJ","DB","13252","weighted",NA,NA,NA,NA,NA,NA,NA,NA,NA,NA,NA,NA,NA,NA,NA,NA,NA,NA,NA,NA,NA,NA,NA,NA,NA,NA,NA,NA,NA,NA,NA,NA,NA,NA,NA,NA,NA,NA,NA,NA,NA,NA,63.6243130434783,18.5585643472949,0.00243478260869565,0.00495648603346974,1.27958260869565,0.230325852622801,3.4567652173913,1.45126867913435,0,0,2017,1994-01-01,"IR","Shoulder",2018,0
"Reggie Nelson","OAK","DB","8668","weighted",NA,NA,NA,NA,NA,NA,NA,NA,NA,NA,NA,NA,NA,NA,NA,NA,NA,NA,NA,NA,NA,NA,NA,NA,NA,NA,NA,NA,NA,NA,NA,NA,NA,NA,NA,NA,NA,NA,NA,NA,NA,NA,52.0636869565217,30.3463598485582,0.124173913043478,0.252780787706957,1.43561739130435,1.15142205198396,4.54184347826087,3.0770970774391,0,0,2007,1983-09-21,"IR","Shoulder",2018,0
"Barry Church","JAC","DB","10074","weighted",NA,NA,NA,NA,NA,NA,NA,NA,NA,NA,NA,NA,NA,NA,NA,NA,NA,NA,NA,NA,NA,NA,NA,NA,NA,NA,NA,NA,NA,NA,NA,NA,NA,NA,NA,NA,NA,NA,NA,NA,NA,NA,67.0990956521739,15.7208308136403,1.16619130434783,0.240110377099143,2.47937391304348,0.625583441492291,6.54998260869565,1.75755767736184,0,0,2010,1988-02-11,NA,NA,NA,NA
"Karl Joseph","OAK","DB","12717","weighted",NA,NA,NA,NA,NA,NA,NA,NA,NA,NA,NA,NA,NA,NA,NA,NA,NA,NA,NA,NA,NA,NA,NA,NA,NA,NA,NA,NA,NA,NA,NA,NA,NA,NA,NA,NA,NA,NA,NA,NA,NA,NA,61.3321391304348,20.9190251604368,0.989078260869565,0.220674973863048,1.13926956521739,0.292274642608364,4.60702608695652,0.623704933130913,0,0,2016,NA,NA,NA,NA,NA
"Chris Conte","TB","DB","10344","weighted",NA,NA,NA,NA,NA,NA,NA,NA,NA,NA,NA,NA,NA,NA,NA,NA,NA,NA,NA,NA,NA,NA,NA,NA,NA,NA,NA,NA,NA,NA,NA,NA,NA,NA,NA,NA,NA,NA,NA,NA,NA,NA,66.3739130434783,16.4502984801444,0.0535652173913044,0.109042692736334,1.73335652173913,0.305896680118114,7.16048695652174,1.04174298607047,0,0,2011,1989-02-23,"IR","Knee - PCL",2018,0
"James Bradberry","CAR","DB","12750","weighted",NA,NA,NA,NA,NA,NA,NA,NA,NA,NA,NA,NA,NA,NA,NA,NA,NA,NA,NA,NA,NA,NA,NA,NA,NA,NA,NA,NA,NA,NA,NA,NA,NA,NA,NA,NA,NA,NA,NA,NA,NA,NA,68.8115826086957,14.0552485864014,0.753460869565218,0.231332290688671,2.30852173913043,0.729797477578046,9.3559652173913,2.85353478751432,0,0,2016,1993-08-04,NA,NA,NA,NA
"Glover Quin","DET","DB","9549","weighted",NA,NA,NA,NA,NA,NA,NA,NA,NA,NA,NA,NA,NA,NA,NA,NA,NA,NA,NA,NA,NA,NA,NA,NA,NA,NA,NA,NA,NA,NA,NA,NA,NA,NA,NA,NA,NA,NA,NA,NA,NA,NA,69.6526956521739,12.2566931013619,0.352347826086957,0.451327452618611,2.18358260869565,0.631119943126553,5.39721739130435,1.53065523625879,0,0,2009,1986-01-15,NA,NA,NA,NA
"Harrison Smith","MIN","DB","10783","weighted",NA,NA,NA,NA,NA,NA,NA,NA,NA,NA,NA,NA,NA,NA,NA,NA,NA,NA,NA,NA,NA,NA,NA,NA,NA,NA,NA,NA,NA,NA,NA,NA,NA,NA,NA,NA,NA,NA,NA,NA,NA,NA,72.9101913043478,10.9814659842157,2.06260869565217,0.6258335036616,2.67311304347826,0.230537378347578,8.62706086956522,1.82449478164467,0,0,2012,1989-02-02,NA,NA,NA,NA
"Jordan Poyer","BUF","DB","11317","weighted",NA,NA,NA,NA,NA,NA,NA,NA,NA,NA,NA,NA,NA,NA,NA,NA,NA,NA,NA,NA,NA,NA,NA,NA,NA,NA,NA,NA,NA,NA,NA,NA,NA,NA,NA,NA,NA,NA,NA,NA,NA,NA,68.9341565217391,13.4030507931088,1.00813913043478,0.356476107772898,3.49801739130435,1.1140166860582,10.2932869565217,1.45937397748841,0,0,2013,1991-04-25,NA,NA,NA,NA
"Byron Jones","DAL","DB","12268","weighted",NA,NA,NA,NA,NA,NA,NA,NA,NA,NA,NA,NA,NA,NA,NA,NA,NA,NA,NA,NA,NA,NA,NA,NA,NA,NA,NA,NA,NA,NA,NA,NA,NA,NA,NA,NA,NA,NA,NA,NA,NA,NA,63.7232695652174,15.70475988841,0.189913043478261,0.38660591061064,1.50344347826087,0.577098226410711,6.50024347826087,1.72964151494644,0,0,2015,1992-08-26,NA,NA,NA,NA
"Budda Baker","ARI","DB","13251","weighted",NA,NA,NA,NA,NA,NA,NA,NA,NA,NA,NA,NA,NA,NA,NA,NA,NA,NA,NA,NA,NA,NA,NA,NA,NA,NA,NA,NA,NA,NA,NA,NA,NA,NA,NA,NA,NA,NA,NA,NA,NA,NA,76.1166956521739,10.8914163360678,1.36914782608696,0.743465315345528,2.02504347826087,0.124842819174623,9.33286956521739,2.36730963920502,0,0,2017,1996-01-10,NA,NA,NA,NA
"Ha Ha Clinton-Dix","GB","DB","11740","weighted",NA,NA,NA,NA,NA,NA,NA,NA,NA,NA,NA,NA,NA,NA,NA,NA,NA,NA,NA,NA,NA,NA,NA,NA,NA,NA,NA,NA,NA,NA,NA,NA,NA,NA,NA,NA,NA,NA,NA,NA,NA,NA,68.810747826087,12.7091434723657,0.669217391304348,0.643532001539816,2.48584347826087,1.04471801202943,6.1399652173913,1.0864094630238,0,0,2014,1992-12-21,NA,NA,NA,NA
"Josh Jones","GB","DB","13264","weighted",NA,NA,NA,NA,NA,NA,NA,NA,NA,NA,NA,NA,NA,NA,NA,NA,NA,NA,NA,NA,NA,NA,NA,NA,NA,NA,NA,NA,NA,NA,NA,NA,NA,NA,NA,NA,NA,NA,NA,NA,NA,NA,65.8941913043478,16.6876749438556,1.32862608695652,0.469087192057318,2.18608695652174,0.854797397645806,5.84994782608696,2.53371054186332,0,0,2017,1995-01-01,NA,NA,NA,NA
"Vonn Bell","NO","DB","12718","weighted",NA,NA,NA,NA,NA,NA,NA,NA,NA,NA,NA,NA,NA,NA,NA,NA,NA,NA,NA,NA,NA,NA,NA,NA,NA,NA,NA,NA,NA,NA,NA,NA,NA,NA,NA,NA,NA,NA,NA,NA,NA,NA,56.7346434782609,20.9801429221018,2.92173913043478,0.620118575722091,0.301565217391304,0.271053283565029,2.38726956521739,0.570353912386434,0,0,2016,1994-12-12,NA,NA,NA,NA
"Tyrann Mathieu","HOU","DB","11313","weighted",NA,NA,NA,NA,NA,NA,NA,NA,NA,NA,NA,NA,NA,NA,NA,NA,NA,NA,NA,NA,NA,NA,NA,NA,NA,NA,NA,NA,NA,NA,NA,NA,NA,NA,NA,NA,NA,NA,NA,NA,NA,NA,69.4690086956522,10.405520280477,0.990886956521739,0.144941412431801,2.97801739130435,0.935369583008436,8.36806956521739,4.05618802312262,0,0,2013,1992-05-13,NA,NA,NA,NA
"Kenny Vaccaro","TEN","DB","11324","weighted",NA,NA,NA,NA,NA,NA,NA,NA,NA,NA,NA,NA,NA,NA,NA,NA,NA,NA,NA,NA,NA,NA,NA,NA,NA,NA,NA,NA,NA,NA,NA,NA,NA,NA,NA,NA,NA,NA,NA,NA,NA,NA,60.3565565217391,29.6093262289323,1.38452173913043,0.563429268481443,1.48521739130435,0.891061968603078,6.04973913043478,3.81493900354912,0,0,2013,1991-02-15,NA,NA,NA,NA
"Keanu Neal","ATL","DB","12736","weighted",NA,NA,NA,NA,NA,NA,NA,NA,NA,NA,NA,NA,NA,NA,NA,NA,NA,NA,NA,NA,NA,NA,NA,NA,NA,NA,NA,NA,NA,NA,NA,NA,NA,NA,NA,NA,NA,NA,NA,NA,NA,NA,82.4461893764434,1.2988550831068,0.329792147806005,0.58448727293784,1.22540415704388,0.580078983336891,7.26420323325635,0.254788629427172,0,0,2016,NA,"IR","Knee - ACL",2018,0
"Matthias Farley","IND","DB","12990","weighted",NA,NA,NA,NA,NA,NA,NA,NA,NA,NA,NA,NA,NA,NA,NA,NA,NA,NA,NA,NA,NA,NA,NA,NA,NA,NA,NA,NA,NA,NA,NA,NA,NA,NA,NA,NA,NA,NA,NA,NA,NA,NA,51.6087304347826,26.7106451727778,0.0486956521739131,0.0991297206693949,1.3383652173913,0.614733641948915,5.31074782608696,3.5163199330859,0,0,2016,1992-07-15,"IR","Shoulder",2018,0
"Jabrill Peppers","CLE","DB","13231","weighted",NA,NA,NA,NA,NA,NA,NA,NA,NA,NA,NA,NA,NA,NA,NA,NA,NA,NA,NA,NA,NA,NA,NA,NA,NA,NA,NA,NA,NA,NA,NA,NA,NA,NA,NA,NA,NA,NA,NA,NA,NA,NA,59.4329043478261,14.8813868456732,0.00486956521739131,0.00991297206693949,1.2215652173913,0.756052161396455,4.86309565217391,1.06696603499404,1,0,2017,1995-10-04,NA,NA,NA,NA
"Jamal Adams","NYJ","DB","13230","weighted",NA,NA,NA,NA,NA,NA,NA,NA,NA,NA,NA,NA,NA,NA,NA,NA,NA,NA,NA,NA,NA,NA,NA,NA,NA,NA,NA,NA,NA,NA,NA,NA,NA,NA,NA,NA,NA,NA,NA,NA,NA,NA,70.8102608695652,7.65365528387213,2.04904347826087,0.789271233133879,1.2903652173913,0.713526190380284,6.28132173913044,1.70808636384871,0,0,2017,1995-10-17,NA,NA,NA,NA
"Darqueze Dennard","CIN","DB","11737","weighted",NA,NA,NA,NA,NA,NA,NA,NA,NA,NA,NA,NA,NA,NA,NA,NA,NA,NA,NA,NA,NA,NA,NA,NA,NA,NA,NA,NA,NA,NA,NA,NA,NA,NA,NA,NA,NA,NA,NA,NA,NA,NA,55.680347826087,17.8347075765535,1.13954782608696,0.490791631548289,1.31026086956522,0.472162259684895,4.49906086956522,0.655721208804272,0,0,2014,1991-08-10,NA,NA,NA,NA
"Adrian Amos","CHI","DB","12308","weighted",NA,NA,NA,NA,NA,NA,NA,NA,NA,NA,NA,NA,NA,NA,NA,NA,NA,NA,NA,NA,NA,NA,NA,NA,NA,NA,NA,NA,NA,NA,NA,NA,NA,NA,NA,NA,NA,NA,NA,NA,NA,NA,73.4291130434783,9.68956352051481,0.102260869565217,0.208172413405729,1.51026086956522,0.406858318764737,4.31478260869565,2.20170877758424,0,0,2015,1993-04-29,NA,NA,NA,NA
"Ricardo Allen","ATL","DB","11814","weighted",NA,NA,NA,NA,NA,NA,NA,NA,NA,NA,NA,NA,NA,NA,NA,NA,NA,NA,NA,NA,NA,NA,NA,NA,NA,NA,NA,NA,NA,NA,NA,NA,NA,NA,NA,NA,NA,NA,NA,NA,NA,NA,55.1507130434783,19.9782239455228,0.0925913043478261,0.175450615967292,1.14024347826087,0.410231064466046,3.23673043478261,1.39187586162477,0,0,2014,1991-12-18,"IR","Achilles",2018,0
"Micah Hyde","BUF","DB","11382","weighted",NA,NA,NA,NA,NA,NA,NA,NA,NA,NA,NA,NA,NA,NA,NA,NA,NA,NA,NA,NA,NA,NA,NA,NA,NA,NA,NA,NA,NA,NA,NA,NA,NA,NA,NA,NA,NA,NA,NA,NA,NA,NA,69.1801391304348,8.8027610137004,0.347826086956522,0.478193979848734,3.30553043478261,0.679553203624245,9.97982608695652,2.08665650340846,0,0,2013,1990-12-31,NA,NA,NA,NA
"Bradley McDougald","SEA","DB","11517","weighted",NA,NA,NA,NA,NA,NA,NA,NA,NA,NA,NA,NA,NA,NA,NA,NA,NA,NA,NA,NA,NA,NA,NA,NA,NA,NA,NA,NA,NA,NA,NA,NA,NA,NA,NA,NA,NA,NA,NA,NA,NA,NA,66.7381062355658,14.3520263216383,0.12933025404157,0.229210695269741,1.5810623556582,0.604368151547104,7.67990762124711,1.22056774890329,0,0,2013,1990-11-15,NA,NA,NA,NA
"Antoine Bethea","ARI","DB","8448","weighted",NA,NA,NA,NA,NA,NA,NA,NA,NA,NA,NA,NA,NA,NA,NA,NA,NA,NA,NA,NA,NA,NA,NA,NA,NA,NA,NA,NA,NA,NA,NA,NA,NA,NA,NA,NA,NA,NA,NA,NA,NA,NA,62.6876869565217,13.8548607305269,0.829147826086956,0.342360474949285,3.35401739130435,1.02864807250541,7.43060869565217,2.12786626689172,0,0,2006,1984-07-07,NA,NA,NA,NA
"Eddie Jackson","CHI","DB","13229","weighted",NA,NA,NA,NA,NA,NA,NA,NA,NA,NA,NA,NA,NA,NA,NA,NA,NA,NA,NA,NA,NA,NA,NA,NA,NA,NA,NA,NA,NA,NA,NA,NA,NA,NA,NA,NA,NA,NA,NA,NA,NA,NA,64.7790608695652,9.9146916512771,0.511652173913044,0.482306924753002,2.18100869565217,0.511522694324173,5.64459130434783,0.97521732374943,0,0,2017,NA,NA,NA,NA,NA
"Andrew Sendejo","MIN","DB","10220","weighted",NA,NA,NA,NA,NA,NA,NA,NA,NA,NA,NA,NA,NA,NA,NA,NA,NA,NA,NA,NA,NA,NA,NA,NA,NA,NA,NA,NA,NA,NA,NA,NA,NA,NA,NA,NA,NA,NA,NA,NA,NA,NA,61.8702260869565,14.1907162929885,0.234608695652174,0.220162889263287,2.31485217391304,1.02865364508867,6.51255652173913,2.80761691777254,0,0,2010,1987-09-09,"IR","Groin",2018,0
"Kareem Jackson","HOU","DB","9861","weighted",NA,NA,NA,NA,NA,NA,NA,NA,NA,NA,NA,NA,NA,NA,NA,NA,NA,NA,NA,NA,NA,NA,NA,NA,NA,NA,NA,NA,NA,NA,NA,NA,NA,NA,NA,NA,NA,NA,NA,NA,NA,NA,60.571652173913,12.9701508847973,0.62024347826087,0.678708829768627,2.3591652173913,0.615446245472546,8.39481739130435,2.71213158863248,0,0,2010,1988-04-10,NA,NA,NA,NA
"Tavon Wilson","DET","DB","10808","weighted",NA,NA,NA,NA,NA,NA,NA,NA,NA,NA,NA,NA,NA,NA,NA,NA,NA,NA,NA,NA,NA,NA,NA,NA,NA,NA,NA,NA,NA,NA,NA,NA,NA,NA,NA,NA,NA,NA,NA,NA,NA,NA,50.517947826087,24.8405878165768,1.32664347826087,0.533349302240601,1.38413913043478,1.02085431989745,3.97335652173913,3.1063341999134,0,0,2012,1990-03-19,NA,NA,NA,NA
"George Iloka","MIN","DB","10784","weighted",NA,NA,NA,NA,NA,NA,NA,NA,NA,NA,NA,NA,NA,NA,NA,NA,NA,NA,NA,NA,NA,NA,NA,NA,NA,NA,NA,NA,NA,NA,NA,NA,NA,NA,NA,NA,NA,NA,NA,NA,NA,NA,47.3729391304348,26.2362730634857,0.0973913043478261,0.19825944133879,1.15986086956522,0.608644316460546,3.3808,1.5889577460159,0,0,2012,1990-06-20,NA,NA,NA,NA
"Ryan Smith","TB","DB","12775","weighted",NA,NA,NA,NA,NA,NA,NA,NA,NA,NA,NA,NA,NA,NA,NA,NA,NA,NA,NA,NA,NA,NA,NA,NA,NA,NA,NA,NA,NA,NA,NA,NA,NA,NA,NA,NA,NA,NA,NA,NA,NA,NA,45.3266666666667,47.1923065763902,0.660283687943262,0.940452018978108,0.929503546099291,0.898025612106915,4.11929078014184,0.855599205235722,0,0,2016,1993-09-07,NA,NA,NA,NA
"Logan Ryan","TEN","DB","11316","weighted",NA,NA,NA,NA,NA,NA,NA,NA,NA,NA,NA,NA,NA,NA,NA,NA,NA,NA,NA,NA,NA,NA,NA,NA,NA,NA,NA,NA,NA,NA,NA,NA,NA,NA,NA,NA,NA,NA,NA,NA,NA,NA,65.6061217391304,8.82441355726733,0.138921739130435,0.256913598490041,1.80250434782609,0.9858031653044,9.97620869565218,1.03065605437056,0,0,2013,1991-02-09,"IR","Lower Leg",2018,0
"Eric Weddle","BAL","DB","8713","weighted",NA,NA,NA,NA,NA,NA,NA,NA,NA,NA,NA,NA,NA,NA,NA,NA,NA,NA,NA,NA,NA,NA,NA,NA,NA,NA,NA,NA,NA,NA,NA,NA,NA,NA,NA,NA,NA,NA,NA,NA,NA,NA,57.7629565217391,13.64035160467,0.965773913043478,0.106931670520294,3.8967652173913,1.30197375677956,7.95982608695652,0.969304973025643,0,0,2007,1985-01-04,NA,NA,NA,NA
"D.J. Swearinger","WAS","DB","11350","weighted",NA,NA,NA,NA,NA,NA,NA,NA,NA,NA,NA,NA,NA,NA,NA,NA,NA,NA,NA,NA,NA,NA,NA,NA,NA,NA,NA,NA,NA,NA,NA,NA,NA,NA,NA,NA,NA,NA,NA,NA,NA,NA,61.5657739130435,13.5134480462567,1.09408695652174,0.330914412798535,2.94358260869565,0.825001690345442,7.43951304347826,1.96840887058118,0,0,2013,1991-09-01,NA,NA,NA,NA
"Earl Thomas","SEA","DB","9829","weighted",NA,NA,NA,NA,NA,NA,NA,NA,NA,NA,NA,NA,NA,NA,NA,NA,NA,NA,NA,NA,NA,NA,NA,NA,NA,NA,NA,NA,NA,NA,NA,NA,NA,NA,NA,NA,NA,NA,NA,NA,NA,NA,66.5995402298851,10.4417587875116,0.0522298850574713,0.0919067290618421,2.04027586206897,0.957106421827115,7.88468965517241,2.06432241353598,0,0,2010,1989-05-07,"IR","Lower Leg",2018,0
"Adoree Jackson","TEN","DB","13226","weighted",NA,NA,NA,NA,NA,NA,NA,NA,NA,NA,NA,NA,NA,NA,NA,NA,NA,NA,NA,NA,NA,NA,NA,NA,NA,NA,NA,NA,NA,NA,NA,NA,NA,NA,NA,NA,NA,NA,NA,NA,NA,NA,52.0674434782609,27.6202434215183,0.12744347826087,0.150893168118118,1.2936347826087,0.968937008273101,11.0382260869565,4.91401761495773,0,0,2017,1995-09-18,NA,NA,NA,NA
"Marcus Williams","NO","DB","13253","weighted",NA,NA,NA,NA,NA,NA,NA,NA,NA,NA,NA,NA,NA,NA,NA,NA,NA,NA,NA,NA,NA,NA,NA,NA,NA,NA,NA,NA,NA,NA,NA,NA,NA,NA,NA,NA,NA,NA,NA,NA,NA,NA,64.4037913043478,9.08812403866335,0.27704347826087,0.425280421231833,3.11464347826087,0.327235057875209,7.73057391304348,1.40716529778819,0,0,2017,1996-09-08,NA,NA,NA,NA
"Malcolm Jenkins","PHI","DB","9430","weighted",NA,NA,NA,NA,NA,NA,NA,NA,NA,NA,NA,NA,NA,NA,NA,NA,NA,NA,NA,NA,NA,NA,NA,NA,NA,NA,NA,NA,NA,NA,NA,NA,NA,NA,NA,NA,NA,NA,NA,NA,NA,NA,65.6978434782609,8.25711707079486,1.19053913043478,0.511659886432636,2.46553043478261,0.463276717598077,7.95930434782609,2.40573419979204,0,0,2009,1987-12-20,NA,NA,NA,NA
"Mike Adams","CAR","DB","7757","weighted",NA,NA,NA,NA,NA,NA,NA,NA,NA,NA,NA,NA,NA,NA,NA,NA,NA,NA,NA,NA,NA,NA,NA,NA,NA,NA,NA,NA,NA,NA,NA,NA,NA,NA,NA,NA,NA,NA,NA,NA,NA,NA,58.5265391304348,12.0024975688834,0.185669565217391,0.271908217616242,2.47332173913043,0.478796946816728,8.05140869565217,1.74340510854794,0,0,2004,1981-03-24,NA,NA,NA,NA
"Quincy Wilson","IND","DB","13255","weighted",NA,NA,NA,NA,NA,NA,NA,NA,NA,NA,NA,NA,NA,NA,NA,NA,NA,NA,NA,NA,NA,NA,NA,NA,NA,NA,NA,NA,NA,NA,NA,NA,NA,NA,NA,NA,NA,NA,NA,NA,NA,NA,39.6547130434783,29.5593913318439,0.1232,0.186187986650576,1.39151304347826,0.846709558535841,7.46198260869565,5.50792421170534,0,0,2017,1996-01-01,NA,NA,NA,NA
"Kurt Coleman","NO","DB","10026","weighted",NA,NA,NA,NA,NA,NA,NA,NA,NA,NA,NA,NA,NA,NA,NA,NA,NA,NA,NA,NA,NA,NA,NA,NA,NA,NA,NA,NA,NA,NA,NA,NA,NA,NA,NA,NA,NA,NA,NA,NA,NA,NA,65.5565819861432,12.3459704671589,1.07205542725173,0.109951508926725,2.42448036951501,1.01794323551261,8.64942263279446,4.57909834510307,0,0,2010,1988-07-01,NA,NA,NA,NA
"Kevin Byard","TEN","DB","12752","weighted",NA,NA,NA,NA,NA,NA,NA,NA,NA,NA,NA,NA,NA,NA,NA,NA,NA,NA,NA,NA,NA,NA,NA,NA,NA,NA,NA,NA,NA,NA,NA,NA,NA,NA,NA,NA,NA,NA,NA,NA,NA,NA,69.6693565217391,4.4030013651734,0.161739130434783,0.240304478476443,3.72584347826087,1.02586143804296,10.562747826087,0.833354144865503,1,0,2016,1993-08-17,NA,NA,NA,NA
"Darian Stewart","DEN","DB","10122","weighted",NA,NA,NA,NA,NA,NA,NA,NA,NA,NA,NA,NA,NA,NA,NA,NA,NA,NA,NA,NA,NA,NA,NA,NA,NA,NA,NA,NA,NA,NA,NA,NA,NA,NA,NA,NA,NA,NA,NA,NA,NA,NA,60.0564521739131,9.53599224728865,0.0244173913043478,0.0376146390488014,2.64827826086957,1.14238267268277,5.98907826086957,1.60273795924911,0,0,2010,1988-08-04,NA,NA,NA,NA
"Jaquiski Tartt","SF","DB","12274","weighted",NA,NA,NA,NA,NA,NA,NA,NA,NA,NA,NA,NA,NA,NA,NA,NA,NA,NA,NA,NA,NA,NA,NA,NA,NA,NA,NA,NA,NA,NA,NA,NA,NA,NA,NA,NA,NA,NA,NA,NA,NA,NA,64.0605565217391,10.2933770807589,1.36852173913043,0.781338106981955,1.30066086956522,0.684734193587515,4.30998260869565,1.84121599276407,0,0,2015,1992-02-18,"IR","Shoulder",2018,0
"Tashaun Gipson","JAC","DB","11010","weighted",NA,NA,NA,NA,NA,NA,NA,NA,NA,NA,NA,NA,NA,NA,NA,NA,NA,NA,NA,NA,NA,NA,NA,NA,NA,NA,NA,NA,NA,NA,NA,NA,NA,NA,NA,NA,NA,NA,NA,NA,NA,NA,56.0896695652174,11.7322342597146,0.248417391304348,0.492502744921082,1.72598260869565,0.538255422509827,4.88660869565217,1.22782392639048,0,0,2012,1990-08-07,NA,NA,NA,NA
"Teez Tabor","DET","DB","13259","weighted",NA,NA,NA,NA,NA,NA,NA,NA,NA,NA,NA,NA,NA,NA,NA,NA,NA,NA,NA,NA,NA,NA,NA,NA,NA,NA,NA,NA,NA,NA,NA,NA,NA,NA,NA,NA,NA,NA,NA,NA,NA,NA,38.0808490566038,35.579011185906,0.00660377358490566,0.0115196103146308,0.247358490566038,0.344879950264997,1.52792452830189,0.866876508804217,0,0,2017,1996-01-01,NA,NA,NA,NA
"Derwin James","LAC","DB","13714","weighted",NA,NA,NA,NA,NA,NA,NA,NA,NA,NA,NA,NA,NA,NA,NA,NA,NA,NA,NA,NA,NA,NA,NA,NA,NA,NA,NA,NA,NA,NA,NA,NA,NA,NA,NA,NA,NA,NA,NA,NA,NA,NA,63.4974956521739,6.91191564569105,0.650434782608696,0.450491693953796,2.48605217391304,2.07352353960596,8.34998260869565,4.36294453879129,NA,NA,2018,1996-08-03,NA,NA,NA,NA
"Shawn Williams","CIN","DB","11330","weighted",NA,NA,NA,NA,NA,NA,NA,NA,NA,NA,NA,NA,NA,NA,NA,NA,NA,NA,NA,NA,NA,NA,NA,NA,NA,NA,NA,NA,NA,NA,NA,NA,NA,NA,NA,NA,NA,NA,NA,NA,NA,NA,57.6816347826087,11.7393538702311,0.151652173913044,0.199459931738003,1.8368,0.666297198907818,5.50330434782609,1.42747494358315,0,0,2013,1991-05-13,NA,NA,NA,NA
"Kyle Fuller","CHI","DB","11764","weighted",NA,NA,NA,NA,NA,NA,NA,NA,NA,NA,NA,NA,NA,NA,NA,NA,NA,NA,NA,NA,NA,NA,NA,NA,NA,NA,NA,NA,NA,NA,NA,NA,NA,NA,NA,NA,NA,NA,NA,NA,NA,NA,59.5227130434783,9.1592990587395,0.160904347826087,0.289066069549202,2.74629565217391,1.45919271333192,15.7867130434783,1.23941046532043,0,0,2014,1992-02-16,NA,NA,NA,NA
"Trumaine Johnson","NYJ","DB","10810","weighted",NA,NA,NA,NA,NA,NA,NA,NA,NA,NA,NA,NA,NA,NA,NA,NA,NA,NA,NA,NA,NA,NA,NA,NA,NA,NA,NA,NA,NA,NA,NA,NA,NA,NA,NA,NA,NA,NA,NA,NA,NA,NA,56.643547826087,12.2362707207882,0.0862608695652174,0.143286950416793,1.73509565217391,0.627384300959256,11.2017391304348,1.76441616165774,0,0,2012,1990-01-01,NA,NA,NA,NA
"Morgan Burnett","PIT","DB","9864","weighted",NA,NA,NA,NA,NA,NA,NA,NA,NA,NA,NA,NA,NA,NA,NA,NA,NA,NA,NA,NA,NA,NA,NA,NA,NA,NA,NA,NA,NA,NA,NA,NA,NA,NA,NA,NA,NA,NA,NA,NA,NA,NA,65.8402782608696,5.4843764445595,1.68052173913043,1.55114638242792,1.26302608695652,0.187759914407783,4.7863652173913,1.54416458335773,0,0,2010,1989-01-13,NA,NA,NA,NA
"Clayton Geathers","IND","DB","12295","weighted",NA,NA,NA,NA,NA,NA,NA,NA,NA,NA,NA,NA,NA,NA,NA,NA,NA,NA,NA,NA,NA,NA,NA,NA,NA,NA,NA,NA,NA,NA,NA,NA,NA,NA,NA,NA,NA,NA,NA,NA,NA,NA,70.6347517730496,1.94454364826301,0.268085106382979,0.381837661840736,2.49148936170213,1.29400540957138,9.74113475177305,4.21435641587182,0,0,NA,NA,NA,NA,NA,NA
"Adrian Phillips","LAC","DB","12088","weighted",NA,NA,NA,NA,NA,NA,NA,NA,NA,NA,NA,NA,NA,NA,NA,NA,NA,NA,NA,NA,NA,NA,NA,NA,NA,NA,NA,NA,NA,NA,NA,NA,NA,NA,NA,NA,NA,NA,NA,NA,NA,NA,53.4921698113208,16.0379983918524,0.133490566037736,0.153088271782478,1.77858490566038,0.394967153232647,5.0411320754717,1.61561280613162,0,0,2014,1992-03-28,"Q","Arm",2018,0
"Trae Waynes","MIN","DB","12248","weighted",NA,NA,NA,NA,NA,NA,NA,NA,NA,NA,NA,NA,NA,NA,NA,NA,NA,NA,NA,NA,NA,NA,NA,NA,NA,NA,NA,NA,NA,NA,NA,NA,NA,NA,NA,NA,NA,NA,NA,NA,NA,NA,56.1666782608696,10.6929759762795,0.875373913043478,0.37670131491625,2.58768695652174,1.10683675018977,12.3185739130435,3.40128655249536,0,0,2015,1992-07-25,NA,NA,NA,NA
"Xavier Woods","DAL","DB","13325","weighted",NA,NA,NA,NA,NA,NA,NA,NA,NA,NA,NA,NA,NA,NA,NA,NA,NA,NA,NA,NA,NA,NA,NA,NA,NA,NA,NA,NA,NA,NA,NA,NA,NA,NA,NA,NA,NA,NA,NA,NA,NA,NA,62.1034433962264,11.4091909092535,0.327358490566038,0.42049395462572,1.865,0.552985006181552,5.88688679245283,2.72511419822453,0,0,2017,1995-07-26,NA,NA,NA,NA
"John Johnson","LAR","DB","13274","weighted",NA,NA,NA,NA,NA,NA,NA,NA,NA,NA,NA,NA,NA,NA,NA,NA,NA,NA,NA,NA,NA,NA,NA,NA,NA,NA,NA,NA,NA,NA,NA,NA,NA,NA,NA,NA,NA,NA,NA,NA,NA,NA,66.4829565217391,4.37119569601465,0.144695652173913,0.170380611325511,2.23366956521739,0.622678670393287,9.96097391304348,2.01183463672944,0,0,2017,1994-01-01,NA,NA,NA,NA
"Brian Poole","ATL","DB","12938","weighted",NA,NA,NA,NA,NA,NA,NA,NA,NA,NA,NA,NA,NA,NA,NA,NA,NA,NA,NA,NA,NA,NA,NA,NA,NA,NA,NA,NA,NA,NA,NA,NA,NA,NA,NA,NA,NA,NA,NA,NA,NA,NA,52.3558956521739,13.4705901482263,0.877565217391304,0.274057410811245,1.0616347826087,0.498312236813803,4.51645217391304,1.31183676581056,0,0,2016,1992-10-20,NA,NA,NA,NA
"Jason McCourty","NE","DB","9633","weighted",NA,NA,NA,NA,NA,NA,NA,NA,NA,NA,NA,NA,NA,NA,NA,NA,NA,NA,NA,NA,NA,NA,NA,NA,NA,NA,NA,NA,NA,NA,NA,NA,NA,NA,NA,NA,NA,NA,NA,NA,NA,NA,44.3712,24.1378771989396,0.32104347826087,0.481130702106108,1.84417391304348,1.00532593965411,8.55617391304348,3.92216500828461,0,0,2009,1987-08-13,NA,NA,NA,NA
"Ronald Darby","PHI","DB","12276","weighted",NA,NA,NA,NA,NA,NA,NA,NA,NA,NA,NA,NA,NA,NA,NA,NA,NA,NA,NA,NA,NA,NA,NA,NA,NA,NA,NA,NA,NA,NA,NA,NA,NA,NA,NA,NA,NA,NA,NA,NA,NA,NA,60.4679304347826,6.69264784413115,0.0184695652173913,0.0283520280821222,2.37662608695652,0.475962041663746,14.1268869565217,4.55231620903126,0,0,2015,1994-01-02,"IR","Knee",2018,0
"Jalen Ramsey","JAC","DB","12711","weighted",NA,NA,NA,NA,NA,NA,NA,NA,NA,NA,NA,NA,NA,NA,NA,NA,NA,NA,NA,NA,NA,NA,NA,NA,NA,NA,NA,NA,NA,NA,NA,NA,NA,NA,NA,NA,NA,NA,NA,NA,NA,NA,59.4339826086957,7.31962625576323,0.0779130434782609,0.158607553071032,3.51874782608696,0.904113010606159,14.3850434782609,2.68597998785832,0,0,2016,1994-10-24,NA,NA,NA,NA
"Desmond King","LAC","DB","13232","weighted",NA,NA,NA,NA,NA,NA,NA,NA,NA,NA,NA,NA,NA,NA,NA,NA,NA,NA,NA,NA,NA,NA,NA,NA,NA,NA,NA,NA,NA,NA,NA,NA,NA,NA,NA,NA,NA,NA,NA,NA,NA,NA,62.3260969976905,8.2005701112112,3.00877598152425,0.484493531702142,1.14272517321016,0.174484516409485,4.96027713625866,1.15572566065483,0,0,2017,1994-12-14,NA,NA,NA,NA
"Ahkello Witherspoon","SF","DB","13266","weighted",NA,NA,NA,NA,NA,NA,NA,NA,NA,NA,NA,NA,NA,NA,NA,NA,NA,NA,NA,NA,NA,NA,NA,NA,NA,NA,NA,NA,NA,NA,NA,NA,NA,NA,NA,NA,NA,NA,NA,NA,NA,NA,54.2522434782609,11.7894713893007,0.0535652173913044,0.109042692736334,2.1592347826087,0.71467253698768,10.7514434782609,2.78536177254526,0,0,2017,1995-03-21,"IR","Knee - PCL",2018,0
"Kevin King","GB","DB","13250","weighted",NA,NA,NA,NA,NA,NA,NA,NA,NA,NA,NA,NA,NA,NA,NA,NA,NA,NA,NA,NA,NA,NA,NA,NA,NA,NA,NA,NA,NA,NA,NA,NA,NA,NA,NA,NA,NA,NA,NA,NA,NA,NA,49.6784695652174,14.3188296229611,0.234921739130435,0.285292707361051,1.10907826086957,0.471381379573432,7.83471304347826,2.12692022588329,0,0,2017,1995-05-05,"IR","Hamstring",2018,0
"Marcus Cooper","CHI","DB","11428","weighted",NA,NA,NA,NA,NA,NA,NA,NA,NA,NA,NA,NA,NA,NA,NA,NA,NA,NA,NA,NA,NA,NA,NA,NA,NA,NA,NA,NA,NA,NA,NA,NA,NA,NA,NA,NA,NA,NA,NA,NA,NA,NA,35.7868396226415,30.3904347830583,0.0165094339622642,0.028799025786577,1.19349056603774,1.07324683450384,3.88547169811321,1.00400902546877,0,0,2013,1990-02-01,NA,NA,NA,NA
"Andre Hal","HOU","DB","11855","weighted",NA,NA,NA,NA,NA,NA,NA,NA,NA,NA,NA,NA,NA,NA,NA,NA,NA,NA,NA,NA,NA,NA,NA,NA,NA,NA,NA,NA,NA,NA,NA,NA,NA,NA,NA,NA,NA,NA,NA,NA,NA,NA,35.615,47.5387888991716,0.02,0.0282842712474619,0.78,1.01823376490863,2.41,3.12541197284454,0,0,2014,1992-05-30,NA,NA,NA,NA
"Robert Alford","ATL","DB","11351","weighted",NA,NA,NA,NA,NA,NA,NA,NA,NA,NA,NA,NA,NA,NA,NA,NA,NA,NA,NA,NA,NA,NA,NA,NA,NA,NA,NA,NA,NA,NA,NA,NA,NA,NA,NA,NA,NA,NA,NA,NA,NA,NA,58.9933217391304,7.2400876417075,0.154086956521739,0.203842239882035,2.26233043478261,0.968186683226591,16.8134608695652,1.39901683681475,0,0,2013,1988-11-01,NA,NA,NA,NA
"E.J. Gaines","CLE","DB","11838","weighted",NA,NA,NA,NA,NA,NA,NA,NA,NA,NA,NA,NA,NA,NA,NA,NA,NA,NA,NA,NA,NA,NA,NA,NA,NA,NA,NA,NA,NA,NA,NA,NA,NA,NA,NA,NA,NA,NA,NA,NA,NA,NA,41.9889622641509,32.816584337541,0.0466037735849057,0.0417167155968632,0.531556603773585,0.743462662046871,5.32641509433962,3.66681545009068,0,0,2014,1992-02-23,"IR","Concussion",2018,0
"Neiko Thorpe","SEA","DB","11087","weighted",NA,NA,NA,NA,NA,NA,NA,NA,NA,NA,NA,NA,NA,NA,NA,NA,NA,NA,NA,NA,NA,NA,NA,NA,NA,NA,NA,NA,NA,NA,NA,NA,NA,NA,NA,NA,NA,NA,NA,NA,NA,NA,66.009219858156,3.83251875403109,0.322695035460993,0.459619407771256,1.89191489361702,0.615182899632296,8.4086524822695,4.25678282274302,0,0,NA,NA,NA,NA,NA,NA
"Rodney McLeod","PHI","DB","11017","weighted",NA,NA,NA,NA,NA,NA,NA,NA,NA,NA,NA,NA,NA,NA,NA,NA,NA,NA,NA,NA,NA,NA,NA,NA,NA,NA,NA,NA,NA,NA,NA,NA,NA,NA,NA,NA,NA,NA,NA,NA,NA,NA,57.8902260869565,7.37132887046071,0.522086956521739,0.61683368227588,2.13926956521739,0.600282221359486,5.84633043478261,1.12929056610312,0,0,2012,1990-06-23,"IR","Knee - ACL + MCL",2018,0
"Ron Parker","ATL","DB","10610","weighted",NA,NA,NA,NA,NA,NA,NA,NA,NA,NA,NA,NA,NA,NA,NA,NA,NA,NA,NA,NA,NA,NA,NA,NA,NA,NA,NA,NA,NA,NA,NA,NA,NA,NA,NA,NA,NA,NA,NA,NA,NA,NA,54.8175519630485,15.7500226926379,0.486374133949192,0.497284161475761,2.00415704387991,0.192819244347348,5.91501154734411,0.102926658788821,0,0,2011,1987-08-17,NA,NA,NA,NA
"Jahleel Addae","LAC","DB","11498","weighted",NA,NA,NA,NA,NA,NA,NA,NA,NA,NA,NA,NA,NA,NA,NA,NA,NA,NA,NA,NA,NA,NA,NA,NA,NA,NA,NA,NA,NA,NA,NA,NA,NA,NA,NA,NA,NA,NA,NA,NA,NA,NA,62.4013856812933,5.70445480595797,0.773903002309469,0.664894749337698,1.21847575057737,0.20612670092891,5.66512702078522,1.76360104771531,0,0,2013,1990-01-24,NA,NA,NA,NA
"Brandon Carr","BAL","DB","9188","weighted",NA,NA,NA,NA,NA,NA,NA,NA,NA,NA,NA,NA,NA,NA,NA,NA,NA,NA,NA,NA,NA,NA,NA,NA,NA,NA,NA,NA,NA,NA,NA,NA,NA,NA,NA,NA,NA,NA,NA,NA,NA,NA,56.2705391304348,8.6008599707859,0,0,2.3088,1.00368911286601,10.4825043478261,1.99014610551163,0,0,2008,1986-05-19,NA,NA,NA,NA
"Adrian Colbert","SF","DB","13351","weighted",NA,NA,NA,NA,NA,NA,NA,NA,NA,NA,NA,NA,NA,NA,NA,NA,NA,NA,NA,NA,NA,NA,NA,NA,NA,NA,NA,NA,NA,NA,NA,NA,NA,NA,NA,NA,NA,NA,NA,NA,NA,NA,61.4592452830189,6.41976022348298,0.340801886792453,0.464340994573714,1.34132075471698,0.567153029826789,9.01509433962264,2.38123787952035,0,0,2017,NA,"IR","Ankle",2018,0
"Gareon Conley","OAK","DB","13248","weighted",NA,NA,NA,NA,NA,NA,NA,NA,NA,NA,NA,NA,NA,NA,NA,NA,NA,NA,NA,NA,NA,NA,NA,NA,NA,NA,NA,NA,NA,NA,NA,NA,NA,NA,NA,NA,NA,NA,NA,NA,NA,NA,54.1404716981132,14.8776039896864,0.161792452830189,0.282230452708454,1.17603773584906,0.810497477563898,5.7538679245283,3.99133908328084,0,0,2017,1995-06-29,NA,NA,NA,NA
"Terrance Mitchell","CLE","DB","11883","weighted",NA,NA,NA,NA,NA,NA,NA,NA,NA,NA,NA,NA,NA,NA,NA,NA,NA,NA,NA,NA,NA,NA,NA,NA,NA,NA,NA,NA,NA,NA,NA,NA,NA,NA,NA,NA,NA,NA,NA,NA,NA,NA,56.6631205673759,15.3300750161243,0.375886524822695,0.176776695296637,2.82269503546099,1.45663996924429,16.3014184397163,2.70821897194448,0,0,2014,1992-05-27,NA,NA,NA,NA
"Justin Simmons","DEN","DB","12767","weighted",NA,NA,NA,NA,NA,NA,NA,NA,NA,NA,NA,NA,NA,NA,NA,NA,NA,NA,NA,NA,NA,NA,NA,NA,NA,NA,NA,NA,NA,NA,NA,NA,NA,NA,NA,NA,NA,NA,NA,NA,NA,NA,54.751179245283,15.2058775506482,0.891132075471698,0.43391308890189,2.53867924528302,0.928337452944932,6.52188679245283,0.873134572126573,0,0,2016,1993-11-19,NA,NA,NA,NA
"Jamar Taylor","ARI","DB","11318","weighted",NA,NA,NA,NA,NA,NA,NA,NA,NA,NA,NA,NA,NA,NA,NA,NA,NA,NA,NA,NA,NA,NA,NA,NA,NA,NA,NA,NA,NA,NA,NA,NA,NA,NA,NA,NA,NA,NA,NA,NA,NA,NA,53.9439304347826,9.06727975418069,0.486817391304348,0.577325058124596,1.7048347826087,1.29107765888932,8.71693913043478,1.32686363366144,0,0,2013,1990-09-29,NA,NA,NA,NA
"Colin Jones","CAR","DB","10422","weighted",NA,NA,NA,NA,NA,NA,NA,NA,NA,NA,NA,NA,NA,NA,NA,NA,NA,NA,NA,NA,NA,NA,NA,NA,NA,NA,NA,NA,NA,NA,NA,NA,NA,NA,NA,NA,NA,NA,NA,NA,NA,NA,37.0948226950354,42.836528804281,0.0148936170212766,0.0212132034355964,1.08510638297872,1.01823376490863,3.01304964539007,3.59917351623953,0,0,2011,1987-10-27,NA,NA,NA,NA
"Cordrea Tankersley","MIA","DB","13279","weighted",NA,NA,NA,NA,NA,NA,NA,NA,NA,NA,NA,NA,NA,NA,NA,NA,NA,NA,NA,NA,NA,NA,NA,NA,NA,NA,NA,NA,NA,NA,NA,NA,NA,NA,NA,NA,NA,NA,NA,NA,NA,NA,37.5319304347826,22.6524818504734,0.311304347826087,0.4837201873069,1.4455652173913,1.42516445534816,7.96820869565217,4.60949752273939,0,0,2017,1993-11-19,"IR","Knee - ACL",2018,0
"Prince Amukamara","CHI","DB","10264","weighted",NA,NA,NA,NA,NA,NA,NA,NA,NA,NA,NA,NA,NA,NA,NA,NA,NA,NA,NA,NA,NA,NA,NA,NA,NA,NA,NA,NA,NA,NA,NA,NA,NA,NA,NA,NA,NA,NA,NA,NA,NA,NA,50.9729739130435,11.0667557868402,0.312,0.3907703875533,1.36271304347826,0.831011593869258,8.69300869565217,1.79175391561006,0,0,2011,1989-06-06,NA,NA,NA,NA
"Steven Nelson","KC","DB","12291","weighted",NA,NA,NA,NA,NA,NA,NA,NA,NA,NA,NA,NA,NA,NA,NA,NA,NA,NA,NA,NA,NA,NA,NA,NA,NA,NA,NA,NA,NA,NA,NA,NA,NA,NA,NA,NA,NA,NA,NA,NA,NA,NA,53.932347826087,11.6091319288695,0.0877913043478261,0.153297802396854,1.30226086956522,0.989394091362018,9.06365217391304,1.64269678828598,0,0,2015,1993-01-22,NA,NA,NA,NA
"TreDavious White","BUF","DB","13249","weighted",NA,NA,NA,NA,NA,NA,NA,NA,NA,NA,NA,NA,NA,NA,NA,NA,NA,NA,NA,NA,NA,NA,NA,NA,NA,NA,NA,NA,NA,NA,NA,NA,NA,NA,NA,NA,NA,NA,NA,NA,NA,NA,56.9403826086956,7.62303264592793,0.21495652173913,0.31891207018553,3.05815652173913,0.329016953579494,13.5105391304348,1.81230095415825,0,0,2017,1995-01-16,"Q","Concussion",2018,0
"Vernon Hargreaves","TB","DB","12712","weighted",NA,NA,NA,NA,NA,NA,NA,NA,NA,NA,NA,NA,NA,NA,NA,NA,NA,NA,NA,NA,NA,NA,NA,NA,NA,NA,NA,NA,NA,NA,NA,NA,NA,NA,NA,NA,NA,NA,NA,NA,NA,NA,59.9852193995381,6.64856302529375,0.0937644341801386,0.166177754070562,1.47390300230947,0.535650318891523,8.61939953810623,2.38547093185236,0,0,2016,NA,"IR","Shoulder - Labrum",2018,0
"Deshazor Everett","WAS","DB","12544","weighted",NA,NA,NA,NA,NA,NA,NA,NA,NA,NA,NA,NA,NA,NA,NA,NA,NA,NA,NA,NA,NA,NA,NA,NA,NA,NA,NA,NA,NA,NA,NA,NA,NA,NA,NA,NA,NA,NA,NA,NA,NA,NA,38.2808018867925,25.720716146708,0.0429245283018868,0.0748774670451001,1.26122641509434,0.846879412511895,4.29169811320755,3.76170577421381,0,0,NA,NA,NA,NA,NA,NA
"Kenny Moore","IND","DB","13470","weighted",NA,NA,NA,NA,NA,NA,NA,NA,NA,NA,NA,NA,NA,NA,NA,NA,NA,NA,NA,NA,NA,NA,NA,NA,NA,NA,NA,NA,NA,NA,NA,NA,NA,NA,NA,NA,NA,NA,NA,NA,NA,NA,56.4193396226415,14.0973754742031,0.0199056603773585,0.0199762892625588,1.82075471698113,0.725950920749119,7.74122641509434,3.02818028350095,0,0,2017,1995-08-23,NA,NA,NA,NA
"Jeff Heath","DAL","DB","11543","weighted",NA,NA,NA,NA,NA,NA,NA,NA,NA,NA,NA,NA,NA,NA,NA,NA,NA,NA,NA,NA,NA,NA,NA,NA,NA,NA,NA,NA,NA,NA,NA,NA,NA,NA,NA,NA,NA,NA,NA,NA,NA,NA,60.159547826087,4.77791615040937,0.356521739130435,0.474977557970611,2.38260869565217,0.612684434873329,4.67867826086957,1.34213094766697,0,0,2013,1991-05-14,NA,NA,NA,NA
"Aqib Talib","LAR","DB","9103","weighted",NA,NA,NA,NA,NA,NA,NA,NA,NA,NA,NA,NA,NA,NA,NA,NA,NA,NA,NA,NA,NA,NA,NA,NA,NA,NA,NA,NA,NA,NA,NA,NA,NA,NA,NA,NA,NA,NA,NA,NA,NA,NA,39.429252173913,18.1766773895499,0.168,0.341997536309412,2.56591304347826,1.75213282106726,8.81951304347826,2.24195525838747,1,0,2008,1986-02-13,NA,NA,NA,NA
"T.J. Carrie","CLE","DB","11858","weighted",NA,NA,NA,NA,NA,NA,NA,NA,NA,NA,NA,NA,NA,NA,NA,NA,NA,NA,NA,NA,NA,NA,NA,NA,NA,NA,NA,NA,NA,NA,NA,NA,NA,NA,NA,NA,NA,NA,NA,NA,NA,NA,44.9362586605081,20.2486194063057,0.0452655889145497,0.0802237433444095,0.600923787528868,0.525974853889927,5.73441108545035,2.03878143185432,0,0,NA,NA,NA,NA,NA,NA
"Chidobe Awuzie","DAL","DB","13263","weighted",NA,NA,NA,NA,NA,NA,NA,NA,NA,NA,NA,NA,NA,NA,NA,NA,NA,NA,NA,NA,NA,NA,NA,NA,NA,NA,NA,NA,NA,NA,NA,NA,NA,NA,NA,NA,NA,NA,NA,NA,NA,NA,49.0041037735849,15.0318788339855,0.282075471698113,0.275113074555662,1.96320754716981,0.351584092938777,9.40896226415094,1.40347740101716,0,0,2017,1995-05-24,NA,NA,NA,NA
"Lamarcus Joyner","LAR","DB","11742","weighted",NA,NA,NA,NA,NA,NA,NA,NA,NA,NA,NA,NA,NA,NA,NA,NA,NA,NA,NA,NA,NA,NA,NA,NA,NA,NA,NA,NA,NA,NA,NA,NA,NA,NA,NA,NA,NA,NA,NA,NA,NA,NA,55.2073391304348,8.40158687234558,0.397913043478261,0.446182346382345,2.05224347826087,0.72832310069105,7.75311304347826,0.67726433779658,0,0,2014,1990-11-27,NA,NA,NA,NA
"A.J. Bouye","JAC","DB","11512","weighted",NA,NA,NA,NA,NA,NA,NA,NA,NA,NA,NA,NA,NA,NA,NA,NA,NA,NA,NA,NA,NA,NA,NA,NA,NA,NA,NA,NA,NA,NA,NA,NA,NA,NA,NA,NA,NA,NA,NA,NA,NA,NA,56.0151304347826,6.65049795425128,0.0738782608695652,0.113408112328489,4.23241739130435,1.04197127001533,13.7919304347826,2.25715786677064,1,0,2013,1991-08-16,"Q","Toe",2018,0
"Nevin Lawson","DET","DB","11806","weighted",NA,NA,NA,NA,NA,NA,NA,NA,NA,NA,NA,NA,NA,NA,NA,NA,NA,NA,NA,NA,NA,NA,NA,NA,NA,NA,NA,NA,NA,NA,NA,NA,NA,NA,NA,NA,NA,NA,NA,NA,NA,NA,50.5020283018868,13.5418091313444,0.0957547169811321,0.167034349562146,1.0327358490566,0.779542337480249,4.94839622641509,1.53079572282643,0,0,2014,1991-04-23,"Q","Ankle",2018,0
"Eric Berry","KC","DB","9816","weighted",NA,NA,NA,NA,NA,NA,NA,NA,NA,NA,NA,NA,NA,NA,NA,NA,NA,NA,NA,NA,NA,NA,NA,NA,NA,NA,NA,NA,NA,NA,NA,NA,NA,NA,NA,NA,NA,NA,NA,NA,NA,NA,63.0665127020785,2.16587086178439,1.39006928406467,1.00040409209242,3.35889145496536,2.01616122939376,10.6974595842956,2.30586489627109,0,0,2010,1988-12-29,NA,NA,NA,NA
"T.J. McDonald","MIA","DB","11326","weighted",NA,NA,NA,NA,NA,NA,NA,NA,NA,NA,NA,NA,NA,NA,NA,NA,NA,NA,NA,NA,NA,NA,NA,NA,NA,NA,NA,NA,NA,NA,NA,NA,NA,NA,NA,NA,NA,NA,NA,NA,NA,NA,54.8137644341801,12.0054051580207,0.642956120092379,0.552079894275707,1.27963048498845,0.26599910706462,3.96360277136259,1.1481256287599,0,0,2013,1991-01-26,"Q","Ankle",2018,0
"Richard Sherman","SF","DB","10393","weighted",NA,NA,NA,NA,NA,NA,NA,NA,NA,NA,NA,NA,NA,NA,NA,NA,NA,NA,NA,NA,NA,NA,NA,NA,NA,NA,NA,NA,NA,NA,NA,NA,NA,NA,NA,NA,NA,NA,NA,NA,NA,NA,45.8687652173913,14.9019311030297,0.223304347826087,0.265376438078278,0.7984,0.968681098026786,7.89314782608696,3.15263986717797,0,0,2011,1988-03-30,NA,NA,NA,NA
"Justin Evans","TB","DB","13257","weighted",NA,NA,NA,NA,NA,NA,NA,NA,NA,NA,NA,NA,NA,NA,NA,NA,NA,NA,NA,NA,NA,NA,NA,NA,NA,NA,NA,NA,NA,NA,NA,NA,NA,NA,NA,NA,NA,NA,NA,NA,NA,NA,63.4539249146758,2.12132034355964,0,0,3.90307167235495,0.14142135623731,8.63003412969283,0.919238815542512,0,0,2017,1995-08-26,"IR","Toe",2018,0
"Vontae Davis","BUF","DB","9438","weighted",NA,NA,NA,NA,NA,NA,NA,NA,NA,NA,NA,NA,NA,NA,NA,NA,NA,NA,NA,NA,NA,NA,NA,NA,NA,NA,NA,NA,NA,NA,NA,NA,NA,NA,NA,NA,NA,NA,NA,NA,NA,NA,46.3920695652174,13.3981498707838,0.0413913043478261,0.0842602625689857,1.61794782608696,0.387560134237233,9.01307826086957,2.94364426316574,0,0,2009,1988-05-05,NA,NA,NA,NA
"Jalen Mills","PHI","DB","12716","weighted",NA,NA,NA,NA,NA,NA,NA,NA,NA,NA,NA,NA,NA,NA,NA,NA,NA,NA,NA,NA,NA,NA,NA,NA,NA,NA,NA,NA,NA,NA,NA,NA,NA,NA,NA,NA,NA,NA,NA,NA,NA,NA,58.9441391304348,5.30588578680675,0.240695652173913,0.296979501775425,2.99067826086957,0.802804328432863,12.5138782608696,2.82993919446803,0,0,2016,1994-04-06,"IR","Foot",2018,0
"Darius Slay","DET","DB","11348","weighted",NA,NA,NA,NA,NA,NA,NA,NA,NA,NA,NA,NA,NA,NA,NA,NA,NA,NA,NA,NA,NA,NA,NA,NA,NA,NA,NA,NA,NA,NA,NA,NA,NA,NA,NA,NA,NA,NA,NA,NA,NA,NA,54.9634086956522,7.83643050563676,0.160069565217391,0.169580116797833,4.97022608695652,0.898069445074451,18.5216347826087,1.46783030860445,0,0,2013,1991-01-01,NA,NA,NA,NA
"D.J. Hayden","JAC","DB","11346","weighted",NA,NA,NA,NA,NA,NA,NA,NA,NA,NA,NA,NA,NA,NA,NA,NA,NA,NA,NA,NA,NA,NA,NA,NA,NA,NA,NA,NA,NA,NA,NA,NA,NA,NA,NA,NA,NA,NA,NA,NA,NA,NA,49.3504255319149,21.0222846046761,0.663120567375886,0.37476659402887,1.36609929078014,0.21920310216783,8.34687943262411,1.3717871555019,0,0,2013,1990-06-27,NA,NA,NA,NA
"Jimmie Ward","SF","DB","11768","weighted",NA,NA,NA,NA,NA,NA,NA,NA,NA,NA,NA,NA,NA,NA,NA,NA,NA,NA,NA,NA,NA,NA,NA,NA,NA,NA,NA,NA,NA,NA,NA,NA,NA,NA,NA,NA,NA,NA,NA,NA,NA,NA,41.3825,23.7034377743456,0.298584905660377,0.299644338938382,0.780566037735849,0.748961998922097,3.12877358490566,1.11538784617431,0,0,2014,1991-07-18,"IR","Forearm",2018,0
"Ken Crawley","NO","DB","12957","weighted",NA,NA,NA,NA,NA,NA,NA,NA,NA,NA,NA,NA,NA,NA,NA,NA,NA,NA,NA,NA,NA,NA,NA,NA,NA,NA,NA,NA,NA,NA,NA,NA,NA,NA,NA,NA,NA,NA,NA,NA,NA,NA,54.785947826087,8.79466236275194,0.0365217391304348,0.0743472905020462,1.8616347826087,0.97378322501603,13.0955130434783,1.46968036007714,0,0,2016,1993-02-08,NA,NA,NA,NA
"Captain Munnerlyn","CAR","DB","9646","weighted",NA,NA,NA,NA,NA,NA,NA,NA,NA,NA,NA,NA,NA,NA,NA,NA,NA,NA,NA,NA,NA,NA,NA,NA,NA,NA,NA,NA,NA,NA,NA,NA,NA,NA,NA,NA,NA,NA,NA,NA,NA,NA,38.68,21.4388535097012,1.14665094339623,0.0552053469489464,0.635660377358491,0.562319165245055,4.41905660377358,0.549125975066643,0,0,2009,1988-04-10,NA,NA,NA,NA
"Eli Apple","NYG","DB","12715","weighted",NA,NA,NA,NA,NA,NA,NA,NA,NA,NA,NA,NA,NA,NA,NA,NA,NA,NA,NA,NA,NA,NA,NA,NA,NA,NA,NA,NA,NA,NA,NA,NA,NA,NA,NA,NA,NA,NA,NA,NA,NA,NA,55.9934608695652,8.55650414129614,0.21495652173913,0.31891207018553,1.4983652173913,0.482564949534516,8.73711304347826,2.08955399521653,0,0,2016,1995-08-09,NA,NA,NA,NA
"Marshon Lattimore","NO","DB","13224","weighted",NA,NA,NA,NA,NA,NA,NA,NA,NA,NA,NA,NA,NA,NA,NA,NA,NA,NA,NA,NA,NA,NA,NA,NA,NA,NA,NA,NA,NA,NA,NA,NA,NA,NA,NA,NA,NA,NA,NA,NA,NA,NA,55.6904695652174,5.43518405335453,0.164869565217391,0.235530281504658,4.0519652173913,1.16893446795092,17.5611826086957,3.21891213510511,0,0,2017,1996-05-19,NA,NA,NA,NA
"Xavien Howard","MIA","DB","12742","weighted",NA,NA,NA,NA,NA,NA,NA,NA,NA,NA,NA,NA,NA,NA,NA,NA,NA,NA,NA,NA,NA,NA,NA,NA,NA,NA,NA,NA,NA,NA,NA,NA,NA,NA,NA,NA,NA,NA,NA,NA,NA,NA,47.2038260869565,10.2780670567452,1.00417391304348,0.285601537624499,2.94337391304348,0.882662148168302,10.6816,2.1985228617742,0,0,2016,1993-07-04,NA,NA,NA,NA
"Erik Harris","OAK","DB","12910","weighted",NA,NA,NA,NA,NA,NA,NA,NA,NA,NA,NA,NA,NA,NA,NA,NA,NA,NA,NA,NA,NA,NA,NA,NA,NA,NA,NA,NA,NA,NA,NA,NA,NA,NA,NA,NA,NA,NA,NA,NA,NA,NA,39.9519630484988,27.9786325574162,0.699538106235566,0.728997345519792,1.27852193995381,1.09652758224546,4.27251732101617,3.9719342228912,0,0,2015,1990-04-02,NA,NA,NA,NA
"Kentrell Brice","GB","DB","12940","weighted",NA,NA,NA,NA,NA,NA,NA,NA,NA,NA,NA,NA,NA,NA,NA,NA,NA,NA,NA,NA,NA,NA,NA,NA,NA,NA,NA,NA,NA,NA,NA,NA,NA,NA,NA,NA,NA,NA,NA,NA,NA,NA,61.245390070922,1.07480230740355,0.156028368794326,0.205060966544099,2.59503546099291,1.0040916292849,9.43758865248227,3.50724963468528,0,0,2016,1994-08-11,NA,NA,NA,NA
"Jessie Bates","CIN","DB","13737","weighted",NA,NA,NA,NA,NA,NA,NA,NA,NA,NA,NA,NA,NA,NA,NA,NA,NA,NA,NA,NA,NA,NA,NA,NA,NA,NA,NA,NA,NA,NA,NA,NA,NA,NA,NA,NA,NA,NA,NA,NA,NA,NA,58.2157043879908,3.70241497255378,0.73256351039261,0.255723569274873,1.38614318706697,1.18802728949089,8.20785219399538,0.220892377444282,0,0,2018,1997-02-26,NA,NA,NA,NA
"Eric Rowe","NE","DB","12275","weighted",NA,NA,NA,NA,NA,NA,NA,NA,NA,NA,NA,NA,NA,NA,NA,NA,NA,NA,NA,NA,NA,NA,NA,NA,NA,NA,NA,NA,NA,NA,NA,NA,NA,NA,NA,NA,NA,NA,NA,NA,NA,NA,52.7478773584906,8.17135391973182,0.0958018867924528,0.158473912814236,1.90216981132075,0.471861293781044,8.29669811320755,3.73447687575449,0,0,2015,1992-10-03,"IR","Groin",2018,0
"Patrick Peterson","ARI","DB","10260","weighted",NA,NA,NA,NA,NA,NA,NA,NA,NA,NA,NA,NA,NA,NA,NA,NA,NA,NA,NA,NA,NA,NA,NA,NA,NA,NA,NA,NA,NA,NA,NA,NA,NA,NA,NA,NA,NA,NA,NA,NA,NA,NA,46.1296226415094,13.8592708889559,0.181603773584906,0.316789283652346,1.7511320754717,0.799190348584204,7.27641509433962,0.960973045570371,0,0,2011,1990-07-11,NA,NA,NA,NA
"Artie Burns","PIT","DB","12738","weighted",NA,NA,NA,NA,NA,NA,NA,NA,NA,NA,NA,NA,NA,NA,NA,NA,NA,NA,NA,NA,NA,NA,NA,NA,NA,NA,NA,NA,NA,NA,NA,NA,NA,NA,NA,NA,NA,NA,NA,NA,NA,NA,52.6871652173913,5.53757216328433,0.175304347826087,0.356866994409822,2.43666086956522,0.731857522945301,12.1193739130435,1.50601494394706,0,0,2016,1995-05-01,NA,NA,NA,NA
"Marcus Peters","LAR","DB","12245","weighted",NA,NA,NA,NA,NA,NA,NA,NA,NA,NA,NA,NA,NA,NA,NA,NA,NA,NA,NA,NA,NA,NA,NA,NA,NA,NA,NA,NA,NA,NA,NA,NA,NA,NA,NA,NA,NA,NA,NA,NA,NA,NA,55.0007304347826,6.62626852182648,0.112,0.227998357539608,3.48368695652174,1.05643577862618,12.1785391304348,1.35875011409731,2.1,0,2015,1993-01-09,NA,NA,NA,NA
"Damarious Randall","CLE","DB","12269","weighted",NA,NA,NA,NA,NA,NA,NA,NA,NA,NA,NA,NA,NA,NA,NA,NA,NA,NA,NA,NA,NA,NA,NA,NA,NA,NA,NA,NA,NA,NA,NA,NA,NA,NA,NA,NA,NA,NA,NA,NA,NA,NA,50.6174608695652,7.1082094545479,0.37495652173913,0.444510147586444,2.7896347826087,0.928520223996448,8.30406956521739,0.738666736394285,0,0,2015,1992-08-29,NA,NA,NA,NA
"Desmond Trufant","ATL","DB","11312","weighted",NA,NA,NA,NA,NA,NA,NA,NA,NA,NA,NA,NA,NA,NA,NA,NA,NA,NA,NA,NA,NA,NA,NA,NA,NA,NA,NA,NA,NA,NA,NA,NA,NA,NA,NA,NA,NA,NA,NA,NA,NA,NA,45.8611826086956,7.42006082111117,1.19231304347826,0.51117434260638,2.00765217391304,0.530546218252598,11.4856347826087,2.04447987291476,0,0,2013,1990-09-10,NA,NA,NA,NA
"Shaq Griffin","SEA","DB","13273","weighted",NA,NA,NA,NA,NA,NA,NA,NA,NA,NA,NA,NA,NA,NA,NA,NA,NA,NA,NA,NA,NA,NA,NA,NA,NA,NA,NA,NA,NA,NA,NA,NA,NA,NA,NA,NA,NA,NA,NA,NA,NA,NA,57.0108869565217,2.41168244836304,1.08813913043478,0.361089512326008,1.92410434782609,0.773341900560475,13.1960347826087,2.35528490996992,0,0,2017,1994-01-01,NA,NA,NA,NA
"Josh Norman","WAS","DB","10851","weighted",NA,NA,NA,NA,NA,NA,NA,NA,NA,NA,NA,NA,NA,NA,NA,NA,NA,NA,NA,NA,NA,NA,NA,NA,NA,NA,NA,NA,NA,NA,NA,NA,NA,NA,NA,NA,NA,NA,NA,NA,NA,NA,52.5096,7.56491057109867,0.0730434782608696,0.148694581004092,2.71506086956522,1.87130857177728,11.595547826087,1.85129051889276,0,0,2012,1987-12-15,NA,NA,NA,NA
"Terrell Edmunds","PIT","DB","13716","weighted",NA,NA,NA,NA,NA,NA,NA,NA,NA,NA,NA,NA,NA,NA,NA,NA,NA,NA,NA,NA,NA,NA,NA,NA,NA,NA,NA,NA,NA,NA,NA,NA,NA,NA,NA,NA,NA,NA,NA,NA,NA,NA,41.9782909930716,23.5955720692874,0.74919168591224,1.12408021878052,1.12424942263279,0.786331197769472,7.10715935334873,4.70423421039597,0,0,2018,1997-01-20,NA,NA,NA,NA
"Morris Claiborne","NYJ","DB","10777","weighted",NA,NA,NA,NA,NA,NA,NA,NA,NA,NA,NA,NA,NA,NA,NA,NA,NA,NA,NA,NA,NA,NA,NA,NA,NA,NA,NA,NA,NA,NA,NA,NA,NA,NA,NA,NA,NA,NA,NA,NA,NA,NA,42.5196226415094,16.8591180555619,0.145283018867925,0.253431426921877,1.57632075471698,1.14445334536434,7.45094339622642,1.3508607050876,0,0,2012,1990-02-07,"IR","Shoulder",2018,0
"Dre Kirkpatrick","CIN","DB","10778","weighted",NA,NA,NA,NA,NA,NA,NA,NA,NA,NA,NA,NA,NA,NA,NA,NA,NA,NA,NA,NA,NA,NA,NA,NA,NA,NA,NA,NA,NA,NA,NA,NA,NA,NA,NA,NA,NA,NA,NA,NA,NA,NA,52.8331826086957,6.45314112022607,0.472208695652174,0.608145459088062,2.28264347826087,0.585294821225657,11.0001391304348,1.55002471568276,0,0,2012,1989-10-26,"IR","Shoulder",2018,0
"Tedric Thompson","SEA","DB","13287","weighted",NA,NA,NA,NA,NA,NA,NA,NA,NA,NA,NA,NA,NA,NA,NA,NA,NA,NA,NA,NA,NA,NA,NA,NA,NA,NA,NA,NA,NA,NA,NA,NA,NA,NA,NA,NA,NA,NA,NA,NA,NA,NA,41.5985815602837,25.2083567493004,0.882978723404255,0.403050865276332,1.07248226950355,1.49906637611548,4.74042553191489,4.90024999362277,0,0,2017,1995-01-20,NA,NA,NA,NA
"Pierre Desir","IND","DB","11801","weighted",NA,NA,NA,NA,NA,NA,NA,NA,NA,NA,NA,NA,NA,NA,NA,NA,NA,NA,NA,NA,NA,NA,NA,NA,NA,NA,NA,NA,NA,NA,NA,NA,NA,NA,NA,NA,NA,NA,NA,NA,NA,NA,48.2609929078014,15.7543390848363,0.024822695035461,0.0353553390593274,1.57517730496454,0.961665222413704,10.3666666666667,1.66170093578839,0,0,2014,1990-09-08,NA,NA,NA,NA
"Brent Grimes","TB","DB","9028","weighted",NA,NA,NA,NA,NA,NA,NA,NA,NA,NA,NA,NA,NA,NA,NA,NA,NA,NA,NA,NA,NA,NA,NA,NA,NA,NA,NA,NA,NA,NA,NA,NA,NA,NA,NA,NA,NA,NA,NA,NA,NA,NA,53.3222608695652,6.72438729160585,0.0511304347826087,0.104086206702865,3.20834782608696,0.680996040509864,14.6875826086957,2.49141993490172,0,0,2006,1983-07-19,NA,NA,NA,NA
"Stephon Gilmore","NE","DB","10789","weighted",NA,NA,NA,NA,NA,NA,NA,NA,NA,NA,NA,NA,NA,NA,NA,NA,NA,NA,NA,NA,NA,NA,NA,NA,NA,NA,NA,NA,NA,NA,NA,NA,NA,NA,NA,NA,NA,NA,NA,NA,NA,NA,50.9959652173913,7.18216733296228,0.297391304347826,0.383964792846188,2.36229565217391,0.49540221370289,12.2489739130435,2.43297950623544,0,0,2012,1990-09-19,NA,NA,NA,NA
"Denzel Ward","CLE","DB","13707","weighted",NA,NA,NA,NA,NA,NA,NA,NA,NA,NA,NA,NA,NA,NA,NA,NA,NA,NA,NA,NA,NA,NA,NA,NA,NA,NA,NA,NA,NA,NA,NA,NA,NA,NA,NA,NA,NA,NA,NA,NA,NA,NA,58.3644341801386,1.3923069357404,0.171362586605081,0.303704171232407,2.35704387990762,0.552079894275707,13.1658198614319,3.60361996202611,0,0,2018,1997-04-28,NA,NA,NA,NA
"Rashaan Melvin","OAK","DB","11537","weighted",NA,NA,NA,NA,NA,NA,NA,NA,NA,NA,NA,NA,NA,NA,NA,NA,NA,NA,NA,NA,NA,NA,NA,NA,NA,NA,NA,NA,NA,NA,NA,NA,NA,NA,NA,NA,NA,NA,NA,NA,NA,NA,53.4910956521739,6.40264279148576,0.056,0.113999178769804,1.98295652173913,0.642331216994639,11.2790608695652,2.81970525092622,0,0,NA,NA,NA,NA,NA,NA
"Bradley Roby","DEN","DB","11735","weighted",NA,NA,NA,NA,NA,NA,NA,NA,NA,NA,NA,NA,NA,NA,NA,NA,NA,NA,NA,NA,NA,NA,NA,NA,NA,NA,NA,NA,NA,NA,NA,NA,NA,NA,NA,NA,NA,NA,NA,NA,NA,NA,41.5324521739131,15.8719458588147,0.990782608695652,0.397096997711361,2.6152347826087,1.87279848100381,11.8772173913043,2.4620238956914,0,0,2014,1992-05-01,NA,NA,NA,NA
"Joe Haden","PIT","DB","9820","weighted",NA,NA,NA,NA,NA,NA,NA,NA,NA,NA,NA,NA,NA,NA,NA,NA,NA,NA,NA,NA,NA,NA,NA,NA,NA,NA,NA,NA,NA,NA,NA,NA,NA,NA,NA,NA,NA,NA,NA,NA,NA,NA,43.0187735849057,14.0671689637264,0.598301886792453,0.381272501472565,2.23981132075472,1.21740692492407,8.83754716981132,0.497952204638422,0,0,2010,1989-04-14,NA,NA,NA,NA
"Johnathan Joseph","HOU","DB","8265","weighted",NA,NA,NA,NA,NA,NA,NA,NA,NA,NA,NA,NA,NA,NA,NA,NA,NA,NA,NA,NA,NA,NA,NA,NA,NA,NA,NA,NA,NA,NA,NA,NA,NA,NA,NA,NA,NA,NA,NA,NA,NA,NA,46.1227130434783,8.37165533746821,0.129739130434783,0.161520038045316,1.69808695652174,0.841091632397142,8.39380869565217,0.917497876952888,0,0,2006,1984-04-16,NA,NA,NA,NA
"Chris Harris","DEN","DB","10592","weighted",NA,NA,NA,NA,NA,NA,NA,NA,NA,NA,NA,NA,NA,NA,NA,NA,NA,NA,NA,NA,NA,NA,NA,NA,NA,NA,NA,NA,NA,NA,NA,NA,NA,NA,NA,NA,NA,NA,NA,NA,NA,NA,41.3241043478261,11.73657221962,0.13704347826087,0.173815136513913,2.30810434782609,1.00165193854755,6.77857391304348,2.18375163626591,0,0,2011,1989-06-18,NA,NA,NA,NA
"Quinton Dunbar","WAS","DB","12448","weighted",NA,NA,NA,NA,NA,NA,NA,NA,NA,NA,NA,NA,NA,NA,NA,NA,NA,NA,NA,NA,NA,NA,NA,NA,NA,NA,NA,NA,NA,NA,NA,NA,NA,NA,NA,NA,NA,NA,NA,NA,NA,NA,49.2113475177305,12.6925667222985,0.984397163120567,0.120208152801713,1.99574468085106,0.848528137423857,13.8276595744681,0.466690475583121,0,0,NA,NA,"IR","Shin",2018,0
"Marcus Gilchrist","OAK","DB","10324","weighted",NA,NA,NA,NA,NA,NA,NA,NA,NA,NA,NA,NA,NA,NA,NA,NA,NA,NA,NA,NA,NA,NA,NA,NA,NA,NA,NA,NA,NA,NA,NA,NA,NA,NA,NA,NA,NA,NA,NA,NA,NA,NA,56.0387990762125,3.13871809488806,0.95242494226328,0.427245736857789,1.60508083140878,0.403113999440728,8.11270207852194,1.82188630270321,0,0,2011,1988-12-08,NA,NA,NA,NA
"Brandon Williams","ARI","DB","12765","weighted",NA,NA,NA,NA,NA,NA,NA,NA,NA,NA,NA,NA,NA,NA,NA,NA,NA,NA,NA,NA,NA,NA,NA,NA,NA,NA,NA,NA,NA,NA,NA,NA,NA,NA,NA,NA,NA,NA,NA,NA,NA,NA,40.54,24.6638845277868,0.15,0.212132034355964,1.76,1.92333044482741,9.085,6.05990511476871,0,0,2016,1992-09-09,NA,NA,NA,NA
"Tramon Williams","GB","DB","8958","weighted",NA,NA,NA,NA,NA,NA,NA,NA,NA,NA,NA,NA,NA,NA,NA,NA,NA,NA,NA,NA,NA,NA,NA,NA,NA,NA,NA,NA,NA,NA,NA,NA,NA,NA,NA,NA,NA,NA,NA,NA,NA,NA,51.2327652173913,5.25427471295721,0.381913043478261,0.48340689863167,2.16354782608696,0.743058496743947,11.6206608695652,1.84687142035077,0,0,2006,1983-03-16,NA,NA,NA,NA
"Donte Jackson","CAR","DB","13738","weighted",NA,NA,NA,NA,NA,NA,NA,NA,NA,NA,NA,NA,NA,NA,NA,NA,NA,NA,NA,NA,NA,NA,NA,NA,NA,NA,NA,NA,NA,NA,NA,NA,NA,NA,NA,NA,NA,NA,NA,NA,NA,NA,48.2553191489362,11.9006071273696,0.565248226950354,0.0494974746830583,1.08290780141844,1.41421356237309,7.08439716312057,4.10829039869384,0,0,2018,1995-11-08,NA,NA,NA,NA
"Janoris Jenkins","NYG","DB","10779","weighted",NA,NA,NA,NA,NA,NA,NA,NA,NA,NA,NA,NA,NA,NA,NA,NA,NA,NA,NA,NA,NA,NA,NA,NA,NA,NA,NA,NA,NA,NA,NA,NA,NA,NA,NA,NA,NA,NA,NA,NA,NA,NA,49.0015652173913,4.98179355202824,0.741565217391304,0.625580506219234,3.09961739130435,0.307030821350202,12.8626782608696,2.94544700372688,0,0,2012,1988-10-29,NA,NA,NA,NA
"Marlon Humphrey","BAL","DB","13223","weighted",NA,NA,NA,NA,NA,NA,NA,NA,NA,NA,NA,NA,NA,NA,NA,NA,NA,NA,NA,NA,NA,NA,NA,NA,NA,NA,NA,NA,NA,NA,NA,NA,NA,NA,NA,NA,NA,NA,NA,NA,NA,NA,43.4219858156028,17.5503903090501,0.412765957446808,0.551543289325507,1.90212765957447,1.56977705423414,12.4687943262411,3.23147799002252,0,0,2017,1996-07-08,NA,NA,NA,NA
"Xavier Rhodes","MIN","DB","11314","weighted",NA,NA,NA,NA,NA,NA,NA,NA,NA,NA,NA,NA,NA,NA,NA,NA,NA,NA,NA,NA,NA,NA,NA,NA,NA,NA,NA,NA,NA,NA,NA,NA,NA,NA,NA,NA,NA,NA,NA,NA,NA,NA,43.6761391304348,9.94163229686872,0.063304347826087,0.128868636870213,2.05551304347826,0.945185518291581,9.57259130434783,1.43568889762799,0,0,2013,1990-06-19,"Q","Groin",2018,0
"Montae Nicholson","WAS","DB","13292","weighted",NA,NA,NA,NA,NA,NA,NA,NA,NA,NA,NA,NA,NA,NA,NA,NA,NA,NA,NA,NA,NA,NA,NA,NA,NA,NA,NA,NA,NA,NA,NA,NA,NA,NA,NA,NA,NA,NA,NA,NA,NA,NA,46.4161662817552,8.43438366256139,0.27459584295612,0.253598260528869,2.09699769053118,0.55553806215543,7.34919168591224,3.73080097841896,0,0,2017,1995-12-04,NA,"Personal",2018,0
"William Jackson","CIN","DB","12737","weighted",NA,NA,NA,NA,NA,NA,NA,NA,NA,NA,NA,NA,NA,NA,NA,NA,NA,NA,NA,NA,NA,NA,NA,NA,NA,NA,NA,NA,NA,NA,NA,NA,NA,NA,NA,NA,NA,NA,NA,NA,NA,NA,42.1392924528302,11.7931961768789,1.13971698113208,0.795777362944189,2.30896226415094,0.824112333023089,13.726179245283,1.72688285867425,0,0,2016,1993-01-01,NA,NA,NA,NA
"Malcolm Butler","TEN","DB","11965","weighted",NA,NA,NA,NA,NA,NA,NA,NA,NA,NA,NA,NA,NA,NA,NA,NA,NA,NA,NA,NA,NA,NA,NA,NA,NA,NA,NA,NA,NA,NA,NA,NA,NA,NA,NA,NA,NA,NA,NA,NA,NA,NA,47.2674364896074,12.9005178554758,0.933949191685912,0.206401894029707,1.64480369515012,0.816046659663315,10.9556581986143,3.39346479439716,0,0,2014,1990-03-02,NA,NA,NA,NA
"Kevin Johnson","HOU","DB","12249","weighted",NA,NA,NA,NA,NA,NA,NA,NA,NA,NA,NA,NA,NA,NA,NA,NA,NA,NA,NA,NA,NA,NA,NA,NA,NA,NA,NA,NA,NA,NA,NA,NA,NA,NA,NA,NA,NA,NA,NA,NA,NA,NA,46.9602836879433,9.9136370722354,0.0645390070921986,0.0919238815542512,1.06312056737589,0.37476659402887,6.18936170212766,1.12429978208661,0,0,2015,1992-08-05,"IR","Concussion",2018,0
"Minkah Fitzpatrick","MIA","DB","13713","weighted",NA,NA,NA,NA,NA,NA,NA,NA,NA,NA,NA,NA,NA,NA,NA,NA,NA,NA,NA,NA,NA,NA,NA,NA,NA,NA,NA,NA,NA,NA,NA,NA,NA,NA,NA,NA,NA,NA,NA,NA,NA,NA,39.9339491916859,21.3708261983747,0.630023094688222,0.425741211761641,1.58337182448037,0.825815629934687,6.47528868360277,4.24954829619794,0,0,2018,1996-11-17,NA,NA,NA,NA
"Buster Skrine","NYJ","DB","10379","weighted",NA,NA,NA,NA,NA,NA,NA,NA,NA,NA,NA,NA,NA,NA,NA,NA,NA,NA,NA,NA,NA,NA,NA,NA,NA,NA,NA,NA,NA,NA,NA,NA,NA,NA,NA,NA,NA,NA,NA,NA,NA,NA,37.9376443418014,22.7269407270659,0.665127020785219,0.321006784314896,0.739953810623557,0.253216950943536,6.0568129330254,3.09977957169587,0,0,2011,1989-04-26,NA,NA,NA,NA
"Curtis Riley",NA,"DB","13017","weighted",NA,NA,NA,NA,NA,NA,NA,NA,NA,NA,NA,NA,NA,NA,NA,NA,NA,NA,NA,NA,NA,NA,NA,NA,NA,NA,NA,NA,NA,NA,NA,NA,NA,NA,NA,NA,NA,NA,NA,NA,NA,NA,41.3347517730496,16.9988470197246,0.0794326241134752,0.113137084989848,1.65177304964539,0.643467170879758,7.58723404255319,2.54558441227157,0,0,NA,NA,NA,NA,NA,NA
"Quandre Diggs","DET","DB","12349","weighted",NA,NA,NA,NA,NA,NA,NA,NA,NA,NA,NA,NA,NA,NA,NA,NA,NA,NA,NA,NA,NA,NA,NA,NA,NA,NA,NA,NA,NA,NA,NA,NA,NA,NA,NA,NA,NA,NA,NA,NA,NA,NA,47.1556581986143,7.04233884601875,1.10277136258661,0.356235120818362,2.32240184757506,0.610326193786729,7.74872979214781,1.52439779043499,0,0,2015,1991-11-07,NA,NA,NA,NA
"Casey Hayward","LAC","DB","10793","weighted",NA,NA,NA,NA,NA,NA,NA,NA,NA,NA,NA,NA,NA,NA,NA,NA,NA,NA,NA,NA,NA,NA,NA,NA,NA,NA,NA,NA,NA,NA,NA,NA,NA,NA,NA,NA,NA,NA,NA,NA,NA,NA,43.4557217391304,9.61618141817667,0.211895652173913,0.418171473779067,3.84674782608696,1.79471051683075,16.0210782608696,1.23452795236711,0,0,2012,1989-09-09,NA,NA,NA,NA
"DaNorris Searcy","CAR","DB","10351","weighted",NA,NA,NA,NA,NA,NA,NA,NA,NA,NA,NA,NA,NA,NA,NA,NA,NA,NA,NA,NA,NA,NA,NA,NA,NA,NA,NA,NA,NA,NA,NA,NA,NA,NA,NA,NA,NA,NA,NA,NA,NA,NA,32.5588914549654,8.46262112335278,0.391224018475751,0.364382995185074,1.39076212471132,0.549922332752374,4.97782909930716,0.918940565364107,0,0,2011,1988-11-16,"IR","Concussion",2018,0
"Kavon Frazier","DAL","DB","12830","weighted",NA,NA,NA,NA,NA,NA,NA,NA,NA,NA,NA,NA,NA,NA,NA,NA,NA,NA,NA,NA,NA,NA,NA,NA,NA,NA,NA,NA,NA,NA,NA,NA,NA,NA,NA,NA,NA,NA,NA,NA,NA,NA,18.37,NA,0.12,NA,0.47,NA,0.82,NA,0,NA,2016,1994-08-11,NA,NA,NA,NA
"Jourdan Lewis","DAL","DB","13227","weighted",NA,NA,NA,NA,NA,NA,NA,NA,NA,NA,NA,NA,NA,NA,NA,NA,NA,NA,NA,NA,NA,NA,NA,NA,NA,NA,NA,NA,NA,NA,NA,NA,NA,NA,NA,NA,NA,NA,NA,NA,NA,NA,46.8364896073903,6.37694035725116,0.0259122401847575,0.0376729147145516,1.83602771362587,1.08893025102974,9.46928406466513,3.17012934843551,0,0,2017,1995-08-31,NA,NA,NA,NA
"Eric Murray","KC","DB","12772","weighted",NA,NA,NA,NA,NA,NA,NA,NA,NA,NA,NA,NA,NA,NA,NA,NA,NA,NA,NA,NA,NA,NA,NA,NA,NA,NA,NA,NA,NA,NA,NA,NA,NA,NA,NA,NA,NA,NA,NA,NA,NA,NA,33.5344110854504,15.6697167386581,1.39230177059276,0.545770419702562,0.568591224018476,0.512399860069157,4.97274826789838,1.85779218165231,0,0,2016,1994-01-07,NA,NA,NA,NA
"Kendall Fuller","KC","DB","12714","weighted",NA,NA,NA,NA,NA,NA,NA,NA,NA,NA,NA,NA,NA,NA,NA,NA,NA,NA,NA,NA,NA,NA,NA,NA,NA,NA,NA,NA,NA,NA,NA,NA,NA,NA,NA,NA,NA,NA,NA,NA,NA,NA,46.1030023094688,3.69745127036249,0.305003849114704,0.357733797805069,2.20969976905312,0.334614063774341,9.16581986143187,1.86488300959948,0,0,2016,1995-02-13,NA,NA,NA,NA
"Kendrick Lewis","TEN","DB","9948","weighted",NA,NA,NA,NA,NA,NA,NA,NA,NA,NA,NA,NA,NA,NA,NA,NA,NA,NA,NA,NA,NA,NA,NA,NA,NA,NA,NA,NA,NA,NA,NA,NA,NA,NA,NA,NA,NA,NA,NA,NA,NA,NA,49.8,NA,0.52,NA,1.17,NA,4.61,NA,0,NA,2010,1988-06-16,NA,NA,NA,NA
"Malik Hooker","IND","DB","13228","weighted",NA,NA,NA,NA,NA,NA,NA,NA,NA,NA,NA,NA,NA,NA,NA,NA,NA,NA,NA,NA,NA,NA,NA,NA,NA,NA,NA,NA,NA,NA,NA,NA,NA,NA,NA,NA,NA,NA,NA,NA,NA,NA,42.8193995381062,9.70677396420467,0,0,3.48868360277136,1.35713489366117,9.53810623556582,1.50574051241586,1,0,2017,1996-04-02,"Q","Foot",2018,0
"Anthony Brown","DAL","DB","12817","weighted",NA,NA,NA,NA,NA,NA,NA,NA,NA,NA,NA,NA,NA,NA,NA,NA,NA,NA,NA,NA,NA,NA,NA,NA,NA,NA,NA,NA,NA,NA,NA,NA,NA,NA,NA,NA,NA,NA,NA,NA,NA,NA,36.5699769053118,17.551252970097,0.787066974595843,0.46600116685391,1.69792147806005,0.901732506833617,8.77459584295612,4.78909114379148,0,0,2016,1993-12-15,NA,NA,NA,NA
"Trevor Williams","LAC","DB","13022","weighted",NA,NA,NA,NA,NA,NA,NA,NA,NA,NA,NA,NA,NA,NA,NA,NA,NA,NA,NA,NA,NA,NA,NA,NA,NA,NA,NA,NA,NA,NA,NA,NA,NA,NA,NA,NA,NA,NA,NA,NA,NA,NA,45.2429561200924,3.88086237947541,0.0711316397228638,0.126065882398358,2.04526558891455,0.0802237433444095,10.5732101616628,0.514237839776461,0,0,2016,1993-09-15,"IR","Knee",2018,0
"Byron Maxwell","SEA","DB","10408","weighted",NA,NA,NA,NA,NA,NA,NA,NA,NA,NA,NA,NA,NA,NA,NA,NA,NA,NA,NA,NA,NA,NA,NA,NA,NA,NA,NA,NA,NA,NA,NA,NA,NA,NA,NA,NA,NA,NA,NA,NA,NA,NA,35.2,NA,0,NA,0.6,NA,4.5,NA,0,NA,2011,1988-02-23,"Q","Hip",2018,0
"Orlando Scandrick","KC","DB","9191","weighted",NA,NA,NA,NA,NA,NA,NA,NA,NA,NA,NA,NA,NA,NA,NA,NA,NA,NA,NA,NA,NA,NA,NA,NA,NA,NA,NA,NA,NA,NA,NA,NA,NA,NA,NA,NA,NA,NA,NA,NA,NA,NA,34.0374133949192,21.5242681167031,0.426327944572748,0.527778148716629,0.849884526558891,1.0396302464232,4.94411085450346,2.94742919542236,0,0,2008,1987-02-10,NA,NA,NA,NA
"Jimmy Smith","BAL","DB","10294","weighted",NA,NA,NA,NA,NA,NA,NA,NA,NA,NA,NA,NA,NA,NA,NA,NA,NA,NA,NA,NA,NA,NA,NA,NA,NA,NA,NA,NA,NA,NA,NA,NA,NA,NA,NA,NA,NA,NA,NA,NA,NA,NA,39.4941979522184,9.47523086789974,0,0,1.90307167235495,0.141421356237309,9.27303754266211,1.06066017177982,0,0,2011,1988-07-26,NA,NA,NA,NA
"Tavon Young","BAL","DB","12770","weighted",NA,NA,NA,NA,NA,NA,NA,NA,NA,NA,NA,NA,NA,NA,NA,NA,NA,NA,NA,NA,NA,NA,NA,NA,NA,NA,NA,NA,NA,NA,NA,NA,NA,NA,NA,NA,NA,NA,NA,NA,NA,NA,34.3910652920962,17.0624866300314,0.00481099656357388,0.00707106781186547,0.908591065292096,0.134350288425444,6.10446735395189,2.786000717875,0,0,2016,1994-03-14,"Q","Sports Hernia",2018,0
"Bobby McCain","MIA","DB","12311","weighted",NA,NA,NA,NA,NA,NA,NA,NA,NA,NA,NA,NA,NA,NA,NA,NA,NA,NA,NA,NA,NA,NA,NA,NA,NA,NA,NA,NA,NA,NA,NA,NA,NA,NA,NA,NA,NA,NA,NA,NA,NA,NA,37.2836879432624,11.2288556852424,1.07446808510638,0.106066017177982,1.58510638297872,0.0212132034355964,7.43262411347518,0.473761543394987,0,0,2015,1993-08-18,"Q","Ankle",2018,0
"KWaun Williams","SF","DB","12015","weighted",NA,NA,NA,NA,NA,NA,NA,NA,NA,NA,NA,NA,NA,NA,NA,NA,NA,NA,NA,NA,NA,NA,NA,NA,NA,NA,NA,NA,NA,NA,NA,NA,NA,NA,NA,NA,NA,NA,NA,NA,NA,NA,40.3445727482679,4.88597213172492,0.934872979214781,0.058383494658411,0.992147806004619,0.28678966329537,5.71454965357968,0.526135314884582,0,0,NA,NA,NA,NA,NA,NA
"Will Parks","DEN","DB","12835","weighted",NA,NA,NA,NA,NA,NA,NA,NA,NA,NA,NA,NA,NA,NA,NA,NA,NA,NA,NA,NA,NA,NA,NA,NA,NA,NA,NA,NA,NA,NA,NA,NA,NA,NA,NA,NA,NA,NA,NA,NA,NA,NA,32.3598152424942,10.4435667878867,0.162586605080831,0.153905950896535,1.16304849884527,0.750436554449162,4.84157043879908,2.49527484359928,0,0,2016,1994-07-29,NA,NA,NA,NA
"Mike Hilton","PIT","DB","13414","weighted",NA,NA,NA,NA,NA,NA,NA,NA,NA,NA,NA,NA,NA,NA,NA,NA,NA,NA,NA,NA,NA,NA,NA,NA,NA,NA,NA,NA,NA,NA,NA,NA,NA,NA,NA,NA,NA,NA,NA,NA,NA,NA,30.8996563573883,19.2545176517097,1.68247422680412,0.466690475583121,0.769072164948454,0.339411254969543,3.7106529209622,1.89504617357995,0,0,2016,1994-03-09,NA,NA,NA,NA
"Tre Boston","ARI","DB","11802","weighted",NA,NA,NA,NA,NA,NA,NA,NA,NA,NA,NA,NA,NA,NA,NA,NA,NA,NA,NA,NA,NA,NA,NA,NA,NA,NA,NA,NA,NA,NA,NA,NA,NA,NA,NA,NA,NA,NA,NA,NA,NA,NA,41.4957446808511,1.84554869889689,0.24822695035461,0.353553390593274,2.10283687943262,0.565685424949238,5.22553191489362,1.10308657865101,0,0,2014,1992-06-25,NA,NA,NA,NA
"Tyvon Branch","ARI","DB","9154","weighted",NA,NA,NA,NA,NA,NA,NA,NA,NA,NA,NA,NA,NA,NA,NA,NA,NA,NA,NA,NA,NA,NA,NA,NA,NA,NA,NA,NA,NA,NA,NA,NA,NA,NA,NA,NA,NA,NA,NA,NA,NA,NA,41.2,NA,0.3,NA,0.3,NA,5.6,NA,0,NA,2008,1986-12-11,"Q","Knee - ACL",2018,0
"Aaron Colvin","HOU","DB","11739","weighted",NA,NA,NA,NA,NA,NA,NA,NA,NA,NA,NA,NA,NA,NA,NA,NA,NA,NA,NA,NA,NA,NA,NA,NA,NA,NA,NA,NA,NA,NA,NA,NA,NA,NA,NA,NA,NA,NA,NA,NA,NA,NA,35.8974595842956,4.63233670390546,0.781524249422633,1.09984466550475,0.358891454965358,0.636059679373532,4.20369515011547,1.02480432870796,0,0,2014,1991-10-02,NA,NA,NA,NA
"Derrick Kindred","CLE","DB","12787","weighted",NA,NA,NA,NA,NA,NA,NA,NA,NA,NA,NA,NA,NA,NA,NA,NA,NA,NA,NA,NA,NA,NA,NA,NA,NA,NA,NA,NA,NA,NA,NA,NA,NA,NA,NA,NA,NA,NA,NA,NA,NA,NA,37.8735395189003,3.12541197284454,0.572508591065292,0.841457069611991,0.966323024054983,0.0494974746830583,4.17250859106529,1.21622366364086,0,0,2016,1993-12-15,NA,NA,NA,NA
"Patrick Robinson","NO","DB","9841","weighted",NA,NA,NA,NA,NA,NA,NA,NA,NA,NA,NA,NA,NA,NA,NA,NA,NA,NA,NA,NA,NA,NA,NA,NA,NA,NA,NA,NA,NA,NA,NA,NA,NA,NA,NA,NA,NA,NA,NA,NA,NA,NA,35.6780600461894,5.58228060858016,0.753117782909931,0.294570095388155,2.02632794457275,0.0638409116671866,10.5699769053118,0.76212556177189,0,0,2010,1987-09-07,"IR","Ankle",2018,0
"Mike Hughes","MIN","DB","nfl_2560746","weighted",NA,NA,NA,NA,NA,NA,NA,NA,NA,NA,NA,NA,NA,NA,NA,NA,NA,NA,NA,NA,NA,NA,NA,NA,NA,NA,NA,NA,NA,NA,NA,NA,NA,NA,NA,NA,NA,NA,NA,NA,NA,NA,22.5450346420323,18.3369160026707,0.00323325635103926,0.00573026738174353,0.393995381062356,0.547646496697176,6.21986143187067,5.13395335877438,0,0,2018,1996-02-11,NA,NA,NA,NA
"Justin Reid","HOU","DB","13717","weighted",NA,NA,NA,NA,NA,NA,NA,NA,NA,NA,NA,NA,NA,NA,NA,NA,NA,NA,NA,NA,NA,NA,NA,NA,NA,NA,NA,NA,NA,NA,NA,NA,NA,NA,NA,NA,NA,NA,NA,NA,NA,NA,30.3482678983834,13.0561883062507,0.423094688221709,0.529519538537105,0.539491916859122,0.505452499445151,2.66189376443418,2.09603218041804,0,0,2018,1997-02-15,"Q","Wrist",2018,0
"Justin Reid","HOU","DB","13717","weighted",NA,NA,NA,NA,NA,NA,NA,NA,NA,NA,NA,NA,NA,NA,NA,NA,NA,NA,NA,NA,NA,NA,NA,NA,NA,NA,NA,NA,NA,NA,NA,NA,NA,NA,NA,NA,NA,NA,NA,NA,NA,NA,30.3482678983834,13.0561883062507,0.423094688221709,0.529519538537105,0.539491916859122,0.505452499445151,2.66189376443418,2.09603218041804,0,0,2018,2002-05-24,"Q","Wrist",2018,0
"Nickell Robey","LAR","DB","11501","weighted",NA,NA,NA,NA,NA,NA,NA,NA,NA,NA,NA,NA,NA,NA,NA,NA,NA,NA,NA,NA,NA,NA,NA,NA,NA,NA,NA,NA,NA,NA,NA,NA,NA,NA,NA,NA,NA,NA,NA,NA,NA,NA,36.6069284064665,3.83251006640723,0.456505003849115,0.514327124745949,1.59260969976905,0.372658389895545,8.49006928406467,1.6335474876035,0,0,2013,1992-01-17,NA,NA,NA,NA
"Ross Cockrell","CAR","DB","11791","weighted",NA,NA,NA,NA,NA,NA,NA,NA,NA,NA,NA,NA,NA,NA,NA,NA,NA,NA,NA,NA,NA,NA,NA,NA,NA,NA,NA,NA,NA,NA,NA,NA,NA,NA,NA,NA,NA,NA,NA,NA,NA,NA,39,NA,0,NA,2,NA,12,NA,0,NA,2014,1991-08-06,"IR","Leg",2018,0
"Jaire Alexander","GB","DB","13730","weighted",NA,NA,NA,NA,NA,NA,NA,NA,NA,NA,NA,NA,NA,NA,NA,NA,NA,NA,NA,NA,NA,NA,NA,NA,NA,NA,NA,NA,NA,NA,NA,NA,NA,NA,NA,NA,NA,NA,NA,NA,NA,NA,28.7127020785219,12.7969098896904,0.00969976905311778,0.0171908021452306,1.23048498845266,1.61112103092026,5.94226327944573,3.69135598097214,0,0,2018,1997-02-09,"Q","Groin",2018,0
"Ronnie Harrison","JAC","DB","13715","weighted",NA,NA,NA,NA,NA,NA,NA,NA,NA,NA,NA,NA,NA,NA,NA,NA,NA,NA,NA,NA,NA,NA,NA,NA,NA,NA,NA,NA,NA,NA,NA,NA,NA,NA,NA,NA,NA,NA,NA,NA,NA,NA,17.9794326241135,3.87494516090228,0.315602836879433,0.120208152801713,0.29290780141844,0.417193000900063,2.01418439716312,0.834386001800126,0,0,2018,1997-04-18,"IR","Knee",2018,0
"Justin Coleman","SEA","DB","12523","weighted",NA,NA,NA,NA,NA,NA,NA,NA,NA,NA,NA,NA,NA,NA,NA,NA,NA,NA,NA,NA,NA,NA,NA,NA,NA,NA,NA,NA,NA,NA,NA,NA,NA,NA,NA,NA,NA,NA,NA,NA,NA,NA,29.8905311778291,7.7316007312276,1.21454965357968,0.348969032818969,1.46697459584296,0.525005599565168,8.21016166281755,2.50454601244275,0,0,NA,NA,NA,NA,NA,NA
"Rasul Douglas","PHI","DB","13281","weighted",NA,NA,NA,NA,NA,NA,NA,NA,NA,NA,NA,NA,NA,NA,NA,NA,NA,NA,NA,NA,NA,NA,NA,NA,NA,NA,NA,NA,NA,NA,NA,NA,NA,NA,NA,NA,NA,NA,NA,NA,NA,NA,18.9014184397163,23.2143156263544,0.0099290780141844,0.014142135623731,1.32836879432624,1.66877200360025,7.38156028368794,9.28431203697937,0,0,2017,1994-08-29,NA,NA,NA,NA
"Kayvon Webster","HOU","DB","11358","weighted",NA,NA,NA,NA,NA,NA,NA,NA,NA,NA,NA,NA,NA,NA,NA,NA,NA,NA,NA,NA,NA,NA,NA,NA,NA,NA,NA,NA,NA,NA,NA,NA,NA,NA,NA,NA,NA,NA,NA,NA,NA,NA,35,NA,0,NA,0.9,NA,4,NA,0,NA,2013,1991-02-01,"IR","Thigh",2018,0
"Briean Boddy-Calhoun","CLE","DB","12970","weighted",NA,NA,NA,NA,NA,NA,NA,NA,NA,NA,NA,NA,NA,NA,NA,NA,NA,NA,NA,NA,NA,NA,NA,NA,NA,NA,NA,NA,NA,NA,NA,NA,NA,NA,NA,NA,NA,NA,NA,NA,NA,NA,28.6234042553191,8.65498700172334,0.024822695035461,0.0353553390593274,0.975177304964539,0.0353553390593274,6.79432624113475,2.85671139599365,0,0,2016,1993-01-21,NA,NA,NA,NA
"LeShaun Sims","TEN","DB","12799","weighted",NA,NA,NA,NA,NA,NA,NA,NA,NA,NA,NA,NA,NA,NA,NA,NA,NA,NA,NA,NA,NA,NA,NA,NA,NA,NA,NA,NA,NA,NA,NA,NA,NA,NA,NA,NA,NA,NA,NA,NA,NA,NA,28.7141843971631,7.81352993211135,0,0,1.16737588652482,0.473761543394987,3.90496453900709,0.00707106781186564,0,0,2016,NA,NA,NA,NA,NA
"Davon House","GB","DB","10374","weighted",NA,NA,NA,NA,NA,NA,NA,NA,NA,NA,NA,NA,NA,NA,NA,NA,NA,NA,NA,NA,NA,NA,NA,NA,NA,NA,NA,NA,NA,NA,NA,NA,NA,NA,NA,NA,NA,NA,NA,NA,NA,NA,20.7872340425532,16.397806255716,0.420567375886525,0.113137084989848,0.354609929078014,0.0777817459305202,2.97375886524823,0.74953318805774,0,0,2011,1989-07-10,"IR","Shoulder",2018,0
"Adam Jones","DEN","DB","7818","weighted",NA,NA,NA,NA,NA,NA,NA,NA,NA,NA,NA,NA,NA,NA,NA,NA,NA,NA,NA,NA,NA,NA,NA,NA,NA,NA,NA,NA,NA,NA,NA,NA,NA,NA,NA,NA,NA,NA,NA,NA,NA,NA,10.57,NA,0.2,NA,0.4,NA,2.33,NA,0,NA,2005,1983-09-30,NA,NA,NA,NA
"Rashard Robinson","NYJ","DB","12790","weighted",NA,NA,NA,NA,NA,NA,NA,NA,NA,NA,NA,NA,NA,NA,NA,NA,NA,NA,NA,NA,NA,NA,NA,NA,NA,NA,NA,NA,NA,NA,NA,NA,NA,NA,NA,NA,NA,NA,NA,NA,NA,NA,31.3,NA,0,NA,1.3,NA,4,NA,0,NA,2016,1995-07-23,NA,NA,NA,NA
"Dexter McDonald","OAK","DB","12376","weighted",NA,NA,NA,NA,NA,NA,NA,NA,NA,NA,NA,NA,NA,NA,NA,NA,NA,NA,NA,NA,NA,NA,NA,NA,NA,NA,NA,NA,NA,NA,NA,NA,NA,NA,NA,NA,NA,NA,NA,NA,NA,NA,30,NA,0,NA,0,NA,5,NA,0,NA,NA,NA,"IR","Ankle",2018,0
"Phillip Gaines","BUF","DB","11781","weighted",NA,NA,NA,NA,NA,NA,NA,NA,NA,NA,NA,NA,NA,NA,NA,NA,NA,NA,NA,NA,NA,NA,NA,NA,NA,NA,NA,NA,NA,NA,NA,NA,NA,NA,NA,NA,NA,NA,NA,NA,NA,NA,18.2978723404255,2.56679761570717,0.114184397163121,0.162634559672906,1.1241134751773,0.820243866176395,3.79503546099291,1.0040916292849,0,0,2014,1991-04-04,NA,NA,NA,NA
"Chris Banjo","NO","DB","11532","weighted",NA,NA,NA,NA,NA,NA,NA,NA,NA,NA,NA,NA,NA,NA,NA,NA,NA,NA,NA,NA,NA,NA,NA,NA,NA,NA,NA,NA,NA,NA,NA,NA,NA,NA,NA,NA,NA,NA,NA,NA,NA,NA,19.0751773049645,13.9936431996818,0.114184397163121,0.162634559672906,0.586524822695035,0.304055915910215,3.42553191489362,4.09414826307011,0,0,2013,1990-02-26,NA,NA,NA,NA
"P.J. Williams","NO","DB","12246","weighted",NA,NA,NA,NA,NA,NA,NA,NA,NA,NA,NA,NA,NA,NA,NA,NA,NA,NA,NA,NA,NA,NA,NA,NA,NA,NA,NA,NA,NA,NA,NA,NA,NA,NA,NA,NA,NA,NA,NA,NA,NA,NA,24.09,NA,0,NA,1.31,NA,6.56,NA,0,NA,2015,1993-06-01,NA,NA,NA,NA
"Corey Moore","HOU","DB","12982","weighted",NA,NA,NA,NA,NA,NA,NA,NA,NA,NA,NA,NA,NA,NA,NA,NA,NA,NA,NA,NA,NA,NA,NA,NA,NA,NA,NA,NA,NA,NA,NA,NA,NA,NA,NA,NA,NA,NA,NA,NA,NA,NA,22.8631205673759,7.60139789775539,0.0297872340425532,0.0424264068711928,0.665957446808511,0.190918830920368,2.20709219858156,1.4142135623731,0,0,NA,NA,NA,NA,NA,NA
"Donte Deayon","NYG","DB","13509","weighted",NA,NA,NA,NA,NA,NA,NA,NA,NA,NA,NA,NA,NA,NA,NA,NA,NA,NA,NA,NA,NA,NA,NA,NA,NA,NA,NA,NA,NA,NA,NA,NA,NA,NA,NA,NA,NA,NA,NA,NA,NA,NA,21.9900709219858,7.99030662740799,0.280851063829787,0.169705627484771,0.534751773049645,0.0494974746830583,4.34326241134752,1.64755880016466,0,0,2017,1994-01-28,NA,NA,NA,NA
"Jonathan Jones","NE","DB","12988","weighted",NA,NA,NA,NA,NA,NA,NA,NA,NA,NA,NA,NA,NA,NA,NA,NA,NA,NA,NA,NA,NA,NA,NA,NA,NA,NA,NA,NA,NA,NA,NA,NA,NA,NA,NA,NA,NA,NA,NA,NA,NA,NA,26.7,NA,0.2,NA,0.6,NA,8,NA,0,NA,2016,1993-09-20,NA,NA,NA,NA
"Nate Hairston","IND","DB","13305","weighted",NA,NA,NA,NA,NA,NA,NA,NA,NA,NA,NA,NA,NA,NA,NA,NA,NA,NA,NA,NA,NA,NA,NA,NA,NA,NA,NA,NA,NA,NA,NA,NA,NA,NA,NA,NA,NA,NA,NA,NA,NA,NA,24.7255319148936,2.10010714012405,1.13475177304965,0.0494974746830582,0.729078014184397,0.183847763108502,4.9645390070922,0.90509667991878,0,0,2017,1994-06-30,NA,NA,NA,NA
"Eddie Pleasant","NE","DB","11127","weighted",NA,NA,NA,NA,NA,NA,NA,NA,NA,NA,NA,NA,NA,NA,NA,NA,NA,NA,NA,NA,NA,NA,NA,NA,NA,NA,NA,NA,NA,NA,NA,NA,NA,NA,NA,NA,NA,NA,NA,NA,NA,NA,25.6,NA,1,NA,0.4,NA,1.9,NA,0,NA,2012,1988-12-17,NA,NA,NA,NA
"Leon Hall","OAK","DB","8674","weighted",NA,NA,NA,NA,NA,NA,NA,NA,NA,NA,NA,NA,NA,NA,NA,NA,NA,NA,NA,NA,NA,NA,NA,NA,NA,NA,NA,NA,NA,NA,NA,NA,NA,NA,NA,NA,NA,NA,NA,NA,NA,NA,23.8652482269504,2.04353859762912,0.590780141843972,0.15556349186104,0.446808510638298,0.636396103067893,3.07163120567376,1.66877200360025,0,0,2007,1984-12-09,"IR","Back",2018,0
"Carlton Davis","TB","DB","13710","weighted",NA,NA,NA,NA,NA,NA,NA,NA,NA,NA,NA,NA,NA,NA,NA,NA,NA,NA,NA,NA,NA,NA,NA,NA,NA,NA,NA,NA,NA,NA,NA,NA,NA,NA,NA,NA,NA,NA,NA,NA,NA,NA,19.3588652482269,7.74989032180456,0.0148936170212766,0.0212132034355964,0.282978723404255,0.403050865276332,4.52482269503546,1.95868578388674,0,0,2018,1996-12-31,"Q","Ankle",2018,0
"Tony Lippett","MIA","DB","12189","weighted",NA,NA,NA,NA,NA,NA,NA,NA,NA,NA,NA,NA,NA,NA,NA,NA,NA,NA,NA,NA,NA,NA,NA,NA,NA,NA,NA,NA,NA,NA,NA,NA,NA,NA,NA,NA,NA,NA,NA,NA,NA,NA,24.6,NA,0,NA,0.4,NA,4.5,NA,0,NA,2015,1992-07-02,NA,NA,NA,NA
"Darryl Roberts","NYJ","DB","12379","weighted",NA,NA,NA,NA,NA,NA,NA,NA,NA,NA,NA,NA,NA,NA,NA,NA,NA,NA,NA,NA,NA,NA,NA,NA,NA,NA,NA,NA,NA,NA,NA,NA,NA,NA,NA,NA,NA,NA,NA,NA,NA,NA,24.15,NA,0,NA,1.05,NA,5.63,NA,0,NA,NA,NA,NA,NA,NA,NA
"Juston Burris","NYJ","DB","12781","weighted",NA,NA,NA,NA,NA,NA,NA,NA,NA,NA,NA,NA,NA,NA,NA,NA,NA,NA,NA,NA,NA,NA,NA,NA,NA,NA,NA,NA,NA,NA,NA,NA,NA,NA,NA,NA,NA,NA,NA,NA,NA,NA,15.8170212765957,11.3702770414797,0.130496453900709,0.0989949493661167,0.727659574468085,0.530330085889911,2.65177304964539,1.35057395206631,0,0,2016,1993-08-04,NA,NA,NA,NA
"Justin Bethel","ATL","DB","10874","weighted",NA,NA,NA,NA,NA,NA,NA,NA,NA,NA,NA,NA,NA,NA,NA,NA,NA,NA,NA,NA,NA,NA,NA,NA,NA,NA,NA,NA,NA,NA,NA,NA,NA,NA,NA,NA,NA,NA,NA,NA,NA,NA,19.9,NA,0,NA,0,NA,1.9,NA,0,NA,2012,1990-06-17,NA,NA,NA,NA
"Keith Tandy","TB","DB","10871","weighted",NA,NA,NA,NA,NA,NA,NA,NA,NA,NA,NA,NA,NA,NA,NA,NA,NA,NA,NA,NA,NA,NA,NA,NA,NA,NA,NA,NA,NA,NA,NA,NA,NA,NA,NA,NA,NA,NA,NA,NA,NA,NA,22,NA,0,NA,1.2,NA,3.4,NA,0,NA,2012,1989-02-12,NA,NA,NA,NA
"Rafael Bush","BUF","DB","10244","weighted",NA,NA,NA,NA,NA,NA,NA,NA,NA,NA,NA,NA,NA,NA,NA,NA,NA,NA,NA,NA,NA,NA,NA,NA,NA,NA,NA,NA,NA,NA,NA,NA,NA,NA,NA,NA,NA,NA,NA,NA,NA,NA,21.88,NA,0.49,NA,0.72,NA,1.92,NA,0,NA,2010,1987-05-12,NA,NA,NA,NA
"Anthony Levine","BAL","DB","10981","weighted",NA,NA,NA,NA,NA,NA,NA,NA,NA,NA,NA,NA,NA,NA,NA,NA,NA,NA,NA,NA,NA,NA,NA,NA,NA,NA,NA,NA,NA,NA,NA,NA,NA,NA,NA,NA,NA,NA,NA,NA,NA,NA,20.6879432624113,1.58391918985787,2.48723404255319,2.43951839509359,0.629787234042553,0.0424264068711929,3.27517730496454,2.02939646200539,0,0,2011,1987-03-27,NA,NA,NA,NA
"Don Jones","FA","DB","11425","weighted",NA,NA,NA,NA,NA,NA,NA,NA,NA,NA,NA,NA,NA,NA,NA,NA,NA,NA,NA,NA,NA,NA,NA,NA,NA,NA,NA,NA,NA,NA,NA,NA,NA,NA,NA,NA,NA,NA,NA,NA,NA,NA,20.9,NA,0,NA,0,NA,3.3,NA,0,NA,2013,1990-05-14,"Q","Knee - ACL",2018,0
"Miles Killebrew","DET","DB","12776","weighted",NA,NA,NA,NA,NA,NA,NA,NA,NA,NA,NA,NA,NA,NA,NA,NA,NA,NA,NA,NA,NA,NA,NA,NA,NA,NA,NA,NA,NA,NA,NA,NA,NA,NA,NA,NA,NA,NA,NA,NA,NA,NA,17.43,NA,0.03,NA,0.57,NA,1.71,NA,0,NA,2016,1993-05-10,NA,NA,NA,NA
"Maurice Alexander","SEA","DB","11792","weighted",NA,NA,NA,NA,NA,NA,NA,NA,NA,NA,NA,NA,NA,NA,NA,NA,NA,NA,NA,NA,NA,NA,NA,NA,NA,NA,NA,NA,NA,NA,NA,NA,NA,NA,NA,NA,NA,NA,NA,NA,NA,NA,20.7,NA,0.5,NA,0.4,NA,0.7,NA,0,NA,2014,1991-02-16,NA,NA,NA,NA
"Torry McTyer","MIA","DB","13553","weighted",NA,NA,NA,NA,NA,NA,NA,NA,NA,NA,NA,NA,NA,NA,NA,NA,NA,NA,NA,NA,NA,NA,NA,NA,NA,NA,NA,NA,NA,NA,NA,NA,NA,NA,NA,NA,NA,NA,NA,NA,NA,NA,11.21,NA,0.09,NA,0.48,NA,2.71,NA,0,NA,2017,1970-01-01,"Q","Concussion",2018,0
"Michael Thomas","NYG","DB","11613","weighted",NA,NA,NA,NA,NA,NA,NA,NA,NA,NA,NA,NA,NA,NA,NA,NA,NA,NA,NA,NA,NA,NA,NA,NA,NA,NA,NA,NA,NA,NA,NA,NA,NA,NA,NA,NA,NA,NA,NA,NA,NA,NA,20.38,NA,0.06,NA,0.45,NA,0.9,NA,0,NA,2012,1989-03-17,NA,NA,NA,NA
"Clayton Fejedelem","CIN","DB","12850","weighted",NA,NA,NA,NA,NA,NA,NA,NA,NA,NA,NA,NA,NA,NA,NA,NA,NA,NA,NA,NA,NA,NA,NA,NA,NA,NA,NA,NA,NA,NA,NA,NA,NA,NA,NA,NA,NA,NA,NA,NA,NA,NA,20.04,NA,0,NA,0.32,NA,0.37,NA,0,NA,2016,1993-06-02,NA,NA,NA,NA
"Duron Harmon","NE","DB","11359","weighted",NA,NA,NA,NA,NA,NA,NA,NA,NA,NA,NA,NA,NA,NA,NA,NA,NA,NA,NA,NA,NA,NA,NA,NA,NA,NA,NA,NA,NA,NA,NA,NA,NA,NA,NA,NA,NA,NA,NA,NA,NA,NA,19.3,NA,0,NA,1.38,NA,3.76,NA,0,NA,2013,1991-01-24,NA,NA,NA,NA
"B.W. Webb","FA","DB","11363","weighted",NA,NA,NA,NA,NA,NA,NA,NA,NA,NA,NA,NA,NA,NA,NA,NA,NA,NA,NA,NA,NA,NA,NA,NA,NA,NA,NA,NA,NA,NA,NA,NA,NA,NA,NA,NA,NA,NA,NA,NA,NA,NA,18.25,NA,0.12,NA,1.01,NA,5.62,NA,0,NA,2013,1990-05-03,NA,NA,NA,NA
"Jermaine Whitehead",NA,"DB","13531","weighted",NA,NA,NA,NA,NA,NA,NA,NA,NA,NA,NA,NA,NA,NA,NA,NA,NA,NA,NA,NA,NA,NA,NA,NA,NA,NA,NA,NA,NA,NA,NA,NA,NA,NA,NA,NA,NA,NA,NA,NA,NA,NA,16.94,NA,0.04,NA,0.51,NA,1.2,NA,0,NA,NA,NA,NA,NA,NA,NA
"Antone Exum","SF","DB","11833","weighted",NA,NA,NA,NA,NA,NA,NA,NA,NA,NA,NA,NA,NA,NA,NA,NA,NA,NA,NA,NA,NA,NA,NA,NA,NA,NA,NA,NA,NA,NA,NA,NA,NA,NA,NA,NA,NA,NA,NA,NA,NA,NA,16.51,NA,0.42,NA,0.58,NA,1.32,NA,0,NA,2014,1991-02-27,NA,NA,NA,NA
"Ibraheim Campbell","HOU","DB","12297","weighted",NA,NA,NA,NA,NA,NA,NA,NA,NA,NA,NA,NA,NA,NA,NA,NA,NA,NA,NA,NA,NA,NA,NA,NA,NA,NA,NA,NA,NA,NA,NA,NA,NA,NA,NA,NA,NA,NA,NA,NA,NA,NA,16.45,NA,0.16,NA,0.5,NA,0.97,NA,0,NA,NA,NA,"IR","Undisclosed",2018,0
"Kemal Ishmael","ATL","DB","11422","weighted",NA,NA,NA,NA,NA,NA,NA,NA,NA,NA,NA,NA,NA,NA,NA,NA,NA,NA,NA,NA,NA,NA,NA,NA,NA,NA,NA,NA,NA,NA,NA,NA,NA,NA,NA,NA,NA,NA,NA,NA,NA,NA,16.33,NA,0.27,NA,0.45,NA,1.06,NA,0,NA,2013,1991-05-06,NA,NA,NA,NA
"Cody Davis","JAC","DB","11555","weighted",NA,NA,NA,NA,NA,NA,NA,NA,NA,NA,NA,NA,NA,NA,NA,NA,NA,NA,NA,NA,NA,NA,NA,NA,NA,NA,NA,NA,NA,NA,NA,NA,NA,NA,NA,NA,NA,NA,NA,NA,NA,NA,13.41,NA,0.03,NA,0.57,NA,1.49,NA,0,NA,2013,1989-06-06,NA,NA,NA,NA
"D.J. Reed","SF","DB","13774","weighted",NA,NA,NA,NA,NA,NA,NA,NA,NA,NA,NA,NA,NA,NA,NA,NA,NA,NA,NA,NA,NA,NA,NA,NA,NA,NA,NA,NA,NA,NA,NA,NA,NA,NA,NA,NA,NA,NA,NA,NA,NA,NA,14.62,NA,0.01,NA,0.52,NA,2.86,NA,0,NA,2018,1996-11-11,"Q","Shoulder - Labrum",2018,0
"Tre Sullivan",NA,"DB","13886","weighted",NA,NA,NA,NA,NA,NA,NA,NA,NA,NA,NA,NA,NA,NA,NA,NA,NA,NA,NA,NA,NA,NA,NA,NA,NA,NA,NA,NA,NA,NA,NA,NA,NA,NA,NA,NA,NA,NA,NA,NA,NA,NA,15.6,NA,0.29,NA,0.57,NA,1.4,NA,0,NA,2017,1970-01-01,NA,NA,NA,NA
"Mackensie Alexander","MIN","DB","12713","weighted",NA,NA,NA,NA,NA,NA,NA,NA,NA,NA,NA,NA,NA,NA,NA,NA,NA,NA,NA,NA,NA,NA,NA,NA,NA,NA,NA,NA,NA,NA,NA,NA,NA,NA,NA,NA,NA,NA,NA,NA,NA,NA,15.42,NA,0.27,NA,0.85,NA,4.54,NA,0,NA,2016,1993-11-12,NA,NA,NA,NA
"Armani Watts","KC","DB","13766","weighted",NA,NA,NA,NA,NA,NA,NA,NA,NA,NA,NA,NA,NA,NA,NA,NA,NA,NA,NA,NA,NA,NA,NA,NA,NA,NA,NA,NA,NA,NA,NA,NA,NA,NA,NA,NA,NA,NA,NA,NA,NA,NA,15.22,NA,0.23,NA,0.59,NA,1.42,NA,0,NA,2018,1996-03-19,"IR","Abdomen",2018,0
"Troy Apke","WAS","DB","13756","weighted",NA,NA,NA,NA,NA,NA,NA,NA,NA,NA,NA,NA,NA,NA,NA,NA,NA,NA,NA,NA,NA,NA,NA,NA,NA,NA,NA,NA,NA,NA,NA,NA,NA,NA,NA,NA,NA,NA,NA,NA,NA,NA,15.22,NA,0.23,NA,0.59,NA,1.42,NA,0,NA,2018,1995-04-11,"IR","Hamstring",2018,0
"Bryce Callahan","CHI","DB","12506","weighted",NA,NA,NA,NA,NA,NA,NA,NA,NA,NA,NA,NA,NA,NA,NA,NA,NA,NA,NA,NA,NA,NA,NA,NA,NA,NA,NA,NA,NA,NA,NA,NA,NA,NA,NA,NA,NA,NA,NA,NA,NA,NA,15.1,NA,0.44,NA,0.91,NA,4.34,NA,0,NA,NA,NA,"IR","Foot",2018,0
"Darius Phillips","CIN","DB","13790","weighted",NA,NA,NA,NA,NA,NA,NA,NA,NA,NA,NA,NA,NA,NA,NA,NA,NA,NA,NA,NA,NA,NA,NA,NA,NA,NA,NA,NA,NA,NA,NA,NA,NA,NA,NA,NA,NA,NA,NA,NA,NA,NA,14.62,NA,0.01,NA,0.52,NA,2.86,NA,0,NA,2018,1995-06-26,NA,NA,NA,NA
"Tremon Smith","KC","DB","13811","weighted",NA,NA,NA,NA,NA,NA,NA,NA,NA,NA,NA,NA,NA,NA,NA,NA,NA,NA,NA,NA,NA,NA,NA,NA,NA,NA,NA,NA,NA,NA,NA,NA,NA,NA,NA,NA,NA,NA,NA,NA,NA,NA,14.62,NA,0.01,NA,0.52,NA,2.86,NA,0,NA,2018,1996-07-20,NA,NA,NA,NA
"Adonis Alexander","WAS","DB","13867","weighted",NA,NA,NA,NA,NA,NA,NA,NA,NA,NA,NA,NA,NA,NA,NA,NA,NA,NA,NA,NA,NA,NA,NA,NA,NA,NA,NA,NA,NA,NA,NA,NA,NA,NA,NA,NA,NA,NA,NA,NA,NA,NA,14.62,NA,0.01,NA,0.52,NA,2.86,NA,0,NA,2018,1970-01-01,NA,NA,NA,NA
"Deon Bush","CHI","DB","12783","weighted",NA,NA,NA,NA,NA,NA,NA,NA,NA,NA,NA,NA,NA,NA,NA,NA,NA,NA,NA,NA,NA,NA,NA,NA,NA,NA,NA,NA,NA,NA,NA,NA,NA,NA,NA,NA,NA,NA,NA,NA,NA,NA,9.88,NA,0.21,NA,0.43,NA,0.72,NA,0,NA,2016,1993-08-14,NA,NA,NA,NA
"Rashaan Gaulden","CAR","DB","13749","weighted",NA,NA,NA,NA,NA,NA,NA,NA,NA,NA,NA,NA,NA,NA,NA,NA,NA,NA,NA,NA,NA,NA,NA,NA,NA,NA,NA,NA,NA,NA,NA,NA,NA,NA,NA,NA,NA,NA,NA,NA,NA,NA,14.25,NA,0.07,NA,0.55,NA,2.99,NA,0,NA,2018,1995-01-23,NA,NA,NA,NA
"Anthony Harris","MIN","DB","12252","weighted",NA,NA,NA,NA,NA,NA,NA,NA,NA,NA,NA,NA,NA,NA,NA,NA,NA,NA,NA,NA,NA,NA,NA,NA,NA,NA,NA,NA,NA,NA,NA,NA,NA,NA,NA,NA,NA,NA,NA,NA,NA,NA,14.21,NA,0.18,NA,0.38,NA,0.65,NA,0,NA,2015,1992-06-04,NA,NA,NA,NA
"Maurice Smith","MIA","DB","13442","weighted",NA,NA,NA,NA,NA,NA,NA,NA,NA,NA,NA,NA,NA,NA,NA,NA,NA,NA,NA,NA,NA,NA,NA,NA,NA,NA,NA,NA,NA,NA,NA,NA,NA,NA,NA,NA,NA,NA,NA,NA,NA,NA,14.2,NA,0,NA,0,NA,2.3,NA,0,NA,2017,1995-06-14,NA,NA,NA,NA
"Blake Countess","LAR","DB","12821","weighted",NA,NA,NA,NA,NA,NA,NA,NA,NA,NA,NA,NA,NA,NA,NA,NA,NA,NA,NA,NA,NA,NA,NA,NA,NA,NA,NA,NA,NA,NA,NA,NA,NA,NA,NA,NA,NA,NA,NA,NA,NA,NA,13.95,NA,0,NA,0.42,NA,2.32,NA,0,NA,2016,1993-08-08,NA,NA,NA,NA
"Isaac Yiadom","DEN","DB","13754","weighted",NA,NA,NA,NA,NA,NA,NA,NA,NA,NA,NA,NA,NA,NA,NA,NA,NA,NA,NA,NA,NA,NA,NA,NA,NA,NA,NA,NA,NA,NA,NA,NA,NA,NA,NA,NA,NA,NA,NA,NA,NA,NA,13.34,NA,0.07,NA,0.51,NA,2.81,NA,0,NA,2018,1996-02-20,NA,NA,NA,NA
"Damontae Kazee","ATL","DB","13301","weighted",NA,NA,NA,NA,NA,NA,NA,NA,NA,NA,NA,NA,NA,NA,NA,NA,NA,NA,NA,NA,NA,NA,NA,NA,NA,NA,NA,NA,NA,NA,NA,NA,NA,NA,NA,NA,NA,NA,NA,NA,NA,NA,13.19,NA,0.04,NA,0.39,NA,0.64,NA,0,NA,2017,1993-06-05,NA,NA,NA,NA
"Shalom Luani","OAK","DB","13344","weighted",NA,NA,NA,NA,NA,NA,NA,NA,NA,NA,NA,NA,NA,NA,NA,NA,NA,NA,NA,NA,NA,NA,NA,NA,NA,NA,NA,NA,NA,NA,NA,NA,NA,NA,NA,NA,NA,NA,NA,NA,NA,NA,13.19,NA,0.19,NA,0.55,NA,1.25,NA,0,NA,2017,1994-08-15,NA,NA,NA,NA
"Sam Shields","LAR","DB","10084","weighted",NA,NA,NA,NA,NA,NA,NA,NA,NA,NA,NA,NA,NA,NA,NA,NA,NA,NA,NA,NA,NA,NA,NA,NA,NA,NA,NA,NA,NA,NA,NA,NA,NA,NA,NA,NA,NA,NA,NA,NA,NA,NA,13.18,NA,0.09,NA,0.7,NA,3.74,NA,0,NA,2010,1987-12-08,NA,NA,NA,NA
"Jarrod Wilson","JAC","DB","12906","weighted",NA,NA,NA,NA,NA,NA,NA,NA,NA,NA,NA,NA,NA,NA,NA,NA,NA,NA,NA,NA,NA,NA,NA,NA,NA,NA,NA,NA,NA,NA,NA,NA,NA,NA,NA,NA,NA,NA,NA,NA,NA,NA,12.74,NA,0.11,NA,0.36,NA,0.55,NA,0,NA,2016,1994-02-09,NA,NA,NA,NA
"Johnson Bademosi","HOU","DB","11011","weighted",NA,NA,NA,NA,NA,NA,NA,NA,NA,NA,NA,NA,NA,NA,NA,NA,NA,NA,NA,NA,NA,NA,NA,NA,NA,NA,NA,NA,NA,NA,NA,NA,NA,NA,NA,NA,NA,NA,NA,NA,NA,NA,12.71,NA,0,NA,0.27,NA,1.86,NA,0,NA,2012,1990-07-23,NA,NA,NA,NA
"Charles Washington","DET","DB","13468","weighted",NA,NA,NA,NA,NA,NA,NA,NA,NA,NA,NA,NA,NA,NA,NA,NA,NA,NA,NA,NA,NA,NA,NA,NA,NA,NA,NA,NA,NA,NA,NA,NA,NA,NA,NA,NA,NA,NA,NA,NA,NA,NA,12.65,NA,0.07,NA,0.42,NA,0.77,NA,0,NA,2016,1993-03-10,"IR","Hamstring",2018,0
"Sidney Jones","PHI","DB","13225","weighted",NA,NA,NA,NA,NA,NA,NA,NA,NA,NA,NA,NA,NA,NA,NA,NA,NA,NA,NA,NA,NA,NA,NA,NA,NA,NA,NA,NA,NA,NA,NA,NA,NA,NA,NA,NA,NA,NA,NA,NA,NA,NA,12.54,NA,0.03,NA,0.53,NA,2.88,NA,0,NA,2017,NA,"Q","Hamstring",2018,0
"Rayshawn Jenkins","LAC","DB","13288","weighted",NA,NA,NA,NA,NA,NA,NA,NA,NA,NA,NA,NA,NA,NA,NA,NA,NA,NA,NA,NA,NA,NA,NA,NA,NA,NA,NA,NA,NA,NA,NA,NA,NA,NA,NA,NA,NA,NA,NA,NA,NA,NA,12.19,NA,0,NA,0.4,NA,0.66,NA,0,NA,2017,1994-01-25,NA,NA,NA,NA
"Brynden Trawick","TEN","DB","11514","weighted",NA,NA,NA,NA,NA,NA,NA,NA,NA,NA,NA,NA,NA,NA,NA,NA,NA,NA,NA,NA,NA,NA,NA,NA,NA,NA,NA,NA,NA,NA,NA,NA,NA,NA,NA,NA,NA,NA,NA,NA,NA,NA,12.18,NA,0,NA,0.23,NA,0.1,NA,0,NA,2013,1989-10-23,NA,NA,NA,NA
"Chuck Clark","BAL","DB","13322","weighted",NA,NA,NA,NA,NA,NA,NA,NA,NA,NA,NA,NA,NA,NA,NA,NA,NA,NA,NA,NA,NA,NA,NA,NA,NA,NA,NA,NA,NA,NA,NA,NA,NA,NA,NA,NA,NA,NA,NA,NA,NA,NA,11.66,NA,0,NA,0.35,NA,0.42,NA,0,NA,2017,1995-04-19,NA,NA,NA,NA
"Johnathan Ford","ARI","DB","13339","weighted",NA,NA,NA,NA,NA,NA,NA,NA,NA,NA,NA,NA,NA,NA,NA,NA,NA,NA,NA,NA,NA,NA,NA,NA,NA,NA,NA,NA,NA,NA,NA,NA,NA,NA,NA,NA,NA,NA,NA,NA,NA,NA,11.37,NA,0.04,NA,0.39,NA,0.58,NA,0,NA,2017,1994-11-01,NA,NA,NA,NA
"Nate Ebner","NE","DB","10884","weighted",NA,NA,NA,NA,NA,NA,NA,NA,NA,NA,NA,NA,NA,NA,NA,NA,NA,NA,NA,NA,NA,NA,NA,NA,NA,NA,NA,NA,NA,NA,NA,NA,NA,NA,NA,NA,NA,NA,NA,NA,NA,NA,10.85,NA,0,NA,0.19,NA,0,NA,0,NA,2012,1988-12-14,NA,NA,NA,NA
"Bene Benwikere","ARI","DB","11815","weighted",NA,NA,NA,NA,NA,NA,NA,NA,NA,NA,NA,NA,NA,NA,NA,NA,NA,NA,NA,NA,NA,NA,NA,NA,NA,NA,NA,NA,NA,NA,NA,NA,NA,NA,NA,NA,NA,NA,NA,NA,NA,NA,8.94184397163121,0.629325035256028,0.074468085106383,0.106066017177982,0.399290780141844,0.14142135623731,3.09716312056738,0.431335136523794,0,0,2014,1991-09-03,NA,NA,NA,NA
"Coty Sensabaugh","PIT","DB","10833","weighted",NA,NA,NA,NA,NA,NA,NA,NA,NA,NA,NA,NA,NA,NA,NA,NA,NA,NA,NA,NA,NA,NA,NA,NA,NA,NA,NA,NA,NA,NA,NA,NA,NA,NA,NA,NA,NA,NA,NA,NA,NA,NA,10.76,NA,0.21,NA,0.48,NA,2.59,NA,0,NA,2012,1988-11-15,NA,NA,NA,NA
"Terrence Brooks","NYJ","DB","11776","weighted",NA,NA,NA,NA,NA,NA,NA,NA,NA,NA,NA,NA,NA,NA,NA,NA,NA,NA,NA,NA,NA,NA,NA,NA,NA,NA,NA,NA,NA,NA,NA,NA,NA,NA,NA,NA,NA,NA,NA,NA,NA,NA,10.68,NA,0.01,NA,0.44,NA,0.69,NA,0,NA,2014,1991-03-02,NA,NA,NA,NA
"Jamal Agnew","DET","DB","13308","weighted",NA,NA,NA,NA,NA,NA,NA,NA,NA,NA,NA,NA,NA,NA,NA,NA,NA,NA,NA,NA,NA,NA,NA,NA,NA,NA,NA,NA,NA,NA,NA,NA,NA,NA,NA,NA,NA,NA,NA,NA,NA,NA,10.62,NA,0,NA,0.37,NA,2.21,NA,0,NA,2017,NA,"Q","Knee",2018,0
"Michael Davis","LAC","DB","13479","weighted",NA,NA,NA,NA,NA,NA,NA,NA,NA,NA,NA,NA,NA,NA,NA,NA,NA,NA,NA,NA,NA,NA,NA,NA,NA,NA,NA,NA,NA,NA,NA,NA,NA,NA,NA,NA,NA,NA,NA,NA,NA,NA,10.1,NA,0,NA,0.15,NA,1.37,NA,0,NA,2017,1995-01-06,NA,NA,NA,NA
"Sherrick McManis","CHI","DB","10103","weighted",NA,NA,NA,NA,NA,NA,NA,NA,NA,NA,NA,NA,NA,NA,NA,NA,NA,NA,NA,NA,NA,NA,NA,NA,NA,NA,NA,NA,NA,NA,NA,NA,NA,NA,NA,NA,NA,NA,NA,NA,NA,NA,9.23,NA,0,NA,0.3,NA,2.3,NA,0,NA,2010,1987-12-19,NA,NA,NA,NA
"Fabian Moreau","WAS","DB","13270","weighted",NA,NA,NA,NA,NA,NA,NA,NA,NA,NA,NA,NA,NA,NA,NA,NA,NA,NA,NA,NA,NA,NA,NA,NA,NA,NA,NA,NA,NA,NA,NA,NA,NA,NA,NA,NA,NA,NA,NA,NA,NA,NA,9.14,NA,0,NA,0.38,NA,2.35,NA,0,NA,2017,1994-04-09,NA,NA,NA,NA
"Jordan Dangerfield","FA","DB","12974","weighted",NA,NA,NA,NA,NA,NA,NA,NA,NA,NA,NA,NA,NA,NA,NA,NA,NA,NA,NA,NA,NA,NA,NA,NA,NA,NA,NA,NA,NA,NA,NA,NA,NA,NA,NA,NA,NA,NA,NA,NA,NA,NA,8.9,NA,0.12,NA,0.41,NA,0.79,NA,0,NA,NA,NA,NA,NA,NA,NA
"Delano Hill","SEA","DB","13278","weighted",NA,NA,NA,NA,NA,NA,NA,NA,NA,NA,NA,NA,NA,NA,NA,NA,NA,NA,NA,NA,NA,NA,NA,NA,NA,NA,NA,NA,NA,NA,NA,NA,NA,NA,NA,NA,NA,NA,NA,NA,NA,NA,8.75,NA,0.01,NA,0.37,NA,0.5,NA,0,NA,2017,1995-11-26,"IR","Hip",2018,0
"Brandon King","NE","DB","12542","weighted",NA,NA,NA,NA,NA,NA,NA,NA,NA,NA,NA,NA,NA,NA,NA,NA,NA,NA,NA,NA,NA,NA,NA,NA,NA,NA,NA,NA,NA,NA,NA,NA,NA,NA,NA,NA,NA,NA,NA,NA,NA,NA,8.74,NA,0.04,NA,0.26,NA,0.16,NA,0,NA,NA,NA,NA,NA,NA,NA
"DeAndre Houston-Carson","CHI","DB","12813","weighted",NA,NA,NA,NA,NA,NA,NA,NA,NA,NA,NA,NA,NA,NA,NA,NA,NA,NA,NA,NA,NA,NA,NA,NA,NA,NA,NA,NA,NA,NA,NA,NA,NA,NA,NA,NA,NA,NA,NA,NA,NA,NA,8.63,NA,0.02,NA,0.27,NA,0.2,NA,0,NA,2016,1993-04-13,NA,NA,NA,NA
"Cameron Sutton","PIT","DB","13276","weighted",NA,NA,NA,NA,NA,NA,NA,NA,NA,NA,NA,NA,NA,NA,NA,NA,NA,NA,NA,NA,NA,NA,NA,NA,NA,NA,NA,NA,NA,NA,NA,NA,NA,NA,NA,NA,NA,NA,NA,NA,NA,NA,8.36,NA,0.05,NA,0.34,NA,1.87,NA,0,NA,2017,1995-02-27,NA,NA,NA,NA
"Marqui Christian","LAR","DB","12803","weighted",NA,NA,NA,NA,NA,NA,NA,NA,NA,NA,NA,NA,NA,NA,NA,NA,NA,NA,NA,NA,NA,NA,NA,NA,NA,NA,NA,NA,NA,NA,NA,NA,NA,NA,NA,NA,NA,NA,NA,NA,NA,NA,7.75,NA,0,NA,0.43,NA,0.67,NA,0,NA,2016,1994-10-27,NA,NA,NA,NA
"Walt Aikens","MIA","DB","11799","weighted",NA,NA,NA,NA,NA,NA,NA,NA,NA,NA,NA,NA,NA,NA,NA,NA,NA,NA,NA,NA,NA,NA,NA,NA,NA,NA,NA,NA,NA,NA,NA,NA,NA,NA,NA,NA,NA,NA,NA,NA,NA,NA,7.03,NA,0,NA,0.3,NA,2,NA,0,NA,2014,1991-06-19,NA,NA,NA,NA
"Marcus Sherels","MIN","DB","10250","weighted",NA,NA,NA,NA,NA,NA,NA,NA,NA,NA,NA,NA,NA,NA,NA,NA,NA,NA,NA,NA,NA,NA,NA,NA,NA,NA,NA,NA,NA,NA,NA,NA,NA,NA,NA,NA,NA,NA,NA,NA,NA,NA,6.46,NA,0.04,NA,0.31,NA,1.95,NA,0,NA,2010,1987-09-30,"Q","Foot",2018,0
"DeVante Harris","TB","DB","12931","weighted",NA,NA,NA,NA,NA,NA,NA,NA,NA,NA,NA,NA,NA,NA,NA,NA,NA,NA,NA,NA,NA,NA,NA,NA,NA,NA,NA,NA,NA,NA,NA,NA,NA,NA,NA,NA,NA,NA,NA,NA,NA,NA,4.3,NA,0.01,NA,0.16,NA,0.93,NA,0,NA,2016,1993-06-30,NA,NA,NA,NA
"Tre Flowers","SEA","DB","13778","weighted",NA,NA,NA,NA,NA,NA,NA,NA,NA,NA,NA,NA,NA,NA,NA,NA,NA,NA,NA,NA,NA,NA,NA,NA,NA,NA,NA,NA,NA,NA,NA,NA,NA,NA,NA,NA,NA,NA,NA,NA,NA,NA,0.93,NA,0,NA,0.03,NA,0.17,NA,0,NA,2018,1995-06-02,NA,NA,NA,NA
"Taron Johnson","BUF","DB","13764","weighted",NA,NA,NA,NA,NA,NA,NA,NA,NA,NA,NA,NA,NA,NA,NA,NA,NA,NA,NA,NA,NA,NA,NA,NA,NA,NA,NA,NA,NA,NA,NA,NA,NA,NA,NA,NA,NA,NA,NA,NA,NA,NA,0.91,NA,0,NA,0.03,NA,0.18,NA,0,NA,2018,1996-07-27,"IR","Shoulder",2018,0
"Isaiah Oliver","ATL","DB","13709","weighted",NA,NA,NA,NA,NA,NA,NA,NA,NA,NA,NA,NA,NA,NA,NA,NA,NA,NA,NA,NA,NA,NA,NA,NA,NA,NA,NA,NA,NA,NA,NA,NA,NA,NA,NA,NA,NA,NA,NA,NA,NA,NA,0.88,NA,0,NA,0.03,NA,0.19,NA,0,NA,2018,1996-09-30,NA,NA,NA,NA
