"player","team","position","id","avg_type","pass_yds","pass_yds_sd","pass_tds","pass_tds_sd","pass_int","pass_int_sd","rush_yds","rush_yds_sd","rush_tds","rush_tds_sd","fumbles_lost","fumbles_lost_sd","two_pts","two_pts_sd","return_tds","return_tds_sd","rec","rec_sd","rec_yds","rec_yds_sd","rec_tds","rec_tds_sd","fg_0019","fg_0019_sd","fg_2029","fg_2029_sd","fg_3039","fg_3039_sd","fg_4049","fg_4049_sd","fg_50","fg_50_sd","xp","xp_sd","dst_int","dst_int_sd","dst_sacks","dst_sacks_sd","dst_safety","dst_safety_sd","dst_td","dst_td_sd","dst_blk","dst_blk_sd","idp_solo","idp_solo_sd","idp_sack","idp_sack_sd","idp_int","idp_int_sd","idp_pd","idp_pd_sd","idp_td","idp_td_sd","draft_year","birthdate","injury_status","injury_details","season_year","week"
"Tua Tagovailoa","MIA","QB","14778","weighted",4410.51327527452,281.319854693949,28.3993184399849,2.74358013907227,12.4190382430897,0.835451225896477,88.7000302915562,14.168256189262,0.684172661870504,0.985256822225354,3.66110374858008,0.295984400641968,NA,NA,NA,NA,NA,NA,NA,NA,NA,NA,NA,NA,NA,NA,NA,NA,NA,NA,NA,NA,NA,NA,NA,NA,NA,NA,NA,NA,NA,NA,NA,NA,NA,NA,NA,NA,NA,NA,NA,NA,NA,NA,2020,1998-03-02,NA,NA,NA,NA
"Patrick Mahomes","KC","QB","13116","weighted",4477.61585762969,257.717620391891,33.3053691783415,3.22159940368636,11.4012343809163,1.12435144578438,381.579765240439,35.3647958887076,1.81475198788338,0.705256158995264,2.75861416130254,0.606605542696493,NA,NA,NA,NA,NA,NA,NA,NA,NA,NA,NA,NA,NA,NA,NA,NA,NA,NA,NA,NA,NA,NA,NA,NA,NA,NA,NA,NA,NA,NA,NA,NA,NA,NA,NA,NA,NA,NA,NA,NA,NA,NA,2017,1995-09-17,NA,NA,NA,NA
"C.J. Stroud","HOU","QB","16150","weighted",4366.6782733813,225.107198503627,29.9702839833396,3.69835874496051,9.41753881105642,1.70829638213611,194.056077243468,20.5938611241193,2.89781143506248,0.800838109540395,3.65795153351003,0.309400434247398,NA,NA,NA,NA,NA,NA,NA,NA,NA,NA,NA,NA,NA,NA,NA,NA,NA,NA,NA,NA,NA,NA,NA,NA,NA,NA,NA,NA,NA,NA,NA,NA,NA,NA,NA,NA,NA,NA,NA,NA,NA,NA,2023,2001-10-03,NA,NA,NA,NA
"Jared Goff","DET","QB","12611","weighted",4355.31019310867,285.213673087558,28.7063990912533,2.92883950617692,10.1433320711852,1.08793595240865,48.9173343430519,13.7943220794977,1.18323362362741,0.488805267701575,2.90387163953048,0.126837767301143,NA,NA,NA,NA,NA,NA,NA,NA,NA,NA,NA,NA,NA,NA,NA,NA,NA,NA,NA,NA,NA,NA,NA,NA,NA,NA,NA,NA,NA,NA,NA,NA,NA,NA,NA,NA,NA,NA,NA,NA,NA,NA,2016,1994-10-14,NA,NA,NA,NA
"Joe Burrow","CIN","QB","14777","weighted",4292.63074592957,179.986711339961,31.3096402877698,3.15977141396873,11.681453994699,1.13357891878477,197.85445664521,34.8449471825179,2.38309731162438,0.50995723235809,2.73069859901552,0.621388457296977,NA,NA,NA,NA,NA,NA,NA,NA,NA,NA,NA,NA,NA,NA,NA,NA,NA,NA,NA,NA,NA,NA,NA,NA,NA,NA,NA,NA,NA,NA,NA,NA,NA,NA,NA,NA,NA,NA,NA,NA,NA,NA,2020,1996-12-10,NA,NA,NA,NA
"Kirk Cousins","ATL","QB","10700","weighted",4094.86992048467,292.988318360662,27.6146005301022,4.00501248829973,11.2683756152972,2.40961756297459,107.0244982961,43.5932691721248,1.58190079515335,0.755587248177104,4.39685725104127,0.820618545912745,NA,NA,NA,NA,NA,NA,NA,NA,NA,NA,NA,NA,NA,NA,NA,NA,NA,NA,NA,NA,NA,NA,NA,NA,NA,NA,NA,NA,NA,NA,NA,NA,NA,NA,NA,NA,NA,NA,NA,NA,NA,NA,2012,1988-08-19,NA,NA,NA,NA
"Josh Allen","BUF","QB","13589","weighted",4119.03742521772,265.660396071884,28.3448920863309,3.71523747769726,14.6310185535782,1.80843028459351,576.536516471034,66.9799785446872,9.5825823551685,1.52950284034388,4.02791556228701,0.0311299722271117,NA,NA,NA,NA,NA,NA,NA,NA,NA,NA,NA,NA,NA,NA,NA,NA,NA,NA,NA,NA,NA,NA,NA,NA,NA,NA,NA,NA,NA,NA,NA,NA,NA,NA,NA,NA,NA,NA,NA,NA,NA,NA,2018,1996-05-21,NA,NA,NA,NA
"Dak Prescott","DAL","QB","12620","weighted",4228.06413479743,184.696637078708,31.7096554335479,2.74964820625874,12.3586217341916,1.77385730745182,221.505906853465,11.7153135364046,1.90216584627035,0.28231967964247,2.51584627035214,0.275271278659978,NA,NA,NA,NA,NA,NA,NA,NA,NA,NA,NA,NA,NA,NA,NA,NA,NA,NA,NA,NA,NA,NA,NA,NA,NA,NA,NA,NA,NA,NA,NA,NA,NA,NA,NA,NA,NA,NA,NA,NA,NA,NA,2016,1993-07-29,NA,NA,NA,NA
"Jordan Love","GB","QB","14782","weighted",4073.72783794017,261.01025124108,30.5706399091253,3.71297596169782,10.7607497160167,1.6514727042316,213.046149185914,43.7701278373983,2.95063990912533,0.850823457843449,2.88190079515335,0.437176466777712,NA,NA,NA,NA,NA,NA,NA,NA,NA,NA,NA,NA,NA,NA,NA,NA,NA,NA,NA,NA,NA,NA,NA,NA,NA,NA,NA,NA,NA,NA,NA,NA,NA,NA,NA,NA,NA,NA,NA,NA,NA,NA,2020,1998-11-02,NA,NA,NA,NA
"Brock Purdy","SF","QB","15698","weighted",4116.76102991291,141.525163432721,30.1315789473684,3.13267444395676,10.8517606967058,0.872207954529449,165.602915562287,21.821293142863,1.93556985990155,0.228075677759882,2.317285119273,0.346509499135352,NA,NA,NA,NA,NA,NA,NA,NA,NA,NA,NA,NA,NA,NA,NA,NA,NA,NA,NA,NA,NA,NA,NA,NA,NA,NA,NA,NA,NA,NA,NA,NA,NA,NA,NA,NA,NA,NA,NA,NA,NA,NA,2022,1999-12-27,NA,NA,NA,NA
"Matthew Stafford","LAR","QB","9431","weighted",4141.73825823552,136.221356217353,27.1753351003408,2.57316358714188,12.2723741007194,1.21366474517804,66.6551306323362,13.0201426370427,0.597629685725104,0.520568440999068,2.05330367285119,0.541883796035452,NA,NA,NA,NA,NA,NA,NA,NA,NA,NA,NA,NA,NA,NA,NA,NA,NA,NA,NA,NA,NA,NA,NA,NA,NA,NA,NA,NA,NA,NA,NA,NA,NA,NA,NA,NA,NA,NA,NA,NA,NA,NA,2009,1988-02-07,NA,NA,NA,NA
"Matthew Stafford","LAR","QB","9431","weighted",4141.73825823552,136.221356217353,27.1753351003408,2.57316358714188,12.2723741007194,1.21366474517804,66.6551306323362,13.0201426370427,0.597629685725104,0.520568440999068,2.05330367285119,0.541883796035452,NA,NA,NA,NA,NA,NA,NA,NA,NA,NA,NA,NA,NA,NA,NA,NA,NA,NA,NA,NA,NA,NA,NA,NA,NA,NA,NA,NA,NA,NA,NA,NA,NA,NA,NA,NA,NA,NA,NA,NA,NA,NA,2009,2003-05-23,NA,NA,NA,NA
"Trevor Lawrence","JAC","QB","15237","weighted",4061.39588034835,172.285106321836,24.5586293070807,2.99996008136625,12.451397198031,0.515323573187742,316.19220749716,22.2536976664096,3.63385838697463,0.882479788653039,5.42126088602802,0.73355903573912,NA,NA,NA,NA,NA,NA,NA,NA,NA,NA,NA,NA,NA,NA,NA,NA,NA,NA,NA,NA,NA,NA,NA,NA,NA,NA,NA,NA,NA,NA,NA,NA,NA,NA,NA,NA,NA,NA,NA,NA,NA,NA,2021,1999-10-06,NA,NA,NA,NA
"Aaron Rodgers","NYJ","QB","7836","weighted",3891.30431654676,179.309486773172,28.0087996970844,3.23472629047489,9.75157894736842,2.0763892276093,106.385755395683,43.5646537717488,1.3926618705036,0.753210532579421,3.17028587656191,0.765362553671191,NA,NA,NA,NA,NA,NA,NA,NA,NA,NA,NA,NA,NA,NA,NA,NA,NA,NA,NA,NA,NA,NA,NA,NA,NA,NA,NA,NA,NA,NA,NA,NA,NA,NA,NA,NA,NA,NA,NA,NA,NA,NA,2005,1983-12-02,NA,NA,NA,NA
"Justin Herbert","LAC","QB","14779","weighted",3920.01163953048,233.072873552933,24.8620522529345,3.54517006554978,10.4737523665278,1.81682931262841,262.441226808027,44.4594710175171,2.58352896630064,0.530093262699974,3.24556039379023,0.610898091790368,NA,NA,NA,NA,NA,NA,NA,NA,NA,NA,NA,NA,NA,NA,NA,NA,NA,NA,NA,NA,NA,NA,NA,NA,NA,NA,NA,NA,NA,NA,NA,NA,NA,NA,NA,NA,NA,NA,NA,NA,NA,NA,2020,1998-03-10,"Q","Foot",2024,0
"Caleb Williams","CHI","QB","16579","weighted",3734.83846270352,406.495168388476,24.623839454752,4.08389621730459,12.8688602801969,0.977456515621979,423.324922377887,213.878516353104,3.97900795153351,1.38870971168423,4.36578947368421,0.820892323298914,NA,NA,NA,NA,NA,NA,NA,NA,NA,NA,NA,NA,NA,NA,NA,NA,NA,NA,NA,NA,NA,NA,NA,NA,NA,NA,NA,NA,NA,NA,NA,NA,NA,NA,NA,NA,NA,NA,NA,NA,NA,NA,2024,2001-11-18,NA,NA,NA,NA
"Sam Darnold","MIN","QB","13592","weighted",3491.20404392276,571.122932712724,20.8730405149565,4.025957519367,13.7172283226051,2.71168996289131,169.619659219992,59.4708524114659,2.11346459674366,0.870740075419961,3.30552820901174,0.872518238160811,NA,NA,NA,NA,NA,NA,NA,NA,NA,NA,NA,NA,NA,NA,NA,NA,NA,NA,NA,NA,NA,NA,NA,NA,NA,NA,NA,NA,NA,NA,NA,NA,NA,NA,NA,NA,NA,NA,NA,NA,NA,NA,2018,1997-06-05,NA,NA,NA,NA
"Derek Carr","NO","QB","11644","weighted",3862.19084437713,152.108027328032,25.4133964407421,3.21202206052925,10.6369102612647,0.756711967928823,67.3795229079894,15.0645743491486,0.35072321090496,0.490699975783793,2.6681654676259,0.408827875071197,NA,NA,NA,NA,NA,NA,NA,NA,NA,NA,NA,NA,NA,NA,NA,NA,NA,NA,NA,NA,NA,NA,NA,NA,NA,NA,NA,NA,NA,NA,NA,NA,NA,NA,NA,NA,NA,NA,NA,NA,NA,NA,2014,1991-03-28,NA,NA,NA,NA
"Geno Smith","SEA","QB","11150","weighted",3780.9123892465,180.054370191238,24.0661719045816,2.66765969481951,11.2579553199546,1.94402453747406,213.474827716774,34.440196711912,1.49149564558879,0.573747104759141,3.21094282468762,0.21662786535748,NA,NA,NA,NA,NA,NA,NA,NA,NA,NA,NA,NA,NA,NA,NA,NA,NA,NA,NA,NA,NA,NA,NA,NA,NA,NA,NA,NA,NA,NA,NA,NA,NA,NA,NA,NA,NA,NA,NA,NA,NA,NA,2013,1990-10-10,NA,NA,NA,NA
"Jalen Hurts","PHI","QB","14783","weighted",3796.79454751988,175.634116124802,24.0473002650511,3.3598886494909,12.1255509276789,1.85203459031527,652.753941688754,62.0471684214717,12.0125709958349,1.35773964818014,3.9123438091632,0.481088071184979,NA,NA,NA,NA,NA,NA,NA,NA,NA,NA,NA,NA,NA,NA,NA,NA,NA,NA,NA,NA,NA,NA,NA,NA,NA,NA,NA,NA,NA,NA,NA,NA,NA,NA,NA,NA,NA,NA,NA,NA,NA,NA,2020,1998-08-07,NA,NA,NA,NA
"Deshaun Watson","CLE","QB","13113","weighted",3657.61228322605,229.720961520981,22.5188337750852,2.38002092029448,13.1652252934495,2.7169468234201,383.479742521772,34.4118775288048,3.03894736842105,0.79557504920326,3.63318818629307,0.285158569410626,NA,NA,NA,NA,NA,NA,NA,NA,NA,NA,NA,NA,NA,NA,NA,NA,NA,NA,NA,NA,NA,NA,NA,NA,NA,NA,NA,NA,NA,NA,NA,NA,NA,NA,NA,NA,NA,NA,NA,NA,NA,NA,2017,1995-09-14,NA,NA,NA,NA
"Baker Mayfield","TB","QB","13590","weighted",3904.2518364256,126.018702336927,26.1998106777736,2.18190747624762,11.3972889057175,0.873767737807465,162.461507004922,27.7917148600805,1.24405906853465,0.456390849111196,3.07451722832261,0.0466045394772729,NA,NA,NA,NA,NA,NA,NA,NA,NA,NA,NA,NA,NA,NA,NA,NA,NA,NA,NA,NA,NA,NA,NA,NA,NA,NA,NA,NA,NA,NA,NA,NA,NA,NA,NA,NA,NA,NA,NA,NA,NA,NA,2018,1995-04-14,NA,NA,NA,NA
"Kyler Murray","ARI","QB","14056","weighted",3748.02570995835,113.157914088711,22.5785535781901,3.53799390246702,11.9056418023476,0.971665310124881,535.543301779629,75.1946137768614,5.18536160545248,0.762555799564855,2.33232677016282,1.10603227554762,NA,NA,NA,NA,NA,NA,NA,NA,NA,NA,NA,NA,NA,NA,NA,NA,NA,NA,NA,NA,NA,NA,NA,NA,NA,NA,NA,NA,NA,NA,NA,NA,NA,NA,NA,NA,NA,NA,NA,NA,NA,NA,2019,1997-08-07,NA,NA,NA,NA
"Will Levis","TEN","QB","16149","weighted",3705.98090874669,218.5834453132,21.0793260128739,4.37372007553644,11.7092919348732,1.77612654741104,174.026709579705,51.1867534742011,2.2009011737978,0.412890426199968,4.42112836046952,0.932252764516357,NA,NA,NA,NA,NA,NA,NA,NA,NA,NA,NA,NA,NA,NA,NA,NA,NA,NA,NA,NA,NA,NA,NA,NA,NA,NA,NA,NA,NA,NA,NA,NA,NA,NA,NA,NA,NA,NA,NA,NA,NA,NA,2023,1999-06-27,NA,NA,NA,NA
"Jayden Daniels","WAS","QB","16581","weighted",3577.20372586142,205.038199394726,20.6214388489209,3.5854467589108,13.6216281711473,2.35757594488586,585.885346459674,161.943074162487,4.98258992805755,0.765759091391295,4.2975766755017,0.840697413103374,NA,NA,NA,NA,NA,NA,NA,NA,NA,NA,NA,NA,NA,NA,NA,NA,NA,NA,NA,NA,NA,NA,NA,NA,NA,NA,NA,NA,NA,NA,NA,NA,NA,NA,NA,NA,NA,NA,NA,NA,NA,NA,2024,2000-12-18,NA,NA,NA,NA
"Lamar Jackson","BAL","QB","13593","weighted",3575.55513820523,179.369137159558,24.4793941688754,2.8220324082821,9.867285119273,1.0866851422527,839.364225672094,74.6267969771571,5.17906096175691,0.962026848751953,4.91171904581598,0.9314716714894,NA,NA,NA,NA,NA,NA,NA,NA,NA,NA,NA,NA,NA,NA,NA,NA,NA,NA,NA,NA,NA,NA,NA,NA,NA,NA,NA,NA,NA,NA,NA,NA,NA,NA,NA,NA,NA,NA,NA,NA,NA,NA,2018,1997-01-07,NA,NA,NA,NA
"Anthony Richardson","IND","QB","16152","weighted",3480.38070427868,294.574307174031,20.0485422188565,3.73946434302946,11.0599318439985,0.944078218393639,652.282711094282,137.824231105437,8.60726997349489,1.52119235274527,4.66993563044301,0.814837319137985,NA,NA,NA,NA,NA,NA,NA,NA,NA,NA,NA,NA,NA,NA,NA,NA,NA,NA,NA,NA,NA,NA,NA,NA,NA,NA,NA,NA,NA,NA,NA,NA,NA,NA,NA,NA,NA,NA,NA,NA,NA,NA,2023,2002-05-22,NA,NA,NA,NA
"Bryce Young","CAR","QB","16148","weighted",3368.82667171526,251.779025386907,18.0189549413101,2.88522785285963,11.4271033699356,1.37663402928708,254.348451344188,40.5652860280073,1.32187050359712,0.595636222449036,3.94305187429004,0.958867602646171,NA,NA,NA,NA,NA,NA,NA,NA,NA,NA,NA,NA,NA,NA,NA,NA,NA,NA,NA,NA,NA,NA,NA,NA,NA,NA,NA,NA,NA,NA,NA,NA,NA,NA,NA,NA,NA,NA,NA,NA,NA,NA,2023,2001-07-25,NA,NA,NA,NA
"Daniel Jones","NYG","QB","14059","weighted",3286.09025369178,220.214810528272,17.0749791745551,2.55074942217424,10.133244982961,2.48128186814149,525.17686482393,99.9494646849606,3.59413101098069,0.759093973096779,2.98154108292314,0.155069843459739,NA,NA,NA,NA,NA,NA,NA,NA,NA,NA,NA,NA,NA,NA,NA,NA,NA,NA,NA,NA,NA,NA,NA,NA,NA,NA,NA,NA,NA,NA,NA,NA,NA,NA,NA,NA,NA,NA,NA,NA,NA,NA,2019,1997-05-27,NA,NA,NA,NA
"Gardner Minshew","LVR","QB","14067","weighted",2907.72140098448,511.641849527372,16.069806891329,3.96798991254951,9.85380537675123,2.3962949007885,135.43140477092,83.8226610961806,1.75332828474063,0.693276522404399,2.71099015524423,0.625544219981919,NA,NA,NA,NA,NA,NA,NA,NA,NA,NA,NA,NA,NA,NA,NA,NA,NA,NA,NA,NA,NA,NA,NA,NA,NA,NA,NA,NA,NA,NA,NA,NA,NA,NA,NA,NA,NA,NA,NA,NA,NA,NA,2019,1996-05-16,NA,NA,NA,NA
"Bo Nix","DEN","QB","16582","weighted",3247.06617190458,179.702727113933,18.9138129496403,2.45305812278027,11.8023551684968,1.77694905672495,256.582196137827,90.4329027800635,2.26131768269595,1.42413109918394,3.54628928436198,0.271312840139137,NA,NA,NA,NA,NA,NA,NA,NA,NA,NA,NA,NA,NA,NA,NA,NA,NA,NA,NA,NA,NA,NA,NA,NA,NA,NA,NA,NA,NA,NA,NA,NA,NA,NA,NA,NA,NA,NA,NA,NA,NA,NA,2024,2000-02-25,NA,NA,NA,NA
"Russell Wilson","PIT","QB","10703","weighted",2983.79001893222,245.250987907174,18.4311775842484,2.83936086452522,9.33024611889436,1.36156548825407,270.421726618705,56.4473523577135,2.54086330935252,1.26185228626099,3.78199545626657,0.409821010528546,NA,NA,NA,NA,NA,NA,NA,NA,NA,NA,NA,NA,NA,NA,NA,NA,NA,NA,NA,NA,NA,NA,NA,NA,NA,NA,NA,NA,NA,NA,NA,NA,NA,NA,NA,NA,NA,NA,NA,NA,NA,NA,2012,1988-11-29,NA,NA,NA,NA
"Drake Maye","NE","QB","16580","weighted",2331.50730783794,869.892869233085,10.6597576675502,6.74863179721453,8.99023097311624,4.78675168134231,187.260590685346,131.500840336019,1.43875047330557,0.88174393549753,0.860649375236653,0.346201689228614,NA,NA,NA,NA,NA,NA,NA,NA,NA,NA,NA,NA,NA,NA,NA,NA,NA,NA,NA,NA,NA,NA,NA,NA,NA,NA,NA,NA,NA,NA,NA,NA,NA,NA,NA,NA,NA,NA,NA,NA,NA,NA,2024,2002-08-30,NA,NA,NA,NA
"Jacoby Brissett","NE","QB","12616","weighted",1601.79955932203,999.411372092992,9.56975423728814,6.57230479211563,5.90400847457627,4.49022669417347,104.437813559322,88.0988839066074,0.74278813559322,1.07029355008091,1.7664406779661,0.607823952408551,NA,NA,NA,NA,NA,NA,NA,NA,NA,NA,NA,NA,NA,NA,NA,NA,NA,NA,NA,NA,NA,NA,NA,NA,NA,NA,NA,NA,NA,NA,NA,NA,NA,NA,NA,NA,NA,NA,NA,NA,NA,NA,2016,1992-12-11,NA,NA,NA,NA
"Justin Fields","PIT","QB","15238","weighted",1260.67485985339,825.849698650068,5.50577835273825,3.2499327863024,3.35360068995257,1.9982125841593,277.028029322984,140.757168291569,2.22393272962484,1.59422134488674,1.51196636481242,0.785427864709926,NA,NA,NA,NA,NA,NA,NA,NA,NA,NA,NA,NA,NA,NA,NA,NA,NA,NA,NA,NA,NA,NA,NA,NA,NA,NA,NA,NA,NA,NA,NA,NA,NA,NA,NA,NA,NA,NA,NA,NA,NA,NA,2021,1999-03-05,NA,NA,NA,NA
"Joe Flacco","IND","QB","9064","weighted",845.853768844221,683.761174540212,5.6421608040201,4.77273330428094,3.54949748743719,3.07853444092555,13.0743718592965,4.83277591002367,0,0,1.0821608040201,0.203121658026598,NA,NA,NA,NA,NA,NA,NA,NA,NA,NA,NA,NA,NA,NA,NA,NA,NA,NA,NA,NA,NA,NA,NA,NA,NA,NA,NA,NA,NA,NA,NA,NA,NA,NA,NA,NA,NA,NA,NA,NA,NA,NA,2008,1985-01-16,NA,NA,NA,NA
"Aidan O'Connell","LVR","QB","16159","weighted",1120.08439646712,638.223684204114,6.2121197252208,3.10378365130309,4.21099116781158,2.35072389920438,26,30.7775735982771,0.252616944717043,0.38514028455217,0.559985279685967,0.323050100354908,NA,NA,NA,NA,NA,NA,NA,NA,NA,NA,NA,NA,NA,NA,NA,NA,NA,NA,NA,NA,NA,NA,NA,NA,NA,NA,NA,NA,NA,NA,NA,NA,NA,NA,NA,NA,NA,NA,NA,NA,NA,NA,2023,1998-09-01,NA,NA,NA,NA
"Nick Mullens","MIN","QB","13968","weighted",553.37634936212,338.490373784017,2.72708537782139,1.32678897349163,2.14411187438665,1.60407892649636,19.4342492639843,14.410605065602,0.0014783221358295,0.00369199639162605,0.579342492639843,0.324637209065474,NA,NA,NA,NA,NA,NA,NA,NA,NA,NA,NA,NA,NA,NA,NA,NA,NA,NA,NA,NA,NA,NA,NA,NA,NA,NA,NA,NA,NA,NA,NA,NA,NA,NA,NA,NA,NA,NA,NA,NA,NA,NA,2017,1995-03-21,NA,NA,NA,NA
"Sam Howell","SEA","QB","15693","weighted",600.701668302257,289.493444299381,3.26653581943081,1.27894881638912,2.70809617271835,1.4545725440676,41.2742885181551,24.4203468610691,0.595632973503435,0.720039238512161,0.496319921491658,0.314817544604832,NA,NA,NA,NA,NA,NA,NA,NA,NA,NA,NA,NA,NA,NA,NA,NA,NA,NA,NA,NA,NA,NA,NA,NA,NA,NA,NA,NA,NA,NA,NA,NA,NA,NA,NA,NA,NA,NA,NA,NA,NA,NA,2022,2000-09-16,NA,NA,NA,NA
"Drew Lock","NYG","QB","14057","weighted",551.251226692836,278.064969637911,2.68935230618253,1.97939755054773,1.42011776251227,0.887733499646735,31.7237487733072,25.3207438047453,0.17782728066338,0.397320546918164,0.365161923454367,0.36273306222497,NA,NA,NA,NA,NA,NA,NA,NA,NA,NA,NA,NA,NA,NA,NA,NA,NA,NA,NA,NA,NA,NA,NA,NA,NA,NA,NA,NA,NA,NA,NA,NA,NA,NA,NA,NA,NA,NA,NA,NA,NA,NA,2019,1996-11-10,"Q","Hip",2024,0
"Taylor Heinicke","ATL","QB","12476","weighted",444.06993006993,364.535106439596,2.47002997002997,2.58512427175258,1.53536463536464,2.70001868383047,50.3876123876124,38.3767904378451,0.294005994005994,0.517024854350515,0.622477522477523,0.651940360758244,NA,NA,NA,NA,NA,NA,NA,NA,NA,NA,NA,NA,NA,NA,NA,NA,NA,NA,NA,NA,NA,NA,NA,NA,NA,NA,NA,NA,NA,NA,NA,NA,NA,NA,NA,NA,NA,NA,NA,NA,NA,NA,NA,NA,NA,NA,NA,NA
"Jake Browning","CIN","QB","14358","weighted",481.995904037449,230.983545871375,3.73101228788765,1.88651778226689,1.5478642480983,1.10582264683552,43.029842012873,35.430573056676,0.402984201287303,0.572111733494863,0.0404915155061439,0.036413235908958,NA,NA,NA,NA,NA,NA,NA,NA,NA,NA,NA,NA,NA,NA,NA,NA,NA,NA,NA,NA,NA,NA,NA,NA,NA,NA,NA,NA,NA,NA,NA,NA,NA,NA,NA,NA,NA,NA,NA,NA,NA,NA,2019,1970-01-01,"Q","Ribs",2024,0
"Michael Penix Jr.","ATL","QB","16583","weighted",442.066907775769,237.375417021241,2.1922845087402,1.63915744821888,1.583484026522,1.14675772248032,35.0922242314647,33.7792594064752,0.277154912597951,0.437389591275982,1.0586648583484,0.859171706138136,NA,NA,NA,NA,NA,NA,NA,NA,NA,NA,NA,NA,NA,NA,NA,NA,NA,NA,NA,NA,NA,NA,NA,NA,NA,NA,NA,NA,NA,NA,NA,NA,NA,NA,NA,NA,NA,NA,NA,NA,NA,NA,2024,2000-05-08,NA,NA,NA,NA
"Mitchell Trubisky","BUF","QB","13115","weighted",432.13986013986,306.458227530739,2.50569430569431,1.85612801808522,3.71438561438561,3.94450749771037,26.973026973027,6.96769964461414,0.196003996003996,0.344683236233677,0.807792207792208,0.910398001858958,NA,NA,NA,NA,NA,NA,NA,NA,NA,NA,NA,NA,NA,NA,NA,NA,NA,NA,NA,NA,NA,NA,NA,NA,NA,NA,NA,NA,NA,NA,NA,NA,NA,NA,NA,NA,NA,NA,NA,NA,NA,NA,2017,1994-08-20,"Q","Knee",2024,0
"Mac Jones","JAC","QB","15241","weighted",457.326673326673,288.435183381481,2.30969030969031,1.5271664139357,1.53836163836164,1.91149369617167,18.9110889110889,9.58021382894179,0,0,0.185614385614386,0.201168555560488,NA,NA,NA,NA,NA,NA,NA,NA,NA,NA,NA,NA,NA,NA,NA,NA,NA,NA,NA,NA,NA,NA,NA,NA,NA,NA,NA,NA,NA,NA,NA,NA,NA,NA,NA,NA,NA,NA,NA,NA,NA,NA,2021,1998-09-05,NA,NA,NA,NA
"Kenny Pickett","PHI","QB","15692","weighted",357.401598401598,243.509785330533,1,0,1.32667332667333,0.574472060389462,20.7402597402597,5.53133394587082,0.098001998001998,0.172341618116838,0.054945054945055,0.095969242429573,NA,NA,NA,NA,NA,NA,NA,NA,NA,NA,NA,NA,NA,NA,NA,NA,NA,NA,NA,NA,NA,NA,NA,NA,NA,NA,NA,NA,NA,NA,NA,NA,NA,NA,NA,NA,NA,NA,NA,NA,NA,NA,2022,1998-06-06,NA,NA,NA,NA
"Joshua Dobbs","SF","QB","13119","weighted",389.622377622378,232.511855699073,2.11668331668332,1.03355330791388,1.67202797202797,1.57927720482413,48.6143856143856,29.1743313482371,0.525674325674326,0.506430713911331,0.414885114885115,0.453042730332361,NA,NA,NA,NA,NA,NA,NA,NA,NA,NA,NA,NA,NA,NA,NA,NA,NA,NA,NA,NA,NA,NA,NA,NA,NA,NA,NA,NA,NA,NA,NA,NA,NA,NA,NA,NA,NA,NA,NA,NA,NA,NA,2017,1995-01-26,NA,NA,NA,NA
"Davis Mills","HOU","QB","15252","weighted",382.147540983607,326.683332908185,2.16959761549925,1.69705627484771,1.31579731743666,1.90918830920368,26.1833084947839,17.6776695296637,0.292399403874814,0.424264068711928,0.341132637853949,0.494974746830583,NA,NA,NA,NA,NA,NA,NA,NA,NA,NA,NA,NA,NA,NA,NA,NA,NA,NA,NA,NA,NA,NA,NA,NA,NA,NA,NA,NA,NA,NA,NA,NA,NA,NA,NA,NA,NA,NA,NA,NA,NA,NA,2021,1998-10-21,NA,NA,NA,NA
"Jameis Winston","CLE","QB","12140","weighted",352.364835164835,250.449391390254,2.24542124542125,1.67687939196709,1.78659340659341,1.19022533600882,14.1298901098901,11.925380118641,0.00808998100664767,0.0165880365350351,0.076043956043956,0.0493179997656795,NA,NA,NA,NA,NA,NA,NA,NA,NA,NA,NA,NA,NA,NA,NA,NA,NA,NA,NA,NA,NA,NA,NA,NA,NA,NA,NA,NA,NA,NA,NA,NA,NA,NA,NA,NA,NA,NA,NA,NA,NA,NA,2015,1994-01-06,NA,NA,NA,NA
"Tyrod Taylor","NYJ","QB","10413","weighted",347.239321240492,168.966612715285,2.01035693387946,0.703497922000072,1.25909888823874,0.936927121563874,54.0620245757753,54.6199100832008,0,0,1.22188414277355,1.07288576883147,NA,NA,NA,NA,NA,NA,NA,NA,NA,NA,NA,NA,NA,NA,NA,NA,NA,NA,NA,NA,NA,NA,NA,NA,NA,NA,NA,NA,NA,NA,NA,NA,NA,NA,NA,NA,NA,NA,NA,NA,NA,NA,2011,1989-08-03,NA,NA,NA,NA
"Jimmy Garoppolo","LAR","QB","11760","weighted",332.500724637681,191.586439012823,1.80028985507246,0.895091466524419,1.36898550724638,1.13137724390525,12.7434782608696,4.57857929079703,0,0,0.0171256038647343,0.0192492107051879,NA,NA,NA,NA,NA,NA,NA,NA,NA,NA,NA,NA,NA,NA,NA,NA,NA,NA,NA,NA,NA,NA,NA,NA,NA,NA,NA,NA,NA,NA,NA,NA,NA,NA,NA,NA,NA,NA,NA,NA,NA,NA,2014,1991-11-02,"S","Suspension",2024,0
"Zach Wilson","DEN","QB","15239","weighted",324.086757990868,336.582827844797,1.60639269406393,1.97989898732233,1.05433789954338,1.34350288425444,27.0913242009132,28.2842712474619,0,0,0.374429223744292,0.176776695296637,NA,NA,NA,NA,NA,NA,NA,NA,NA,NA,NA,NA,NA,NA,NA,NA,NA,NA,NA,NA,NA,NA,NA,NA,NA,NA,NA,NA,NA,NA,NA,NA,NA,NA,NA,NA,NA,NA,NA,NA,NA,NA,2021,1999-08-03,NA,NA,NA,NA
"Mason Rudolph","TEN","QB","13595","weighted",252.831884057971,194.943116423131,1.2768115942029,0.948617313097038,0.810434782608696,0.3930319466208,13.3195652173913,2.84546951268821,0,0,0.809855072463768,0.776173403680003,NA,NA,NA,NA,NA,NA,NA,NA,NA,NA,NA,NA,NA,NA,NA,NA,NA,NA,NA,NA,NA,NA,NA,NA,NA,NA,NA,NA,NA,NA,NA,NA,NA,NA,NA,NA,NA,NA,NA,NA,NA,NA,2018,1995-07-17,NA,NA,NA,NA
"Andy Dalton","CAR","QB","10313","weighted",354.754245754246,209.602916580022,2.08401598401598,1.02164581663787,0.721678321678322,0.647297277096314,12.0789210789211,4.38983283405264,0,0,0.010989010989011,0.0191938484859146,NA,NA,NA,NA,NA,NA,NA,NA,NA,NA,NA,NA,NA,NA,NA,NA,NA,NA,NA,NA,NA,NA,NA,NA,NA,NA,NA,NA,NA,NA,NA,NA,NA,NA,NA,NA,NA,NA,NA,NA,NA,NA,2011,1987-10-29,NA,NA,NA,NA
"Skylar Thompson","MIA","QB","15699","weighted",443,NA,2.3,NA,4.4,NA,8,NA,0,NA,1.6,NA,NA,NA,NA,NA,NA,NA,NA,NA,NA,NA,NA,NA,NA,NA,NA,NA,NA,NA,NA,NA,NA,NA,NA,NA,NA,NA,NA,NA,NA,NA,NA,NA,NA,NA,NA,NA,NA,NA,NA,NA,NA,NA,2022,1997-06-04,NA,NA,NA,NA
"Jarrett Stidham","DEN","QB","14063","weighted",337.322995904037,85.3190094520685,2.03651258045641,0.764586666955836,1.49865418373318,0.736579516830642,28.5898186073727,26.737223799707,0.192510239906378,0.440989337712457,0.653510825043885,0.406450011565358,NA,NA,NA,NA,NA,NA,NA,NA,NA,NA,NA,NA,NA,NA,NA,NA,NA,NA,NA,NA,NA,NA,NA,NA,NA,NA,NA,NA,NA,NA,NA,NA,NA,NA,NA,NA,NA,NA,NA,NA,NA,NA,2019,1996-08-08,NA,NA,NA,NA
"Taysom Hill","NO","QB","13424","weighted",226.597615499255,273.650324319194,1.26706408345753,1.83847763108502,0,0,285.552906110283,170.412734265958,3.85573770491803,3.11126983722081,0.512667660208644,0.707106781186547,NA,NA,NA,NA,NA,NA,NA,NA,NA,NA,NA,NA,NA,NA,NA,NA,NA,NA,NA,NA,NA,NA,NA,NA,NA,NA,NA,NA,NA,NA,NA,NA,NA,NA,NA,NA,NA,NA,NA,NA,NA,NA,2017,1990-08-23,NA,NA,NA,NA
"Tyson Bagent","CHI","QB","16384","weighted",264.663043478261,146.156055162912,1.36942028985507,0.484822908609324,1.47391304347826,0.982579866552001,25.0688405797101,11.906873963513,0.497608695652174,1.0317088598796,0.891497584541063,0.858566355890007,NA,NA,NA,NA,NA,NA,NA,NA,NA,NA,NA,NA,NA,NA,NA,NA,NA,NA,NA,NA,NA,NA,NA,NA,NA,NA,NA,NA,NA,NA,NA,NA,NA,NA,NA,NA,NA,NA,NA,NA,NA,NA,2023,2000-06-08,NA,NA,NA,NA
"Clayton Tune","ARI","QB","16160","weighted",240.771428571429,125.451020714671,1.04952380952381,1.00340345097536,2.7312380952381,2.25816094065381,36.2438095238095,28.6593645581056,0.373714285714286,0.681234110576237,0.844380952380952,0.940163695640349,NA,NA,NA,NA,NA,NA,NA,NA,NA,NA,NA,NA,NA,NA,NA,NA,NA,NA,NA,NA,NA,NA,NA,NA,NA,NA,NA,NA,NA,NA,NA,NA,NA,NA,NA,NA,NA,NA,NA,NA,NA,NA,2023,1999-03-23,NA,NA,NA,NA
"Spencer Rattler","NO","QB","16586","weighted",200,NA,2,NA,NA,NA,20,NA,0.0900900900900901,NA,0.2,NA,NA,NA,NA,NA,NA,NA,NA,NA,NA,NA,NA,NA,NA,NA,NA,NA,NA,NA,NA,NA,NA,NA,NA,NA,NA,NA,NA,NA,NA,NA,NA,NA,NA,NA,NA,NA,NA,NA,NA,NA,NA,NA,2024,2000-09-28,NA,NA,NA,NA
"Tommy DeVito","NYG","QB","16441","weighted",177.721461187215,223.445742854949,1.00456621004566,1.4142135623731,0.552054794520548,0.636396103067893,16.5662100456621,20.5060966544099,0,0,0,0,NA,NA,NA,NA,NA,NA,NA,NA,NA,NA,NA,NA,NA,NA,NA,NA,NA,NA,NA,NA,NA,NA,NA,NA,NA,NA,NA,NA,NA,NA,NA,NA,NA,NA,NA,NA,NA,NA,NA,NA,NA,NA,2023,1998-08-07,NA,NA,NA,NA
"Tyler Huntley","CLE","QB","14789","weighted",319,NA,2,NA,1,NA,61,NA,0,NA,0,NA,NA,NA,NA,NA,NA,NA,NA,NA,NA,NA,NA,NA,NA,NA,NA,NA,NA,NA,NA,NA,NA,NA,NA,NA,NA,NA,NA,NA,NA,NA,NA,NA,NA,NA,NA,NA,NA,NA,NA,NA,NA,NA,2020,1998-02-03,NA,NA,NA,NA
"Cooper Rush","DAL","QB","13124","weighted",228.865871833085,91.2167747730646,0.512667660208644,0.707106781186547,1.04873323397914,0.0707106781186548,-2.92011922503726,10.040916292849,0,0,0,0,NA,NA,NA,NA,NA,NA,NA,NA,NA,NA,NA,NA,NA,NA,NA,NA,NA,NA,NA,NA,NA,NA,NA,NA,NA,NA,NA,NA,NA,NA,NA,NA,NA,NA,NA,NA,NA,NA,NA,NA,NA,NA,2017,1993-11-21,NA,NA,NA,NA
"Josh Johnson","BAL","QB","9207","weighted",127.019374068554,28.9913780286484,2.26706408345753,1.83847763108502,0,0,15.7660208643815,14.8492424049175,0,0,0,0,NA,NA,NA,NA,NA,NA,NA,NA,NA,NA,NA,NA,NA,NA,NA,NA,NA,NA,NA,NA,NA,NA,NA,NA,NA,NA,NA,NA,NA,NA,NA,NA,NA,NA,NA,NA,NA,NA,NA,NA,NA,NA,2008,1986-05-15,NA,NA,NA,NA
"Carson Wentz","KC","QB","12610","weighted",221.894586894587,53.5680876251599,1.67331433998101,0.574902460058515,0.313390313390313,0.568614521585151,13.5878442545109,8.86751654293704,0,0,0.0673314339981007,0.0574902460058515,NA,NA,NA,NA,NA,NA,NA,NA,NA,NA,NA,NA,NA,NA,NA,NA,NA,NA,NA,NA,NA,NA,NA,NA,NA,NA,NA,NA,NA,NA,NA,NA,NA,NA,NA,NA,NA,NA,NA,NA,NA,NA,2016,1992-12-30,NA,NA,NA,NA
"Marcus Mariota","WAS","QB","12141","weighted",169.313768115942,63.2688742408913,1.08507246376812,0.747933737860298,1.56869565217391,1.1790958398624,19.1065217391304,11.4387719641009,0,0,0.0342512077294686,0.0384984214103759,NA,NA,NA,NA,NA,NA,NA,NA,NA,NA,NA,NA,NA,NA,NA,NA,NA,NA,NA,NA,NA,NA,NA,NA,NA,NA,NA,NA,NA,NA,NA,NA,NA,NA,NA,NA,NA,NA,NA,NA,NA,NA,2015,1993-10-30,"Q","Groin",2024,0
"Dorian Thompson-Robinson","CLE","QB","16158","weighted",221.931068931069,59.3583807304865,0.803996003996004,0.344683236233677,1,0,29.3326673326673,1.51743146226851,0,0,0.174625374625375,0.20362218852476,NA,NA,NA,NA,NA,NA,NA,NA,NA,NA,NA,NA,NA,NA,NA,NA,NA,NA,NA,NA,NA,NA,NA,NA,NA,NA,NA,NA,NA,NA,NA,NA,NA,NA,NA,NA,NA,NA,NA,NA,NA,NA,2023,1999-11-14,NA,NA,NA,NA
"Kyle Trask","TB","QB","15242","weighted",100,NA,1,NA,0,NA,3,NA,0,NA,0,NA,NA,NA,NA,NA,NA,NA,NA,NA,NA,NA,NA,NA,NA,NA,NA,NA,NA,NA,NA,NA,NA,NA,NA,NA,NA,NA,NA,NA,NA,NA,NA,NA,NA,NA,NA,NA,NA,NA,NA,NA,NA,NA,2021,1970-01-01,NA,NA,NA,NA
"Malik Willis","TEN","QB","15694","weighted",204.650476190476,57.6680633196173,1.04952380952381,1.00340345097536,0.360952380952381,0.58877990581834,28.2133333333333,14.0710105150227,0,0,0.640539682539683,0.689152094616021,NA,NA,NA,NA,NA,NA,NA,NA,NA,NA,NA,NA,NA,NA,NA,NA,NA,NA,NA,NA,NA,NA,NA,NA,NA,NA,NA,NA,NA,NA,NA,NA,NA,NA,NA,NA,NA,NA,NA,NA,NA,NA,2022,1999-05-25,NA,NA,NA,NA
"Easton Stick","LAC","QB","14069","weighted",183.036529680365,11.3137084989848,0.701369863013699,0.424264068711928,0.552054794520548,0.636396103067893,25.0730593607306,22.6274169979695,0.0497716894977169,0.0707106781186548,0.599086757990868,0.282842712474619,NA,NA,NA,NA,NA,NA,NA,NA,NA,NA,NA,NA,NA,NA,NA,NA,NA,NA,NA,NA,NA,NA,NA,NA,NA,NA,NA,NA,NA,NA,NA,NA,NA,NA,NA,NA,NA,NA,NA,NA,NA,NA,2019,1995-09-09,NA,NA,NA,NA
"Trey Lance","DAL","QB","15240","weighted",159,NA,1,NA,1,NA,18,NA,0,NA,0,NA,NA,NA,NA,NA,NA,NA,NA,NA,NA,NA,NA,NA,NA,NA,NA,NA,NA,NA,NA,NA,NA,NA,NA,NA,NA,NA,NA,NA,NA,NA,NA,NA,NA,NA,NA,NA,NA,NA,NA,NA,NA,NA,2021,2000-05-09,NA,NA,NA,NA
"Mike White","FA","QB","13598","weighted",116,NA,1,NA,1,NA,4,NA,0,NA,0,NA,NA,NA,NA,NA,NA,NA,NA,NA,NA,NA,NA,NA,NA,NA,NA,NA,NA,NA,NA,NA,NA,NA,NA,NA,NA,NA,NA,NA,NA,NA,NA,NA,NA,NA,NA,NA,NA,NA,NA,NA,NA,NA,2018,1995-03-25,NA,NA,NA,NA
"Stetson Bennett","LAR","QB","16153","weighted",127,NA,0,NA,0,NA,4,NA,0,NA,0,NA,NA,NA,NA,NA,NA,NA,NA,NA,NA,NA,NA,NA,NA,NA,NA,NA,NA,NA,NA,NA,NA,NA,NA,NA,NA,NA,NA,NA,NA,NA,NA,NA,NA,NA,NA,NA,NA,NA,NA,NA,NA,NA,2023,1997-10-28,NA,NA,NA,NA
"Jake Haener","NO","QB","16156","weighted",119,NA,1,NA,0,NA,8,NA,0,NA,0,NA,NA,NA,NA,NA,NA,NA,NA,NA,NA,NA,NA,NA,NA,NA,NA,NA,NA,NA,NA,NA,NA,NA,NA,NA,NA,NA,NA,NA,NA,NA,NA,NA,NA,NA,NA,NA,NA,NA,NA,NA,NA,NA,2023,1999-03-10,NA,NA,NA,NA
"Sam Ehlinger","IND","QB","15250","weighted",70,NA,0.9,NA,0.3,NA,11,NA,0,NA,0,NA,NA,NA,NA,NA,NA,NA,NA,NA,NA,NA,NA,NA,NA,NA,NA,NA,NA,NA,NA,NA,NA,NA,NA,NA,NA,NA,NA,NA,NA,NA,NA,NA,NA,NA,NA,NA,NA,NA,NA,NA,NA,NA,2021,1998-09-30,NA,NA,NA,NA
"Jonathan Taylor","IND","RB","14802","weighted",NA,NA,NA,NA,NA,NA,1313.98736842105,136.838816919981,10.5698136603919,1.38191915081103,1.70495077622113,0.370441650421247,NA,NA,NA,NA,38.5702764104506,5.40937592656539,285.557220749716,36.8820734105728,1.71135256452292,0.469911935006272,NA,NA,NA,NA,NA,NA,NA,NA,NA,NA,NA,NA,NA,NA,NA,NA,NA,NA,NA,NA,NA,NA,NA,NA,NA,NA,NA,NA,NA,NA,NA,NA,2020,1999-01-19,NA,NA,NA,NA
"Christian McCaffrey","SF","RB","13130","weighted",NA,NA,NA,NA,NA,NA,1300.39526694434,70.3163719833855,11.7549232713179,0.749359951825073,1.98131389625142,0.0528547072960023,NA,NA,NA,NA,70.0231578947368,3.12490428488624,563.380863309353,50.9901004655712,5.04895404787938,1.19312111533747,NA,NA,NA,NA,NA,NA,NA,NA,NA,NA,NA,NA,NA,NA,NA,NA,NA,NA,NA,NA,NA,NA,NA,NA,NA,NA,NA,NA,NA,NA,NA,NA,2017,1996-06-07,"Q","Calf",2024,0
"Derrick Henry","BAL","RB","12626","weighted",NA,NA,NA,NA,NA,NA,1167.90383188186,134.429894664594,11.0277058796176,1.72719512165677,0.804591063990912,0.217909805589783,NA,NA,NA,NA,24.724505868989,4.22890257030642,197.823104884513,42.6258383032044,0.7572922271601,0.501658529527903,NA,NA,NA,NA,NA,NA,NA,NA,NA,NA,NA,NA,NA,NA,NA,NA,NA,NA,NA,NA,NA,NA,NA,NA,NA,NA,NA,NA,NA,NA,NA,NA,2016,1994-01-04,NA,NA,NA,NA
"Breece Hall","NYJ","RB","15708","weighted",NA,NA,NA,NA,NA,NA,1144.71872775464,152.180116475872,8.20059881234935,1.42790573684501,1.06289284361984,0.535438214319139,NA,NA,NA,NA,69.1055812192351,8.0208901160818,553.750912533131,98.3835513914514,3.90986692032767,1.8333849028394,NA,NA,NA,NA,NA,NA,NA,NA,NA,NA,NA,NA,NA,NA,NA,NA,NA,NA,NA,NA,NA,NA,NA,NA,NA,NA,NA,NA,NA,NA,NA,NA,2022,2001-05-31,NA,NA,NA,NA
"Saquon Barkley","PHI","RB","13604","weighted",NA,NA,NA,NA,NA,NA,1192.04842105263,117.147222742123,9.53269840637186,2.35233372121115,1.89756720939038,0.0690535308347246,NA,NA,NA,NA,50.0311170011359,4.91482456708537,351.862552063612,39.6417866030422,2.99984229790683,1.47819542850474,NA,NA,NA,NA,NA,NA,NA,NA,NA,NA,NA,NA,NA,NA,NA,NA,NA,NA,NA,NA,NA,NA,NA,NA,NA,NA,NA,NA,NA,NA,NA,NA,2018,1997-02-09,NA,NA,NA,NA
"Kyren Williams","LAR","RB","15710","weighted",NA,NA,NA,NA,NA,NA,1155.0215903067,93.4690473792263,10.6238176660887,1.29246460151636,1.98131389625142,0.0528547072960023,NA,NA,NA,NA,38.4992957213177,7.82505672315169,272.49035971223,50.4989204613538,2.19413008097677,0.778680778455357,NA,NA,NA,NA,NA,NA,NA,NA,NA,NA,NA,NA,NA,NA,NA,NA,NA,NA,NA,NA,NA,NA,NA,NA,NA,NA,NA,NA,NA,NA,NA,NA,2022,2000-08-26,NA,NA,NA,NA
"Bijan Robinson","ATL","RB","16161","weighted",NA,NA,NA,NA,NA,NA,1160.18603559258,109.537743119006,8.00970131634631,2.09000381796788,2.53998485422189,0.289457788333618,NA,NA,NA,NA,65.2867853085952,5.03013108501485,541.875865202575,63.7945360962013,4.14743613159008,1.7739367272628,NA,NA,NA,NA,NA,NA,NA,NA,NA,NA,NA,NA,NA,NA,NA,NA,NA,NA,NA,NA,NA,NA,NA,NA,NA,NA,NA,NA,NA,NA,NA,NA,2023,2002-01-30,NA,NA,NA,NA
"Josh Jacobs","GB","RB","14073","weighted",NA,NA,NA,NA,NA,NA,1116.61416130254,121.21859435389,8.66518484080158,2.34358720767312,1.01553388867853,0.0129688790775654,NA,NA,NA,NA,42.0715107913669,6.68586225760379,316.053669064748,45.6603358578544,1.27173299335215,0.934863051002552,NA,NA,NA,NA,NA,NA,NA,NA,NA,NA,NA,NA,NA,NA,NA,NA,NA,NA,NA,NA,NA,NA,NA,NA,NA,NA,NA,NA,NA,NA,NA,NA,2019,1998-02-11,NA,NA,NA,NA
"James Cook","BUF","RB","15715","weighted",NA,NA,NA,NA,NA,NA,1047.96509655434,139.58249354455,4.63632714880727,1.7197954649784,1.65479931843998,0.32794603457758,NA,NA,NA,NA,47.0720711851571,6.41026635091931,412.157493373722,64.197175780894,2.8392578568724,0.836971597714871,NA,NA,NA,NA,NA,NA,NA,NA,NA,NA,NA,NA,NA,NA,NA,NA,NA,NA,NA,NA,NA,NA,NA,NA,NA,NA,NA,NA,NA,NA,NA,NA,2022,1999-09-25,NA,NA,NA,NA
"Kenneth Walker III","SEA","RB","15711","weighted",NA,NA,NA,NA,NA,NA,1067.71229837183,132.448746842773,9.0914582577589,1.53070251355429,0.705310488451344,0.309902641601372,NA,NA,NA,NA,31.7040287769784,4.74365277165528,248.041188943582,41.4843632523151,1.20765571422141,0.435511514717247,NA,NA,NA,NA,NA,NA,NA,NA,NA,NA,NA,NA,NA,NA,NA,NA,NA,NA,NA,NA,NA,NA,NA,NA,NA,NA,NA,NA,NA,NA,NA,NA,2022,2000-10-20,NA,NA,NA,NA
"Zamir White","LVR","RB","15714","weighted",NA,NA,NA,NA,NA,NA,1008.5633926543,139.670364881363,5.86883346807618,0.691894689514989,1.33219424460432,0.312780176070883,NA,NA,NA,NA,33.7574403634987,5.76168450516573,234.99011737978,44.5869879330659,0.762124502389554,0.480374510468959,NA,NA,NA,NA,NA,NA,NA,NA,NA,NA,NA,NA,NA,NA,NA,NA,NA,NA,NA,NA,NA,NA,NA,NA,NA,NA,NA,NA,NA,NA,NA,NA,2022,1999-09-18,NA,NA,NA,NA
"Isiah Pacheco","KC","RB","15749","weighted",NA,NA,NA,NA,NA,NA,1086.86848920863,77.1531613227602,8.26865789102464,1.22023209307846,1.76646156758804,0.411410293051815,NA,NA,NA,NA,43.6254827716774,9.34721996072155,288.157288905718,60.713931125739,2.05562079129266,0.502133212047886,NA,NA,NA,NA,NA,NA,NA,NA,NA,NA,NA,NA,NA,NA,NA,NA,NA,NA,NA,NA,NA,NA,NA,NA,NA,NA,NA,NA,NA,NA,NA,NA,2022,1999-03-02,NA,NA,NA,NA
"Jahmyr Gibbs","DET","RB","16162","weighted",NA,NA,NA,NA,NA,NA,1011.01789473684,128.867563495379,9.25210147671337,1.92809190583407,1.9060393790231,0.538520284167634,NA,NA,NA,NA,56.7095494131011,8.6573961023833,405.569254070428,100.394416945671,2.26930708065127,1.2216677769443,NA,NA,NA,NA,NA,NA,NA,NA,NA,NA,NA,NA,NA,NA,NA,NA,NA,NA,NA,NA,NA,NA,NA,NA,NA,NA,NA,NA,NA,NA,NA,NA,2023,2002-03-20,"Q","Hamstring",2024,0
"Devon Achane","MIA","RB","16167","weighted",NA,NA,NA,NA,NA,NA,946.770995834911,132.196447015894,7.77429822855798,1.53778218870293,1.01238167360848,0.0352260295704588,NA,NA,NA,NA,45.3281938659599,6.2227244448889,339.045369178342,50.6498591382976,2.81489525875743,0.999813405537508,NA,NA,NA,NA,NA,NA,NA,NA,NA,NA,NA,NA,NA,NA,NA,NA,NA,NA,NA,NA,NA,NA,NA,NA,NA,NA,NA,NA,NA,NA,NA,NA,2023,2001-10-13,NA,NA,NA,NA
"Travis Etienne","JAC","RB","15253","weighted",NA,NA,NA,NA,NA,NA,1055.00369556986,91.1320641582483,8.55803696192289,1.54877178072116,1.43817682695949,0.27186524500076,NA,NA,NA,NA,48.6594244604317,4.33312564984581,379.570109806891,50.1144906744456,1.36856659733497,0.694638551096577,NA,NA,NA,NA,NA,NA,NA,NA,NA,NA,NA,NA,NA,NA,NA,NA,NA,NA,NA,NA,NA,NA,NA,NA,NA,NA,NA,NA,NA,NA,NA,NA,2021,1999-01-26,NA,NA,NA,NA
"David Montgomery","DET","RB","14071","weighted",NA,NA,NA,NA,NA,NA,922.58907989398,108.580620403752,9.95542768501667,1.2357884529266,1.04029723589549,0.0652050982346524,NA,NA,NA,NA,21.7447103369936,3.72674322143363,159.039007951534,30.3572924065621,0.667533314604683,0.575038441395865,NA,NA,NA,NA,NA,NA,NA,NA,NA,NA,NA,NA,NA,NA,NA,NA,NA,NA,NA,NA,NA,NA,NA,NA,NA,NA,NA,NA,NA,NA,NA,NA,2019,1997-06-07,NA,NA,NA,NA
"D'Andre Swift","CHI","RB","14797","weighted",NA,NA,NA,NA,NA,NA,892.711828852707,165.415381324462,5.47848163574404,1.27971054989687,0.88833775085195,0.124519888908447,NA,NA,NA,NA,37.1125482771677,3.01660080412429,244.101340401363,24.8524948762461,1.35012873911397,0.485608635870174,NA,NA,NA,NA,NA,NA,NA,NA,NA,NA,NA,NA,NA,NA,NA,NA,NA,NA,NA,NA,NA,NA,NA,NA,NA,NA,NA,NA,NA,NA,NA,NA,2020,1999-01-14,NA,NA,NA,NA
"Najee Harris","PIT","RB","15254","weighted",NA,NA,NA,NA,NA,NA,1001.34715638016,87.5086566179865,7.06457654928689,1.09078160617364,1.02791556228701,0.0311299722271119,NA,NA,NA,NA,30.0185762968573,2.31937336723365,185.742589928058,13.1878916081404,1.21916445790736,0.370541725542756,NA,NA,NA,NA,NA,NA,NA,NA,NA,NA,NA,NA,NA,NA,NA,NA,NA,NA,NA,NA,NA,NA,NA,NA,NA,NA,NA,NA,NA,NA,NA,NA,2021,1998-03-09,NA,NA,NA,NA
"James Conner","ARI","RB","13146","weighted",NA,NA,NA,NA,NA,NA,952.108019689512,109.183806166301,7.08750696037597,0.867968497191694,0.816972737599394,0.185562013871531,NA,NA,NA,NA,33.5449223778872,4.21257060259791,223.647830367285,28.458721457825,1.47045593246765,0.767361966998941,NA,NA,NA,NA,NA,NA,NA,NA,NA,NA,NA,NA,NA,NA,NA,NA,NA,NA,NA,NA,NA,NA,NA,NA,NA,NA,NA,NA,NA,NA,NA,NA,2017,1995-05-05,NA,NA,NA,NA
"Aaron Jones","MIN","RB","13319","weighted",NA,NA,NA,NA,NA,NA,928.579871260886,145.715773556718,5.02964875158697,1.22371064896118,1.08374668686104,0.0933899166813356,NA,NA,NA,NA,45.6054373343431,6.14604153009869,327.775509276789,42.2454601411075,1.99793928324832,0.568660562197553,NA,NA,NA,NA,NA,NA,NA,NA,NA,NA,NA,NA,NA,NA,NA,NA,NA,NA,NA,NA,NA,NA,NA,NA,NA,NA,NA,NA,NA,NA,NA,NA,2017,1994-12-02,NA,NA,NA,NA
"Joe Mixon","HOU","RB","13131","weighted",NA,NA,NA,NA,NA,NA,984.706626277925,77.0668985715267,7.6714888638971,1.46032897734375,0.705310488451344,0.309902641601372,NA,NA,NA,NA,41.4752745172283,3.84876587274204,307.913684210526,32.380940232957,2.26922298767428,0.697250401843586,NA,NA,NA,NA,NA,NA,NA,NA,NA,NA,NA,NA,NA,NA,NA,NA,NA,NA,NA,NA,NA,NA,NA,NA,NA,NA,NA,NA,NA,NA,NA,NA,2017,1996-07-24,NA,NA,NA,NA
"Rachaad White","TB","RB","15721","weighted",NA,NA,NA,NA,NA,NA,937.596137826581,107.719333477252,5.9918597350563,1.42540274725671,2.17672283226051,0.256945685485619,NA,NA,NA,NA,56.5296175691026,6.89256854395626,437.89309352518,67.0754251090704,2.73954503586381,0.599998386881749,NA,NA,NA,NA,NA,NA,NA,NA,NA,NA,NA,NA,NA,NA,NA,NA,NA,NA,NA,NA,NA,NA,NA,NA,NA,NA,NA,NA,NA,NA,NA,NA,2022,1999-01-12,NA,NA,NA,NA
"Devin Singletary","NYG","RB","14080","weighted",NA,NA,NA,NA,NA,NA,904.623445664521,105.4285043423,5.57366247962728,1.2361229533772,0.972084437712987,0.0311299722271118,NA,NA,NA,NA,35.5683680424082,7.44140166706446,234.487966679288,57.1038358610177,0.837605979289795,0.355028832471027,NA,NA,NA,NA,NA,NA,NA,NA,NA,NA,NA,NA,NA,NA,NA,NA,NA,NA,NA,NA,NA,NA,NA,NA,NA,NA,NA,NA,NA,NA,NA,NA,2019,1997-09-03,NA,NA,NA,NA
"Alvin Kamara","NO","RB","13132","weighted",NA,NA,NA,NA,NA,NA,817.942294585384,108.990749868651,5.27673845134419,0.903718863941114,1.29153729647861,0.344334075138789,NA,NA,NA,NA,69.0915107913669,6.96041926559162,482.872843619841,43.3150803973218,2.08159551306323,0.635719650150978,NA,NA,NA,NA,NA,NA,NA,NA,NA,NA,NA,NA,NA,NA,NA,NA,NA,NA,NA,NA,NA,NA,NA,NA,NA,NA,NA,NA,NA,NA,NA,NA,2017,1995-07-25,NA,NA,NA,NA
"Nick Chubb","CLE","RB","13610","weighted",NA,NA,NA,NA,NA,NA,788.366406664142,158.797101958569,5.56755324048016,1.83220210542831,0.968932222642938,0.0259377581551308,NA,NA,NA,NA,19.1938205225293,6.47785861159529,149.434320333207,51.2132205682189,0.541579663722791,0.524042021853622,NA,NA,NA,NA,NA,NA,NA,NA,NA,NA,NA,NA,NA,NA,NA,NA,NA,NA,NA,NA,NA,NA,NA,NA,NA,NA,NA,NA,NA,NA,NA,NA,2018,1995-12-27,NA,"Knee - ACL + MCL",2024,0
"Rhamondre Stevenson","NE","RB","15259","weighted",NA,NA,NA,NA,NA,NA,892.784354411208,74.2248075406198,5.61611862602748,0.960013005992002,1.11166224914805,0.124519888908447,NA,NA,NA,NA,46.5900037864445,11.326374527279,313.150738356683,60.3434418770372,1.10257126416563,0.573417942355277,NA,NA,NA,NA,NA,NA,NA,NA,NA,NA,NA,NA,NA,NA,NA,NA,NA,NA,NA,NA,NA,NA,NA,NA,NA,NA,NA,NA,NA,NA,NA,NA,2021,1998-02-23,NA,NA,NA,NA
"Jonathon Brooks","CAR","RB","16597","weighted",NA,NA,NA,NA,NA,NA,697.163203332071,130.562606012021,4.40477816373903,1.10404315074543,1.52481067777357,0.715682574290725,NA,NA,NA,NA,26.10979931844,7.94940586684809,200.028125709958,61.3452102976727,0.831208205060666,0.265748976587565,NA,NA,NA,NA,NA,NA,NA,NA,NA,NA,NA,NA,NA,NA,NA,NA,NA,NA,NA,NA,NA,NA,NA,NA,NA,NA,NA,NA,NA,NA,NA,NA,2024,2003-07-21,NA,"Knee - ACL",2024,0
"Tony Pollard","TEN","RB","14085","weighted",NA,NA,NA,NA,NA,NA,856.556478606588,102.183614832036,5.90320871445514,1.06627848612383,0.872803862173419,0.123527203087669,NA,NA,NA,NA,39.0436728511927,9.40222946557097,265.220848163574,61.1180979346866,0.933300183689499,0.438998089186252,NA,NA,NA,NA,NA,NA,NA,NA,NA,NA,NA,NA,NA,NA,NA,NA,NA,NA,NA,NA,NA,NA,NA,NA,NA,NA,NA,NA,NA,NA,NA,NA,2019,1997-04-30,NA,NA,NA,NA
"Javonte Williams","DEN","RB","15256","weighted",NA,NA,NA,NA,NA,NA,874.050026505112,87.4000765672778,4.81534790053379,1.11089130662128,1.01238167360848,0.0352260295704588,NA,NA,NA,NA,42.0447784929951,9.09457454650168,255.595478985233,43.5309644853239,1.59847262199556,0.553591235100943,NA,NA,NA,NA,NA,NA,NA,NA,NA,NA,NA,NA,NA,NA,NA,NA,NA,NA,NA,NA,NA,NA,NA,NA,NA,NA,NA,NA,NA,NA,NA,NA,2021,2000-04-25,NA,NA,NA,NA
"Brian Robinson","WAS","RB","15716","weighted",NA,NA,NA,NA,NA,NA,823.990549034457,94.7884050664768,5.51310758911668,0.838510636648846,1.55867095797047,0.276356400652886,NA,NA,NA,NA,28.7983642559637,5.37083347368472,243.746308216585,54.3114172514459,1.83077730296965,1.23941558399967,NA,NA,NA,NA,NA,NA,NA,NA,NA,NA,NA,NA,NA,NA,NA,NA,NA,NA,NA,NA,NA,NA,NA,NA,NA,NA,NA,NA,NA,NA,NA,NA,2022,1999-03-22,NA,NA,NA,NA
"Zack Moss","CIN","RB","14798","weighted",NA,NA,NA,NA,NA,NA,767.163203332071,104.661805034151,6.22753263317324,0.774304879355573,0.5032184778493,0.269518257986578,NA,NA,NA,NA,29.941991669822,6.32611869020736,207.744589170769,49.4398942626647,1.62266047549772,1.02753433914781,NA,NA,NA,NA,NA,NA,NA,NA,NA,NA,NA,NA,NA,NA,NA,NA,NA,NA,NA,NA,NA,NA,NA,NA,NA,NA,NA,NA,NA,NA,NA,NA,2020,1970-01-01,NA,NA,NA,NA
"Raheem Mostert","MIA","RB","12447","weighted",NA,NA,NA,NA,NA,NA,837.703528966301,73.9387013039251,8.73410450586899,2.16049392079494,0.860422188564937,0.155649861135559,NA,NA,NA,NA,24.4240363498675,4.05944884113397,169.994449072321,34.0766985188979,1.43458917076865,0.6539573284952,NA,NA,NA,NA,NA,NA,NA,NA,NA,NA,NA,NA,NA,NA,NA,NA,NA,NA,NA,NA,NA,NA,NA,NA,NA,NA,NA,NA,NA,NA,NA,NA,NA,NA,NA,NA,NA,NA
"Gus Edwards","LAC","RB","13850","weighted",NA,NA,NA,NA,NA,NA,747.998932222643,131.241651713484,6.93442359987608,2.26415532534563,2.16966111321469,0.824652867100554,NA,NA,NA,NA,15.9261340401363,8.40770345111236,141.794873154108,92.6282531357652,0.388491962410933,0.419848365311169,NA,NA,NA,NA,NA,NA,NA,NA,NA,NA,NA,NA,NA,NA,NA,NA,NA,NA,NA,NA,NA,NA,NA,NA,NA,NA,NA,NA,NA,NA,NA,NA,2018,1995-04-13,NA,NA,NA,NA
"Chuba Hubbard","CAR","RB","15261","weighted",NA,NA,NA,NA,NA,NA,650.108678530859,163.681063258138,3.91739106547579,0.572374885040384,0.761141613025369,0.247709817020522,NA,NA,NA,NA,29.8561453994699,4.27786857553388,205.565081408557,34.4751129965306,0.591802421839618,0.514678711546818,NA,NA,NA,NA,NA,NA,NA,NA,NA,NA,NA,NA,NA,NA,NA,NA,NA,NA,NA,NA,NA,NA,NA,NA,NA,NA,NA,NA,NA,NA,NA,NA,2021,1999-06-11,NA,NA,NA,NA
"Jaylen Warren","PIT","RB","15742","weighted",NA,NA,NA,NA,NA,NA,712.119068534646,67.67781502155,3.72741352913093,0.521845011874826,1.65479931843998,0.32794603457758,NA,NA,NA,NA,51.8255963650132,7.60163692899909,345.236963271488,40.1318029736839,1.48247666397774,0.755552588210321,NA,NA,NA,NA,NA,NA,NA,NA,NA,NA,NA,NA,NA,NA,NA,NA,NA,NA,NA,NA,NA,NA,NA,NA,NA,NA,NA,NA,NA,NA,NA,NA,2022,1998-11-01,"Q","Hamstring",2024,0
"Jerome Ford","CLE","RB","15713","weighted",NA,NA,NA,NA,NA,NA,648.692631578947,106.950252479246,4.07808288800322,1.18639642511025,0.829354411207876,0.154478428690019,NA,NA,NA,NA,32.7753502461189,6.78457442132169,231.590745929572,45.4526442241402,1.7816141964345,1.45564060775896,NA,NA,NA,NA,NA,NA,NA,NA,NA,NA,NA,NA,NA,NA,NA,NA,NA,NA,NA,NA,NA,NA,NA,NA,NA,NA,NA,NA,NA,NA,NA,NA,2022,1999-09-12,NA,NA,NA,NA
"Khalil Herbert","CHI","RB","15271","weighted",NA,NA,NA,NA,NA,NA,522.402120408936,155.96748373103,2.66343599700307,1.0857820631588,0.885185535781901,0.0936632630885956,NA,NA,NA,NA,18.206891329042,4.87884039976046,126.208875425975,40.6764340918996,0.812807850024572,0.324634292181123,NA,NA,NA,NA,NA,NA,NA,NA,NA,NA,NA,NA,NA,NA,NA,NA,NA,NA,NA,NA,NA,NA,NA,NA,NA,NA,NA,NA,NA,NA,NA,NA,2021,1970-01-01,NA,NA,NA,NA
"J.K. Dobbins","LAC","RB","14800","weighted",NA,NA,NA,NA,NA,NA,664.333297993184,130.169582615181,3.92016783635515,2.11180166211562,0.705310488451344,0.309902641601372,NA,NA,NA,NA,22.1879742521772,7.99783127531501,158.27678909504,74.9579919699831,1.0292831291882,1.30109456145637,NA,NA,NA,NA,NA,NA,NA,NA,NA,NA,NA,NA,NA,NA,NA,NA,NA,NA,NA,NA,NA,NA,NA,NA,NA,NA,NA,NA,NA,NA,NA,NA,2020,1998-12-17,NA,NA,NA,NA
"Tyler Allgeier","ATL","RB","15712","weighted",NA,NA,NA,NA,NA,NA,563.208580083302,104.302758788374,3.63193349626519,0.68318618290831,0.689776599772813,0.309043946884579,NA,NA,NA,NA,18.6148580083302,5.42505927760129,156.378333964407,41.2073391251035,1.00001652266703,0.561598240463918,NA,NA,NA,NA,NA,NA,NA,NA,NA,NA,NA,NA,NA,NA,NA,NA,NA,NA,NA,NA,NA,NA,NA,NA,NA,NA,NA,NA,NA,NA,NA,NA,2022,2000-04-15,NA,NA,NA,NA
"Ezekiel Elliott","DAL","RB","12625","weighted",NA,NA,NA,NA,NA,NA,666.113305566073,108.439732117335,5.46012699152419,1.14867359214575,0.804591063990912,0.217909805589783,NA,NA,NA,NA,32.676683074593,7.38928214870857,207.016796667929,34.1512194386569,1.27442052835464,0.468107138027641,NA,NA,NA,NA,NA,NA,NA,NA,NA,NA,NA,NA,NA,NA,NA,NA,NA,NA,NA,NA,NA,NA,NA,NA,NA,NA,NA,NA,NA,NA,NA,NA,2016,1995-07-22,NA,NA,NA,NA
"Trey Benson","ARI","RB","16594","weighted",NA,NA,NA,NA,NA,NA,535.800537675123,134.92918496186,3.48240216495534,1.3839060505917,1.36969897765998,0.825332982492585,NA,NA,NA,NA,22.034433926543,9.29582680755422,156.574471790988,78.9430561901169,0.914129451856472,0.548483393314019,NA,NA,NA,NA,NA,NA,NA,NA,NA,NA,NA,NA,NA,NA,NA,NA,NA,NA,NA,NA,NA,NA,NA,NA,NA,NA,NA,NA,NA,NA,NA,NA,2024,2002-07-23,NA,NA,NA,NA
"Chase Brown","CIN","RB","16181","weighted",NA,NA,NA,NA,NA,NA,616.503801590307,69.108211054031,3.54766534874915,1.34818812436376,0.528082796920358,0.269625449730146,NA,NA,NA,NA,36.4088527073078,5.35714464453733,300.538379401742,66.9664985568113,1.77079735477224,0.738681417111555,NA,NA,NA,NA,NA,NA,NA,NA,NA,NA,NA,NA,NA,NA,NA,NA,NA,NA,NA,NA,NA,NA,NA,NA,NA,NA,NA,NA,NA,NA,NA,NA,2023,2000-03-21,NA,NA,NA,NA
"Austin Ekeler","WAS","RB","13404","weighted",NA,NA,NA,NA,NA,NA,545.609511548656,86.8450165247714,4.14973647957334,1.39084924416628,2.26614918591443,0.640502635604692,NA,NA,NA,NA,50.4498977659977,7.67933787541502,395.189655433548,54.8095119962884,2.17190683735207,0.812372744617963,NA,NA,NA,NA,NA,NA,NA,NA,NA,NA,NA,NA,NA,NA,NA,NA,NA,NA,NA,NA,NA,NA,NA,NA,NA,NA,NA,NA,NA,NA,NA,NA,NA,NA,NA,NA,NA,NA
"Rico Dowdle","DAL","RB","14823","weighted",NA,NA,NA,NA,NA,NA,561.477606967058,92.4609028937986,3.5069541394748,0.717280263155204,0.478354158778241,0.270303564971411,NA,NA,NA,NA,24.3326467247255,3.01009766791916,193.731079136691,31.4552906545988,1.3070329866138,0.532213876419117,NA,NA,NA,NA,NA,NA,NA,NA,NA,NA,NA,NA,NA,NA,NA,NA,NA,NA,NA,NA,NA,NA,NA,NA,NA,NA,NA,NA,NA,NA,NA,NA,2020,1998-06-14,NA,NA,NA,NA
"Blake Corum","LAR","RB","16593","weighted",NA,NA,NA,NA,NA,NA,547.324066641424,127.417729877289,4.5601351645956,1.97438701616395,1.36969897765998,0.825332982492585,NA,NA,NA,NA,17.361590306702,6.13373846975042,134.383082165846,40.3279248060161,0.571905729005312,0.508235615966643,NA,NA,NA,NA,NA,NA,NA,NA,NA,NA,NA,NA,NA,NA,NA,NA,NA,NA,NA,NA,NA,NA,NA,NA,NA,NA,NA,NA,NA,NA,NA,NA,2024,2000-11-25,NA,NA,NA,NA
"Tyjae Spears","TEN","RB","16165","weighted",NA,NA,NA,NA,NA,NA,585.81895494131,75.8958111280685,3.27509276789095,0.82666426271683,0.705310488451344,0.309902641601372,NA,NA,NA,NA,50.2215221507005,13.4264499933083,383.388504354411,104.896469773173,1.77991669822037,0.510772025194946,NA,NA,NA,NA,NA,NA,NA,NA,NA,NA,NA,NA,NA,NA,NA,NA,NA,NA,NA,NA,NA,NA,NA,NA,NA,NA,NA,NA,NA,NA,NA,NA,2023,2001-06-15,NA,NA,NA,NA
"Ty Chandler","MIN","RB","15723","weighted",NA,NA,NA,NA,NA,NA,585.17469897766,63.1978032223124,4.00296898746324,1.00357246242314,0.689776599772813,0.309043946884579,NA,NA,NA,NA,24.079469897766,4.91470045021203,167.519030670201,35.0209693179984,0.669677737262245,0.447737933758433,NA,NA,NA,NA,NA,NA,NA,NA,NA,NA,NA,NA,NA,NA,NA,NA,NA,NA,NA,NA,NA,NA,NA,NA,NA,NA,NA,NA,NA,NA,NA,NA,2022,1998-05-12,NA,NA,NA,NA
"Pierre Strong Jr.","CLE","RB","15733","weighted",NA,NA,NA,NA,NA,NA,236.369305084746,215.296442084892,1.13807627118644,0.883144102238903,2.09754237288136,0.993198381651656,NA,NA,NA,NA,7.01264406779661,2.93341801257373,53.0461355932203,21.5809143445735,0.0362936257141945,0.0772957082716769,NA,NA,NA,NA,NA,NA,NA,NA,NA,NA,NA,NA,NA,NA,NA,NA,NA,NA,NA,NA,NA,NA,NA,NA,NA,NA,NA,NA,NA,NA,NA,NA,2022,1998-12-10,"Q","Ribs",2024,0
"Tyrone Tracy","NYG","RB","16747","weighted",NA,NA,NA,NA,NA,NA,351.821544869368,146.241724864684,2.15276920797458,0.991484283625776,1.41019815726366,0.812287737119723,NA,NA,NA,NA,16.3567285119273,5.8787163177617,117.975554714123,47.9104321555463,0.599635184301072,0.459617012489518,NA,NA,NA,NA,NA,NA,NA,NA,NA,NA,NA,NA,NA,NA,NA,NA,NA,NA,NA,NA,NA,NA,NA,NA,NA,NA,NA,NA,NA,NA,NA,NA,2024,1999-11-23,"Q","Ankle",2024,0
"Ray Davis","BUF","RB","16603","weighted",NA,NA,NA,NA,NA,NA,413.167820069204,96.3630053255537,2.75264799401478,0.95422401389909,1.47050173010381,0.26933918106862,NA,NA,NA,NA,17.8321366782007,3.24793895688362,139.373935986159,38.5801283880726,0.619557888338165,0.457881201839735,NA,NA,NA,NA,NA,NA,NA,NA,NA,NA,NA,NA,NA,NA,NA,NA,NA,NA,NA,NA,NA,NA,NA,NA,NA,NA,NA,NA,NA,NA,NA,NA,2024,1999-11-20,NA,NA,NA,NA
"MarShawn Lloyd","GB","RB","16604","weighted",NA,NA,NA,NA,NA,NA,392.101590306702,120.424421979389,2.72708822415752,1.5332779813779,1.13363309352518,0.436632900033627,NA,NA,NA,NA,18.2995607724347,4.46795906986494,135.41566073457,34.4187538959312,0.85423703142749,0.349053952364483,NA,NA,NA,NA,NA,NA,NA,NA,NA,NA,NA,NA,NA,NA,NA,NA,NA,NA,NA,NA,NA,NA,NA,NA,NA,NA,NA,NA,NA,NA,NA,NA,2024,2001-01-05,"Q","Hamstring",2024,0
"Jaleel McLaughlin","DEN","RB","16390","weighted",NA,NA,NA,NA,NA,NA,470.027656190837,63.6798239234114,2.49692886134306,0.720516332959031,0.745607724346838,0.247054406175339,NA,NA,NA,NA,32.3476410450587,5.40449090724898,202.392843619841,51.3440965841003,1.10122335372699,0.374326417169152,NA,NA,NA,NA,NA,NA,NA,NA,NA,NA,NA,NA,NA,NA,NA,NA,NA,NA,NA,NA,NA,NA,NA,NA,NA,NA,NA,NA,NA,NA,NA,NA,2023,2000-09-13,NA,NA,NA,NA
"Antonio Gibson","NE","RB","14852","weighted",NA,NA,NA,NA,NA,NA,422.159265429761,97.5229201894934,2.38377417122563,0.68348590041725,1.06857251041272,0.540681487772144,NA,NA,NA,NA,40.7628549791746,8.25183328868958,300.410488451344,54.8362662406622,1.38704748723707,0.496604101163597,NA,NA,NA,NA,NA,NA,NA,NA,NA,NA,NA,NA,NA,NA,NA,NA,NA,NA,NA,NA,NA,NA,NA,NA,NA,NA,NA,NA,NA,NA,NA,NA,2020,1970-01-01,NA,NA,NA,NA
"Jordan Mason","SF","RB","15972","weighted",NA,NA,NA,NA,NA,NA,406.377440363499,73.4283502516451,3.67994463956965,1.4812288731431,0.0248643190710589,0.0155196263195692,NA,NA,NA,NA,11.3839530480878,7.41090956077839,88.0830215827338,51.5071573177646,0.436874747026335,0.540258820356133,NA,NA,NA,NA,NA,NA,NA,NA,NA,NA,NA,NA,NA,NA,NA,NA,NA,NA,NA,NA,NA,NA,NA,NA,NA,NA,NA,NA,NA,NA,NA,NA,2022,1999-05-24,NA,NA,NA,NA
"Zach Charbonnet","SEA","RB","16169","weighted",NA,NA,NA,NA,NA,NA,486.8824914805,47.2087243123183,2.62687078887719,1.01736279406239,0.745607724346838,0.247054406175339,NA,NA,NA,NA,33.2477925028398,3.68958781729521,218.825104127225,18.9425844936658,0.823723682913799,0.468756603803038,NA,NA,NA,NA,NA,NA,NA,NA,NA,NA,NA,NA,NA,NA,NA,NA,NA,NA,NA,NA,NA,NA,NA,NA,NA,NA,NA,NA,NA,NA,NA,NA,2023,2001-01-08,"Q","Undisclosed",2024,0
"Kimani Vidal","LAC","RB","16757","weighted",NA,NA,NA,NA,NA,NA,262.198985232866,151.157805058074,1.67809576262435,1.17625354368047,0.471816231225546,0.330945311712008,NA,NA,NA,NA,11.0519424460432,6.62412448256841,74.8354108292313,49.4023581413338,0.340187306977305,0.419803927524758,NA,NA,NA,NA,NA,NA,NA,NA,NA,NA,NA,NA,NA,NA,NA,NA,NA,NA,NA,NA,NA,NA,NA,NA,NA,NA,NA,NA,NA,NA,NA,NA,2024,2001-08-28,NA,NA,NA,NA
"Alexander Mattison","LVR","RB","14223","weighted",NA,NA,NA,NA,NA,NA,415.110715638016,99.4169752477183,2.06288412332335,0.731620790395529,1.04029723589549,0.0652050982346524,NA,NA,NA,NA,17.5136084816357,5.31677313674372,114.615751609239,35.6014410512476,0.804787213291568,0.702269099608209,NA,NA,NA,NA,NA,NA,NA,NA,NA,NA,NA,NA,NA,NA,NA,NA,NA,NA,NA,NA,NA,NA,NA,NA,NA,NA,NA,NA,NA,NA,NA,NA,2019,NA,NA,NA,NA,NA
"Braelon Allen","NYJ","RB","16596","weighted",NA,NA,NA,NA,NA,NA,395.255797046573,86.5876513736029,2.5893798968922,1.30190160094011,1.36641423703143,0.271334635005717,NA,NA,NA,NA,15.3513063233624,6.56168470800263,110.900340780008,46.1690758455822,0.656019573005563,0.538635353053253,NA,NA,NA,NA,NA,NA,NA,NA,NA,NA,NA,NA,NA,NA,NA,NA,NA,NA,NA,NA,NA,NA,NA,NA,NA,NA,NA,NA,NA,NA,NA,NA,2024,2004-01-20,NA,NA,NA,NA
"Bucky Irving","TB","RB","16598","weighted",NA,NA,NA,NA,NA,NA,392.317955319955,70.764481191852,1.93139137273177,1.20150653963194,1.62093903824309,0.642028426854923,NA,NA,NA,NA,22.8379780386217,4.47255779054537,162.478758046195,41.8453408690324,0.832879736696473,0.596590527065641,NA,NA,NA,NA,NA,NA,NA,NA,NA,NA,NA,NA,NA,NA,NA,NA,NA,NA,NA,NA,NA,NA,NA,NA,NA,NA,NA,NA,NA,NA,NA,NA,2024,2002-08-19,NA,NA,NA,NA
"Trey Sermon","IND","RB","15257","weighted",NA,NA,NA,NA,NA,NA,273.036508898145,107.084501250001,1.20657796811553,0.74938249860199,0.136602297109681,0.0810577748778626,NA,NA,NA,NA,9.00886785308595,4.55489209926109,59.558280954184,31.2861621439008,0.0842934195181019,0.135570199096708,NA,NA,NA,NA,NA,NA,NA,NA,NA,NA,NA,NA,NA,NA,NA,NA,NA,NA,NA,NA,NA,NA,NA,NA,NA,NA,NA,NA,NA,NA,NA,NA,2021,1999-01-30,"Q","Hamstring",2024,0
"Miles Sanders","CAR","RB","14079","weighted",NA,NA,NA,NA,NA,NA,373.331576271186,102.964105704374,1.79129661016949,1.03110155369827,1.37516949152542,0.307760369095374,NA,NA,NA,NA,18.1460169491525,9.2565756872329,109.467576271186,47.6274477699009,0.0505051297018402,0.120901906896747,NA,NA,NA,NA,NA,NA,NA,NA,NA,NA,NA,NA,NA,NA,NA,NA,NA,NA,NA,NA,NA,NA,NA,NA,NA,NA,NA,NA,NA,NA,NA,NA,2019,1970-01-01,NA,NA,NA,NA
"Jaylen Wright","MIA","RB","16610","weighted",NA,NA,NA,NA,NA,NA,270.432616433169,171.793157299143,1.70543412549176,1.67109843222202,0.956708317556481,0.540607129942821,NA,NA,NA,NA,13.8817569102613,6.09084841094417,106.52329420674,66.8777026562087,0.76304751025228,0.659055382334792,NA,NA,NA,NA,NA,NA,NA,NA,NA,NA,NA,NA,NA,NA,NA,NA,NA,NA,NA,NA,NA,NA,NA,NA,NA,NA,NA,NA,NA,NA,NA,NA,2024,2003-04-01,NA,NA,NA,NA
"Kenneth Gainwell","PHI","RB","15255","weighted",NA,NA,NA,NA,NA,NA,282.664157516092,138.425970772319,1.8767815221507,1.10524996451714,1.20499810677774,0.38987898827577,NA,NA,NA,NA,21.2843316925407,8.94020611143623,144.445717531238,65.1664890329619,0.321347974252177,0.441362180478963,NA,NA,NA,NA,NA,NA,NA,NA,NA,NA,NA,NA,NA,NA,NA,NA,NA,NA,NA,NA,NA,NA,NA,NA,NA,NA,NA,NA,NA,NA,NA,NA,2021,1999-03-14,NA,NA,NA,NA
"Justice Hill","BAL","RB","14086","weighted",NA,NA,NA,NA,NA,NA,261.741991669822,144.405582695945,1.49089999869433,0.826792246083192,1.18018427363372,0.386881788764263,NA,NA,NA,NA,18.9952896630064,8.54138608126167,138.604687618326,64.8505368163849,0.720519918003891,0.394302293998235,NA,NA,NA,NA,NA,NA,NA,NA,NA,NA,NA,NA,NA,NA,NA,NA,NA,NA,NA,NA,NA,NA,NA,NA,NA,NA,NA,NA,NA,NA,NA,NA,2019,1997-11-14,NA,NA,NA,NA
"Jamaal Williams","NO","RB","13139","weighted",NA,NA,NA,NA,NA,NA,402.962618644068,39.8964725856408,2.62523728813559,0.655408456880306,0.503601694915254,0.288014494007017,NA,NA,NA,NA,19.522093220339,4.58599602781022,113.39136440678,27.192649868257,0.277071530949184,0.414241956428321,NA,NA,NA,NA,NA,NA,NA,NA,NA,NA,NA,NA,NA,NA,NA,NA,NA,NA,NA,NA,NA,NA,NA,NA,NA,NA,NA,NA,NA,NA,NA,NA,2017,NA,NA,NA,NA,NA
"Audric Estime","DEN","RB","16595","weighted",NA,NA,NA,NA,NA,NA,278.861720338983,129.967810564673,1.31527118644068,1.12069680904675,1.57440677966102,0.397092349455212,NA,NA,NA,NA,15.1546610169492,10.7048285468703,101.380406779661,55.3826954388798,0.404493667165644,0.450743654299062,NA,NA,NA,NA,NA,NA,NA,NA,NA,NA,NA,NA,NA,NA,NA,NA,NA,NA,NA,NA,NA,NA,NA,NA,NA,NA,NA,NA,NA,NA,NA,NA,2024,2003-09-06,NA,NA,NA,NA
"Keaton Mitchell","BAL","RB","16178","weighted",NA,NA,NA,NA,NA,NA,281.471457781143,115.571813049991,1.72143593627123,0.804002722239387,0.674242711094282,0.30872813054457,NA,NA,NA,NA,8.97626656569481,1.73834459729009,78.1483074592957,20.9218296464659,0.259510193546608,0.359244777355548,NA,NA,NA,NA,NA,NA,NA,NA,NA,NA,NA,NA,NA,NA,NA,NA,NA,NA,NA,NA,NA,NA,NA,NA,NA,NA,NA,NA,NA,NA,NA,NA,2023,2002-01-17,NA,"Knee - ACL",2024,0
"Roschon Johnson","CHI","RB","16175","weighted",NA,NA,NA,NA,NA,NA,314.735107913669,94.6907120135313,2.02429382809542,0.639817760273506,0.689776599772813,0.309043946884579,NA,NA,NA,NA,21.1994093146535,11.7149017939765,136.067474441499,62.6390934257823,0.393123816736085,0.48674362014895,NA,NA,NA,NA,NA,NA,NA,NA,NA,NA,NA,NA,NA,NA,NA,NA,NA,NA,NA,NA,NA,NA,NA,NA,NA,NA,NA,NA,NA,NA,NA,NA,2023,2001-01-31,NA,NA,NA,NA
"Cam Akers","HOU","RB","14799","weighted",NA,NA,NA,NA,NA,NA,217.57996031746,116.896299289424,1.45760912698413,0.634340285943954,0.274330357142857,0.0605933553225399,NA,NA,NA,NA,10.0944047619048,11.0135670320569,67.373125,62.9508337679386,0.521031326907338,1.01686267068344,NA,NA,NA,NA,NA,NA,NA,NA,NA,NA,NA,NA,NA,NA,NA,NA,NA,NA,NA,NA,NA,NA,NA,NA,NA,NA,NA,NA,NA,NA,NA,NA,2020,1970-01-01,NA,NA,NA,NA
"Dameon Pierce","HOU","RB","15717","weighted",NA,NA,NA,NA,NA,NA,325.362173419159,78.2512561848962,1.91765310884707,0.534747163372005,0.357582355168497,0.310128010347687,NA,NA,NA,NA,11.1552517985612,2.09881307356122,80.389541840212,14.1665768187653,0.16763240446074,0.209969372652237,NA,NA,NA,NA,NA,NA,NA,NA,NA,NA,NA,NA,NA,NA,NA,NA,NA,NA,NA,NA,NA,NA,NA,NA,NA,NA,NA,NA,NA,NA,NA,NA,2022,2000-02-19,NA,NA,NA,NA
"Clyde Edwards-Helaire","KC","RB","14803","weighted",NA,NA,NA,NA,NA,NA,250.519389830509,101.733944923394,1.51379661016949,0.635263411149106,0.503601694915254,0.288014494007017,NA,NA,NA,NA,16.0731101694915,5.77632175554626,136.732347457627,52.2218394753624,1.00071186440678,0.542581672208681,NA,NA,NA,NA,NA,NA,NA,NA,NA,NA,NA,NA,NA,NA,NA,NA,NA,NA,NA,NA,NA,NA,NA,NA,NA,NA,NA,NA,NA,NA,NA,NA,2020,1970-01-01,NA,"Illness",2024,0
"Dalvin Cook","FA","RB","13128","weighted",NA,NA,NA,NA,NA,NA,231.654095717884,118.78642746592,1.52305737475511,0.4748379823232,0,0,NA,NA,NA,NA,9.15568765743073,6.30732934629298,60.2827002518892,38.3866765201733,0.259893625235787,0.351527195560927,NA,NA,NA,NA,NA,NA,NA,NA,NA,NA,NA,NA,NA,NA,NA,NA,NA,NA,NA,NA,NA,NA,NA,NA,NA,NA,NA,NA,NA,NA,NA,NA,2017,1995-08-10,NA,NA,NA,NA
"Emari Demercado","ARI","RB","16385","weighted",NA,NA,NA,NA,NA,NA,210.503341746593,122.359155508082,1.04361433619384,0.575289739858428,0.339399293286219,0.365881359727439,NA,NA,NA,NA,18.1773851590106,11.0480585969704,108.997092377587,55.8316381820879,0.193710247349823,0.399893947999669,NA,NA,NA,NA,NA,NA,NA,NA,NA,NA,NA,NA,NA,NA,NA,NA,NA,NA,NA,NA,NA,NA,NA,NA,NA,NA,NA,NA,NA,NA,NA,NA,2023,1999-01-20,NA,NA,NA,NA
"Tank Bigsby","JAC","RB","16164","weighted",NA,NA,NA,NA,NA,NA,316.028928436198,57.1155516549582,3.24576219186594,1.3788079434016,3.11836425596365,1.4178487656404,NA,NA,NA,NA,8.08901173797804,4.47144805496446,52.4853388867853,32.5147333865145,0.270521388107844,0.359689444761438,NA,NA,NA,NA,NA,NA,NA,NA,NA,NA,NA,NA,NA,NA,NA,NA,NA,NA,NA,NA,NA,NA,NA,NA,NA,NA,NA,NA,NA,NA,NA,NA,2023,2002-08-30,NA,NA,NA,NA
"DOnta Foreman","CLE","RB","13134","weighted",NA,NA,NA,NA,NA,NA,291.231921708185,59.4574708826409,2.39658362989324,0.69580630908449,0.0806049822064057,0.0442275438891155,NA,NA,NA,NA,8.37032028469751,4.4931372100098,59.4659193357058,34.4426233100197,0.314231091754401,0.408402998472121,NA,NA,NA,NA,NA,NA,NA,NA,NA,NA,NA,NA,NA,NA,NA,NA,NA,NA,NA,NA,NA,NA,NA,NA,NA,NA,NA,NA,NA,NA,NA,NA,2017,1996-04-24,NA,NA,NA,NA
"Kendre Miller","NO","RB","16171","weighted",NA,NA,NA,NA,NA,NA,220.000121166225,95.0329946022668,1.49944549623459,1.04386643015408,0.674242711094282,0.30872813054457,NA,NA,NA,NA,12.2470579326013,5.17555172699385,98.0663157894737,46.0614626626051,0.30693087635155,0.440643406617351,NA,NA,NA,NA,NA,NA,NA,NA,NA,NA,NA,NA,NA,NA,NA,NA,NA,NA,NA,NA,NA,NA,NA,NA,NA,NA,NA,NA,NA,NA,NA,NA,2023,2002-06-11,NA,"Hamstring",2024,0
"Jeffery Wilson","MIA","RB","14017","weighted",NA,NA,NA,NA,NA,NA,214.896780045352,161.068882886273,1.12157218442933,0.752465530620124,0,0,NA,NA,NA,NA,11.7400755857899,10.9535483351112,83.1419803476946,75.7533007424508,0.0413756613756614,0.0842456623006893,NA,NA,NA,NA,NA,NA,NA,NA,NA,NA,NA,NA,NA,NA,NA,NA,NA,NA,NA,NA,NA,NA,NA,NA,NA,NA,NA,NA,NA,NA,NA,NA,2018,1970-01-01,NA,NA,NA,NA
"Joshua Kelley","FA","RB","14807","weighted",NA,NA,NA,NA,NA,NA,177.266380368098,235.862537932585,0.506134969325153,0.707106781186548,NA,NA,NA,NA,NA,NA,5.55776073619632,4.92853426487024,35.7488343558282,33.2905872582627,0,0,NA,NA,NA,NA,NA,NA,NA,NA,NA,NA,NA,NA,NA,NA,NA,NA,NA,NA,NA,NA,NA,NA,NA,NA,NA,NA,NA,NA,NA,NA,NA,NA,2020,1970-01-01,NA,NA,NA,NA
"Isaac Guerendo","SF","RB","16688","weighted",NA,NA,NA,NA,NA,NA,184.063788027478,78.5998746737667,1.32384690873405,1.01779120170067,0.0223585214262349,0.0171648174329506,NA,NA,NA,NA,7.30368007850834,4.81555246281119,58.7458292443572,38.332964711862,0.187842214063852,0.396299198919715,NA,NA,NA,NA,NA,NA,NA,NA,NA,NA,NA,NA,NA,NA,NA,NA,NA,NA,NA,NA,NA,NA,NA,NA,NA,NA,NA,NA,NA,NA,NA,NA,2024,2000-06-28,"Q","Groin",2024,0
"Samaje Perine","DEN","RB","13133","weighted",NA,NA,NA,NA,NA,NA,207.020976902688,71.2232420511034,1.49258343700979,0.814003961044123,1.40366022971097,0.251149857375554,NA,NA,NA,NA,26.246891329042,9.97481851834893,210.134774706551,97.2739525135684,0.859003083247688,0.654028818047617,NA,NA,NA,NA,NA,NA,NA,NA,NA,NA,NA,NA,NA,NA,NA,NA,NA,NA,NA,NA,NA,NA,NA,NA,NA,NA,NA,NA,NA,NA,NA,NA,2017,1995-09-16,NA,NA,NA,NA
"Patrick Taylor","SF","RB","14817","weighted",NA,NA,NA,NA,NA,NA,141.126210418795,142.970463434553,0.674157303370786,1.15793279338351,0,0,NA,NA,NA,NA,7.12371807967313,7.78307218054755,40.8444739530133,41.392459730857,0.0559141981613892,0.0978213341248303,NA,NA,NA,NA,NA,NA,NA,NA,NA,NA,NA,NA,NA,NA,NA,NA,NA,NA,NA,NA,NA,NA,NA,NA,NA,NA,NA,NA,NA,NA,NA,NA,2020,NA,NA,NA,NA,NA
"Eric Gray","NYG","RB","16173","weighted",NA,NA,NA,NA,NA,NA,197.155925119721,82.2353926690819,1.31872986504136,0.779174082891972,0.042882020026121,0.0188808929359507,NA,NA,NA,NA,10.8576926425773,2.96951998176227,67.0186155855464,22.1390399940327,0.220582281236395,0.377536028693199,NA,NA,NA,NA,NA,NA,NA,NA,NA,NA,NA,NA,NA,NA,NA,NA,NA,NA,NA,NA,NA,NA,NA,NA,NA,NA,NA,NA,NA,NA,NA,NA,2023,1999-11-04,NA,NA,NA,NA
"Will Shipley","PHI","RB","16601","weighted",NA,NA,NA,NA,NA,NA,178.431972737599,72.4753836429588,1.22396460670799,1.00469685261333,0.0248643190710589,0.0155196263195692,NA,NA,NA,NA,8.4043847027641,6.63264564783906,60.6397046573268,49.2312195503164,0.409075908248471,0.500061440070393,NA,NA,NA,NA,NA,NA,NA,NA,NA,NA,NA,NA,NA,NA,NA,NA,NA,NA,NA,NA,NA,NA,NA,NA,NA,NA,NA,NA,NA,NA,NA,NA,2024,2002-08-29,NA,NA,NA,NA
"Isaiah Davis","NYJ","RB","16752","weighted",NA,NA,NA,NA,NA,NA,161.230992034757,76.1048738202996,1.23823316437364,0.492192500993194,0.0375452570601014,0.0249843340229649,NA,NA,NA,NA,5.45474293989862,2.47835788328427,39.1578566256336,16.5952039206364,0.00537477261086876,0.0111043430102123,NA,NA,NA,NA,NA,NA,NA,NA,NA,NA,NA,NA,NA,NA,NA,NA,NA,NA,NA,NA,NA,NA,NA,NA,NA,NA,NA,NA,NA,NA,NA,NA,2024,2002-02-21,NA,NA,NA,NA
"Emanuel Wilson","GB","RB","16432","weighted",NA,NA,NA,NA,NA,NA,220.711109410865,42.5157624174071,1.25325172149962,0.958829472558984,0.0374904361132364,0.0250066922886914,NA,NA,NA,NA,10.3848508033665,3.78788785957747,71.8871461361898,31.881890372067,0.365049732211171,0.476928422899193,NA,NA,NA,NA,NA,NA,NA,NA,NA,NA,NA,NA,NA,NA,NA,NA,NA,NA,NA,NA,NA,NA,NA,NA,NA,NA,NA,NA,NA,NA,NA,NA,2023,1999-05-08,NA,NA,NA,NA
"Dylan Laube","LVR","RB","16613","weighted",NA,NA,NA,NA,NA,NA,140.376799596164,98.2251089958526,0.833306410903584,0.750593371407674,0,0,NA,NA,NA,NA,7.72640080767289,6.62349574126796,58.4280969207471,48.7750073052285,0.0465194346289753,0.0912413621238003,NA,NA,NA,NA,NA,NA,NA,NA,NA,NA,NA,NA,NA,NA,NA,NA,NA,NA,NA,NA,NA,NA,NA,NA,NA,NA,NA,NA,NA,NA,NA,NA,2024,1999-12-14,NA,NA,NA,NA
"Kevin Harris","NE","RB","15719","weighted",NA,NA,NA,NA,NA,NA,135.306666666667,163.963920421537,1.06021505376344,1.34350288425444,0,0,NA,NA,NA,NA,4.98279569892473,4.31335136523794,36.7855913978495,30.327809845091,0,0,NA,NA,NA,NA,NA,NA,NA,NA,NA,NA,NA,NA,NA,NA,NA,NA,NA,NA,NA,NA,NA,NA,NA,NA,NA,NA,NA,NA,NA,NA,NA,NA,2022,2000-11-17,NA,NA,NA,NA
"Ty Johnson","BUF","RB","14095","weighted",NA,NA,NA,NA,NA,NA,189.964444444444,54.8303632067411,1.18973214285714,0.700844765573481,0.0837797619047619,0.0403955702150266,NA,NA,NA,NA,11.6535813492063,4.32942925650331,92.412123015873,46.014996821923,0.448769841269841,0.453997593695342,NA,NA,NA,NA,NA,NA,NA,NA,NA,NA,NA,NA,NA,NA,NA,NA,NA,NA,NA,NA,NA,NA,NA,NA,NA,NA,NA,NA,NA,NA,NA,NA,2019,1997-09-17,NA,NA,NA,NA
"Rasheen Ali","BAL","RB","16746","weighted",NA,NA,NA,NA,NA,NA,200.594736842105,31.6986327048363,1.01278195488722,0.820094887237865,1.02756892230576,1.0487822688004,NA,NA,NA,NA,5.80586466165414,2.72660814633865,45.9827067669173,17.2596024691791,0.0381378318461689,0.0482598964823015,NA,NA,NA,NA,NA,NA,NA,NA,NA,NA,NA,NA,NA,NA,NA,NA,NA,NA,NA,NA,NA,NA,NA,NA,NA,NA,NA,NA,NA,NA,NA,NA,2024,2001-02-16,"Q","Neck",2024,0
"Deuce Vaughn","DAL","RB","16176","weighted",NA,NA,NA,NA,NA,NA,136.315577990914,80.7622829600633,0.871539626451287,0.961018789508273,0.482248022884065,0.319573706539612,NA,NA,NA,NA,10.4668551236749,4.10574641742733,72.0011307420495,24.2677753989381,0.249860485532175,0.38733952420885,NA,NA,NA,NA,NA,NA,NA,NA,NA,NA,NA,NA,NA,NA,NA,NA,NA,NA,NA,NA,NA,NA,NA,NA,NA,NA,NA,NA,NA,NA,NA,NA,2023,2001-11-02,NA,NA,NA,NA
"D'Ernest Johnson","JAC","RB","14331","weighted",NA,NA,NA,NA,NA,NA,151.659158269117,85.691258289547,0.661102548903379,0.486587810328203,0.040308239478364,0.0221087047308769,NA,NA,NA,NA,7.90250148192057,2.3742813291595,73.0126259632484,34.9125822457957,0.032448132780083,0.0747296843147538,NA,NA,NA,NA,NA,NA,NA,NA,NA,NA,NA,NA,NA,NA,NA,NA,NA,NA,NA,NA,NA,NA,NA,NA,NA,NA,NA,NA,NA,NA,NA,NA,2019,NA,NA,NA,NA,NA
"Michael Carter","ARI","RB","15258","weighted",NA,NA,NA,NA,NA,NA,168.394990366089,64.7133792194484,1,0,0,0,NA,NA,NA,NA,14.7215799614644,9.4547336363261,103.712909441233,54.8013756263887,0.361055055808279,0.539263274984766,NA,NA,NA,NA,NA,NA,NA,NA,NA,NA,NA,NA,NA,NA,NA,NA,NA,NA,NA,NA,NA,NA,NA,NA,NA,NA,NA,NA,NA,NA,NA,NA,2021,1999-05-07,NA,NA,NA,NA
"Chris Rodriguez","WAS","RB","16174","weighted",NA,NA,NA,NA,NA,NA,235,NA,2,NA,0,NA,NA,NA,NA,NA,7,NA,51,NA,0,NA,NA,NA,NA,NA,NA,NA,NA,NA,NA,NA,NA,NA,NA,NA,NA,NA,NA,NA,NA,NA,NA,NA,NA,NA,NA,NA,NA,NA,NA,NA,NA,NA,2023,1999-09-26,NA,NA,NA,NA
"Cordarrelle Patterson","PIT","RB","11225","weighted",NA,NA,NA,NA,NA,NA,158.739966101695,36.8494301146265,0.985720338983051,0.143833579130412,0.0238559322033898,0.0162450682758638,NA,NA,1,0,10.0987033898305,4.41694072100115,68.7824830508475,37.5692033136289,0.44986698905002,0.4553327098527,NA,NA,NA,NA,NA,NA,NA,NA,NA,NA,NA,NA,NA,NA,NA,NA,NA,NA,NA,NA,NA,NA,NA,NA,NA,NA,NA,NA,NA,NA,NA,NA,2013,1991-03-17,NA,NA,NA,NA
"Ameer Abdullah","LVR","RB","12155","weighted",NA,NA,NA,NA,NA,NA,108.911265386509,62.3757357256622,0.19369768586903,0.39632907692967,0,0,NA,NA,NA,NA,15.6853372722797,6.51895298879241,111.535391432792,45.2707079383344,0.229660265878877,0.410093004560344,NA,NA,NA,NA,NA,NA,NA,NA,NA,NA,NA,NA,NA,NA,NA,NA,NA,NA,NA,NA,NA,NA,NA,NA,NA,NA,NA,NA,NA,NA,NA,NA,2015,1993-06-13,NA,NA,NA,NA
"Carson Steele","KC","RB","16612","weighted",NA,NA,NA,NA,NA,NA,133.536841574168,58.5585828345013,1.05800706357215,0.875735097292224,0,0,NA,NA,NA,NA,5.477648839556,3.97013242658756,40.0455701311806,26.5793084852558,0.32701932747153,0.329283044562819,NA,NA,NA,NA,NA,NA,NA,NA,NA,NA,NA,NA,NA,NA,NA,NA,NA,NA,NA,NA,NA,NA,NA,NA,NA,NA,NA,NA,NA,NA,NA,NA,2024,2002-10-21,NA,NA,NA,NA
"Israel Abanikanda","NYJ","RB","16168","weighted",NA,NA,NA,NA,NA,NA,102.822620035566,68.8875542620106,0.638197984588026,0.513504196019226,0.279075281564908,0.0663261141926307,NA,NA,NA,NA,9.41285121517487,6.145128170936,59.7297806757558,35.2537063711898,0.032448132780083,0.0747296843147538,NA,NA,NA,NA,NA,NA,NA,NA,NA,NA,NA,NA,NA,NA,NA,NA,NA,NA,NA,NA,NA,NA,NA,NA,NA,NA,NA,NA,NA,NA,NA,NA,2023,2002-10-05,NA,NA,NA,NA
"Craig Reynolds","DET","RB","14727","weighted",NA,NA,NA,NA,NA,NA,137.68686440678,62.2595739509387,0.877415254237288,0.378596481265431,0.0238559322033898,0.0162450682758638,NA,NA,NA,NA,5.43058474576271,2.75570913369862,46.3898220338983,25.8811005095062,0.0348008349266246,0.0657017869966721,NA,NA,NA,NA,NA,NA,NA,NA,NA,NA,NA,NA,NA,NA,NA,NA,NA,NA,NA,NA,NA,NA,NA,NA,NA,NA,NA,NA,NA,NA,NA,NA,2019,1996-06-15,"Q","Leg",2024,0
"Ronnie Rivers","LAR","RB","15726","weighted",NA,NA,NA,NA,NA,NA,135.838918283363,62.4412703236369,0.669570840681952,0.479720865212217,0,0,NA,NA,NA,NA,4.54788947677837,2.78027436666016,31.0893592004703,19.1757581682696,0.0321810699588477,0.0744923279561791,NA,NA,NA,NA,NA,NA,NA,NA,NA,NA,NA,NA,NA,NA,NA,NA,NA,NA,NA,NA,NA,NA,NA,NA,NA,NA,NA,NA,NA,NA,NA,NA,2022,1999-01-31,NA,NA,NA,NA
"Tyler Goodson","IND","RB","15730","weighted",NA,NA,NA,NA,NA,NA,126.897855844942,75.5983830312428,0.606904906117505,0.54612380853013,0.0197859882899253,0.0183057675904836,NA,NA,NA,NA,7.24409448818898,5.38862423058829,51.234221683828,41.3679106297234,0.224627498485766,0.436077128831982,NA,NA,NA,NA,NA,NA,NA,NA,NA,NA,NA,NA,NA,NA,NA,NA,NA,NA,NA,NA,NA,NA,NA,NA,NA,NA,NA,NA,NA,NA,NA,NA,2022,2000-11-10,NA,NA,NA,NA
"Avery Williams","ATL","RB","15454","weighted",NA,NA,NA,NA,NA,NA,95.3502719033233,92.2568367896735,0.401550855991944,0.540322183882333,0.437395099026519,0.5110153071849,NA,NA,NA,NA,6.93379657603223,5.88811707201732,33.5441893252769,24.1164799484616,0.0551258811681772,0.0974815404991715,NA,NA,NA,NA,NA,NA,NA,NA,NA,NA,NA,NA,NA,NA,NA,NA,NA,NA,NA,NA,NA,NA,NA,NA,NA,NA,NA,NA,NA,NA,NA,NA,2021,1998-07-15,NA,NA,NA,NA
"Trayveon Williams","CIN","RB","14076","weighted",NA,NA,NA,NA,NA,NA,139.131097560976,60.8111831820431,0.501524390243902,0.707106781186548,0.0250762195121951,0.0353553390593274,NA,NA,NA,NA,8.5015243902439,0.707106781186548,43.5503048780488,23.3345237791561,0,0,NA,NA,NA,NA,NA,NA,NA,NA,NA,NA,NA,NA,NA,NA,NA,NA,NA,NA,NA,NA,NA,NA,NA,NA,NA,NA,NA,NA,NA,NA,NA,NA,2019,1970-01-01,NA,NA,NA,NA
"DeeJay Dallas","ARI","RB","14815","weighted",NA,NA,NA,NA,NA,NA,62.902962206333,85.7258588404855,0,0,0,0,NA,NA,NA,NA,6.73628192032686,7.23951610029211,41.6819816138917,53.5737696607963,0,0,NA,NA,NA,NA,NA,NA,NA,NA,NA,NA,NA,NA,NA,NA,NA,NA,NA,NA,NA,NA,NA,NA,NA,NA,NA,NA,NA,NA,NA,NA,NA,NA,2020,1998-09-16,NA,NA,NA,NA
"Salvon Ahmed","FA","RB","14811","weighted",NA,NA,NA,NA,NA,NA,84.8066564417178,106.228651737655,0.506134969325153,0.707106781186548,NA,NA,NA,NA,NA,NA,11.6955828220859,13.3218917575546,76.0003374233129,85.9064028463537,0.590092024539877,0.586898628384834,NA,NA,NA,NA,NA,NA,NA,NA,NA,NA,NA,NA,NA,NA,NA,NA,NA,NA,NA,NA,NA,NA,NA,NA,NA,NA,NA,NA,NA,NA,NA,NA,2020,1998-12-29,"Q","Undisclosed",2024,0
"Sean Tucker","TB","RB","16166","weighted",NA,NA,NA,NA,NA,NA,80.7307715582451,56.3427685617837,0.5821482602118,0.506150599828411,0.0164145234493192,0.0192447813493561,NA,NA,NA,NA,2.99149773071104,1.44870689818492,18.9189409984871,11.0403295176832,0.0414069591527988,0.0842673504128798,NA,NA,NA,NA,NA,NA,NA,NA,NA,NA,NA,NA,NA,NA,NA,NA,NA,NA,NA,NA,NA,NA,NA,NA,NA,NA,NA,NA,NA,NA,NA,NA,2023,2001-10-25,NA,NA,NA,NA
"Nyheim Hines","CLE","RB","13622","weighted",NA,NA,NA,NA,NA,NA,80.6850051072523,75.3669100162854,0.437282941777324,0.513710855503491,0,0,NA,NA,NA,NA,9.88136874361593,12.4346704832817,71.2162819203269,96.1844557634518,0.353524004085802,0.565153851556974,NA,NA,NA,NA,NA,NA,NA,NA,NA,NA,NA,NA,NA,NA,NA,NA,NA,NA,NA,NA,NA,NA,NA,NA,NA,NA,NA,NA,NA,NA,NA,NA,2018,1996-11-12,NA,"Knee - ACL",2024,0
"Jase McClellan","ATL","RB","16605","weighted",NA,NA,NA,NA,NA,NA,108.203161592506,47.7939614322926,0.586651053864169,0.550786751104997,0,0,NA,NA,NA,NA,4.65720140515223,3.03358303309926,35.0907494145199,22.1601204068871,0.192622950819672,0.441090146047278,NA,NA,NA,NA,NA,NA,NA,NA,NA,NA,NA,NA,NA,NA,NA,NA,NA,NA,NA,NA,NA,NA,NA,NA,NA,NA,NA,NA,NA,NA,NA,NA,2024,2002-06-25,NA,NA,NA,NA
"Jerick McKinnon","FA","RB","11761","weighted",NA,NA,NA,NA,NA,NA,128.641571194763,11.3137084989848,1,0,NA,NA,NA,NA,NA,NA,26.0589198036007,7.77817459305202,196.252045826514,57.2756492761104,1.45990180032733,0.707106781186548,NA,NA,NA,NA,NA,NA,NA,NA,NA,NA,NA,NA,NA,NA,NA,NA,NA,NA,NA,NA,NA,NA,NA,NA,NA,NA,NA,NA,NA,NA,NA,NA,2014,1992-05-03,NA,NA,NA,NA
"Evan Hull","IND","RB","16180","weighted",NA,NA,NA,NA,NA,NA,134,NA,1,NA,0,NA,NA,NA,NA,NA,8,NA,59,NA,1,NA,NA,NA,NA,NA,NA,NA,NA,NA,NA,NA,NA,NA,NA,NA,NA,NA,NA,NA,NA,NA,NA,NA,NA,NA,NA,NA,NA,NA,NA,NA,NA,NA,2023,2000-10-26,NA,NA,NA,NA
"Dare Ogunbowale","HOU","RB","13148","weighted",NA,NA,NA,NA,NA,NA,78.5693891625616,43.6538113295333,0.492487452850254,0.466610573494371,0,0,NA,NA,NA,NA,7.54296551724138,3.75385550378351,52.2906108374384,25.6201499000271,0.0561476882902663,0.0896025672047368,NA,NA,NA,NA,NA,NA,NA,NA,NA,NA,NA,NA,NA,NA,NA,NA,NA,NA,NA,NA,NA,NA,NA,NA,NA,NA,NA,NA,NA,NA,NA,NA,2017,1994-05-04,NA,NA,NA,NA
"Cody Schrader","SF","RB","16600","weighted",NA,NA,NA,NA,NA,NA,131,NA,1,NA,0,NA,NA,NA,NA,NA,3,NA,26,NA,0,NA,NA,NA,NA,NA,NA,NA,NA,NA,NA,NA,NA,NA,NA,NA,NA,NA,NA,NA,NA,NA,NA,NA,NA,NA,NA,NA,NA,NA,NA,NA,NA,NA,2024,1999-09-08,NA,NA,NA,NA
"Julius Chestnut","TEN","RB","15965","weighted",NA,NA,NA,NA,NA,NA,76.3947207524985,51.5843286000398,0.618459729570841,0.543353882458117,0.0201842053693906,0.0182226349026327,NA,NA,NA,NA,4.58232804232804,2.97932397804308,39.673392122281,20.9209473943136,0.00757201646090535,0.0175276065779245,NA,NA,NA,NA,NA,NA,NA,NA,NA,NA,NA,NA,NA,NA,NA,NA,NA,NA,NA,NA,NA,NA,NA,NA,NA,NA,NA,NA,NA,NA,NA,NA,2022,2000-10-26,NA,NA,NA,NA
"JaMycal Hasty","NE","RB","14821","weighted",NA,NA,NA,NA,NA,NA,90.4033797698365,43.0971678843569,0.66931556632344,0.472910150569828,0.0197859882899253,0.0183057675904836,NA,NA,NA,NA,8.56821320411871,3.18249957137273,56.4377347062386,21.8695498881503,0.0607690569130073,0.0958427858890781,NA,NA,NA,NA,NA,NA,NA,NA,NA,NA,NA,NA,NA,NA,NA,NA,NA,NA,NA,NA,NA,NA,NA,NA,NA,NA,NA,NA,NA,NA,NA,NA,2020,1970-01-01,NA,NA,NA,NA
"Jawhar Jordan","HOU","RB","16773","weighted",NA,NA,NA,NA,NA,NA,121,NA,1,NA,0,NA,NA,NA,NA,NA,4,NA,27,NA,0,NA,NA,NA,NA,NA,NA,NA,NA,NA,NA,NA,NA,NA,NA,NA,NA,NA,NA,NA,NA,NA,NA,NA,NA,NA,NA,NA,NA,NA,NA,NA,NA,NA,2024,1999-08-18,"IR","Undisclosed",2024,0
"Jordan Mims","NO","RB","16424","weighted",NA,NA,NA,NA,NA,NA,58.4731722054381,55.0567709347486,0.379355488418933,0.555730265905286,0.524874118831823,0.613218368621879,NA,NA,NA,NA,4.25913393756294,2.98702023785994,25.4722457200403,11.2626778711279,0.0421550855991944,0.0745447074405429,NA,NA,NA,NA,NA,NA,NA,NA,NA,NA,NA,NA,NA,NA,NA,NA,NA,NA,NA,NA,NA,NA,NA,NA,NA,NA,NA,NA,NA,NA,NA,NA,2023,1999-06-16,NA,NA,NA,NA
"Chase Edmonds","TB","RB","13726","weighted",NA,NA,NA,NA,NA,NA,102.455792682927,20.5060966544099,0.501524390243902,0.707106781186548,0,0,NA,NA,NA,NA,10.5015243902439,0.707106781186548,66.5503048780488,23.3345237791561,0,0,NA,NA,NA,NA,NA,NA,NA,NA,NA,NA,NA,NA,NA,NA,NA,NA,NA,NA,NA,NA,NA,NA,NA,NA,NA,NA,NA,NA,NA,NA,NA,NA,2018,1996-04-13,"IR","Knee",2024,0
"Kenny McIntosh","SEA","RB","16170","weighted",NA,NA,NA,NA,NA,NA,86.659,39.6139308545756,0.673,0.574623372073492,0.0109666666666667,0.0191840294426367,NA,NA,NA,NA,4.4645,3.12434198781598,33.878,20.7866203036512,0,0,NA,NA,NA,NA,NA,NA,NA,NA,NA,NA,NA,NA,NA,NA,NA,NA,NA,NA,NA,NA,NA,NA,NA,NA,NA,NA,NA,NA,NA,NA,NA,NA,2023,2000-03-03,NA,NA,NA,NA
"Jeremy McNichols","WAS","RB","13143","weighted",NA,NA,NA,NA,NA,NA,85.2104538577912,50.4715800520556,0.248865355521936,0.499292514159007,0,0,NA,NA,NA,NA,7.48226928895613,6.57257058208937,56.6156278366112,51.5339869266355,0.279697428139183,0.494742591337783,NA,NA,NA,NA,NA,NA,NA,NA,NA,NA,NA,NA,NA,NA,NA,NA,NA,NA,NA,NA,NA,NA,NA,NA,NA,NA,NA,NA,NA,NA,NA,NA,2017,1995-12-26,NA,NA,NA,NA
"Blake Watson","DEN","RB","16803","weighted",NA,NA,NA,NA,NA,NA,12,NA,0,NA,0,NA,NA,NA,NA,NA,0,NA,0,NA,0,NA,NA,NA,NA,NA,NA,NA,NA,NA,NA,NA,NA,NA,NA,NA,NA,NA,NA,NA,NA,NA,NA,NA,NA,NA,NA,NA,NA,NA,NA,NA,NA,NA,2024,1999-10-14,NA,NA,NA,NA
"Raheem Blackshear","CAR","RB","15973","weighted",NA,NA,NA,NA,NA,NA,34.1330662557781,35.4401918730698,0.221386748844376,0.254558441227157,0,0,NA,NA,NA,NA,6.34493066255778,5.49421968981947,41.522280431433,33.4602928857474,0.0248073959938367,0.0353553390593274,NA,NA,NA,NA,NA,NA,NA,NA,NA,NA,NA,NA,NA,NA,NA,NA,NA,NA,NA,NA,NA,NA,NA,NA,NA,NA,NA,NA,NA,NA,NA,NA,2022,1998-06-05,NA,NA,NA,NA
"Boston Scott","FA","RB","13814","weighted",NA,NA,NA,NA,NA,NA,10.53,NA,0.04,NA,0,NA,NA,NA,NA,NA,1.81,NA,13.07,NA,0.11,NA,NA,NA,NA,NA,NA,NA,NA,NA,NA,NA,NA,NA,NA,NA,NA,NA,NA,NA,NA,NA,NA,NA,NA,NA,NA,NA,NA,NA,NA,NA,NA,NA,2018,1995-04-27,NA,NA,NA,NA
"Alec Ingold","MIA","RB","14420","weighted",NA,NA,NA,NA,NA,NA,26.5207087827427,24.9113719012021,0.7557781201849,1.06066017177982,0.0248073959938367,0.0353553390593274,NA,NA,NA,NA,6.27127889060093,5.74170706323477,53.215593220339,52.4248967571706,0.235500770416025,0.0919238815542512,NA,NA,NA,NA,NA,NA,NA,NA,NA,NA,NA,NA,NA,NA,NA,NA,NA,NA,NA,NA,NA,NA,NA,NA,NA,NA,NA,NA,NA,NA,NA,NA,2019,1996-07-09,NA,NA,NA,NA
"Hassan Haskins","TEN","RB","15720","weighted",NA,NA,NA,NA,NA,NA,9.26,NA,0,NA,0,NA,NA,NA,NA,NA,2.17,NA,14.24,NA,0.1,NA,NA,NA,NA,NA,NA,NA,NA,NA,NA,NA,NA,NA,NA,NA,NA,NA,NA,NA,NA,NA,NA,NA,NA,NA,NA,NA,NA,NA,NA,NA,NA,NA,2022,1999-11-26,NA,NA,NA,NA
"Hunter Luepke","DAL","RB","16391","weighted",NA,NA,NA,NA,NA,NA,23.0681973816717,13.1980492493793,2.13236656596173,1.92031804414162,0,0,NA,NA,NA,NA,2.4368781470292,2.19240149521889,15.9415911379658,15.3787021654037,0.0843101711983887,0.149089414881086,NA,NA,NA,NA,NA,NA,NA,NA,NA,NA,NA,NA,NA,NA,NA,NA,NA,NA,NA,NA,NA,NA,NA,NA,NA,NA,NA,NA,NA,NA,NA,NA,2023,2000-02-28,NA,NA,NA,NA
"Travis Homer","CHI","RB","14083","weighted",NA,NA,NA,NA,NA,NA,20.3923574730354,15.1179429817684,0,0,0,0,NA,NA,NA,NA,3.12258859784283,1.3930003589375,21.6812942989214,7.58018469431979,0.0843451463790447,0.120208152801713,NA,NA,NA,NA,NA,NA,NA,NA,NA,NA,NA,NA,NA,NA,NA,NA,NA,NA,NA,NA,NA,NA,NA,NA,NA,NA,NA,NA,NA,NA,NA,NA,2019,1998-08-07,NA,NA,NA,NA
"C.J. Ham","MIN","RB","12923","weighted",NA,NA,NA,NA,NA,NA,19.8763636363636,15.8533340342024,0.403081664098613,0.565685424949238,0,0,NA,NA,NA,NA,6.67513097072419,6.44881384442131,39.3387057010786,33.7219223947864,0.0248073959938367,0.0353553390593274,NA,NA,NA,NA,NA,NA,NA,NA,NA,NA,NA,NA,NA,NA,NA,NA,NA,NA,NA,NA,NA,NA,NA,NA,NA,NA,NA,NA,NA,NA,NA,NA,2016,1993-07-22,NA,NA,NA,NA
"Kyle Juszczyk","SF","RB","11367","weighted",NA,NA,NA,NA,NA,NA,19.9709079903148,2.54539467797471,0.232893462469734,0.434698450944026,0,0,NA,NA,NA,NA,16.5285714285714,6.55674136018147,163.235484261501,84.8933948683334,1.25713075060533,0.592016034017852,NA,NA,NA,NA,NA,NA,NA,NA,NA,NA,NA,NA,NA,NA,NA,NA,NA,NA,NA,NA,NA,NA,NA,NA,NA,NA,NA,NA,NA,NA,NA,NA,2013,1991-04-23,NA,NA,NA,NA
"Adam Prentice","NO","RB","15650","weighted",NA,NA,NA,NA,NA,NA,7.78117103235747,2.53851334445971,0,0,0,0,NA,NA,NA,NA,2.26604006163328,0.190918830920368,11.006656394453,4.28506709399048,0.0644992295839753,0.0919238815542512,NA,NA,NA,NA,NA,NA,NA,NA,NA,NA,NA,NA,NA,NA,NA,NA,NA,NA,NA,NA,NA,NA,NA,NA,NA,NA,NA,NA,NA,NA,NA,NA,2021,1997-01-16,NA,NA,NA,NA
"Patrick Ricard","BAL","RB","13455","weighted",NA,NA,NA,NA,NA,NA,10.4415716486903,0.629325035256028,0.00496147919876733,0.00707106781186548,0,0,NA,NA,NA,NA,4.89436055469954,1.71826947828331,51.2819106317411,35.2280598387138,0.739352850539291,0.799030662740799,NA,NA,NA,NA,NA,NA,NA,NA,NA,NA,NA,NA,NA,NA,NA,NA,NA,NA,NA,NA,NA,NA,NA,NA,NA,NA,NA,NA,NA,NA,NA,NA,2017,1994-05-27,NA,NA,NA,NA
"Michael Burton","DEN","RB","12325","weighted",NA,NA,NA,NA,NA,NA,9.44,NA,0.01,NA,0,NA,NA,NA,NA,NA,3.71,NA,24.53,NA,0.17,NA,NA,NA,NA,NA,NA,NA,NA,NA,NA,NA,NA,NA,NA,NA,NA,NA,NA,NA,NA,NA,NA,NA,NA,NA,NA,NA,NA,NA,NA,NA,NA,NA,2015,1992-02-01,NA,NA,NA,NA
"Reggie Gilliam","BUF","RB","15103","weighted",NA,NA,NA,NA,NA,NA,2.01540832049307,2.82842712474619,0,0,0,0,NA,NA,NA,NA,3.69956856702619,0.997020561473032,22.9973805855162,14.2482016409089,0.133959938366718,0.190918830920368,NA,NA,NA,NA,NA,NA,NA,NA,NA,NA,NA,NA,NA,NA,NA,NA,NA,NA,NA,NA,NA,NA,NA,NA,NA,NA,NA,NA,NA,NA,NA,NA,2020,1997-08-20,NA,NA,NA,NA
"Tyreek Hill","MIA","WR","12801","weighted",NA,NA,NA,NA,NA,NA,30.5592233055661,8.69995919567434,0.122696713601128,0.157049510150959,0.916253313138963,0.0933899166813356,NA,NA,NA,NA,111.007656190837,4.17791161674872,1579.72345323741,92.0197995704451,10.5690723210905,2.00036888745213,NA,NA,NA,NA,NA,NA,NA,NA,NA,NA,NA,NA,NA,NA,NA,NA,NA,NA,NA,NA,NA,NA,NA,NA,NA,NA,NA,NA,NA,NA,NA,NA,2016,1994-03-01,NA,NA,NA,NA
"CeeDee Lamb","DAL","WR","14832","weighted",NA,NA,NA,NA,NA,NA,65.8128180613404,26.9285481376635,0.799799325091079,0.461174039024369,1.32260507383567,0.341008239923429,NA,NA,NA,NA,119.441696327149,6.64487097988226,1542.74939038243,110.633369811517,10.8952896630064,1.99379497944629,NA,NA,NA,NA,NA,NA,NA,NA,NA,NA,NA,NA,NA,NA,NA,NA,NA,NA,NA,NA,NA,NA,NA,NA,NA,NA,NA,NA,NA,NA,NA,NA,2020,1999-04-08,"S","Personal",2024,0
"Justin Jefferson","MIN","WR","14836","weighted",NA,NA,NA,NA,NA,NA,4.9988546005301,6.07930359406636,0.0784064477741115,0.172400411541289,0.860422188564937,0.155649861135559,NA,NA,NA,NA,107.643468383188,7.37430066027479,1509.95604695191,115.534316236472,8.32015145778114,2.20617570296109,NA,NA,NA,NA,NA,NA,NA,NA,NA,NA,NA,NA,NA,NA,NA,NA,NA,NA,NA,NA,NA,NA,NA,NA,NA,NA,NA,NA,NA,NA,NA,NA,2020,1999-06-16,NA,NA,NA,NA
"Amon-Ra St. Brown","DET","WR","15287","weighted",NA,NA,NA,NA,NA,NA,32.7407615486558,8.90197864159058,0.0345520560190166,0.0555500144615149,0.844888299886407,0.154521973442289,NA,NA,NA,NA,116.68015903067,10.3860522436018,1417.58742143128,132.606356727325,8.76001514577811,1.67012645881962,NA,NA,NA,NA,NA,NA,NA,NA,NA,NA,NA,NA,NA,NA,NA,NA,NA,NA,NA,NA,NA,NA,NA,NA,NA,NA,NA,NA,NA,NA,NA,NA,2021,1999-10-24,NA,NA,NA,NA
"Ja'Marr Chase","CIN","WR","15281","weighted",NA,NA,NA,NA,NA,NA,10.8435284929951,8.90782994838317,0.0327343538702872,0.0652855366945366,0.556143506247633,0.27327106651939,NA,NA,NA,NA,108.589185914426,7.78985982199818,1383.39902309731,77.0912756300159,9.99955319954563,2.56531940621538,NA,NA,NA,NA,NA,NA,NA,NA,NA,NA,NA,NA,NA,NA,NA,NA,NA,NA,NA,NA,NA,NA,NA,NA,NA,NA,NA,NA,NA,NA,NA,NA,2021,2000-03-01,NA,NA,NA,NA
"Puka Nacua","LAR","WR","16211","weighted",NA,NA,NA,NA,NA,NA,64.8360313328285,26.1057557707119,0.188293176113132,0.340448338719304,0.388650132525559,0.313193298026728,NA,NA,NA,NA,98.7023248769406,8.22633164106314,1369.2390306702,129.562936417027,7.38199166982204,1.00258789808654,NA,NA,NA,NA,NA,NA,NA,NA,NA,NA,NA,NA,NA,NA,NA,NA,NA,NA,NA,NA,NA,NA,NA,NA,NA,NA,NA,NA,NA,NA,NA,NA,2023,2001-05-29,"Q","Knee",2024,0
"A.J. Brown","PHI","WR","14104","weighted",NA,NA,NA,NA,NA,NA,1.15486558121924,2.03310085144513,0,0,1.89050549034457,0.540521673466417,NA,NA,NA,NA,95.5264293828095,4.82075956825825,1376.62203710716,94.8384373522117,9.1190988262022,1.92869061870174,NA,NA,NA,NA,NA,NA,NA,NA,NA,NA,NA,NA,NA,NA,NA,NA,NA,NA,NA,NA,NA,NA,NA,NA,NA,NA,NA,NA,NA,NA,NA,NA,2019,1997-06-30,NA,NA,NA,NA
"Garrett Wilson","NYJ","WR","15753","weighted",NA,NA,NA,NA,NA,NA,15.0595442067399,15.8522630209126,0.0404803375344837,0.0823510051186974,1.49968761832639,0.273365682692305,NA,NA,NA,NA,99.3430745929572,10.5091062950017,1256.49646346081,106.898167971692,8.00998864066641,2.38727306266508,NA,NA,NA,NA,NA,NA,NA,NA,NA,NA,NA,NA,NA,NA,NA,NA,NA,NA,NA,NA,NA,NA,NA,NA,NA,NA,NA,NA,NA,NA,NA,NA,2022,2000-07-22,NA,NA,NA,NA
"Brandon Aiyuk","SF","WR","14840","weighted",NA,NA,NA,NA,NA,NA,8.38578460539839,6.46566387937512,0.0366149185914426,0.0677002049799125,1.04029723589549,0.0652050982346524,NA,NA,NA,NA,77.2476637637259,4.14497527455092,1191.53268458917,105.925360633469,7.63056418023476,0.881782979358705,NA,NA,NA,NA,NA,NA,NA,NA,NA,NA,NA,NA,NA,NA,NA,NA,NA,NA,NA,NA,NA,NA,NA,NA,NA,NA,NA,NA,NA,NA,NA,NA,2020,1970-01-01,NA,NA,NA,NA
"D.J. Moore","CHI","WR","13635","weighted",NA,NA,NA,NA,NA,NA,19.3541792881484,10.639826636567,0.342343268242549,0.463483624030911,1.29153729647861,0.344334075138789,NA,NA,NA,NA,81.6922150700492,9.72518932906152,1132.14424081787,130.969231416851,7.04162817114729,1.01687911009107,NA,NA,NA,NA,NA,NA,NA,NA,NA,NA,NA,NA,NA,NA,NA,NA,NA,NA,NA,NA,NA,NA,NA,NA,NA,NA,NA,NA,NA,NA,NA,NA,2018,1997-04-14,NA,NA,NA,NA
"Chris Olave","NO","WR","15754","weighted",NA,NA,NA,NA,NA,NA,0.82084708173311,1.72789771373237,0,0,0.540609617569103,0.272351227998428,NA,NA,NA,NA,91.2551457781144,4.33149173891655,1234.54737599394,57.0743494314196,6.64833017796289,0.463974954436425,NA,NA,NA,NA,NA,NA,NA,NA,NA,NA,NA,NA,NA,NA,NA,NA,NA,NA,NA,NA,NA,NA,NA,NA,NA,NA,NA,NA,NA,NA,NA,NA,2022,2000-06-27,NA,NA,NA,NA
"Marvin Harrison Jr.","ARI","WR","16614","weighted",NA,NA,NA,NA,NA,NA,7.89122085790015,6.53012518707459,0,0,1.50927678909504,0.715795369707675,NA,NA,NA,NA,90.0053540325634,8.89110610856359,1180.22537675123,65.0934759557457,7.20442256720939,1.02529964944197,NA,NA,NA,NA,NA,NA,NA,NA,NA,NA,NA,NA,NA,NA,NA,NA,NA,NA,NA,NA,NA,NA,NA,NA,NA,NA,NA,NA,NA,NA,NA,NA,2024,2002-08-11,NA,NA,NA,NA
"Jaylen Waddle","MIA","WR","15284","weighted",NA,NA,NA,NA,NA,NA,19.4281328095418,4.53403013581835,0.0279889664776457,0.0582710412323072,0.525075728890572,0.27204722133651,NA,NA,NA,NA,82.7790079515335,5.41816915121317,1165.68265808406,88.9471668584654,6.1736690647482,0.90814144755349,NA,NA,NA,NA,NA,NA,NA,NA,NA,NA,NA,NA,NA,NA,NA,NA,NA,NA,NA,NA,NA,NA,NA,NA,NA,NA,NA,NA,NA,NA,NA,NA,2021,1998-11-25,"Q","Undisclosed",2024,0
"Nico Collins","HOU","WR","15290","weighted",NA,NA,NA,NA,NA,NA,10.0316395304809,7.01627269100182,0.0326126467247255,0.0605630459947269,0.357582355168497,0.310128010347687,NA,NA,NA,NA,80.5680954184021,4.76244082839719,1182.37491101855,89.8727465894329,7.86465732677016,1.15695221716257,NA,NA,NA,NA,NA,NA,NA,NA,NA,NA,NA,NA,NA,NA,NA,NA,NA,NA,NA,NA,NA,NA,NA,NA,NA,NA,NA,NA,NA,NA,NA,NA,2021,1999-03-19,NA,NA,NA,NA
"DK Metcalf","SEA","WR","14102","weighted",NA,NA,NA,NA,NA,NA,0.990696164872613,1.69354118560845,0,0,0.497160166603559,0.269924551452491,NA,NA,NA,NA,76.303173040515,6.24190780297754,1118.0618023476,84.1108985525459,8.3891783415373,1.16044237730673,NA,NA,NA,NA,NA,NA,NA,NA,NA,NA,NA,NA,NA,NA,NA,NA,NA,NA,NA,NA,NA,NA,NA,NA,NA,NA,NA,NA,NA,NA,NA,NA,2019,1997-12-14,NA,NA,NA,NA
"George Pickens","PIT","WR","15762","weighted",NA,NA,NA,NA,NA,NA,17.28005017039,9.31835310923107,0,0,0.705310488451344,0.309902641601372,NA,NA,NA,NA,71.0826050738357,6.83282687072679,1139.15652404392,79.4373428381703,6.89270730783794,1.39032446729314,NA,NA,NA,NA,NA,NA,NA,NA,NA,NA,NA,NA,NA,NA,NA,NA,NA,NA,NA,NA,NA,NA,NA,NA,NA,NA,NA,NA,NA,NA,NA,NA,2022,2001-03-04,NA,NA,NA,NA
"Amari Cooper","CLE","WR","12175","weighted",NA,NA,NA,NA,NA,NA,1.76854005517391,2.43028195971898,0,0,0.928634986747444,0.0619457841999954,NA,NA,NA,NA,74.2740552820901,3.53468943531407,1148.82505868989,89.0881418357474,6.86901173797804,1.14640605004942,NA,NA,NA,NA,NA,NA,NA,NA,NA,NA,NA,NA,NA,NA,NA,NA,NA,NA,NA,NA,NA,NA,NA,NA,NA,NA,NA,NA,NA,NA,NA,NA,2015,1994-06-18,NA,NA,NA,NA
"Drake London","ATL","WR","15751","weighted",NA,NA,NA,NA,NA,NA,1.80586357981284,3.80137497021121,0,0,1.12404392275653,0.157838847929131,NA,NA,NA,NA,89.9375085195002,7.14902582790855,1175.6756380159,79.4379216233196,6.69873532752745,1.54064695433039,NA,NA,NA,NA,NA,NA,NA,NA,NA,NA,NA,NA,NA,NA,NA,NA,NA,NA,NA,NA,NA,NA,NA,NA,NA,NA,NA,NA,NA,NA,NA,NA,2022,2001-07-24,NA,NA,NA,NA
"Stefon Diggs","HOU","WR","12186","weighted",NA,NA,NA,NA,NA,NA,8.05881010980689,7.66002427533377,0.0296359604046086,0.0584701860057411,0.88833775085195,0.124519888908447,NA,NA,NA,NA,88.0603407800076,4.64117499387718,1087.22382430897,85.3965164724518,7.37463082165846,1.39201211311904,NA,NA,NA,NA,NA,NA,NA,NA,NA,NA,NA,NA,NA,NA,NA,NA,NA,NA,NA,NA,NA,NA,NA,NA,NA,NA,NA,NA,NA,NA,NA,NA,2015,1993-11-29,NA,NA,NA,NA
"Davante Adams","LVR","WR","11675","weighted",NA,NA,NA,NA,NA,NA,0.758121923513821,1.75970367359192,0,0,0.357582355168497,0.310128010347687,NA,NA,NA,NA,94.8849829609996,5.47382459868862,1164.56040136312,64.9162297149867,7.64059825823552,1.92867611236365,NA,NA,NA,NA,NA,NA,NA,NA,NA,NA,NA,NA,NA,NA,NA,NA,NA,NA,NA,NA,NA,NA,NA,NA,NA,NA,NA,NA,NA,NA,NA,NA,2014,1992-12-24,"Q","Undisclosed",2024,0
"Terry McLaurin","WAS","WR","14109","weighted",NA,NA,NA,NA,NA,NA,6.56136744739547,6.40348060185056,0,0,0.357582355168497,0.310128010347687,NA,NA,NA,NA,78.9575842483908,4.60276304398435,1060.83810677774,84.9162655309243,4.99975766755017,1.15618675711924,NA,NA,NA,NA,NA,NA,NA,NA,NA,NA,NA,NA,NA,NA,NA,NA,NA,NA,NA,NA,NA,NA,NA,NA,NA,NA,NA,NA,NA,NA,NA,NA,2019,1995-09-15,NA,NA,NA,NA
"DeVonta Smith","PHI","WR","15282","weighted",NA,NA,NA,NA,NA,NA,0.985016498079732,2.07347725647884,0,0,1.06821279818251,0.0959202108734338,NA,NA,NA,NA,87.2002423324498,4.34964928211754,1127.96513441878,70.1801046747463,7.2821052631579,1.03062372260594,NA,NA,NA,NA,NA,NA,NA,NA,NA,NA,NA,NA,NA,NA,NA,NA,NA,NA,NA,NA,NA,NA,NA,NA,NA,NA,NA,NA,NA,NA,NA,NA,2021,1998-11-14,NA,NA,NA,NA
"Michael Pittman","IND","WR","14842","weighted",NA,NA,NA,NA,NA,NA,6.77259696002596,5.69044450968356,0,0,0.860422188564937,0.155649861135559,NA,NA,NA,NA,100.841779628928,7.77482033432059,1101.83467625899,70.6059586285956,5.43604695191215,1.47529798193094,NA,NA,NA,NA,NA,NA,NA,NA,NA,NA,NA,NA,NA,NA,NA,NA,NA,NA,NA,NA,NA,NA,NA,NA,NA,NA,NA,NA,NA,NA,NA,NA,2020,1997-10-05,NA,NA,NA,NA
"Mike Evans","TB","WR","11671","weighted",NA,NA,NA,NA,NA,NA,0.990696164872613,1.69354118560845,0,0,0.357582355168497,0.310128010347687,NA,NA,NA,NA,75.6270124952669,4.1312726204163,1127.11273002651,41.6468133209975,9.13595607724347,1.48399215016615,NA,NA,NA,NA,NA,NA,NA,NA,NA,NA,NA,NA,NA,NA,NA,NA,NA,NA,NA,NA,NA,NA,NA,NA,NA,NA,NA,NA,NA,NA,NA,NA,2014,1993-08-21,NA,NA,NA,NA
"Deebo Samuel","SF","WR","14136","weighted",NA,NA,NA,NA,NA,NA,210.641949072321,25.2976608739049,3.44826458036262,0.787113474402494,0.88833775085195,0.124519888908447,NA,NA,NA,NA,68.9541537296479,5.34088011923005,985.318508140856,103.107468097646,6.64324876940553,1.72325059959248,NA,NA,NA,NA,NA,NA,NA,NA,NA,NA,NA,NA,NA,NA,NA,NA,NA,NA,NA,NA,NA,NA,NA,NA,NA,NA,NA,NA,NA,NA,NA,NA,2019,1996-01-15,NA,NA,NA,NA
"Malik Nabers","NYG","WR","16615","weighted",NA,NA,NA,NA,NA,NA,11.877806025856,9.80218359981858,0,0,1.03750473305566,0.5392361737568,NA,NA,NA,NA,79.9938280954184,8.6922307174628,1082.72937523665,62.8507333741943,6.43395683453237,1.14262918694186,NA,NA,NA,NA,NA,NA,NA,NA,NA,NA,NA,NA,NA,NA,NA,NA,NA,NA,NA,NA,NA,NA,NA,NA,NA,NA,NA,NA,NA,NA,NA,NA,2024,2003-07-28,NA,NA,NA,NA
"Christian Kirk","JAC","WR","13633","weighted",NA,NA,NA,NA,NA,NA,7.30530102234002,5.13458258877042,0,0,1.44385649375237,0.27327106651939,NA,NA,NA,NA,82.1448920863309,5.64045877883484,1053.75776599773,78.5658780009177,5.84414237031427,0.996548522370814,NA,NA,NA,NA,NA,NA,NA,NA,NA,NA,NA,NA,NA,NA,NA,NA,NA,NA,NA,NA,NA,NA,NA,NA,NA,NA,NA,NA,NA,NA,NA,NA,2018,1996-11-18,"Q","Calf",2024,0
"Tee Higgins","CIN","WR","14835","weighted",NA,NA,NA,NA,NA,NA,2.38897603721534,3.54637546744191,0,0,0.357582355168497,0.310128010347687,NA,NA,NA,NA,73.9193941688754,5.85862179035431,1067.38018174934,72.2206452539911,7.41209390382431,0.7485427425315,NA,NA,NA,NA,NA,NA,NA,NA,NA,NA,NA,NA,NA,NA,NA,NA,NA,NA,NA,NA,NA,NA,NA,NA,NA,NA,NA,NA,NA,NA,NA,NA,2020,1999-01-18,NA,NA,NA,NA
"Nathaniel Dell","HOU","WR","16204","weighted",NA,NA,NA,NA,NA,NA,63.740744982961,18.6312443310639,0.192254482638232,0.339257339483713,0.373116243847028,0.311394477377182,NA,NA,NA,NA,69.9436501325256,5.99808828130685,962.560371071564,105.979520946144,7.20816357440364,1.42131950424633,NA,NA,NA,NA,NA,NA,NA,NA,NA,NA,NA,NA,NA,NA,NA,NA,NA,NA,NA,NA,NA,NA,NA,NA,NA,NA,NA,NA,NA,NA,NA,NA,2023,1999-10-29,NA,NA,NA,NA
"Cooper Kupp","LAR","WR","13164","weighted",NA,NA,NA,NA,NA,NA,20.2167100530102,8.19838552056292,0.0635871328071371,0.0875377769281658,0.357582355168497,0.310128010347687,NA,NA,NA,NA,88.2380234759561,7.08463080976266,1079.28896630064,63.4670021198392,7.35191215448694,0.737321816361249,NA,NA,NA,NA,NA,NA,NA,NA,NA,NA,NA,NA,NA,NA,NA,NA,NA,NA,NA,NA,NA,NA,NA,NA,NA,NA,NA,NA,NA,NA,NA,NA,2017,1993-06-15,NA,NA,NA,NA
"Keenan Allen","CHI","WR","11222","weighted",NA,NA,NA,NA,NA,NA,8.67551590306702,6.48578297351416,0.0940877373289339,0.206880493849547,0.916253313138963,0.0933899166813356,NA,NA,NA,NA,84.358939795532,9.57006992386098,970.543475956077,129.336503980688,6.11504733055661,0.995806332517248,NA,NA,NA,NA,NA,NA,NA,NA,NA,NA,NA,NA,NA,NA,NA,NA,NA,NA,NA,NA,NA,NA,NA,NA,NA,NA,NA,NA,NA,NA,NA,NA,2013,1992-04-27,"Q","Foot",2024,0
"Chris Godwin","TB","WR","13163","weighted",NA,NA,NA,NA,NA,NA,21.8834201060204,9.46195230747814,0.298599015524423,0.401767539020155,0.636737978038622,0.313038180889297,NA,NA,NA,NA,85.6821279818251,6.15865625432024,1027.68526315789,73.0414601540185,4.9757743279061,1.25316527642495,NA,NA,NA,NA,NA,NA,NA,NA,NA,NA,NA,NA,NA,NA,NA,NA,NA,NA,NA,NA,NA,NA,NA,NA,NA,NA,NA,NA,NA,NA,NA,NA,2017,1996-02-27,NA,NA,NA,NA
"Zay Flowers","BAL","WR","16190","weighted",NA,NA,NA,NA,NA,NA,48.9369348731541,8.81160325434523,0.662873027564121,0.368368331457208,1.16749337372207,0.186779833362671,NA,NA,NA,NA,82.2894282468762,5.32435454754486,994.432858765619,55.0126411149831,6.40059068534646,0.468116355851764,NA,NA,NA,NA,NA,NA,NA,NA,NA,NA,NA,NA,NA,NA,NA,NA,NA,NA,NA,NA,NA,NA,NA,NA,NA,NA,NA,NA,NA,NA,NA,NA,2023,2000-09-11,NA,NA,NA,NA
"DeAndre Hopkins","TEN","WR","11232","weighted",NA,NA,NA,NA,NA,NA,4.21988424298156,3.01646228904323,0,0,0.469244604316547,0.271379783068789,NA,NA,NA,NA,68.0470276410451,7.13662354940297,896.019500189322,96.6548200568682,6.08368799697084,1.57717182298394,NA,NA,NA,NA,NA,NA,NA,NA,NA,NA,NA,NA,NA,NA,NA,NA,NA,NA,NA,NA,NA,NA,NA,NA,NA,NA,NA,NA,NA,NA,NA,NA,2013,1992-06-06,"Q","Knee",2024,0
"Calvin Ridley","TEN","WR","13629","weighted",NA,NA,NA,NA,NA,NA,16.7174271109428,11.9253105308239,0,0,0.357582355168497,0.310128010347687,NA,NA,NA,NA,72.6030821658463,5.64960904105231,1004.32973873533,59.0548047864992,6.70013631200303,1.27640536339923,NA,NA,NA,NA,NA,NA,NA,NA,NA,NA,NA,NA,NA,NA,NA,NA,NA,NA,NA,NA,NA,NA,NA,NA,NA,NA,NA,NA,NA,NA,NA,NA,2018,1994-12-20,NA,NA,NA,NA
"Xavier Worthy","KC","WR","16620","weighted",NA,NA,NA,NA,NA,NA,29.101683074593,13.6055069438571,0.0239872988263806,0.0399022167925714,1.14293828095418,0.411768501603767,NA,NA,NA,NA,59.3590988262022,5.27211510809788,864.931995456267,100.69270666775,5.34726240060583,2.07495679932969,NA,NA,NA,NA,NA,NA,NA,NA,NA,NA,NA,NA,NA,NA,NA,NA,NA,NA,NA,NA,NA,NA,NA,NA,NA,NA,NA,NA,NA,NA,NA,NA,2024,2003-04-27,NA,NA,NA,NA
"Xavier Worthy","KC","WR","16620","weighted",NA,NA,NA,NA,NA,NA,29.101683074593,13.6055069438571,0.0239872988263806,0.0399022167925714,1.14293828095418,0.411768501603767,NA,NA,NA,NA,59.3590988262022,5.27211510809788,864.931995456267,100.69270666775,5.34726240060583,2.07495679932969,NA,NA,NA,NA,NA,NA,NA,NA,NA,NA,NA,NA,NA,NA,NA,NA,NA,NA,NA,NA,NA,NA,NA,NA,NA,NA,NA,NA,NA,NA,NA,NA,2024,2003-04-27,NA,NA,NA,NA
"Diontae Johnson","CAR","WR","14208","weighted",NA,NA,NA,NA,NA,NA,7.6022907989398,6.4210762224323,0,0,0.62435630443014,0.298235739694481,NA,NA,NA,NA,76.4666565694813,8.52393779720855,939.509746308217,89.9999154242921,6.06711094282469,1.28836585518089,NA,NA,NA,NA,NA,NA,NA,NA,NA,NA,NA,NA,NA,NA,NA,NA,NA,NA,NA,NA,NA,NA,NA,NA,NA,NA,NA,NA,NA,NA,NA,NA,2019,NA,NA,NA,NA,NA
"Christian Watson","GB","WR","15789","weighted",NA,NA,NA,NA,NA,NA,32.6256489019311,16.2156419108006,0.395651183992943,0.528051306648888,0.357582355168497,0.310128010347687,NA,NA,NA,NA,58.5167890950398,7.94085170285695,851.056781522151,113.480687367172,7.4201060204468,1.59496812191958,NA,NA,NA,NA,NA,NA,NA,NA,NA,NA,NA,NA,NA,NA,NA,NA,NA,NA,NA,NA,NA,NA,NA,NA,NA,NA,NA,NA,NA,NA,NA,NA,2022,1999-05-12,NA,NA,NA,NA
"Jameson Williams","DET","WR","15756","weighted",NA,NA,NA,NA,NA,NA,45.2129472737599,17.6363349976408,0.895368944875136,0.929592686649677,0.456862930708065,0.277216845499842,NA,NA,NA,NA,56.4844755774328,7.60421097704105,813.952374100719,95.2652049018462,5.07005679666793,1.0171825436857,NA,NA,NA,NA,NA,NA,NA,NA,NA,NA,NA,NA,NA,NA,NA,NA,NA,NA,NA,NA,NA,NA,NA,NA,NA,NA,NA,NA,NA,NA,NA,NA,2022,2001-03-26,NA,NA,NA,NA
"Keon Coleman","BUF","WR","16617","weighted",NA,NA,NA,NA,NA,NA,4.7998593606318,5.17043276080778,0,0,1.21737978038622,0.368931189589533,NA,NA,NA,NA,58.4199015524423,7.51107911420661,804.199742521772,138.829033026724,5.41859144263537,1.30479927684178,NA,NA,NA,NA,NA,NA,NA,NA,NA,NA,NA,NA,NA,NA,NA,NA,NA,NA,NA,NA,NA,NA,NA,NA,NA,NA,NA,NA,NA,NA,NA,NA,2024,2003-05-17,NA,NA,NA,NA
"Rashee Rice","KC","WR","16194","weighted",NA,NA,NA,NA,NA,NA,8.58973305566073,5.42525670259041,0.0170411640612322,0.0376895985049703,0.972084437712987,0.0311299722271118,NA,NA,NA,NA,80.1845210147671,3.0659411020942,951.705278303673,55.9109820374264,6.8762514199167,1.17616653654964,NA,NA,NA,NA,NA,NA,NA,NA,NA,NA,NA,NA,NA,NA,NA,NA,NA,NA,NA,NA,NA,NA,NA,NA,NA,NA,NA,NA,NA,NA,NA,NA,2023,2000-04-22,NA,NA,NA,NA
"Jordan Addison","MIN","WR","16186","weighted",NA,NA,NA,NA,NA,NA,5.50148753177909,6.04044861974119,0,0,0.357582355168497,0.310128010347687,NA,NA,NA,NA,68.502907989398,7.00864313264849,873.687110942825,97.4690778362626,6.34871639530481,1.48785881428196,NA,NA,NA,NA,NA,NA,NA,NA,NA,NA,NA,NA,NA,NA,NA,NA,NA,NA,NA,NA,NA,NA,NA,NA,NA,NA,NA,NA,NA,NA,NA,NA,2023,2002-01-27,"Q","Ankle",2024,0
"Ladd McConkey","LAC","WR","16627","weighted",NA,NA,NA,NA,NA,NA,7.86267985611511,5.97382243493969,0,0,1.55918212798182,0.708924382820199,NA,NA,NA,NA,68.5492843619841,7.17143234316573,841.624187807649,87.4610175570357,4.8408481635744,1.15791155623779,NA,NA,NA,NA,NA,NA,NA,NA,NA,NA,NA,NA,NA,NA,NA,NA,NA,NA,NA,NA,NA,NA,NA,NA,NA,NA,NA,NA,NA,NA,NA,NA,2024,2001-11-11,NA,NA,NA,NA
"Jaxon Smith-Njigba","SEA","WR","16185","weighted",NA,NA,NA,NA,NA,NA,1.64169416346622,3.45579542746474,0,0,0.373116243847028,0.311394477377182,NA,NA,NA,NA,76.7669140477092,8.21194829256204,855.213161681181,105.518020170451,5.57940931465354,0.721486521763594,NA,NA,NA,NA,NA,NA,NA,NA,NA,NA,NA,NA,NA,NA,NA,NA,NA,NA,NA,NA,NA,NA,NA,NA,NA,NA,NA,NA,NA,NA,NA,NA,2023,2002-02-14,NA,NA,NA,NA
"Michael Wilson","ARI","WR","16206","weighted",NA,NA,NA,NA,NA,NA,12.1212744090442,24.5506541856904,0.054922377887164,0.101550307469869,0.0497286381421179,0.0310392526391384,NA,NA,NA,NA,51.4968345323741,7.47394505913098,687.006277925028,132.878317274426,3.8439606209769,1.33356941504613,NA,NA,NA,NA,NA,NA,NA,NA,NA,NA,NA,NA,NA,NA,NA,NA,NA,NA,NA,NA,NA,NA,NA,NA,NA,NA,NA,NA,NA,NA,NA,NA,2023,2000-02-23,NA,NA,NA,NA
"Gabriel Davis","JAC","WR","14845","weighted",NA,NA,NA,NA,NA,NA,1.14437172066858,1.73269198159114,0,0,0.984466111321469,0.0129688790775654,NA,NA,NA,NA,49.0789246497539,7.17594666105546,740.966474820144,133.184104682066,5.36711094282469,1.25627646666912,NA,NA,NA,NA,NA,NA,NA,NA,NA,NA,NA,NA,NA,NA,NA,NA,NA,NA,NA,NA,NA,NA,NA,NA,NA,NA,NA,NA,NA,NA,NA,NA,2020,1970-01-01,NA,NA,NA,NA
"Jerry Jeudy","CLE","WR","14833","weighted",NA,NA,NA,NA,NA,NA,5.26218423757235,4.32589514721742,0,0,0.568525179856115,0.277777181802522,NA,NA,NA,NA,61.231132146914,5.38720080538998,829.11028398334,114.449204769311,4.22029534267323,1.26833130588954,NA,NA,NA,NA,NA,NA,NA,NA,NA,NA,NA,NA,NA,NA,NA,NA,NA,NA,NA,NA,NA,NA,NA,NA,NA,NA,NA,NA,NA,NA,NA,NA,2020,1999-04-24,NA,NA,NA,NA
"Jayden Reed","GB","WR","16184","weighted",NA,NA,NA,NA,NA,NA,77.4763962514199,22.2346476905206,1.30925697469036,0.850206336710388,0.373116243847028,0.311394477377182,NA,NA,NA,NA,67.380931465354,6.54713279024641,834.775001893222,81.1246803563314,6.38727754638395,1.23058273601599,NA,NA,NA,NA,NA,NA,NA,NA,NA,NA,NA,NA,NA,NA,NA,NA,NA,NA,NA,NA,NA,NA,NA,NA,NA,NA,NA,NA,NA,NA,NA,NA,2023,2000-04-28,NA,NA,NA,NA
"Marquise Brown","KC","WR","14105","weighted",NA,NA,NA,NA,NA,NA,8.09841442635365,7.44434449545163,0,0,0.593288527073078,0.299285107469377,NA,NA,NA,NA,60.2778947368421,10.8667709605936,782.534926164332,124.211403052377,5.9689132904203,1.23111849947437,NA,NA,NA,NA,NA,NA,NA,NA,NA,NA,NA,NA,NA,NA,NA,NA,NA,NA,NA,NA,NA,NA,NA,NA,NA,NA,NA,NA,NA,NA,NA,NA,2019,1997-06-04,"D","Shoulder",2024,0
"Rome Odunze","CHI","WR","16616","weighted",NA,NA,NA,NA,NA,NA,14.1815789473684,17.1575295459977,0,0,1.04988640666414,0.512474105889358,NA,NA,NA,NA,58.5307913669065,9.86403084024921,816.840916319576,73.7185410520881,4.78342294585384,2.0871536834451,NA,NA,NA,NA,NA,NA,NA,NA,NA,NA,NA,NA,NA,NA,NA,NA,NA,NA,NA,NA,NA,NA,NA,NA,NA,NA,NA,NA,NA,NA,NA,NA,2024,2002-06-03,NA,NA,NA,NA
"Jakobi Meyers","LVR","WR","14127","weighted",NA,NA,NA,NA,NA,NA,15.4463082165846,11.3464197330421,0.502455779737113,0.739662005444589,0.441329042029534,0.276356400652886,NA,NA,NA,NA,67.8637485800833,7.63170305571395,778.722960999621,88.6385198262357,5.36628549791746,1.59386902607445,NA,NA,NA,NA,NA,NA,NA,NA,NA,NA,NA,NA,NA,NA,NA,NA,NA,NA,NA,NA,NA,NA,NA,NA,NA,NA,NA,NA,NA,NA,NA,NA,2019,1996-11-09,NA,NA,NA,NA
"Khalil Shakir","BUF","WR","15761","weighted",NA,NA,NA,NA,NA,NA,7.0844918050522,6.02697649989129,0,0,0.0497286381421179,0.0310392526391384,NA,NA,NA,NA,58.170723210905,6.04884445251255,797.734494509655,92.5024246309877,4.83126845891708,0.650491847499826,NA,NA,NA,NA,NA,NA,NA,NA,NA,NA,NA,NA,NA,NA,NA,NA,NA,NA,NA,NA,NA,NA,NA,NA,NA,NA,NA,NA,NA,NA,NA,NA,2022,2000-02-03,NA,NA,NA,NA
"Adam Thielen","CAR","WR","11938","weighted",NA,NA,NA,NA,NA,NA,3.43408881917023,2.48003468049219,0,0,0.373116243847028,0.311394477377182,NA,NA,NA,NA,73.4025066262779,10.991827963809,744.169246497539,85.2598453698033,4.14648239303294,0.697176105193087,NA,NA,NA,NA,NA,NA,NA,NA,NA,NA,NA,NA,NA,NA,NA,NA,NA,NA,NA,NA,NA,NA,NA,NA,NA,NA,NA,NA,NA,NA,NA,NA,2014,1990-08-22,NA,NA,NA,NA
"Brian Thomas Jr.","JAC","WR","16618","weighted",NA,NA,NA,NA,NA,NA,9.86238978741819,8.41592239971602,0,0,1.24529534267323,0.349008836213997,NA,NA,NA,NA,62.6019765240439,4.41420929081092,825.540454373343,77.7266058308954,4.66645967436577,1.13998505814871,NA,NA,NA,NA,NA,NA,NA,NA,NA,NA,NA,NA,NA,NA,NA,NA,NA,NA,NA,NA,NA,NA,NA,NA,NA,NA,NA,NA,NA,NA,NA,NA,2024,2002-10-08,NA,NA,NA,NA
"Courtland Sutton","DEN","WR","13630","weighted",NA,NA,NA,NA,NA,NA,0.990696164872613,1.69354118560845,0,0,1.49968761832639,0.273365682692305,NA,NA,NA,NA,65.0138659598637,5.59704554952877,850.007663763726,52.6573794642855,6.3568345323741,1.41363016209823,NA,NA,NA,NA,NA,NA,NA,NA,NA,NA,NA,NA,NA,NA,NA,NA,NA,NA,NA,NA,NA,NA,NA,NA,NA,NA,NA,NA,NA,NA,NA,NA,2018,1995-10-10,NA,NA,NA,NA
"Rashid Shaheed","NO","WR","16080","weighted",NA,NA,NA,NA,NA,NA,34.8801211662249,16.4216522710615,0,0,0.705310488451344,0.309902641601372,NA,NA,1,0,53.205028398334,3.42157959565651,771.839704657327,72.270054530974,4.52773191972738,0.986414054421137,NA,NA,NA,NA,NA,NA,NA,NA,NA,NA,NA,NA,NA,NA,NA,NA,NA,NA,NA,NA,NA,NA,NA,NA,NA,NA,NA,NA,NA,NA,NA,NA,2022,1998-08-31,"Q","Toe",2024,0
"Josh Downs","IND","WR","16187","weighted",NA,NA,NA,NA,NA,NA,5.69286525666685,7.4613599131797,0,0,0.357582355168497,0.310128010347687,NA,NA,NA,NA,60.0075577432791,9.83939925186953,674.900658841348,108.555040790253,3.19272245361605,1.20823868271852,NA,NA,NA,NA,NA,NA,NA,NA,NA,NA,NA,NA,NA,NA,NA,NA,NA,NA,NA,NA,NA,NA,NA,NA,NA,NA,NA,NA,NA,NA,NA,NA,2023,2001-08-12,"Q","Ankle",2024,0
"Dyami Brown","WAS","WR","15292","weighted",NA,NA,NA,NA,NA,NA,6.87548006707416,6.59101973794337,0,0,0.0248643190710589,0.0155196263195692,NA,NA,NA,NA,37.7295797046573,13.6589183587789,515.157039000379,201.664471331773,2.93280575539568,1.12082207527898,NA,NA,NA,NA,NA,NA,NA,NA,NA,NA,NA,NA,NA,NA,NA,NA,NA,NA,NA,NA,NA,NA,NA,NA,NA,NA,NA,NA,NA,NA,NA,NA,2021,1999-11-01,NA,NA,NA,NA
"Xavier Legette","CAR","WR","16639","weighted",NA,NA,NA,NA,NA,NA,11.7241669822037,12.865935921747,0.00329961594634067,0.0064391713324575,0.478354158778241,0.270303564971411,NA,NA,NA,NA,47.6982960999621,9.15320354068649,617.1914880727,131.016206784499,2.95524422567209,1.34020226902779,NA,NA,NA,NA,NA,NA,NA,NA,NA,NA,NA,NA,NA,NA,NA,NA,NA,NA,NA,NA,NA,NA,NA,NA,NA,NA,NA,NA,NA,NA,NA,NA,2024,2001-01-29,NA,NA,NA,NA
"Romeo Doubs","GB","WR","15779","weighted",NA,NA,NA,NA,NA,NA,1.00059501271164,1.69390453980467,0,0,0.357582355168497,0.310128010347687,NA,NA,NA,NA,60.7154032563423,8.45863881863187,727.71694812571,98.2052972177333,6.12399091253313,1.36152120912578,NA,NA,NA,NA,NA,NA,NA,NA,NA,NA,NA,NA,NA,NA,NA,NA,NA,NA,NA,NA,NA,NA,NA,NA,NA,NA,NA,NA,NA,NA,NA,NA,2022,2000-04-13,NA,NA,NA,NA
"Mike Williams","NYJ","WR","13154","weighted",NA,NA,NA,NA,NA,NA,9.55091253313139,8.0167568555328,0.0308008330177963,0.0571984323283532,0.552991291177584,0.277665748947768,NA,NA,NA,NA,52.0530026505112,11.0685844684019,698.866330935252,185.201699573797,4.53687996970844,1.34926415946243,NA,NA,NA,NA,NA,NA,NA,NA,NA,NA,NA,NA,NA,NA,NA,NA,NA,NA,NA,NA,NA,NA,NA,NA,NA,NA,NA,NA,NA,NA,NA,NA,2017,1994-10-04,"Q","Knee - ACL",2024,0
"Darnell Mooney","ATL","WR","14974","weighted",NA,NA,NA,NA,NA,NA,9.44770446800454,8.84960621993087,0.00329961594634067,0.0064391713324575,0.0497286381421179,0.0310392526391384,NA,NA,NA,NA,52.2857478227944,10.5816485288325,699.050314274896,145.894872117665,3.74492237788716,1.74743443807879,NA,NA,NA,NA,NA,NA,NA,NA,NA,NA,NA,NA,NA,NA,NA,NA,NA,NA,NA,NA,NA,NA,NA,NA,NA,NA,NA,NA,NA,NA,NA,NA,2020,1997-10-29,NA,NA,NA,NA
"Josh Palmer","LAC","WR","15319","weighted",NA,NA,NA,NA,NA,NA,5.35576271186441,4.1454588878631,0,0,0.844279661016949,0.165115654495053,NA,NA,NA,NA,63.9575593220339,5.2718238701793,804.311338983051,60.3218805780402,4.55646610169492,1.20630333729781,NA,NA,NA,NA,NA,NA,NA,NA,NA,NA,NA,NA,NA,NA,NA,NA,NA,NA,NA,NA,NA,NA,NA,NA,NA,NA,NA,NA,NA,NA,NA,NA,2021,1999-09-22,NA,NA,NA,NA
"Tyler Lockett","SEA","WR","12187","weighted",NA,NA,NA,NA,NA,NA,1.94828798615243,2.34463549459325,0,0,0.357582355168497,0.310128010347687,NA,NA,NA,NA,66.0915789473684,2.52162237507541,768.343733434305,44.3703427787207,4.67306323362363,0.965390977419402,NA,NA,NA,NA,NA,NA,NA,NA,NA,NA,NA,NA,NA,NA,NA,NA,NA,NA,NA,NA,NA,NA,NA,NA,NA,NA,NA,NA,NA,NA,NA,NA,2015,1992-09-28,"Q","Leg",2024,0
"Ja'Lynn Polk","NE","WR","16631","weighted",NA,NA,NA,NA,NA,NA,5.91199221074268,4.6392617373269,0,0,1.14293828095418,0.411768501603767,NA,NA,NA,NA,51.8583869746308,15.9454885725936,651.990609617569,215.451548882748,3.10577054146157,1.44838135937734,NA,NA,NA,NA,NA,NA,NA,NA,NA,NA,NA,NA,NA,NA,NA,NA,NA,NA,NA,NA,NA,NA,NA,NA,NA,NA,NA,NA,NA,NA,NA,NA,2024,2002-04-11,NA,NA,NA,NA
"Troy Franklin","DEN","WR","16619","weighted",NA,NA,NA,NA,NA,NA,6.31443037974684,4.28741551065948,0,0,0.0417215189873418,0.0203735867924839,NA,NA,NA,NA,32.8951392405063,17.9889119243633,422.676962025316,253.531663612259,2.28708860759494,1.76235455016532,NA,NA,NA,NA,NA,NA,NA,NA,NA,NA,NA,NA,NA,NA,NA,NA,NA,NA,NA,NA,NA,NA,NA,NA,NA,NA,NA,NA,NA,NA,NA,NA,2024,2003-02-06,NA,NA,NA,NA
"Demario Douglas","NE","WR","16342","weighted",NA,NA,NA,NA,NA,NA,44.4497690268838,13.1197839924121,0.0325453493526358,0.0592992766699115,0.789057175312382,0.21662786535748,NA,NA,NA,NA,63.4279288148429,4.24908356179881,751.590094661113,44.4553625342684,3.00135554714123,0.77518460017326,NA,NA,NA,NA,NA,NA,NA,NA,NA,NA,NA,NA,NA,NA,NA,NA,NA,NA,NA,NA,NA,NA,NA,NA,NA,NA,NA,NA,NA,NA,NA,NA,2023,2000-12-08,NA,NA,NA,NA
"Dontayvion Wicks","GB","WR","16195","weighted",NA,NA,NA,NA,NA,NA,4.70476551089955,5.73190412476921,0,0,0.801186419285624,0.0831011318258534,NA,NA,NA,NA,45.9428852707308,7.97880698485692,627.190465732677,98.8368902836464,4.58626277925028,1.07436318664875,NA,NA,NA,NA,NA,NA,NA,NA,NA,NA,NA,NA,NA,NA,NA,NA,NA,NA,NA,NA,NA,NA,NA,NA,NA,NA,NA,NA,NA,NA,NA,NA,2023,2001-06-16,NA,NA,NA,NA
"Adonai Mitchell","IND","WR","16626","weighted",NA,NA,NA,NA,NA,NA,4.31238167360848,4.23434914522605,0,0,0.956708317556481,0.540607129942821,NA,NA,NA,NA,43.7763725861416,16.55292781704,591.725414615676,232.439066168592,3.55516092389246,1.74729615222159,NA,NA,NA,NA,NA,NA,NA,NA,NA,NA,NA,NA,NA,NA,NA,NA,NA,NA,NA,NA,NA,NA,NA,NA,NA,NA,NA,NA,NA,NA,NA,NA,2024,2002-10-08,NA,NA,NA,NA
"Jalin Hyatt","NYG","WR","16183","weighted",NA,NA,NA,NA,NA,NA,3.59265708895661,5.6956919754346,0,0,0.128646060078363,0.0566426788078521,NA,NA,NA,NA,40.335472355246,13.8509372093867,549.6553330431,169.442455771686,2.29973008271659,1.07916857041818,NA,NA,NA,NA,NA,NA,NA,NA,NA,NA,NA,NA,NA,NA,NA,NA,NA,NA,NA,NA,NA,NA,NA,NA,NA,NA,NA,NA,NA,NA,NA,NA,2023,2001-09-25,NA,NA,NA,NA
"Tyler Boyd","TEN","WR","12650","weighted",NA,NA,NA,NA,NA,NA,6.77544490723211,4.82870721048745,0,0,0.357582355168497,0.310128010347687,NA,NA,NA,NA,50.7453691783415,11.6343084915849,548.372517985611,109.128550032419,2.71128360469519,1.01805937094572,NA,NA,NA,NA,NA,NA,NA,NA,NA,NA,NA,NA,NA,NA,NA,NA,NA,NA,NA,NA,NA,NA,NA,NA,NA,NA,NA,NA,NA,NA,NA,NA,2016,1994-11-15,NA,NA,NA,NA
"Curtis Samuel","BUF","WR","13157","weighted",NA,NA,NA,NA,NA,NA,63.1538214691405,27.5737464079786,0.82186489164215,0.626225262726596,0.469244604316547,0.271379783068789,NA,NA,NA,NA,61.1428246876183,9.0269799130958,657.045028398334,90.1400289841932,4.53551684967815,0.98209891588154,NA,NA,NA,NA,NA,NA,NA,NA,NA,NA,NA,NA,NA,NA,NA,NA,NA,NA,NA,NA,NA,NA,NA,NA,NA,NA,NA,NA,NA,NA,NA,NA,2017,1996-08-11,"Q","Toe",2024,0
"Darius Slayton","NYG","WR","14122","weighted",NA,NA,NA,NA,NA,NA,1.61481040731325,2.19285874938223,0,0,0.0248643190710589,0.0155196263195692,NA,NA,NA,NA,43.9507686482393,4.35238061238836,641.461802347596,85.0960212376429,3.20705035971223,0.92187525641534,NA,NA,NA,NA,NA,NA,NA,NA,NA,NA,NA,NA,NA,NA,NA,NA,NA,NA,NA,NA,NA,NA,NA,NA,NA,NA,NA,NA,NA,NA,NA,NA,2019,1997-01-12,NA,NA,NA,NA
"Quentin Johnston","LAC","WR","16188","weighted",NA,NA,NA,NA,NA,NA,10.5953616054525,10.6860294094578,0,0,0.136602297109681,0.0810577748778626,NA,NA,NA,NA,46.761726618705,13.6039078105487,559.712078758046,151.253811694191,3.26932222642938,1.07454757232831,NA,NA,NA,NA,NA,NA,NA,NA,NA,NA,NA,NA,NA,NA,NA,NA,NA,NA,NA,NA,NA,NA,NA,NA,NA,NA,NA,NA,NA,NA,NA,NA,2023,2001-09-06,NA,NA,NA,NA
"Brandin Cooks","DAL","WR","11674","weighted",NA,NA,NA,NA,NA,NA,22.4495380537675,11.0201265512374,0.0373819440688051,0.0755212224552969,0.357582355168497,0.310128010347687,NA,NA,NA,NA,57.3064369556986,2.43769684013263,698.156258992806,30.6843952865107,6.21170011359334,1.2074252840595,NA,NA,NA,NA,NA,NA,NA,NA,NA,NA,NA,NA,NA,NA,NA,NA,NA,NA,NA,NA,NA,NA,NA,NA,NA,NA,NA,NA,NA,NA,NA,NA,2014,1993-09-25,"Q","Knee",2024,0
"Roman Wilson","PIT","WR","16629","weighted",NA,NA,NA,NA,NA,NA,13.46773408341,10.7038616772299,0,0,0.478354158778241,0.270303564971411,NA,NA,NA,NA,32.1447406285498,14.3249063785728,426.330791366907,221.621451661865,2.44141613025369,1.2914072067374,NA,NA,NA,NA,NA,NA,NA,NA,NA,NA,NA,NA,NA,NA,NA,NA,NA,NA,NA,NA,NA,NA,NA,NA,NA,NA,NA,NA,NA,NA,NA,NA,2024,2001-06-19,"Q","Ankle",2024,0
"Jahan Dotson","PHI","WR","15755","weighted",NA,NA,NA,NA,NA,NA,2.11629793909233,2.96355305725984,0,0,0.342048466489966,0.309400434247398,NA,NA,NA,NA,36.7875728890572,10.2823858300617,456.664195380538,155.770415407792,3.55634229458538,1.74704552986675,NA,NA,NA,NA,NA,NA,NA,NA,NA,NA,NA,NA,NA,NA,NA,NA,NA,NA,NA,NA,NA,NA,NA,NA,NA,NA,NA,NA,NA,NA,NA,NA,2022,2000-03-22,NA,NA,NA,NA
"Demarcus Robinson","LAR","WR","12785","weighted",NA,NA,NA,NA,NA,NA,9.48958727754638,10.0209430857864,0,0,0.937788716395305,0.0743062007168412,NA,NA,NA,NA,45.2110791366906,7.91084518684984,577.216402877698,109.095659090763,4.34692919348732,1.04724837820223,NA,NA,NA,NA,NA,NA,NA,NA,NA,NA,NA,NA,NA,NA,NA,NA,NA,NA,NA,NA,NA,NA,NA,NA,NA,NA,NA,NA,NA,NA,NA,NA,2016,1994-09-21,NA,NA,NA,NA
"Marvin Mims","DEN","WR","16189","weighted",NA,NA,NA,NA,NA,NA,29.1258473785683,15.5599400872051,0.213684516035409,0.387040690684403,0.128646060078363,0.0566426788078521,NA,NA,1,0,41.3184066173269,5.64473681255448,597.645407052677,94.0445315646265,2.86446669569003,0.588220409513689,NA,NA,NA,NA,NA,NA,NA,NA,NA,NA,NA,NA,NA,NA,NA,NA,NA,NA,NA,NA,NA,NA,NA,NA,NA,NA,NA,NA,NA,NA,NA,NA,2023,2002-03-19,NA,NA,NA,NA
"Greg Dortch","ARI","WR","14108","weighted",NA,NA,NA,NA,NA,NA,25.572882904203,12.557154348863,0.0255017984123128,0.0430066450797482,0.0248643190710589,0.0155196263195692,NA,NA,NA,NA,44.1003029155623,11.5869116969481,453.287519878834,122.198673284104,2.29562287012495,0.962464139691843,NA,NA,NA,NA,NA,NA,NA,NA,NA,NA,NA,NA,NA,NA,NA,NA,NA,NA,NA,NA,NA,NA,NA,NA,NA,NA,NA,NA,NA,NA,NA,NA,2019,1998-05-29,NA,NA,NA,NA
"Jermaine Burton","CIN","WR","16632","weighted",NA,NA,NA,NA,NA,NA,3.31402542372881,3.89947089505807,0,0,0.479745762711864,0.288819723076838,NA,NA,NA,NA,33.5606525423729,15.1225759241859,428.516093220339,213.828901211689,2.91938983050847,1.53937661909587,NA,NA,NA,NA,NA,NA,NA,NA,NA,NA,NA,NA,NA,NA,NA,NA,NA,NA,NA,NA,NA,NA,NA,NA,NA,NA,NA,NA,NA,NA,NA,NA,2024,2001-06-28,NA,NA,NA,NA
"Alec Pierce","IND","WR","15768","weighted",NA,NA,NA,NA,NA,NA,0.980974576271187,1.8120320334946,0,0,0.0238559322033898,0.0162450682758638,NA,NA,NA,NA,27.2419576271186,10.9224917562297,410.592389830509,172.066461020834,2.13833898305085,1.08277822258388,NA,NA,NA,NA,NA,NA,NA,NA,NA,NA,NA,NA,NA,NA,NA,NA,NA,NA,NA,NA,NA,NA,NA,NA,NA,NA,NA,NA,NA,NA,NA,NA,2022,2000-05-02,NA,NA,NA,NA
"John Stephens Jr.","DAL","WR","16433","weighted",NA,NA,NA,NA,NA,NA,10,NA,0,NA,2,NA,NA,NA,NA,NA,53,NA,711,NA,4,NA,NA,NA,NA,NA,NA,NA,NA,NA,NA,NA,NA,NA,NA,NA,NA,NA,NA,NA,NA,NA,NA,NA,NA,NA,NA,NA,NA,NA,NA,NA,NA,NA,2023,1999-09-23,NA,NA,NA,NA
"Wan'Dale Robinson","NYG","WR","15757","weighted",NA,NA,NA,NA,NA,NA,58.6762623059447,8.75822461636908,0.411991725362945,0.441654652992159,0.357582355168497,0.310128010347687,NA,NA,NA,NA,65.0199318439985,7.18302901326422,603.783059447179,71.4045032971244,2.51918212798182,0.988289987532538,NA,NA,NA,NA,NA,NA,NA,NA,NA,NA,NA,NA,NA,NA,NA,NA,NA,NA,NA,NA,NA,NA,NA,NA,NA,NA,NA,NA,NA,NA,NA,NA,2022,2001-01-05,NA,NA,NA,NA
"Tre Tucker","LVR","WR","16287","weighted",NA,NA,NA,NA,NA,NA,43.9138565831208,35.5868031215618,0.00885212596139893,0.0159091413289625,0.585589899869395,0.0944044646797535,NA,NA,NA,NA,36.1933217239878,8.31317977100055,482.293574227253,139.783753343674,2.13747496734872,1.09444301747087,NA,NA,NA,NA,NA,NA,NA,NA,NA,NA,NA,NA,NA,NA,NA,NA,NA,NA,NA,NA,NA,NA,NA,NA,NA,NA,NA,NA,NA,NA,NA,NA,2023,2001-03-08,NA,NA,NA,NA
"Elijah Moore","CLE","WR","15288","weighted",NA,NA,NA,NA,NA,NA,16.8373106777736,11.9983778745686,0,0,1.03704404897135,0.186504788883659,NA,NA,NA,NA,44.3765013252556,12.6749735177344,501.556963271488,127.603196964035,2.51657705414616,0.887043426300731,NA,NA,NA,NA,NA,NA,NA,NA,NA,NA,NA,NA,NA,NA,NA,NA,NA,NA,NA,NA,NA,NA,NA,NA,NA,NA,NA,NA,NA,NA,NA,NA,2021,2000-03-27,NA,NA,NA,NA
"Kendrick Bourne","NE","WR","13418","weighted",NA,NA,NA,NA,NA,NA,12.4157641840695,8.86212516467421,0,0,0.805979588903263,0.0883769855987472,NA,NA,NA,NA,44.0183699870634,8.24875968136634,544.238033635188,118.183481938836,3.20646830530401,1.00660195355161,NA,NA,NA,NA,NA,NA,NA,NA,NA,NA,NA,NA,NA,NA,NA,NA,NA,NA,NA,NA,NA,NA,NA,NA,NA,NA,NA,NA,NA,NA,NA,NA,2017,1995-08-04,NA,"Knee - ACL",2024,0
"Noah Brown","HOU","WR","13172","weighted",NA,NA,NA,NA,NA,NA,0.96504105090312,1.26045962734282,0,0,0.0223152709359606,0.0171825247080365,NA,NA,NA,NA,32.1414581280788,11.8227776824663,441.126226600985,167.414221828375,1.80508374384236,0.735367416694005,NA,NA,NA,NA,NA,NA,NA,NA,NA,NA,NA,NA,NA,NA,NA,NA,NA,NA,NA,NA,NA,NA,NA,NA,NA,NA,NA,NA,NA,NA,NA,NA,2017,NA,NA,NA,NA,NA
"Rashod Bateman","BAL","WR","15293","weighted",NA,NA,NA,NA,NA,NA,5.89906420728079,4.69595396672361,0,0,0.0497286381421179,0.0310392526391384,NA,NA,NA,NA,45.7574176448315,3.91688109494909,576.094570238546,66.5132248032694,3.13669822037107,0.654111496526291,NA,NA,NA,NA,NA,NA,NA,NA,NA,NA,NA,NA,NA,NA,NA,NA,NA,NA,NA,NA,NA,NA,NA,NA,NA,NA,NA,NA,NA,NA,NA,NA,2021,1999-11-29,NA,NA,NA,NA
"Odell Beckham","MIA","WR","11679","weighted",NA,NA,NA,NA,NA,NA,3.07161016949153,2.91793046079012,0,0,0.819152542372881,0.0944610297278939,NA,NA,NA,NA,30.8264237288136,9.22354369022337,421.026381355932,136.145226108899,2.4614406779661,0.887450573041235,NA,NA,NA,NA,NA,NA,NA,NA,NA,NA,NA,NA,NA,NA,NA,NA,NA,NA,NA,NA,NA,NA,NA,NA,NA,NA,NA,NA,NA,NA,NA,NA,2014,1992-11-05,NA,"Undisclosed",2024,0
"A.T. Perry","NO","WR","16196","weighted",NA,NA,NA,NA,NA,NA,4.26396237507349,6.12527946337779,0,0,0,0,NA,NA,NA,NA,25.9719341563786,10.0992096116268,374.456225749559,187.725180031761,2.97994121105232,2.19680518769566,NA,NA,NA,NA,NA,NA,NA,NA,NA,NA,NA,NA,NA,NA,NA,NA,NA,NA,NA,NA,NA,NA,NA,NA,NA,NA,NA,NA,NA,NA,NA,NA,2023,1999-10-26,NA,NA,NA,NA
"D.J. Chark","LAC","WR","13668","weighted",NA,NA,NA,NA,NA,NA,7.59171309568886,13.8743839905219,0,0,1.06190836804241,0.176130147852294,NA,NA,NA,NA,36.7763801590307,4.79276162278062,536.459235138205,74.8097028409414,4.06525558500568,1.78091768665645,NA,NA,NA,NA,NA,NA,NA,NA,NA,NA,NA,NA,NA,NA,NA,NA,NA,NA,NA,NA,NA,NA,NA,NA,NA,NA,NA,NA,NA,NA,NA,NA,2018,1996-09-23,"Q","Hip",2024,0
"Tim Patrick","DEN","WR","13377","weighted",NA,NA,NA,NA,NA,NA,4.9436170212766,4.69758383066303,0,0,0,0,NA,NA,NA,NA,39.831914893617,8.53787773627092,519.95,104.178322057907,3.29893617021277,0.561426193627867,NA,NA,NA,NA,NA,NA,NA,NA,NA,NA,NA,NA,NA,NA,NA,NA,NA,NA,NA,NA,NA,NA,NA,NA,NA,NA,NA,NA,NA,NA,NA,NA,2017,1993-11-23,NA,NA,NA,NA
"K.J. Osborn","NE","WR","14977","weighted",NA,NA,NA,NA,NA,NA,2.89957916122479,2.35534184010736,0,0,0.042882020026121,0.0188808929359507,NA,NA,NA,NA,33.0278014801916,14.9901417826451,391.653966042664,174.761088817077,2.26020026121027,1.08048386075504,NA,NA,NA,NA,NA,NA,NA,NA,NA,NA,NA,NA,NA,NA,NA,NA,NA,NA,NA,NA,NA,NA,NA,NA,NA,NA,NA,NA,NA,NA,NA,NA,2020,1997-06-10,NA,NA,NA,NA
"Malachi Corley","NYJ","WR","16636","weighted",NA,NA,NA,NA,NA,NA,24.6439821969463,22.2230990372986,0.00439924996394057,0.00793926025989625,0.936391172652531,0.58538944638464,NA,NA,NA,NA,30.9437732583297,16.8938862269719,365.897871051493,201.397431035236,2.20311553440069,1.36406386479057,NA,NA,NA,NA,NA,NA,NA,NA,NA,NA,NA,NA,NA,NA,NA,NA,NA,NA,NA,NA,NA,NA,NA,NA,NA,NA,NA,NA,NA,NA,NA,NA,2024,2002-03-21,NA,NA,NA,NA
"Allen Lazard","NYJ","WR","13632","weighted",NA,NA,NA,NA,NA,NA,2.11431623931624,2.89544007523979,0,0,0.040018315018315,0.0223705810305781,NA,NA,NA,NA,24.5964590964591,10.6447451843958,334.901086691087,172.764508590263,2.16921855921856,1.65706455788218,NA,NA,NA,NA,NA,NA,NA,NA,NA,NA,NA,NA,NA,NA,NA,NA,NA,NA,NA,NA,NA,NA,NA,NA,NA,NA,NA,NA,NA,NA,NA,NA,2018,1995-12-11,NA,NA,NA,NA
"Jonathan Mingo","CAR","WR","16197","weighted",NA,NA,NA,NA,NA,NA,2.30345648293395,4.07113030782519,0,0,0.0248643190710589,0.0155196263195692,NA,NA,NA,NA,40.4423627413858,15.3628844113677,431.311223021583,137.994764370597,1.92115865202575,1.2140728489874,NA,NA,NA,NA,NA,NA,NA,NA,NA,NA,NA,NA,NA,NA,NA,NA,NA,NA,NA,NA,NA,NA,NA,NA,NA,NA,NA,NA,NA,NA,NA,NA,2023,2001-04-20,NA,NA,NA,NA
"Ricky Pearsall","SF","WR","16622","weighted",NA,NA,NA,NA,NA,NA,12.7824678151626,11.9170991402503,0.00442606298069946,0.00795457066448124,0.042882020026121,0.0188808929359507,NA,NA,NA,NA,28.2992337831955,16.3563808910139,337.075063125816,181.22127359025,2.31228558989987,1.60043398814235,NA,NA,NA,NA,NA,NA,NA,NA,NA,NA,NA,NA,NA,NA,NA,NA,NA,NA,NA,NA,NA,NA,NA,NA,NA,NA,NA,NA,NA,NA,NA,NA,2024,2000-09-09,NA,"Shoulder",2024,0
"Calvin Austin III","PIT","WR","15777","weighted",NA,NA,NA,NA,NA,NA,53.0143849206349,36.7263744941762,0.458771494708995,0.599668098357886,0.0837797619047619,0.0403955702150266,NA,NA,NA,NA,32.6005456349206,12.2914579031295,389.468154761905,147.820837986674,2.02508928571429,1.04009412101035,NA,NA,NA,NA,NA,NA,NA,NA,NA,NA,NA,NA,NA,NA,NA,NA,NA,NA,NA,NA,NA,NA,NA,NA,NA,NA,NA,NA,NA,NA,NA,NA,2022,1999-03-24,NA,NA,NA,NA
"Josh Reynolds","DEN","WR","13168","weighted",NA,NA,NA,NA,NA,NA,2.11547619047619,2.70416639631535,0,0,0.773152709359606,0.113052641979821,NA,NA,NA,NA,38.6074876847291,4.67129697105601,508.310078817734,60.2014583643693,3.34832512315271,0.995455258349526,NA,NA,NA,NA,NA,NA,NA,NA,NA,NA,NA,NA,NA,NA,NA,NA,NA,NA,NA,NA,NA,NA,NA,NA,NA,NA,NA,NA,NA,NA,NA,NA,2017,1995-02-16,"Q","Achilles",2024,0
"Jalen McMillan","TB","WR","16628","weighted",NA,NA,NA,NA,NA,NA,9.13173234811166,8.89042892334117,0,0,1.07901477832512,0.540054766435756,NA,NA,NA,NA,41.8585615763547,8.78204226569608,496.28718226601,60.3972649922904,2.87712315270936,0.858148618492736,NA,NA,NA,NA,NA,NA,NA,NA,NA,NA,NA,NA,NA,NA,NA,NA,NA,NA,NA,NA,NA,NA,NA,NA,NA,NA,NA,NA,NA,NA,NA,NA,2024,2001-12-07,NA,NA,NA,NA
"Luke McCaffrey","WAS","WR","16635","weighted",NA,NA,NA,NA,NA,NA,8.63035303776683,10.2202681725614,0,0,0.481871921182266,0.315794735477301,NA,NA,NA,NA,32.1251625615763,13.3162409650176,373.12642364532,169.70040266644,1.69660098522167,1.19489748004096,NA,NA,NA,NA,NA,NA,NA,NA,NA,NA,NA,NA,NA,NA,NA,NA,NA,NA,NA,NA,NA,NA,NA,NA,NA,NA,NA,NA,NA,NA,NA,NA,2024,2001-04-02,NA,NA,NA,NA
"Jalen Tolbert","DAL","WR","15788","weighted",NA,NA,NA,NA,NA,NA,1.3953125,2.78122420982941,0,0,0.0837797619047619,0.0403955702150266,NA,NA,NA,NA,37.7301984126984,5.44557985768358,475.399722222222,79.5053157891733,2.76762896825397,0.408881084084568,NA,NA,NA,NA,NA,NA,NA,NA,NA,NA,NA,NA,NA,NA,NA,NA,NA,NA,NA,NA,NA,NA,NA,NA,NA,NA,NA,NA,NA,NA,NA,NA,2022,1999-02-27,NA,NA,NA,NA
"Kalif Raymond","DET","WR","13066","weighted",NA,NA,NA,NA,NA,NA,20.6465005931198,20.1882303322538,0.00390272835112693,0.00886598691315621,0.2,3.10468130262254e-17,NA,NA,NA,NA,29.8503084223013,4.5104454076305,392.958754448399,88.331909258495,1.89538552787663,0.217617392661917,NA,NA,NA,NA,NA,NA,NA,NA,NA,NA,NA,NA,NA,NA,NA,NA,NA,NA,NA,NA,NA,NA,NA,NA,NA,NA,NA,NA,NA,NA,NA,NA,2016,1994-08-08,NA,NA,NA,NA
"Treylon Burks","TEN","WR","15752","weighted",NA,NA,NA,NA,NA,NA,20.230468312706,16.0477587202028,0.00442606298069946,0.00795457066448124,0.524249020461471,0.289183090948261,NA,NA,NA,NA,28.4372921201567,8.71055122023486,366.332651284284,119.163641185367,1.72967348715716,1.07434666235757,NA,NA,NA,NA,NA,NA,NA,NA,NA,NA,NA,NA,NA,NA,NA,NA,NA,NA,NA,NA,NA,NA,NA,NA,NA,NA,NA,NA,NA,NA,NA,NA,2022,2000-03-23,NA,NA,NA,NA
"Olamide Zaccheaus","WAS","WR","14592","weighted",NA,NA,NA,NA,NA,NA,8.47876817138485,6.33937592638051,0,0,0.0374904361132364,0.0250066922886914,NA,NA,NA,NA,27.5667482785004,15.8121771860019,333.386809487376,188.997509404697,1.87325172149962,1.32379266698618,NA,NA,NA,NA,NA,NA,NA,NA,NA,NA,NA,NA,NA,NA,NA,NA,NA,NA,NA,NA,NA,NA,NA,NA,NA,NA,NA,NA,NA,NA,NA,NA,2019,1997-07-23,NA,NA,NA,NA
"Andrei Iosivas","CIN","WR","16207","weighted",NA,NA,NA,NA,NA,NA,3.50890376984127,4.44373217076634,0,0,0.258110119047619,0.0201977851075133,NA,NA,NA,NA,36.8118253968254,4.16414147215449,424.817033730159,77.8782711556329,3.06080357142857,0.645031062544766,NA,NA,NA,NA,NA,NA,NA,NA,NA,NA,NA,NA,NA,NA,NA,NA,NA,NA,NA,NA,NA,NA,NA,NA,NA,NA,NA,NA,NA,NA,NA,NA,2023,1999-10-15,NA,NA,NA,NA
"Devontez Walker","BAL","WR","16621","weighted",NA,NA,NA,NA,NA,NA,3.36722306525038,2.96357414575011,0,0,0,0,NA,NA,NA,NA,21.654779969651,10.15848030182,298.223823975721,167.142919705519,1.71244309559939,0.970714202050636,NA,NA,NA,NA,NA,NA,NA,NA,NA,NA,NA,NA,NA,NA,NA,NA,NA,NA,NA,NA,NA,NA,NA,NA,NA,NA,NA,NA,NA,NA,NA,NA,2024,2001-06-19,NA,NA,NA,NA
"Nelson Agholor","BAL","WR","12181","weighted",NA,NA,NA,NA,NA,NA,1.94899169632266,2.44626132058731,0,0,0.0403024911032029,0.0221137719445578,NA,NA,NA,NA,27.7183274021352,7.57358211002594,341.855575326216,94.4891482804924,2.14119810201661,0.257790188436501,NA,NA,NA,NA,NA,NA,NA,NA,NA,NA,NA,NA,NA,NA,NA,NA,NA,NA,NA,NA,NA,NA,NA,NA,NA,NA,NA,NA,NA,NA,NA,NA,2015,1993-05-24,NA,NA,NA,NA
"Jalen Nailor","MIN","WR","15786","weighted",NA,NA,NA,NA,NA,NA,1.38329064039409,1.83286617438568,0,0,0.0223152709359606,0.0171825247080365,NA,NA,NA,NA,27.6514778325123,8.43658139790648,347.314768472906,115.294704598044,1.69345812807882,0.583646484768231,NA,NA,NA,NA,NA,NA,NA,NA,NA,NA,NA,NA,NA,NA,NA,NA,NA,NA,NA,NA,NA,NA,NA,NA,NA,NA,NA,NA,NA,NA,NA,NA,2022,1999-03-02,NA,NA,NA,NA
"Tyquan Thornton","NE","WR","15787","weighted",NA,NA,NA,NA,NA,NA,11.831245394252,15.6968204599237,0,0,0.0379513633014001,0.0247108453962253,NA,NA,NA,NA,27.354649963154,11.3354291553629,310.774252026529,115.943638203198,1.31087693441415,0.508263589995783,NA,NA,NA,NA,NA,NA,NA,NA,NA,NA,NA,NA,NA,NA,NA,NA,NA,NA,NA,NA,NA,NA,NA,NA,NA,NA,NA,NA,NA,NA,NA,NA,2022,2000-08-07,NA,NA,NA,NA
"Javon Baker","NE","WR","16637","weighted",NA,NA,NA,NA,NA,NA,7.38173297628156,10.382778383236,0,0,0,0,NA,NA,NA,NA,17.6190053557766,15.8650009822226,207.108875286917,197.984084392713,1.17687834736037,1.29073571393156,NA,NA,NA,NA,NA,NA,NA,NA,NA,NA,NA,NA,NA,NA,NA,NA,NA,NA,NA,NA,NA,NA,NA,NA,NA,NA,NA,NA,NA,NA,NA,NA,2024,2002-02-18,NA,NA,NA,NA
"Trenton Irwin","CIN","WR","14551","weighted",NA,NA,NA,NA,NA,NA,0.539858906525573,0.875236665385088,0,0,0.0201842053693906,0.0182226349026327,NA,NA,NA,NA,20.8017283950617,11.7368175947102,260.511252204586,160.394410193723,1.67595532039976,0.935018326018087,NA,NA,NA,NA,NA,NA,NA,NA,NA,NA,NA,NA,NA,NA,NA,NA,NA,NA,NA,NA,NA,NA,NA,NA,NA,NA,NA,NA,NA,NA,NA,NA,2019,1995-12-10,NA,NA,NA,NA
"JuJu Smith-Schuster","FA","WR","13156","weighted",NA,NA,NA,NA,NA,NA,0.990745003028468,1.02616913512274,0,0,0,0,NA,NA,NA,NA,20.4950817686251,15.6920312746258,209.037807389461,167.43983611671,1.47240460327074,1.038374614243,NA,NA,NA,NA,NA,NA,NA,NA,NA,NA,NA,NA,NA,NA,NA,NA,NA,NA,NA,NA,NA,NA,NA,NA,NA,NA,NA,NA,NA,NA,NA,NA,2017,1996-11-22,NA,NA,NA,NA
"Jauan Jennings","SF","WR","14860","weighted",NA,NA,NA,NA,NA,NA,3.63531435349941,4.14944009810306,0,0,0.0403024911032029,0.0221137719445578,NA,NA,NA,NA,26.5745077105575,7.91488349033225,323.553712930012,98.127833343677,2.24334519572954,0.632705102651326,NA,NA,NA,NA,NA,NA,NA,NA,NA,NA,NA,NA,NA,NA,NA,NA,NA,NA,NA,NA,NA,NA,NA,NA,NA,NA,NA,NA,NA,NA,NA,NA,2020,1997-07-10,"Q","Oblique",2024,0
"Justin Watson","KC","WR","13776","weighted",NA,NA,NA,NA,NA,NA,0,0,0,0,0.534340456890199,0.172975917773577,NA,NA,NA,NA,17.7444804716286,8.30870734924438,265.322225497421,123.856444567226,1.83025792188651,0.565827484422354,NA,NA,NA,NA,NA,NA,NA,NA,NA,NA,NA,NA,NA,NA,NA,NA,NA,NA,NA,NA,NA,NA,NA,NA,NA,NA,NA,NA,NA,NA,NA,NA,2018,NA,NA,NA,NA,NA
"Trey Palmer","TB","WR","16199","weighted",NA,NA,NA,NA,NA,NA,19.0176686507937,12.3381161376387,0.0419733796296296,0.0828597010404762,0.374330357142857,0.0605933553225399,NA,NA,NA,NA,29.4320734126984,9.46974023357941,317.780416666667,103.627322106482,1.91780753968254,0.984690148924554,NA,NA,NA,NA,NA,NA,NA,NA,NA,NA,NA,NA,NA,NA,NA,NA,NA,NA,NA,NA,NA,NA,NA,NA,NA,NA,NA,NA,NA,NA,NA,NA,2023,2001-04-02,"Q","Undisclosed",2024,0
"Cedrick Wilson","NO","WR","13652","weighted",NA,NA,NA,NA,NA,NA,1.76720853858785,2.40151637594626,0,0,0.0223152709359606,0.0171825247080365,NA,NA,NA,NA,24.5944039408867,7.51640006632956,302.899389162562,99.2182597939663,2.25844334975369,1.48703715394882,NA,NA,NA,NA,NA,NA,NA,NA,NA,NA,NA,NA,NA,NA,NA,NA,NA,NA,NA,NA,NA,NA,NA,NA,NA,NA,NA,NA,NA,NA,NA,NA,2018,NA,NA,NA,NA,NA
"Robert Woods","HOU","WR","11228","weighted",NA,NA,NA,NA,NA,NA,5.02351738241309,5.55939496025198,0,0,0,0,NA,NA,NA,NA,19.9239672801636,17.1507494558888,213.633067484663,185.278466316887,0.862229038854806,0.331797640059181,NA,NA,NA,NA,NA,NA,NA,NA,NA,NA,NA,NA,NA,NA,NA,NA,NA,NA,NA,NA,NA,NA,NA,NA,NA,NA,NA,NA,NA,NA,NA,NA,2013,1992-04-10,NA,NA,NA,NA
"Tutu Atwell","LAR","WR","15301","weighted",NA,NA,NA,NA,NA,NA,21.979359430605,10.6228156095406,0.212194131694824,0.330933625887115,0.0403024911032029,0.0221137719445578,NA,NA,NA,NA,21.887034400949,7.68635865650008,273.864009489917,83.5669580673927,1.35836298932384,0.738930771541046,NA,NA,NA,NA,NA,NA,NA,NA,NA,NA,NA,NA,NA,NA,NA,NA,NA,NA,NA,NA,NA,NA,NA,NA,NA,NA,NA,NA,NA,NA,NA,NA,2021,1999-10-07,NA,NA,NA,NA
"Ray-Ray McCloud","ATL","WR","13641","weighted",NA,NA,NA,NA,NA,NA,30.0362870699881,24.2797417460681,0.111310794780546,0.192389431865259,0.0806049822064057,0.0442275438891155,NA,NA,NA,NA,30.9230842230131,9.97429155294414,329.243262158956,109.431867843773,2.14752075919336,1.25292062920495,NA,NA,NA,NA,NA,NA,NA,NA,NA,NA,NA,NA,NA,NA,NA,NA,NA,NA,NA,NA,NA,NA,NA,NA,NA,NA,NA,NA,NA,NA,NA,NA,2018,1996-10-15,NA,NA,NA,NA
"Nick Westbrook-Ikhine","TEN","WR","15109","weighted",NA,NA,NA,NA,NA,NA,2.6182325029656,2.94920974973793,0,0,0,0,NA,NA,NA,NA,13.5216607354686,7.38935592086571,188.138339264531,126.685889946256,1.13253855278766,0.431453938587224,NA,NA,NA,NA,NA,NA,NA,NA,NA,NA,NA,NA,NA,NA,NA,NA,NA,NA,NA,NA,NA,NA,NA,NA,NA,NA,NA,NA,NA,NA,NA,NA,2020,1997-03-21,NA,NA,NA,NA
"Van Jefferson","PIT","WR","14858","weighted",NA,NA,NA,NA,NA,NA,6.69371293001186,7.1569747695688,0.233214709371293,0.326789703081709,0.0403024911032029,0.0221137719445578,NA,NA,NA,NA,24.4892408066429,2.71563711812674,306.530308422301,74.1059427510601,1.55098457888493,0.861917946477348,NA,NA,NA,NA,NA,NA,NA,NA,NA,NA,NA,NA,NA,NA,NA,NA,NA,NA,NA,NA,NA,NA,NA,NA,NA,NA,NA,NA,NA,NA,NA,NA,2020,1970-01-01,NA,NA,NA,NA
"Parker Washington","JAC","WR","16192","weighted",NA,NA,NA,NA,NA,NA,3.83300970873786,6.86184327381993,0,0,0,0,NA,NA,NA,NA,22.6859417475728,12.2007423780252,237.390737864078,137.126417735576,1.81390291262136,1.03577827398417,NA,NA,NA,NA,NA,NA,NA,NA,NA,NA,NA,NA,NA,NA,NA,NA,NA,NA,NA,NA,NA,NA,NA,NA,NA,NA,NA,NA,NA,NA,NA,NA,2023,2002-03-21,NA,NA,NA,NA
"Zay Jones","ARI","WR","13176","weighted",NA,NA,NA,NA,NA,NA,8.18125615763547,12.7734299561249,0.0677733990147783,0.115300350404636,0.339655172413793,0.361546746454678,NA,NA,NA,NA,27.7459014778325,9.1458381179396,297.216522167488,84.3331749497048,1.79974384236453,1.01185463010855,NA,NA,NA,NA,NA,NA,NA,NA,NA,NA,NA,NA,NA,NA,NA,NA,NA,NA,NA,NA,NA,NA,NA,NA,NA,NA,NA,NA,NA,NA,NA,NA,2017,1995-03-30,"S","Suspension",2024,0
"Cedric Tillman","CLE","WR","16191","weighted",NA,NA,NA,NA,NA,NA,4.96480427046263,6.51301860997706,0,0,0.0806049822064057,0.0442275438891155,NA,NA,NA,NA,22.6425622775801,5.51141362128956,270.460628706999,70.1946501645642,1.32046263345196,0.838723949056192,NA,NA,NA,NA,NA,NA,NA,NA,NA,NA,NA,NA,NA,NA,NA,NA,NA,NA,NA,NA,NA,NA,NA,NA,NA,NA,NA,NA,NA,NA,NA,NA,2023,2000-04-19,NA,NA,NA,NA
"Skyy Moore","KC","WR","15766","weighted",NA,NA,NA,NA,NA,NA,5.61035372144436,8.43515960158059,0,0,0.0379513633014001,0.0247108453962253,NA,NA,NA,NA,14.6313780397937,11.2120332986245,168.456403831982,120.075395667386,1.20010316875461,0.903929017068819,NA,NA,NA,NA,NA,NA,NA,NA,NA,NA,NA,NA,NA,NA,NA,NA,NA,NA,NA,NA,NA,NA,NA,NA,NA,NA,NA,NA,NA,NA,NA,NA,2022,2000-09-10,NA,NA,NA,NA
"David Bell","CLE","WR","15758","weighted",NA,NA,NA,NA,NA,NA,0.996365838885524,1.73031659372577,0,0,0,0,NA,NA,NA,NA,15.5389339794064,10.6256938158842,162.507983040581,104.125812561265,1.52604482132041,1.57704613302946,NA,NA,NA,NA,NA,NA,NA,NA,NA,NA,NA,NA,NA,NA,NA,NA,NA,NA,NA,NA,NA,NA,NA,NA,NA,NA,NA,NA,NA,NA,NA,NA,2022,2000-12-14,"Q","Quadriceps",2024,0
"KhaDarel Hodge","ATL","WR","13963","weighted",NA,NA,NA,NA,NA,NA,0,0,0,0,0.0998466257668712,0.0866704913427949,NA,NA,NA,NA,20.1020858895706,4.43305538495835,284.281165644172,57.0098045762668,1.10411042944785,1.01851815150363,NA,NA,NA,NA,NA,NA,NA,NA,NA,NA,NA,NA,NA,NA,NA,NA,NA,NA,NA,NA,NA,NA,NA,NA,NA,NA,NA,NA,NA,NA,NA,NA,2018,1994-01-03,NA,NA,NA,NA
"John Metchie","HOU","WR","15759","weighted",NA,NA,NA,NA,NA,NA,9.43854246365723,6.94234438739197,0,0,0.0374904361132364,0.0250066922886914,NA,NA,NA,NA,17.9330374904361,7.01217811428357,207.877857689365,86.5906151120127,1.25078806426932,0.959709621565451,NA,NA,NA,NA,NA,NA,NA,NA,NA,NA,NA,NA,NA,NA,NA,NA,NA,NA,NA,NA,NA,NA,NA,NA,NA,NA,NA,NA,NA,NA,NA,NA,2022,2000-07-18,NA,NA,NA,NA
"Mack Hollins","BUF","WR","13289","weighted",NA,NA,NA,NA,NA,NA,-0.241267501842299,0.375719578981379,0,0,0,0,NA,NA,NA,NA,18.8484450994842,8.02168067717639,224.910051584377,97.0620501134344,1.28272660280029,0.961346505383552,NA,NA,NA,NA,NA,NA,NA,NA,NA,NA,NA,NA,NA,NA,NA,NA,NA,NA,NA,NA,NA,NA,NA,NA,NA,NA,NA,NA,NA,NA,NA,NA,2017,1993-09-16,NA,NA,NA,NA
"Xavier Gipson","NYJ","WR","16416","weighted",NA,NA,NA,NA,NA,NA,27.0078766310795,17.743652051597,0.466266903914591,0.753085821213286,0.0403024911032029,0.0221137719445578,NA,NA,1,0,22.3212455516014,7.92635058557315,241.942301304864,84.7157391574214,1.40099644128114,0.852917426080971,NA,NA,NA,NA,NA,NA,NA,NA,NA,NA,NA,NA,NA,NA,NA,NA,NA,NA,NA,NA,NA,NA,NA,NA,NA,NA,NA,NA,NA,NA,NA,NA,2023,2001-03-08,NA,NA,NA,NA
"KaVontae Turpin","DAL","WR","15981","weighted",NA,NA,NA,NA,NA,NA,67.9253300492611,32.9128162628974,0.502289291155547,0.425050207381725,0.481871921182266,0.315794735477301,NA,NA,1,0,17.3903743842365,5.15489272231474,213.402640394089,59.2908764215882,2.61584236453202,1.96109652301698,NA,NA,NA,NA,NA,NA,NA,NA,NA,NA,NA,NA,NA,NA,NA,NA,NA,NA,NA,NA,NA,NA,NA,NA,NA,NA,NA,NA,NA,NA,NA,NA,2022,1996-08-02,NA,NA,NA,NA
"Jacob Cowing","SF","WR","16640","weighted",NA,NA,NA,NA,NA,NA,6,NA,0,NA,0,NA,NA,NA,NA,NA,24,NA,290,NA,2,NA,NA,NA,NA,NA,NA,NA,NA,NA,NA,NA,NA,NA,NA,NA,NA,NA,NA,NA,NA,NA,NA,NA,NA,NA,NA,NA,NA,NA,NA,NA,NA,NA,2024,2001-02-04,NA,NA,NA,NA
"Marquez Valdes-Scantling","BUF","WR","13793","weighted",NA,NA,NA,NA,NA,NA,0.741518386714116,1.29062220889376,0,0,0.477580071174377,0.176910175556462,NA,NA,NA,NA,11.8868208778173,4.16088581233223,174.581897983393,65.8871215128109,1.15722419928826,0.876434672951749,NA,NA,NA,NA,NA,NA,NA,NA,NA,NA,NA,NA,NA,NA,NA,NA,NA,NA,NA,NA,NA,NA,NA,NA,NA,NA,NA,NA,NA,NA,NA,NA,2018,1994-10-10,"Q","Neck",2024,0
"Tyler Scott","CHI","WR","16205","weighted",NA,NA,NA,NA,NA,NA,9.2631067961165,16.5827879117315,0.0106472491909385,0.0190606757606109,0,0,NA,NA,NA,NA,13.4460194174757,10.1803455102235,160.002990291262,118.513972806543,1.05994174757282,0.893849663964871,NA,NA,NA,NA,NA,NA,NA,NA,NA,NA,NA,NA,NA,NA,NA,NA,NA,NA,NA,NA,NA,NA,NA,NA,NA,NA,NA,NA,NA,NA,NA,NA,2023,2001-10-12,NA,NA,NA,NA
"Tyler Scott","CHI","WR","16205","weighted",NA,NA,NA,NA,NA,NA,9.2631067961165,16.5827879117315,0.0106472491909385,0.0190606757606109,0,0,NA,NA,NA,NA,13.4460194174757,10.1803455102235,160.002990291262,118.513972806543,1.05994174757282,0.893849663964871,NA,NA,NA,NA,NA,NA,NA,NA,NA,NA,NA,NA,NA,NA,NA,NA,NA,NA,NA,NA,NA,NA,NA,NA,NA,NA,NA,NA,NA,NA,NA,NA,2023,2001-10-12,NA,NA,NA,NA
"Chris Moore","ARI","WR","12773","weighted",NA,NA,NA,NA,NA,NA,2.96278118609407,6.16577431163391,0,0,0,0,NA,NA,NA,NA,10.799345603272,4.22882795659576,154.191554192229,87.2160049029709,0.451635991820041,0.509065473357046,NA,NA,NA,NA,NA,NA,NA,NA,NA,NA,NA,NA,NA,NA,NA,NA,NA,NA,NA,NA,NA,NA,NA,NA,NA,NA,NA,NA,NA,NA,NA,NA,2016,1993-06-16,NA,NA,NA,NA
"Jake Bobo","SEA","WR","16393","weighted",NA,NA,NA,NA,NA,NA,1.68632265717675,1.79034485938309,0.116607354685647,0.163394851540854,0.0403024911032029,0.0221137719445578,NA,NA,NA,NA,15.7216014234875,3.45668813702853,167.630711743772,47.5552734748008,1.07553973902728,0.536108648327408,NA,NA,NA,NA,NA,NA,NA,NA,NA,NA,NA,NA,NA,NA,NA,NA,NA,NA,NA,NA,NA,NA,NA,NA,NA,NA,NA,NA,NA,NA,NA,NA,2023,1998-08-04,NA,NA,NA,NA
"Devin Duvernay","JAC","WR","14847","weighted",NA,NA,NA,NA,NA,NA,11.6622107590273,10.711046650006,0.0450847457627119,0.0934064404500644,0.0379513633014001,0.0247108453962253,NA,NA,NA,NA,11.4265880619013,4.6666461011282,129.276610169492,85.8403888594022,0.656993367722918,0.472514337801174,NA,NA,NA,NA,NA,NA,NA,NA,NA,NA,NA,NA,NA,NA,NA,NA,NA,NA,NA,NA,NA,NA,NA,NA,NA,NA,NA,NA,NA,NA,NA,NA,2020,1997-09-12,NA,NA,NA,NA
"Bo Melton","GB","WR","15785","weighted",NA,NA,NA,NA,NA,NA,8.69417833456153,11.1357041676516,0,0,0.0379513633014001,0.0247108453962253,NA,NA,NA,NA,12.1017980840088,8.69381406574914,131.93350036846,88.7631313389556,0.634369933677229,0.444353877194313,NA,NA,NA,NA,NA,NA,NA,NA,NA,NA,NA,NA,NA,NA,NA,NA,NA,NA,NA,NA,NA,NA,NA,NA,NA,NA,NA,NA,NA,NA,NA,NA,2022,1999-05-18,NA,NA,NA,NA
"Braxton Berrios","MIA","WR","13638","weighted",NA,NA,NA,NA,NA,NA,3.14357058125741,3.42574230918626,0,0,0.0403024911032029,0.0221137719445578,NA,NA,1,0,18.4989323843416,5.50566364148247,176.473143534994,48.2897400037523,0.827651245551602,0.346526768238331,NA,NA,NA,NA,NA,NA,NA,NA,NA,NA,NA,NA,NA,NA,NA,NA,NA,NA,NA,NA,NA,NA,NA,NA,NA,NA,NA,NA,NA,NA,NA,NA,2018,1995-10-06,NA,NA,NA,NA
"Isaiah Williams","DET","WR","16630","weighted",NA,NA,NA,NA,NA,NA,7.49237804878049,3.53553390593274,0,0,0.924161585365854,0.388908729652601,NA,NA,NA,NA,16.4923780487805,3.53553390593274,183.932926829268,31.1126983722081,0.501524390243902,0.707106781186548,NA,NA,NA,NA,NA,NA,NA,NA,NA,NA,NA,NA,NA,NA,NA,NA,NA,NA,NA,NA,NA,NA,NA,NA,NA,NA,NA,NA,NA,NA,NA,NA,2024,2001-01-29,NA,NA,NA,NA
"Bub Means","NO","WR","16751","weighted",NA,NA,NA,NA,NA,NA,0,0,0,0,0,0,NA,NA,NA,NA,11.1964809384164,6.19443670784009,138.739002932551,82.3450144488264,0.760263929618768,0.493308381755083,NA,NA,NA,NA,NA,NA,NA,NA,NA,NA,NA,NA,NA,NA,NA,NA,NA,NA,NA,NA,NA,NA,NA,NA,NA,NA,NA,NA,NA,NA,NA,NA,2024,2001-01-10,NA,NA,NA,NA
"Brandon Powell","MIN","WR","13910","weighted",NA,NA,NA,NA,NA,NA,16.3297628156083,10.8225258923893,0,0,0.0374904361132364,0.0250066922886914,NA,NA,NA,NA,15.9841009946442,3.59774393807834,156.868814078041,35.9960443276394,0.952425401683244,0.101778477576969,NA,NA,NA,NA,NA,NA,NA,NA,NA,NA,NA,NA,NA,NA,NA,NA,NA,NA,NA,NA,NA,NA,NA,NA,NA,NA,NA,NA,NA,NA,NA,NA,2018,1970-01-01,NA,NA,NA,NA
"Trent Sherfield","MIN","WR","13893","weighted",NA,NA,NA,NA,NA,NA,0.969786293294031,1.98097779794192,0,0,0,0,NA,NA,NA,NA,13.7273397199705,4.01303470654081,151.227781871776,53.5458325699809,0.879882092851879,0.188117670771432,NA,NA,NA,NA,NA,NA,NA,NA,NA,NA,NA,NA,NA,NA,NA,NA,NA,NA,NA,NA,NA,NA,NA,NA,NA,NA,NA,NA,NA,NA,NA,NA,2018,1996-02-26,NA,NA,NA,NA
"D.J. Montgomery","IND","WR","14486","weighted",NA,NA,NA,NA,NA,NA,6,NA,0,NA,0,NA,NA,NA,NA,NA,16,NA,192,NA,1,NA,NA,NA,NA,NA,NA,NA,NA,NA,NA,NA,NA,NA,NA,NA,NA,NA,NA,NA,NA,NA,NA,NA,NA,NA,NA,NA,NA,NA,NA,NA,NA,NA,2019,1996-11-17,NA,NA,NA,NA
"Jalen Brooks","DAL","WR","16364","weighted",NA,NA,NA,NA,NA,NA,7.52410099464422,7.5343581448503,0,0,0,0,NA,NA,NA,NA,14.3995103289977,8.2086049042385,128.270328997705,54.198376413278,0.466059678653405,0.542819479267825,NA,NA,NA,NA,NA,NA,NA,NA,NA,NA,NA,NA,NA,NA,NA,NA,NA,NA,NA,NA,NA,NA,NA,NA,NA,NA,NA,NA,NA,NA,NA,NA,2023,2000-05-07,NA,NA,NA,NA
"Tylan Wallace","BAL","WR","15285","weighted",NA,NA,NA,NA,NA,NA,3.0231124807396,4.24264068711928,0,0,0,0,NA,NA,NA,NA,9.25436055469954,10.8965154980847,105.488906009245,121.869853737501,0.0843451463790447,0.120208152801713,NA,NA,NA,NA,NA,NA,NA,NA,NA,NA,NA,NA,NA,NA,NA,NA,NA,NA,NA,NA,NA,NA,NA,NA,NA,NA,NA,NA,NA,NA,NA,NA,2021,1999-05-13,NA,NA,NA,NA
"Mecole Hardman","KC","WR","14113","weighted",NA,NA,NA,NA,NA,NA,9.74948875255624,14.2496917898231,0,0,0,0,NA,NA,NA,NA,8.27390593047035,8.20029289966863,90.2018200408998,82.481343739104,0.419447852760736,0.454258628213488,NA,NA,NA,NA,NA,NA,NA,NA,NA,NA,NA,NA,NA,NA,NA,NA,NA,NA,NA,NA,NA,NA,NA,NA,NA,NA,NA,NA,NA,NA,NA,NA,2019,1970-01-01,NA,NA,NA,NA
"Isaiah Hodgins","NYG","WR","14849","weighted",NA,NA,NA,NA,NA,NA,4,NA,0,NA,0,NA,NA,NA,NA,NA,14,NA,183,NA,1,NA,NA,NA,NA,NA,NA,NA,NA,NA,NA,NA,NA,NA,NA,NA,NA,NA,NA,NA,NA,NA,NA,NA,NA,NA,NA,NA,NA,NA,NA,NA,NA,NA,2020,1970-01-01,NA,NA,NA,NA
"Donovan Peoples-Jones","DET","WR","14857","weighted",NA,NA,NA,NA,NA,NA,4,NA,0,NA,0,NA,NA,NA,NA,NA,13,NA,181,NA,1,NA,NA,NA,NA,NA,NA,NA,NA,NA,NA,NA,NA,NA,NA,NA,NA,NA,NA,NA,NA,NA,NA,NA,NA,NA,NA,NA,NA,NA,NA,NA,NA,NA,2020,1970-01-01,NA,NA,NA,NA
"Rakim Jarrett","TB","WR","16198","weighted",NA,NA,NA,NA,NA,NA,4.76600609756098,7.42462120245875,0,0,0,0,NA,NA,NA,NA,9.01524390243902,7.07106781186547,110.198170731707,91.9238815542512,0.501524390243902,0.707106781186548,NA,NA,NA,NA,NA,NA,NA,NA,NA,NA,NA,NA,NA,NA,NA,NA,NA,NA,NA,NA,NA,NA,NA,NA,NA,NA,NA,NA,NA,NA,NA,NA,2023,2001-01-24,NA,"Undisclosed",2024,0
"Jamison Crowder","WAS","WR","12184","weighted",NA,NA,NA,NA,NA,NA,0,0,0,0,0,0,NA,NA,NA,NA,10.9606339468303,5.35359181566878,105.671492842536,56.781122875501,0.349509202453988,0.526248627305284,NA,NA,NA,NA,NA,NA,NA,NA,NA,NA,NA,NA,NA,NA,NA,NA,NA,NA,NA,NA,NA,NA,NA,NA,NA,NA,NA,NA,NA,NA,NA,NA,2015,1993-06-17,NA,NA,NA,NA
"Johnny Wilson","PHI","WR","16625","weighted",NA,NA,NA,NA,NA,NA,4.375,0.883883476483184,0,0,0,0,NA,NA,NA,NA,12,2.82842712474619,140,38.1837661840736,1,0,NA,NA,NA,NA,NA,NA,NA,NA,NA,NA,NA,NA,NA,NA,NA,NA,NA,NA,NA,NA,NA,NA,NA,NA,NA,NA,NA,NA,NA,NA,NA,NA,2024,2001-04-03,"Q","Concussion",2024,0
"Charlie Jones","CIN","WR","16203","weighted",NA,NA,NA,NA,NA,NA,2.68507157464213,2.51290226455299,0,0,0,0,NA,NA,NA,NA,9.2599591002045,4.97459399382976,103.526871165644,62.867684277362,0.448343558282209,0.510083046198462,NA,NA,NA,NA,NA,NA,NA,NA,NA,NA,NA,NA,NA,NA,NA,NA,NA,NA,NA,NA,NA,NA,NA,NA,NA,NA,NA,NA,NA,NA,NA,NA,2023,1998-10-29,NA,NA,NA,NA
"Malik Washington","MIA","WR","16684","weighted",NA,NA,NA,NA,NA,NA,12.5058651026393,10.4300829041447,0.00603005865102639,0.0123584320086753,0,0,NA,NA,NA,NA,9.44611436950147,5.22250203805855,119.634164222874,64.3571025499148,0.760263929618768,0.493308381755083,NA,NA,NA,NA,NA,NA,NA,NA,NA,NA,NA,NA,NA,NA,NA,NA,NA,NA,NA,NA,NA,NA,NA,NA,NA,NA,NA,NA,NA,NA,NA,NA,2024,2000-10-20,NA,NA,NA,NA
"Ryan Flournoy","DAL","WR","16778","weighted",NA,NA,NA,NA,NA,NA,3.74618902439024,1.76776695296637,0,0,0,0,NA,NA,NA,NA,10.3082317073171,3.81837661840736,105.653963414634,71.4177848998413,0.501524390243902,0.707106781186548,NA,NA,NA,NA,NA,NA,NA,NA,NA,NA,NA,NA,NA,NA,NA,NA,NA,NA,NA,NA,NA,NA,NA,NA,NA,NA,NA,NA,NA,NA,NA,NA,2024,1999-10-27,NA,NA,NA,NA
"Devaughn Vele","DEN","WR","16788","weighted",NA,NA,NA,NA,NA,NA,1.4984756097561,0.707106781186548,0,0,0,0,NA,NA,NA,NA,7.51981707317073,9.19238815542512,80.2286585365854,106.066017177982,0.501524390243902,0.707106781186548,NA,NA,NA,NA,NA,NA,NA,NA,NA,NA,NA,NA,NA,NA,NA,NA,NA,NA,NA,NA,NA,NA,NA,NA,NA,NA,NA,NA,NA,NA,NA,NA,2024,1997-12-12,NA,NA,NA,NA
"Parris Campbell","PHI","WR","14112","weighted",NA,NA,NA,NA,NA,NA,5,NA,0,NA,0,NA,NA,NA,NA,NA,14,NA,152,NA,1,NA,NA,NA,NA,NA,NA,NA,NA,NA,NA,NA,NA,NA,NA,NA,NA,NA,NA,NA,NA,NA,NA,NA,NA,NA,NA,NA,NA,NA,NA,NA,NA,NA,2019,1997-07-16,NA,NA,NA,NA
"Derius Davis","LAC","WR","16299","weighted",NA,NA,NA,NA,NA,NA,39.2073450650344,35.6164010527931,0.00629303749043611,0.0125287203795034,0.0374904361132364,0.0250066922886914,NA,NA,1,0,8.64393267023718,5.36491970819967,75.6170772762051,55.3188065901417,0.545325172149962,0.533152729630975,NA,NA,NA,NA,NA,NA,NA,NA,NA,NA,NA,NA,NA,NA,NA,NA,NA,NA,NA,NA,NA,NA,NA,NA,NA,NA,NA,NA,NA,NA,NA,NA,2023,2000-09-11,NA,NA,NA,NA
"Byron Pringle","WAS","WR","13863","weighted",NA,NA,NA,NA,NA,NA,0,0,0,0,0,0,NA,NA,NA,NA,6.82560862865947,8.37214428924872,74.9119260400616,101.314259608409,0.0843451463790447,0.120208152801713,NA,NA,NA,NA,NA,NA,NA,NA,NA,NA,NA,NA,NA,NA,NA,NA,NA,NA,NA,NA,NA,NA,NA,NA,NA,NA,NA,NA,NA,NA,NA,NA,2018,1970-01-01,NA,NA,NA,NA
"Ainias Smith","PHI","WR","16686","weighted",NA,NA,NA,NA,NA,NA,0,NA,0,NA,0,NA,NA,NA,NA,NA,10,NA,135,NA,1,NA,NA,NA,NA,NA,NA,NA,NA,NA,NA,NA,NA,NA,NA,NA,NA,NA,NA,NA,NA,NA,NA,NA,NA,NA,NA,NA,NA,NA,NA,NA,NA,NA,2024,2001-05-31,NA,"Ankle",2024,0
"Jordan Whittington","LAR","WR","16633","weighted",NA,NA,NA,NA,NA,NA,0,0,0,0,0,0,NA,NA,NA,NA,8.9980732177264,1.9539519228326,107.036608863198,28.8116103012466,0.682080924855491,0.570974102031498,NA,NA,NA,NA,NA,NA,NA,NA,NA,NA,NA,NA,NA,NA,NA,NA,NA,NA,NA,NA,NA,NA,NA,NA,NA,NA,NA,NA,NA,NA,NA,NA,2024,2000-10-01,NA,NA,NA,NA
"River Cracraft","MIA","WR","13862","weighted",NA,NA,NA,NA,NA,NA,0,0,0,0,0,0,NA,NA,NA,NA,8.81719568567026,0.403050865276332,109.971155624037,18.5686240739587,0.519845916795069,0.0282842712474619,NA,NA,NA,NA,NA,NA,NA,NA,NA,NA,NA,NA,NA,NA,NA,NA,NA,NA,NA,NA,NA,NA,NA,NA,NA,NA,NA,NA,NA,NA,NA,NA,2017,NA,NA,"Upper Body",2024,0
"David Moore","CAR","WR","13348","weighted",NA,NA,NA,NA,NA,NA,1.53009543285617,1.49687095925705,0,0,0.0332822085889571,0.0288901637809316,NA,NA,NA,NA,6.539918200409,3.01946643714507,79.7455623721881,37.785844470623,0.51521472392638,0.428475836460544,NA,NA,NA,NA,NA,NA,NA,NA,NA,NA,NA,NA,NA,NA,NA,NA,NA,NA,NA,NA,NA,NA,NA,NA,NA,NA,NA,NA,NA,NA,NA,NA,2017,1995-01-15,NA,NA,NA,NA
"Malik Heath","GB","WR","16413","weighted",NA,NA,NA,NA,NA,NA,0,0,0,0,0,0,NA,NA,NA,NA,8.90046224961479,9.26309883354377,73.980061633282,67.0125096530491,0.658428351309707,0.629325035256027,NA,NA,NA,NA,NA,NA,NA,NA,NA,NA,NA,NA,NA,NA,NA,NA,NA,NA,NA,NA,NA,NA,NA,NA,NA,NA,NA,NA,NA,NA,NA,NA,2023,2000-03-03,NA,NA,NA,NA
"Ronnie Bell","SF","WR","16202","weighted",NA,NA,NA,NA,NA,NA,0,0,0,0,0,0,NA,NA,NA,NA,4.81738058551618,4.10829039869384,64.3483821263482,59.3616142806107,1.76690292758089,2.18495995386643,NA,NA,NA,NA,NA,NA,NA,NA,NA,NA,NA,NA,NA,NA,NA,NA,NA,NA,NA,NA,NA,NA,NA,NA,NA,NA,NA,NA,NA,NA,NA,NA,2023,2000-01-28,NA,NA,NA,NA
"Casey Washington","ATL","WR","16760","weighted",NA,NA,NA,NA,NA,NA,0,NA,0,NA,0,NA,NA,NA,NA,NA,7,NA,85,NA,1,NA,NA,NA,NA,NA,NA,NA,NA,NA,NA,NA,NA,NA,NA,NA,NA,NA,NA,NA,NA,NA,NA,NA,NA,NA,NA,NA,NA,NA,NA,NA,NA,NA,2024,2001-03-06,NA,NA,NA,NA
"Deonte Harris","BAL","WR","14558","weighted",NA,NA,NA,NA,NA,NA,2.01540832049307,2.82842712474619,0,0,0,0,NA,NA,NA,NA,7.0442218798151,1.06066017177982,76.964468412943,31.3036172031285,0.609922958397535,0.014142135623731,NA,NA,NA,NA,NA,NA,NA,NA,NA,NA,NA,NA,NA,NA,NA,NA,NA,NA,NA,NA,NA,NA,NA,NA,NA,NA,NA,NA,NA,NA,NA,NA,2019,1970-01-01,NA,NA,NA,NA
"Velus Jones","CHI","WR","15767","weighted",NA,NA,NA,NA,NA,NA,40.9202465331279,38.5938881171618,0.170231124807396,0.0424264068711928,0,0,NA,NA,NA,NA,5.57966101694915,5.44472221513642,58.8462249614792,54.3765114732455,0.0843451463790447,0.120208152801713,NA,NA,NA,NA,NA,NA,NA,NA,NA,NA,NA,NA,NA,NA,NA,NA,NA,NA,NA,NA,NA,NA,NA,NA,NA,NA,NA,NA,NA,NA,NA,NA,2022,1997-05-11,NA,NA,NA,NA
"Chris Conley","SF","WR","12257","weighted",NA,NA,NA,NA,NA,NA,0,0,0,0,0,0,NA,NA,NA,NA,4.51010785824345,3.69109739779378,59.920123266564,51.4208051278857,0.50231124807396,0.424264068711929,NA,NA,NA,NA,NA,NA,NA,NA,NA,NA,NA,NA,NA,NA,NA,NA,NA,NA,NA,NA,NA,NA,NA,NA,NA,NA,NA,NA,NA,NA,NA,NA,2015,1992-10-25,NA,NA,NA,NA
"Jalen Reagor","FA","WR","14839","weighted",NA,NA,NA,NA,NA,NA,0,NA,0,NA,0,NA,NA,NA,NA,NA,6,NA,74.52,NA,0.32,NA,NA,NA,NA,NA,NA,NA,NA,NA,NA,NA,NA,NA,NA,NA,NA,NA,NA,NA,NA,NA,NA,NA,NA,NA,NA,NA,NA,NA,NA,NA,NA,NA,2020,1999-01-02,NA,NA,NA,NA
"Kayshon Boutte","NE","WR","16193","weighted",NA,NA,NA,NA,NA,NA,0,0,0,0,0,0,NA,NA,NA,NA,2.25645608628659,0.650538238691624,27.0899537750385,10.1045559031558,0.0694607087827427,0.0989949493661166,NA,NA,NA,NA,NA,NA,NA,NA,NA,NA,NA,NA,NA,NA,NA,NA,NA,NA,NA,NA,NA,NA,NA,NA,NA,NA,NA,NA,NA,NA,NA,NA,2023,2002-05-07,NA,NA,NA,NA
"Zach Pascal","ARI","WR","13488","weighted",NA,NA,NA,NA,NA,NA,0,0,0,0,0,0,NA,NA,NA,NA,4.10187981510015,0.572756492761103,35.9025885978428,16.9634916806653,0.158767334360555,0.226274169979695,NA,NA,NA,NA,NA,NA,NA,NA,NA,NA,NA,NA,NA,NA,NA,NA,NA,NA,NA,NA,NA,NA,NA,NA,NA,NA,NA,NA,NA,NA,NA,NA,2017,1994-12-18,NA,NA,NA,NA
"Jalen Guyton","LVR","WR","14337","weighted",NA,NA,NA,NA,NA,NA,0,NA,0,NA,0,NA,NA,NA,NA,NA,2.93,NA,40.85,NA,0.17,NA,NA,NA,NA,NA,NA,NA,NA,NA,NA,NA,NA,NA,NA,NA,NA,NA,NA,NA,NA,NA,NA,NA,NA,NA,NA,NA,NA,NA,NA,NA,NA,NA,2019,NA,NA,NA,NA,NA
"Robby Anderson","FA","WR","12930","weighted",NA,NA,NA,NA,NA,NA,0,NA,0,NA,0,NA,NA,NA,NA,NA,4.27,NA,46.99,NA,0.29,NA,NA,NA,NA,NA,NA,NA,NA,NA,NA,NA,NA,NA,NA,NA,NA,NA,NA,NA,NA,NA,NA,NA,NA,NA,NA,NA,NA,NA,NA,NA,NA,NA,2016,1993-05-09,NA,NA,NA,NA
"Jason Brownlee","NYJ","WR","16423","weighted",NA,NA,NA,NA,NA,NA,0,NA,0,NA,0,NA,NA,NA,NA,NA,1.67,NA,19.28,NA,0.17,NA,NA,NA,NA,NA,NA,NA,NA,NA,NA,NA,NA,NA,NA,NA,NA,NA,NA,NA,NA,NA,NA,NA,NA,NA,NA,NA,NA,NA,NA,NA,NA,NA,2023,1999-01-30,NA,NA,NA,NA
"Laviska Shenault","SEA","WR","14838","weighted",NA,NA,NA,NA,NA,NA,27.2155623721881,16.5686523727525,0.0362167689161554,0.0633123114955854,0.0332822085889571,0.0288901637809316,NA,NA,NA,NA,4.81807770961145,3.06500341047878,40.8912474437628,31.6743054856564,0.0559713701431493,0.0978462995840866,NA,NA,NA,NA,NA,NA,NA,NA,NA,NA,NA,NA,NA,NA,NA,NA,NA,NA,NA,NA,NA,NA,NA,NA,NA,NA,NA,NA,NA,NA,NA,NA,2020,1970-01-01,NA,NA,NA,NA
"Xavier Hutchinson","HOU","WR","16201","weighted",NA,NA,NA,NA,NA,NA,20.6579352850539,28.9913780286484,0,0,0,0,NA,NA,NA,NA,4.52157164869029,3.95979797464467,39.6993220338983,24.6568134599749,0.0843451463790447,0.120208152801713,NA,NA,NA,NA,NA,NA,NA,NA,NA,NA,NA,NA,NA,NA,NA,NA,NA,NA,NA,NA,NA,NA,NA,NA,NA,NA,NA,NA,NA,NA,NA,NA,2023,2000-06-01,NA,NA,NA,NA
"Ashton Dulin","IND","WR","14315","weighted",NA,NA,NA,NA,NA,NA,5.03852080123267,7.07106781186548,0,0,0,0,NA,NA,NA,NA,4.18169491525424,0.311126983722081,51.6658859784283,4.7517575695736,0.350385208012327,0.0707106781186548,NA,NA,NA,NA,NA,NA,NA,NA,NA,NA,NA,NA,NA,NA,NA,NA,NA,NA,NA,NA,NA,NA,NA,NA,NA,NA,NA,NA,NA,NA,NA,NA,2019,1997-05-15,NA,NA,NA,NA
"Bryce Ford-Wheaton","NYG","WR","16379","weighted",NA,NA,NA,NA,NA,NA,0,0,0,0,0,0,NA,NA,NA,NA,6.80060975609756,0.282842712474619,59.0487804878049,22.6274169979695,0,0,NA,NA,NA,NA,NA,NA,NA,NA,NA,NA,NA,NA,NA,NA,NA,NA,NA,NA,NA,NA,NA,NA,NA,NA,NA,NA,NA,NA,NA,NA,NA,NA,2023,2000-03-09,NA,NA,NA,NA
"Scott Miller","PIT","WR","14280","weighted",NA,NA,NA,NA,NA,NA,3.71768916155419,4.02693673321148,0,0,0,0,NA,NA,NA,NA,6.14515337423313,0.500160215850258,71.78918200409,2.92408683605475,0.288486707566462,0.253980203110973,NA,NA,NA,NA,NA,NA,NA,NA,NA,NA,NA,NA,NA,NA,NA,NA,NA,NA,NA,NA,NA,NA,NA,NA,NA,NA,NA,NA,NA,NA,NA,NA,2019,1970-01-01,NA,NA,NA,NA
"Britain Covey","PHI","WR","15772","weighted",NA,NA,NA,NA,NA,NA,0,0,0,0,0,0,NA,NA,NA,NA,5.62360554699538,1.17379725676967,52.6447149460709,29.4227131651722,0.248073959938367,0.353553390593274,NA,NA,NA,NA,NA,NA,NA,NA,NA,NA,NA,NA,NA,NA,NA,NA,NA,NA,NA,NA,NA,NA,NA,NA,NA,NA,NA,NA,NA,NA,NA,NA,2022,1997-03-18,NA,NA,NA,NA
"Tim Jones","JAC","WR","16005","weighted",NA,NA,NA,NA,NA,NA,0,0,0,0,0,0,NA,NA,NA,NA,4.42995377503852,3.66281312654632,43.1303235747304,34.0189072428848,0.0843451463790447,0.120208152801713,NA,NA,NA,NA,NA,NA,NA,NA,NA,NA,NA,NA,NA,NA,NA,NA,NA,NA,NA,NA,NA,NA,NA,NA,NA,NA,NA,NA,NA,NA,NA,NA,2021,1998-05-15,NA,NA,NA,NA
"Dareke Young","SEA","WR","15941","weighted",NA,NA,NA,NA,NA,NA,2.01540832049307,2.82842712474619,0,0,0,0,NA,NA,NA,NA,2.53531587057011,3.61331565186326,29.6001848998459,42.1859905655894,0.178613251155624,0.254558441227157,NA,NA,NA,NA,NA,NA,NA,NA,NA,NA,NA,NA,NA,NA,NA,NA,NA,NA,NA,NA,NA,NA,NA,NA,NA,NA,NA,NA,NA,NA,NA,NA,2022,1999-06-04,NA,NA,NA,NA
"DJ Turner","LVR","WR","15995","weighted",NA,NA,NA,NA,NA,NA,22.1694915254237,31.1126983722081,0,0,0.0248073959938367,0.0353553390593274,NA,NA,NA,NA,3.71694915254237,3.11126983722081,37.9605855161787,28.5600428921247,0.0843451463790447,0.120208152801713,NA,NA,NA,NA,NA,NA,NA,NA,NA,NA,NA,NA,NA,NA,NA,NA,NA,NA,NA,NA,NA,NA,NA,NA,NA,NA,NA,NA,NA,NA,NA,NA,2021,1997-01-18,NA,NA,NA,NA
"Gunner Olszewski","NYG","WR","14555","weighted",NA,NA,NA,NA,NA,NA,0,NA,0,NA,0,NA,NA,NA,NA,NA,5.01,NA,52.88,NA,0.28,NA,NA,NA,NA,NA,NA,NA,NA,NA,NA,NA,NA,NA,NA,NA,NA,NA,NA,NA,NA,NA,NA,NA,NA,NA,NA,NA,NA,NA,NA,NA,NA,NA,2019,1996-11-26,"Q","Groin",2024,0
"Tyler Johnson","LAR","WR","14864","weighted",NA,NA,NA,NA,NA,NA,4.5346687211094,6.36396103067893,0,0,0,0,NA,NA,NA,NA,3.75278890600925,2.34759451353934,32.622280431433,10.514677836244,0.255346687211094,0.0636396103067893,NA,NA,NA,NA,NA,NA,NA,NA,NA,NA,NA,NA,NA,NA,NA,NA,NA,NA,NA,NA,NA,NA,NA,NA,NA,NA,NA,NA,NA,NA,NA,NA,2020,1970-01-01,NA,NA,NA,NA
"Irvin Charles","NYJ","WR","15984","weighted",NA,NA,NA,NA,NA,NA,0,NA,0,NA,0,NA,NA,NA,NA,NA,1.67,NA,19.27,NA,0.17,NA,NA,NA,NA,NA,NA,NA,NA,NA,NA,NA,NA,NA,NA,NA,NA,NA,NA,NA,NA,NA,NA,NA,NA,NA,NA,NA,NA,NA,NA,NA,NA,NA,2022,1997-04-13,"Q","Hip",2024,0
"Kameron Johnson","TB","WR","16883","weighted",NA,NA,NA,NA,NA,NA,3.52696456086287,4.94974746830583,0,0,0,0,NA,NA,NA,NA,3.10086286594761,1.99404112294606,20.8390138674884,1.65462986797652,0.0843451463790447,0.120208152801713,NA,NA,NA,NA,NA,NA,NA,NA,NA,NA,NA,NA,NA,NA,NA,NA,NA,NA,NA,NA,NA,NA,NA,NA,NA,NA,NA,NA,NA,NA,NA,NA,2024,2002-03-17,NA,NA,NA,NA
"Montrell Washington","KC","WR","15900","weighted",NA,NA,NA,NA,NA,NA,0,NA,0,NA,0,NA,NA,NA,NA,NA,1.74,NA,21.04,NA,0.17,NA,NA,NA,NA,NA,NA,NA,NA,NA,NA,NA,NA,NA,NA,NA,NA,NA,NA,NA,NA,NA,NA,NA,NA,NA,NA,NA,NA,NA,NA,NA,NA,NA,2022,1998-03-14,NA,NA,NA,NA
"DeAndre Carter","CHI","WR","12394","weighted",NA,NA,NA,NA,NA,NA,18,NA,0,NA,0,NA,NA,NA,NA,NA,0.5,NA,7,NA,0,NA,NA,NA,NA,NA,NA,NA,NA,NA,NA,NA,NA,NA,NA,NA,NA,NA,NA,NA,NA,NA,NA,NA,NA,NA,NA,NA,NA,NA,NA,NA,NA,NA,2015,1993-04-10,NA,NA,NA,NA
"Simi Fehoko","LAC","WR","15303","weighted",NA,NA,NA,NA,NA,NA,0,NA,0,NA,0,NA,NA,NA,NA,NA,1.71,NA,20.19,NA,0.17,NA,NA,NA,NA,NA,NA,NA,NA,NA,NA,NA,NA,NA,NA,NA,NA,NA,NA,NA,NA,NA,NA,NA,NA,NA,NA,NA,NA,NA,NA,NA,NA,NA,2021,1997-11-05,NA,NA,NA,NA
"Cody White","SEA","WR","15589","weighted",NA,NA,NA,NA,NA,NA,0,NA,0,NA,0,NA,NA,NA,NA,NA,1.7,NA,19.49,NA,0.17,NA,NA,NA,NA,NA,NA,NA,NA,NA,NA,NA,NA,NA,NA,NA,NA,NA,NA,NA,NA,NA,NA,NA,NA,NA,NA,NA,NA,NA,NA,NA,NA,NA,2020,1998-11-28,NA,NA,NA,NA
"Trishton Jackson","MIN","WR","14859","weighted",NA,NA,NA,NA,NA,NA,0,0,0,0,0,0,NA,NA,NA,NA,0.883913713405239,1.11722871427475,9.34819722650231,13.1804704013172,0.0843451463790447,0.120208152801713,NA,NA,NA,NA,NA,NA,NA,NA,NA,NA,NA,NA,NA,NA,NA,NA,NA,NA,NA,NA,NA,NA,NA,NA,NA,NA,NA,NA,NA,NA,NA,NA,2020,NA,NA,NA,NA,NA
"Kristian Wilkerson","LVR","WR","15528","weighted",NA,NA,NA,NA,NA,NA,0,NA,0,NA,0,NA,NA,NA,NA,NA,1.5,NA,17.52,NA,0.17,NA,NA,NA,NA,NA,NA,NA,NA,NA,NA,NA,NA,NA,NA,NA,NA,NA,NA,NA,NA,NA,NA,NA,NA,NA,NA,NA,NA,NA,NA,NA,NA,NA,2020,1997-01-10,NA,NA,NA,NA
"David Sills","DEN","WR","14110","weighted",NA,NA,NA,NA,NA,NA,0,NA,0,NA,0,NA,NA,NA,NA,NA,1.52,NA,16.91,NA,0.14,NA,NA,NA,NA,NA,NA,NA,NA,NA,NA,NA,NA,NA,NA,NA,NA,NA,NA,NA,NA,NA,NA,NA,NA,NA,NA,NA,NA,NA,NA,NA,NA,NA,2019,1995-05-29,NA,NA,NA,NA
"Travis Kelce","KC","TE","11244","weighted",NA,NA,NA,NA,NA,NA,3.98191139719803,3.22826741615931,0.0198485422188565,0.0259390150232336,0.996847784929951,0.0430006371673018,NA,NA,NA,NA,89.3990003786445,8.37364316284301,962.406762589928,108.527993511881,7.3635361017512,0.648254102960736,NA,NA,NA,NA,NA,NA,NA,NA,NA,NA,NA,NA,NA,NA,NA,NA,NA,NA,NA,NA,NA,NA,NA,NA,NA,NA,NA,NA,NA,NA,NA,NA,2013,1989-10-05,NA,NA,NA,NA
"Trey McBride","ARI","TE","15794","weighted",NA,NA,NA,NA,NA,NA,0,0,0,0,0.357582355168497,0.310128010347687,NA,NA,NA,NA,88.1826883756153,7.0444432208256,900.755168496782,81.8236074418141,5.11911319175624,1.03685497558818,NA,NA,NA,NA,NA,NA,NA,NA,NA,NA,NA,NA,NA,NA,NA,NA,NA,NA,NA,NA,NA,NA,NA,NA,NA,NA,NA,NA,NA,NA,NA,NA,2022,1999-11-22,NA,NA,NA,NA
"Sam LaPorta","DET","TE","16214","weighted",NA,NA,NA,NA,NA,NA,1.33434305187429,1.22845413580069,0,0,0.342048466489966,0.309400434247398,NA,NA,NA,NA,87.8931465354033,6.30255249708196,908.848072699735,66.6091619654786,8.17947380032042,1.02770907053798,NA,NA,NA,NA,NA,NA,NA,NA,NA,NA,NA,NA,NA,NA,NA,NA,NA,NA,NA,NA,NA,NA,NA,NA,NA,NA,NA,NA,NA,NA,NA,NA,2023,2001-01-12,"Q","Hamstring",2024,0
"Kyle Pitts","ATL","TE","15329","weighted",NA,NA,NA,NA,NA,NA,-0.96739871260886,0.890629248455501,0,0,0.342048466489966,0.309400434247398,NA,NA,NA,NA,69.1948655812192,7.20809703695598,880.063930329421,69.6639544367702,5.19336584680848,0.786203804417332,NA,NA,NA,NA,NA,NA,NA,NA,NA,NA,NA,NA,NA,NA,NA,NA,NA,NA,NA,NA,NA,NA,NA,NA,NA,NA,NA,NA,NA,NA,NA,NA,2021,2000-10-06,NA,NA,NA,NA
"George Kittle","SF","TE","13299","weighted",NA,NA,NA,NA,NA,NA,3.00833017796289,1.40282257350744,0,0,0.342048466489966,0.309400434247398,NA,NA,NA,NA,65.407678909504,4.59360912585836,902.918901931087,44.4317042912671,6.33818102315311,0.712987593103983,NA,NA,NA,NA,NA,NA,NA,NA,NA,NA,NA,NA,NA,NA,NA,NA,NA,NA,NA,NA,NA,NA,NA,NA,NA,NA,NA,NA,NA,NA,NA,NA,2017,1993-10-09,NA,NA,NA,NA
"Mark Andrews","BAL","TE","13671","weighted",NA,NA,NA,NA,NA,NA,1.00075728890572,0.921340601850518,0,0,0.357582355168497,0.310128010347687,NA,NA,NA,NA,72.69734948883,6.09639060842199,882.20746686861,68.6835521624602,7.70017292136911,1.42961462517351,NA,NA,NA,NA,NA,NA,NA,NA,NA,NA,NA,NA,NA,NA,NA,NA,NA,NA,NA,NA,NA,NA,NA,NA,NA,NA,NA,NA,NA,NA,NA,NA,2018,1995-09-06,NA,NA,NA,NA
"Dalton Kincaid","BUF","TE","16213","weighted",NA,NA,NA,NA,NA,NA,0,0,0,0,0.941016660355926,0.0378765117342619,NA,NA,NA,NA,83.1591442635365,7.80983353506064,841.80955698599,97.5361368188857,5.35003858410814,1.39681189683761,NA,NA,NA,NA,NA,NA,NA,NA,NA,NA,NA,NA,NA,NA,NA,NA,NA,NA,NA,NA,NA,NA,NA,NA,NA,NA,NA,NA,NA,NA,NA,NA,2023,1999-10-18,NA,NA,NA,NA
"Evan Engram","JAC","TE","13189","weighted",NA,NA,NA,NA,NA,NA,1.00075728890572,0.921340601850518,0,0,1.09612836046952,0.126837767301143,NA,NA,NA,NA,90.2448466489966,9.86097274945968,830.176917834154,75.4785717902051,4.51715527965126,0.838326269881514,NA,NA,NA,NA,NA,NA,NA,NA,NA,NA,NA,NA,NA,NA,NA,NA,NA,NA,NA,NA,NA,NA,NA,NA,NA,NA,NA,NA,NA,NA,NA,NA,2017,1994-09-02,NA,NA,NA,NA
"David Njoku","CLE","TE","13192","weighted",NA,NA,NA,NA,NA,NA,-1.23426732298372,1.13632007561564,0,0,1.62373154108292,0.33217350940094,NA,NA,NA,NA,71.5920030291556,4.45630550913651,787.978008330178,56.273501205623,5.44933751701098,0.731247635265944,NA,NA,NA,NA,NA,NA,NA,NA,NA,NA,NA,NA,NA,NA,NA,NA,NA,NA,NA,NA,NA,NA,NA,NA,NA,NA,NA,NA,NA,NA,NA,NA,2017,1996-07-10,"Q","Undisclosed",2024,0
"Dallas Goedert","PHI","TE","13674","weighted",NA,NA,NA,NA,NA,NA,0.333585762968573,0.307113533950173,0,0,0.525075728890572,0.27204722133651,NA,NA,NA,NA,66.36265051117,2.89524061709677,719.590935251799,64.8725021162096,4.34935544472204,1.2194985650556,NA,NA,NA,NA,NA,NA,NA,NA,NA,NA,NA,NA,NA,NA,NA,NA,NA,NA,NA,NA,NA,NA,NA,NA,NA,NA,NA,NA,NA,NA,NA,NA,2018,1995-01-03,"Q","Oblique",2024,0
"T.J. Hockenson","MIN","TE","14138","weighted",NA,NA,NA,NA,NA,NA,0,0,0,0,1.05267890950398,0.100080371798461,NA,NA,NA,NA,63.0894964028777,12.4384063398132,633.252654297615,140.897724404671,3.65599011752924,0.856716489465522,NA,NA,NA,NA,NA,NA,NA,NA,NA,NA,NA,NA,NA,NA,NA,NA,NA,NA,NA,NA,NA,NA,NA,NA,NA,NA,NA,NA,NA,NA,NA,NA,2019,1997-07-03,NA,"Knee - ACL + MCL",2024,0
"Brock Bowers","LVR","TE","16641","weighted",NA,NA,NA,NA,NA,NA,0.333585762968573,0.307113533950173,0,0,1.16154865581219,0.412953730422806,NA,NA,NA,NA,61.7635668307459,10.1678687927431,684.951609238925,109.428454259338,4.60000861764595,1.06550112880204,NA,NA,NA,NA,NA,NA,NA,NA,NA,NA,NA,NA,NA,NA,NA,NA,NA,NA,NA,NA,NA,NA,NA,NA,NA,NA,NA,NA,NA,NA,NA,NA,2024,2002-12-13,"Q","Foot",2024,0
"Jake Ferguson","DAL","TE","15799","weighted",NA,NA,NA,NA,NA,NA,0,0,0,0,0.342048466489966,0.309400434247398,NA,NA,NA,NA,71.0988792124195,3.59259673894475,746.905195001893,36.9658174898699,5.65637754732856,0.694406209007634,NA,NA,NA,NA,NA,NA,NA,NA,NA,NA,NA,NA,NA,NA,NA,NA,NA,NA,NA,NA,NA,NA,NA,NA,NA,NA,NA,NA,NA,NA,NA,NA,2022,1999-01-18,NA,NA,NA,NA
"Cole Kmet","CHI","TE","14867","weighted",NA,NA,NA,NA,NA,NA,3.00757288905718,1.91775649427005,0,0,0.357582355168497,0.310128010347687,NA,NA,NA,NA,57.9709352517986,11.5294107315478,579.822688375615,128.82517258141,4.64770511417068,1.51536969694854,NA,NA,NA,NA,NA,NA,NA,NA,NA,NA,NA,NA,NA,NA,NA,NA,NA,NA,NA,NA,NA,NA,NA,NA,NA,NA,NA,NA,NA,NA,NA,NA,2020,1999-03-10,NA,NA,NA,NA
"Pat Freiermuth","PIT","TE","15331","weighted",NA,NA,NA,NA,NA,NA,0,0,0,0,0.357582355168497,0.310128010347687,NA,NA,NA,NA,58.5540704278682,8.70359374857641,606.992457402499,86.0069057888667,4.1963507957325,1.36376759748236,NA,NA,NA,NA,NA,NA,NA,NA,NA,NA,NA,NA,NA,NA,NA,NA,NA,NA,NA,NA,NA,NA,NA,NA,NA,NA,NA,NA,NA,NA,NA,NA,2021,1998-10-25,NA,NA,NA,NA
"Dalton Schultz","HOU","TE","13772","weighted",NA,NA,NA,NA,NA,NA,0,0,0,0,0.829354411207876,0.154478428690019,NA,NA,NA,NA,58.4554108292314,3.05626506432457,626.551995456267,48.5299561820267,4.94746351968164,0.660027440114851,NA,NA,NA,NA,NA,NA,NA,NA,NA,NA,NA,NA,NA,NA,NA,NA,NA,NA,NA,NA,NA,NA,NA,NA,NA,NA,NA,NA,NA,NA,NA,NA,2018,1996-07-11,NA,NA,NA,NA
"Tyler Conklin","NYJ","TE","13675","weighted",NA,NA,NA,NA,NA,NA,0.667171525937145,0.614227067900345,0,0,0.0248643190710589,0.0155196263195692,NA,NA,NA,NA,56.4382279439606,5.94272148507995,566.474229458538,67.5600014192459,2.99465788365619,1.1487031901105,NA,NA,NA,NA,NA,NA,NA,NA,NA,NA,NA,NA,NA,NA,NA,NA,NA,NA,NA,NA,NA,NA,NA,NA,NA,NA,NA,NA,NA,NA,NA,NA,2018,1995-07-30,NA,NA,NA,NA
"Chigoziem Okonkwo","TEN","TE","15889","weighted",NA,NA,NA,NA,NA,NA,3.60881355932203,2.44941695627387,0,0,0.341101694915254,0.330622005073168,NA,NA,NA,NA,51.2881016949153,6.39143244804966,546.574601694915,78.0704253750064,2.83449152542373,1.05149420069079,NA,NA,NA,NA,NA,NA,NA,NA,NA,NA,NA,NA,NA,NA,NA,NA,NA,NA,NA,NA,NA,NA,NA,NA,NA,NA,NA,NA,NA,NA,NA,NA,2022,1999-09-08,NA,NA,NA,NA
"Juwan Johnson","NO","TE","14861","weighted",NA,NA,NA,NA,NA,NA,8.33964407421431,7.67783834875432,0.166792881484286,0.153556766975086,0.0248643190710589,0.0155196263195692,NA,NA,NA,NA,45.2564407421431,7.83556976884,492.426134040136,81.0468991026927,4.84880961900796,1.44231558006016,NA,NA,NA,NA,NA,NA,NA,NA,NA,NA,NA,NA,NA,NA,NA,NA,NA,NA,NA,NA,NA,NA,NA,NA,NA,NA,NA,NA,NA,NA,NA,NA,2020,1996-09-13,NA,NA,NA,NA
"Jonnu Smith","MIA","TE","13193","weighted",NA,NA,NA,NA,NA,NA,0.501514577811435,0.653144271204572,0,0,0.701830114855484,0.125574928687777,NA,NA,NA,NA,40.0461264672473,7.27578681755245,443.949769026884,89.3437254835792,2.9590282349193,1.09478893318472,NA,NA,NA,NA,NA,NA,NA,NA,NA,NA,NA,NA,NA,NA,NA,NA,NA,NA,NA,NA,NA,NA,NA,NA,NA,NA,NA,NA,NA,NA,NA,NA,2017,1995-08-22,NA,NA,NA,NA
"Hunter Henry","NE","TE","12676","weighted",NA,NA,NA,NA,NA,NA,0,0,0,0,0.0248643190710589,0.0155196263195692,NA,NA,NA,NA,48.5138735327528,4.06547163883392,510.65494131011,64.2227513112771,4.64257397293118,1.40902245376473,NA,NA,NA,NA,NA,NA,NA,NA,NA,NA,NA,NA,NA,NA,NA,NA,NA,NA,NA,NA,NA,NA,NA,NA,NA,NA,NA,NA,NA,NA,NA,NA,2016,1994-12-07,"Q","Undisclosed",2024,0
"Luke Musgrave","GB","TE","16215","weighted",NA,NA,NA,NA,NA,NA,0,0,0,0,0.0248643190710589,0.0155196263195692,NA,NA,NA,NA,48.5568572510413,8.0978929280074,507.344445285877,95.5718042332067,3.56149684472223,0.912557941988136,NA,NA,NA,NA,NA,NA,NA,NA,NA,NA,NA,NA,NA,NA,NA,NA,NA,NA,NA,NA,NA,NA,NA,NA,NA,NA,NA,NA,NA,NA,NA,NA,2023,2000-09-02,NA,NA,NA,NA
"Greg Dulcich","DEN","TE","15797","weighted",NA,NA,NA,NA,NA,NA,0,0,0,0,0.0248643190710589,0.0155196263195692,NA,NA,NA,NA,32.7491480499811,6.6331521805681,367.555395683453,123.972583587782,2.04717858407723,1.2739059602731,NA,NA,NA,NA,NA,NA,NA,NA,NA,NA,NA,NA,NA,NA,NA,NA,NA,NA,NA,NA,NA,NA,NA,NA,NA,NA,NA,NA,NA,NA,NA,NA,2022,2000-03-26,NA,NA,NA,NA
"Noah Fant","SEA","TE","14137","weighted",NA,NA,NA,NA,NA,NA,0,0,0,0,0.0248643190710589,0.0155196263195692,NA,NA,NA,NA,45.5869670579326,4.03907007530106,491.345323741007,43.1074990666934,2.95853748063786,0.566757464863621,NA,NA,NA,NA,NA,NA,NA,NA,NA,NA,NA,NA,NA,NA,NA,NA,NA,NA,NA,NA,NA,NA,NA,NA,NA,NA,NA,NA,NA,NA,NA,NA,2019,1997-11-20,"Q","Foot",2024,0
"Isaiah Likely","BAL","TE","15798","weighted",NA,NA,NA,NA,NA,NA,0,0,0,0,0.0248643190710589,0.0155196263195692,NA,NA,NA,NA,34.9205452480121,4.98380356424571,414.82257478228,76.802398211729,3.91131852389687,1.74384026286013,NA,NA,NA,NA,NA,NA,NA,NA,NA,NA,NA,NA,NA,NA,NA,NA,NA,NA,NA,NA,NA,NA,NA,NA,NA,NA,NA,NA,NA,NA,NA,NA,2022,2000-04-18,NA,NA,NA,NA
"Daniel Bellinger","NYG","TE","15873","weighted",NA,NA,NA,NA,NA,NA,0,0,0,0,0.325550847457627,0.234485027126511,NA,NA,NA,NA,37.3749152542373,12.4561702853046,364.33743220339,129.781149579421,1.87660169491525,1.34251029799098,NA,NA,NA,NA,NA,NA,NA,NA,NA,NA,NA,NA,NA,NA,NA,NA,NA,NA,NA,NA,NA,NA,NA,NA,NA,NA,NA,NA,NA,NA,NA,NA,2022,2000-09-22,NA,NA,NA,NA
"Cade Otton","TB","TE","15802","weighted",NA,NA,NA,NA,NA,NA,0,0,0,0,0.627338129496403,0.169256263678121,NA,NA,NA,NA,49.7208936009088,4.14248276894788,489.696524043923,33.2003888289994,3.86865294357736,0.625072836000934,NA,NA,NA,NA,NA,NA,NA,NA,NA,NA,NA,NA,NA,NA,NA,NA,NA,NA,NA,NA,NA,NA,NA,NA,NA,NA,NA,NA,NA,NA,NA,NA,2022,1999-04-15,NA,NA,NA,NA
"Zach Ertz","WAS","TE","11247","weighted",NA,NA,NA,NA,NA,NA,0.333585762968573,0.307113533950173,0,0,0.285586267827843,0.191777592420846,NA,NA,NA,NA,41.6578568723968,9.21469547536165,382.551260886028,91.2565410716014,2.76594527509981,1.13923685663615,NA,NA,NA,NA,NA,NA,NA,NA,NA,NA,NA,NA,NA,NA,NA,NA,NA,NA,NA,NA,NA,NA,NA,NA,NA,NA,NA,NA,NA,NA,NA,NA,2013,1990-11-10,NA,NA,NA,NA
"Ja'Tavion Sanders","CAR","TE","16643","weighted",NA,NA,NA,NA,NA,NA,0,0,0,0,0.481812234216552,0.315165747673268,NA,NA,NA,NA,28.0393032384691,13.5269766207849,303.361629048086,165.454882240034,2.18891069676153,1.45479387560139,NA,NA,NA,NA,NA,NA,NA,NA,NA,NA,NA,NA,NA,NA,NA,NA,NA,NA,NA,NA,NA,NA,NA,NA,NA,NA,NA,NA,NA,NA,NA,NA,2024,2003-03-27,NA,NA,NA,NA
"Kylen Granson","IND","TE","15419","weighted",NA,NA,NA,NA,NA,NA,1.00075728890572,0.921340601850518,0,0,0.0993563044301401,0.0539036515973155,NA,NA,NA,NA,32.7803483528966,5.09361873611262,361.031336614919,73.5113049139404,2.14163088289472,0.211660415735971,NA,NA,NA,NA,NA,NA,NA,NA,NA,NA,NA,NA,NA,NA,NA,NA,NA,NA,NA,NA,NA,NA,NA,NA,NA,NA,NA,NA,NA,NA,NA,NA,2021,1998-03-27,NA,NA,NA,NA
"Mike Gesicki","CIN","TE","13672","weighted",NA,NA,NA,NA,NA,NA,0,0,0,0,0.136602297109681,0.0810577748778626,NA,NA,NA,NA,35.9400454373343,7.70053811834553,353.325929572132,82.8022741061442,2.74587810976397,1.11515668428047,NA,NA,NA,NA,NA,NA,NA,NA,NA,NA,NA,NA,NA,NA,NA,NA,NA,NA,NA,NA,NA,NA,NA,NA,NA,NA,NA,NA,NA,NA,NA,NA,2018,1995-10-03,NA,NA,NA,NA
"Hayden Hurst","LAC","TE","13680","weighted",NA,NA,NA,NA,NA,NA,0,0,0,0,0.0248643190710589,0.0155196263195692,NA,NA,NA,NA,35.6711397198031,10.5900453082682,346.137235895494,90.2834888482367,2.3153471212847,1.04603979307528,NA,NA,NA,NA,NA,NA,NA,NA,NA,NA,NA,NA,NA,NA,NA,NA,NA,NA,NA,NA,NA,NA,NA,NA,NA,NA,NA,NA,NA,NA,NA,NA,2018,1993-08-24,NA,NA,NA,NA
"Ben Sinnott","WAS","TE","16644","weighted",NA,NA,NA,NA,NA,NA,0,0,0,0,0.479745762711864,0.288819723076838,NA,NA,NA,NA,30.0829576271186,13.8146487519363,311.879813559322,142.997101011339,2.16834745762712,1.05522540548442,NA,NA,NA,NA,NA,NA,NA,NA,NA,NA,NA,NA,NA,NA,NA,NA,NA,NA,NA,NA,NA,NA,NA,NA,NA,NA,NA,NA,NA,NA,NA,NA,2024,2002-06-14,NA,NA,NA,NA
"Durham Smythe","MIA","TE","13676","weighted",NA,NA,NA,NA,NA,NA,0,0,0,0,0.189507810197465,0.1518935925961,NA,NA,NA,NA,26.1298938992042,13.1870920471981,261.068974358974,144.89100862998,1.30762562551109,0.68557527354728,NA,NA,NA,NA,NA,NA,NA,NA,NA,NA,NA,NA,NA,NA,NA,NA,NA,NA,NA,NA,NA,NA,NA,NA,NA,NA,NA,NA,NA,NA,NA,NA,2018,1995-08-09,NA,NA,NA,NA
"Tyler Higbee","LAR","TE","12678","weighted",NA,NA,NA,NA,NA,NA,0,0,0,0,0.0248643190710589,0.0155196263195692,NA,NA,NA,NA,35.1704202953427,7.28903926394854,356.292040893601,68.3073824013036,2.05724552170527,0.519165390329743,NA,NA,NA,NA,NA,NA,NA,NA,NA,NA,NA,NA,NA,NA,NA,NA,NA,NA,NA,NA,NA,NA,NA,NA,NA,NA,NA,NA,NA,NA,NA,NA,2016,1993-01-01,NA,"Knee - ACL + MCL",2024,0
"Michael Mayer","LVR","TE","16212","weighted",NA,NA,NA,NA,NA,NA,0,0,0,0,0.0248643190710589,0.0155196263195692,NA,NA,NA,NA,29.7894509655434,4.95164457528958,328.684929950776,77.5550590503999,1.78836289309159,0.642133129231679,NA,NA,NA,NA,NA,NA,NA,NA,NA,NA,NA,NA,NA,NA,NA,NA,NA,NA,NA,NA,NA,NA,NA,NA,NA,NA,NA,NA,NA,NA,NA,NA,2023,2001-07-06,NA,NA,NA,NA
"Gerald Everett","CHI","TE","13236","weighted",NA,NA,NA,NA,NA,NA,2.00151457781144,1.84268120370104,0,0,0.0248643190710589,0.0155196263195692,NA,NA,NA,NA,32.2712836046952,10.1248954077707,294.17654676259,87.8309660135603,2.47218055432978,0.926031991963427,NA,NA,NA,NA,NA,NA,NA,NA,NA,NA,NA,NA,NA,NA,NA,NA,NA,NA,NA,NA,NA,NA,NA,NA,NA,NA,NA,NA,NA,NA,NA,NA,2017,1994-06-25,NA,NA,NA,NA
"Logan Thomas","SF","TE","11647","weighted",NA,NA,NA,NA,NA,NA,0,0,0,0,NA,NA,NA,NA,NA,NA,34.1980360065467,14.142135623731,319.001636661211,132.228968081884,1.3691057367434,0.56750630078062,NA,NA,NA,NA,NA,NA,NA,NA,NA,NA,NA,NA,NA,NA,NA,NA,NA,NA,NA,NA,NA,NA,NA,NA,NA,NA,NA,NA,NA,NA,NA,NA,2014,1991-07-01,NA,NA,NA,NA
"Will Dissly","LAC","TE","13763","weighted",NA,NA,NA,NA,NA,NA,2.00196947316593,2.15295456587341,0,0,0.0223206958805186,0.0171803319040128,NA,NA,NA,NA,30.2996061053668,9.49151851242874,296.815056622353,98.0983397542138,1.90257016248154,0.78747167341187,NA,NA,NA,NA,NA,NA,NA,NA,NA,NA,NA,NA,NA,NA,NA,NA,NA,NA,NA,NA,NA,NA,NA,NA,NA,NA,NA,NA,NA,NA,NA,NA,2018,NA,NA,NA,NA,NA
"Foster Moreau","NO","TE","14239","weighted",NA,NA,NA,NA,NA,NA,16.6868442292171,20.2980013975803,0,0,0.316707021791768,0.292864162843831,NA,NA,NA,NA,18.5947094430993,10.2654726070274,213.842953995157,125.427802560989,1.33381355932203,0.997480219871908,NA,NA,NA,NA,NA,NA,NA,NA,NA,NA,NA,NA,NA,NA,NA,NA,NA,NA,NA,NA,NA,NA,NA,NA,NA,NA,NA,NA,NA,NA,NA,NA,2019,1997-05-06,NA,NA,NA,NA
"Brevin Jordan","HOU","TE","15330","weighted",NA,NA,NA,NA,NA,NA,0,0,0,0,0,0,NA,NA,NA,NA,17.571619891679,7.09137510610501,218.188163466273,119.213517213128,1.77984244214673,1.65627453175321,NA,NA,NA,NA,NA,NA,NA,NA,NA,NA,NA,NA,NA,NA,NA,NA,NA,NA,NA,NA,NA,NA,NA,NA,NA,NA,NA,NA,NA,NA,NA,NA,2021,2000-07-16,NA,NA,NA,NA
"Tucker Kraft","GB","TE","16222","weighted",NA,NA,NA,NA,NA,NA,0,0,0,0,0.0248643190710589,0.0155196263195692,NA,NA,NA,NA,32.4500870882242,3.30610957631347,341.685035971223,32.6966768510778,2.30730336255415,0.502613222380707,NA,NA,NA,NA,NA,NA,NA,NA,NA,NA,NA,NA,NA,NA,NA,NA,NA,NA,NA,NA,NA,NA,NA,NA,NA,NA,NA,NA,NA,NA,NA,NA,2023,2000-11-03,"Q","Pectoral",2024,0
"Elijah Higgins","ARI","TE","16333","weighted",NA,NA,NA,NA,NA,NA,0,0,0,0,0,0,NA,NA,NA,NA,19.7171731448763,10.4608567181521,219.562826855124,131.461716298323,1.30436143361938,0.709111193913312,NA,NA,NA,NA,NA,NA,NA,NA,NA,NA,NA,NA,NA,NA,NA,NA,NA,NA,NA,NA,NA,NA,NA,NA,NA,NA,NA,NA,NA,NA,NA,NA,2023,2000-10-27,NA,NA,NA,NA
"Theo Johnson","NYG","TE","16649","weighted",NA,NA,NA,NA,NA,NA,0,0,0,0,0.525219426565243,0.350492555186493,NA,NA,NA,NA,29.1275014628438,9.54639521818274,289.667056758338,82.4656033589354,1.83908718548859,1.09659744819346,NA,NA,NA,NA,NA,NA,NA,NA,NA,NA,NA,NA,NA,NA,NA,NA,NA,NA,NA,NA,NA,NA,NA,NA,NA,NA,NA,NA,NA,NA,NA,NA,2024,2001-02-26,NA,NA,NA,NA
"Colby Parkinson","LAR","TE","14871","weighted",NA,NA,NA,NA,NA,NA,0,0,0,0,0.0238559322033898,0.0162450682758638,NA,NA,NA,NA,27.9547033898305,6.4451279894753,290.879491525424,65.3199601292091,2.12703389830508,0.651494421987171,NA,NA,NA,NA,NA,NA,NA,NA,NA,NA,NA,NA,NA,NA,NA,NA,NA,NA,NA,NA,NA,NA,NA,NA,NA,NA,NA,NA,NA,NA,NA,NA,2020,1999-01-07,NA,NA,NA,NA
"Noah Gray","KC","TE","15337","weighted",NA,NA,NA,NA,NA,NA,0,0,0,0,0.0248643190710589,0.0155196263195692,NA,NA,NA,NA,25.3893373722075,8.60017044420294,267.005255585006,91.4201161311604,1.56600862058897,0.686576649810934,NA,NA,NA,NA,NA,NA,NA,NA,NA,NA,NA,NA,NA,NA,NA,NA,NA,NA,NA,NA,NA,NA,NA,NA,NA,NA,NA,NA,NA,NA,NA,NA,2021,1999-04-30,NA,NA,NA,NA
"Mo Alie-Cox","IND","TE","13246","weighted",NA,NA,NA,NA,NA,NA,0,0,0,0,0,0,NA,NA,NA,NA,21.3489424206815,7.778243278169,242.707708578143,70.4054347069381,2.92542890716804,1.43346697669653,NA,NA,NA,NA,NA,NA,NA,NA,NA,NA,NA,NA,NA,NA,NA,NA,NA,NA,NA,NA,NA,NA,NA,NA,NA,NA,NA,NA,NA,NA,NA,NA,2016,1993-09-19,NA,NA,NA,NA
"Tanner Hudson","CIN","TE","14370","weighted",NA,NA,NA,NA,NA,NA,0,0,0,0,0,0,NA,NA,NA,NA,23.7542560553633,9.55121637575002,225.021955017301,81.2387614474345,1.47348723105307,0.56046254111585,NA,NA,NA,NA,NA,NA,NA,NA,NA,NA,NA,NA,NA,NA,NA,NA,NA,NA,NA,NA,NA,NA,NA,NA,NA,NA,NA,NA,NA,NA,NA,NA,2018,1994-11-12,NA,NA,NA,NA
"Tommy Tremble","CAR","TE","15332","weighted",NA,NA,NA,NA,NA,NA,0,0,0,0,0.0238559322033898,0.0162450682758638,NA,NA,NA,NA,27.8225338983051,6.88331923161525,258.247745762712,60.1035291667831,2.47382203389831,1.2688357557005,NA,NA,NA,NA,NA,NA,NA,NA,NA,NA,NA,NA,NA,NA,NA,NA,NA,NA,NA,NA,NA,NA,NA,NA,NA,NA,NA,NA,NA,NA,NA,NA,2021,2000-06-02,"Q","Hamstring",2024,0
"Dawson Knox","BUF","TE","14143","weighted",NA,NA,NA,NA,NA,NA,0,0,0,0,0.0248643190710589,0.0155196263195692,NA,NA,NA,NA,29.657092010602,4.13217394172644,297.695478985233,43.7853195629718,2.95641460211403,0.968137798433616,NA,NA,NA,NA,NA,NA,NA,NA,NA,NA,NA,NA,NA,NA,NA,NA,NA,NA,NA,NA,NA,NA,NA,NA,NA,NA,NA,NA,NA,NA,NA,NA,2019,1996-11-14,NA,NA,NA,NA
"Taysom Hill","NO","TE","13424","weighted",NA,NA,NA,NA,NA,NA,329.610957667259,62.7400124139095,3.56143213538086,1.01104263197041,0.4,0,NA,NA,NA,NA,28.1304558910598,4.36294479975301,262.599384251036,37.9810662447803,2.04384843102428,0.101058133394803,NA,NA,NA,NA,NA,NA,NA,NA,NA,NA,NA,NA,NA,NA,NA,NA,NA,NA,NA,NA,NA,NA,NA,NA,NA,NA,NA,NA,NA,NA,NA,NA,2017,1990-08-23,NA,NA,NA,NA
"Johnny Mundt","MIN","TE","13940","weighted",NA,NA,NA,NA,NA,NA,0,0,0,0,0.137691401648999,0.095837191361928,NA,NA,NA,NA,19.5295002523978,4.98906637533137,190.885249873801,59.6588236717308,0.897960625946492,0.199594754622431,NA,NA,NA,NA,NA,NA,NA,NA,NA,NA,NA,NA,NA,NA,NA,NA,NA,NA,NA,NA,NA,NA,NA,NA,NA,NA,NA,NA,NA,NA,NA,NA,2017,1994-11-23,NA,NA,NA,NA
"Austin Hooper","NE","TE","12677","weighted",NA,NA,NA,NA,NA,NA,0,0,0,0,0,0,NA,NA,NA,NA,23.3515214180207,6.65812454443517,223.761811915313,61.631626369052,0.9301329394387,0.648941784697884,NA,NA,NA,NA,NA,NA,NA,NA,NA,NA,NA,NA,NA,NA,NA,NA,NA,NA,NA,NA,NA,NA,NA,NA,NA,NA,NA,NA,NA,NA,NA,NA,2016,1994-10-29,NA,NA,NA,NA
"Charlie Woerner","ATL","TE","14984","weighted",NA,NA,NA,NA,NA,NA,0,0,0,0,0.164575459813555,0.168233763912099,NA,NA,NA,NA,13.8853968253968,10.9526089206021,144.609856386999,118.371317559815,0.480483749055178,0.42537997370413,NA,NA,NA,NA,NA,NA,NA,NA,NA,NA,NA,NA,NA,NA,NA,NA,NA,NA,NA,NA,NA,NA,NA,NA,NA,NA,NA,NA,NA,NA,NA,NA,2020,1997-10-16,NA,NA,NA,NA
"Adam Trautman","DEN","TE","14870","weighted",NA,NA,NA,NA,NA,NA,0,0,0,0,0,0,NA,NA,NA,NA,20.7444673123487,5.48127591503213,204.322820823245,54.0114751931597,2.15547215496368,1.36680026813439,NA,NA,NA,NA,NA,NA,NA,NA,NA,NA,NA,NA,NA,NA,NA,NA,NA,NA,NA,NA,NA,NA,NA,NA,NA,NA,NA,NA,NA,NA,NA,NA,2020,1997-02-05,NA,NA,NA,NA
"Luke Farrell","JAC","TE","15335","weighted",NA,NA,NA,NA,NA,NA,0,0,0,0,0,0,NA,NA,NA,NA,11.4322146636432,7.46910987397567,130.814270597128,97.9153457788473,0.326107331821618,0.466487308668834,NA,NA,NA,NA,NA,NA,NA,NA,NA,NA,NA,NA,NA,NA,NA,NA,NA,NA,NA,NA,NA,NA,NA,NA,NA,NA,NA,NA,NA,NA,NA,NA,2021,1997-10-14,NA,NA,NA,NA
"Josh Oliver","MIN","TE","14209","weighted",NA,NA,NA,NA,NA,NA,0,0,0,0,0.762469733656174,0.136199680105239,NA,NA,NA,NA,22.7179661016949,3.19084600787989,214.243753026634,28.0147241511801,1.56738498789346,0.439175995044246,NA,NA,NA,NA,NA,NA,NA,NA,NA,NA,NA,NA,NA,NA,NA,NA,NA,NA,NA,NA,NA,NA,NA,NA,NA,NA,NA,NA,NA,NA,NA,NA,2019,1997-03-21,NA,NA,NA,NA
"Jeremy Ruckert","NYJ","TE","15796","weighted",NA,NA,NA,NA,NA,NA,0.33361581920904,0.328192993723851,0,0,0.0238559322033898,0.0162450682758638,NA,NA,NA,NA,18.2595847457627,7.92136929847332,179.001644067797,76.3459525098969,1.10886440677966,0.70100449259691,NA,NA,NA,NA,NA,NA,NA,NA,NA,NA,NA,NA,NA,NA,NA,NA,NA,NA,NA,NA,NA,NA,NA,NA,NA,NA,NA,NA,NA,NA,NA,NA,2022,2000-08-11,NA,NA,NA,NA
"Jaheim Bell","NE","TE","16646","weighted",NA,NA,NA,NA,NA,NA,2.50563909774436,2.02905412695293,0,0,0,0,NA,NA,NA,NA,12.4513533834586,7.03643654023814,124.665413533835,85.3247659124853,0.753383458646616,0.952629010513253,NA,NA,NA,NA,NA,NA,NA,NA,NA,NA,NA,NA,NA,NA,NA,NA,NA,NA,NA,NA,NA,NA,NA,NA,NA,NA,NA,NA,NA,NA,NA,NA,2024,2001-06-14,NA,NA,NA,NA
"Brock Wright","DET","TE","15626","weighted",NA,NA,NA,NA,NA,NA,0,0,0,0,0.0197941888619855,0.0183040101777394,NA,NA,NA,NA,18.1102421307506,7.03446792660094,166.231767554479,59.7476140116763,1.60738498789346,0.939115282547488,NA,NA,NA,NA,NA,NA,NA,NA,NA,NA,NA,NA,NA,NA,NA,NA,NA,NA,NA,NA,NA,NA,NA,NA,NA,NA,NA,NA,NA,NA,NA,NA,2021,1998-11-27,NA,NA,NA,NA
"Ian Thomas","CAR","TE","13678","weighted",NA,NA,NA,NA,NA,NA,0,0,0,0,0,0,NA,NA,NA,NA,17.2703026634383,6.308089438763,169.738062953995,60.6034149748622,0.734576271186441,0.492553306944562,NA,NA,NA,NA,NA,NA,NA,NA,NA,NA,NA,NA,NA,NA,NA,NA,NA,NA,NA,NA,NA,NA,NA,NA,NA,NA,NA,NA,NA,NA,NA,NA,2018,1996-06-06,"Q","Calf",2024,0
"Donald Parham","LAC","TE","14341","weighted",NA,NA,NA,NA,NA,NA,0,0,0,0,0,0,NA,NA,NA,NA,12.9355784469097,8.61502602362753,140.727226624406,97.6074361268486,1.26890649762282,0.950181804660273,NA,NA,NA,NA,NA,NA,NA,NA,NA,NA,NA,NA,NA,NA,NA,NA,NA,NA,NA,NA,NA,NA,NA,NA,NA,NA,NA,NA,NA,NA,NA,NA,2019,NA,NA,NA,NA,NA
"Will Mallory","IND","TE","16220","weighted",NA,NA,NA,NA,NA,NA,0,0,0,0,0,0,NA,NA,NA,NA,14.8166742252457,4.71661076784451,176.963189720333,65.8233328465157,0.844777021919879,0.236132548687806,NA,NA,NA,NA,NA,NA,NA,NA,NA,NA,NA,NA,NA,NA,NA,NA,NA,NA,NA,NA,NA,NA,NA,NA,NA,NA,NA,NA,NA,NA,NA,NA,2023,1999-06-22,NA,NA,NA,NA
"Josh Whyle","TEN","TE","16312","weighted",NA,NA,NA,NA,NA,NA,0,0,0,0,0,0,NA,NA,NA,NA,14.7293891973751,7.94360123719271,151.881514386673,81.9049800054792,1.18124179707219,0.704391895795877,NA,NA,NA,NA,NA,NA,NA,NA,NA,NA,NA,NA,NA,NA,NA,NA,NA,NA,NA,NA,NA,NA,NA,NA,NA,NA,NA,NA,NA,NA,NA,NA,2023,1999-09-08,"Q","Concussion",2024,0
"Connor Heyward","PIT","TE","15800","weighted",NA,NA,NA,NA,NA,NA,4.01132447070409,2.23180010280859,0,0,0,0,NA,NA,NA,NA,18.8467848350566,7.67373533261658,169.844894140817,69.5000363363756,0.749118660758247,0.401280904031947,NA,NA,NA,NA,NA,NA,NA,NA,NA,NA,NA,NA,NA,NA,NA,NA,NA,NA,NA,NA,NA,NA,NA,NA,NA,NA,NA,NA,NA,NA,NA,NA,2022,1999-01-22,NA,NA,NA,NA
"Pharaoh Brown","SEA","TE","13994","weighted",NA,NA,NA,NA,NA,NA,0,0,0,0,0,0,NA,NA,NA,NA,15.7462433862434,4.30531781121499,174.800650037793,36.1352048255422,0.760136054421769,0.503174526944084,NA,NA,NA,NA,NA,NA,NA,NA,NA,NA,NA,NA,NA,NA,NA,NA,NA,NA,NA,NA,NA,NA,NA,NA,NA,NA,NA,NA,NA,NA,NA,NA,2017,1994-05-04,"Q","Foot",2024,0
"Jordan Akins","CLE","TE","13753","weighted",NA,NA,NA,NA,NA,NA,0.333736884584342,0.405960027951605,0,0,0.257324455205811,0.216154811125247,NA,NA,NA,NA,16.4864769975787,6.45644612304154,159.519043583535,59.568430649255,1.10949152542373,0.534364555289078,NA,NA,NA,NA,NA,NA,NA,NA,NA,NA,NA,NA,NA,NA,NA,NA,NA,NA,NA,NA,NA,NA,NA,NA,NA,NA,NA,NA,NA,NA,NA,NA,2018,1992-04-19,NA,NA,NA,NA
"Darnell Washington","PIT","TE","16216","weighted",NA,NA,NA,NA,NA,NA,2.00206932229695,2.20695335059787,0,0,0,0,NA,NA,NA,NA,15.5199896533885,4.81743208644505,141.227377133989,46.8782833999214,0.69993787043171,0.664858021589849,NA,NA,NA,NA,NA,NA,NA,NA,NA,NA,NA,NA,NA,NA,NA,NA,NA,NA,NA,NA,NA,NA,NA,NA,NA,NA,NA,NA,NA,NA,NA,NA,2023,2001-08-17,NA,NA,NA,NA
"Charlie Kolar","BAL","TE","15795","weighted",NA,NA,NA,NA,NA,NA,0,0,0,0,0,0,NA,NA,NA,NA,9.68813303099017,5.5991779257737,112.033938019652,64.8578112167195,0.644444444444444,0.418923804816998,NA,NA,NA,NA,NA,NA,NA,NA,NA,NA,NA,NA,NA,NA,NA,NA,NA,NA,NA,NA,NA,NA,NA,NA,NA,NA,NA,NA,NA,NA,NA,NA,2022,1999-02-10,NA,NA,NA,NA
"Drew Sample","CIN","TE","14146","weighted",NA,NA,NA,NA,NA,NA,0,0,0,0,0,0,NA,NA,NA,NA,15.5942554799698,9.43864320777039,121.080997732426,68.4255459150217,0.987664399092971,0.509752977085178,NA,NA,NA,NA,NA,NA,NA,NA,NA,NA,NA,NA,NA,NA,NA,NA,NA,NA,NA,NA,NA,NA,NA,NA,NA,NA,NA,NA,NA,NA,NA,NA,2019,1996-04-16,NA,NA,NA,NA
"John Bates","WAS","TE","15344","weighted",NA,NA,NA,NA,NA,NA,0,0,0,0,0,0,NA,NA,NA,NA,16.1489191232048,7.30439985247478,142.711594860166,60.1486608533468,0.629463340891912,0.437582315099815,NA,NA,NA,NA,NA,NA,NA,NA,NA,NA,NA,NA,NA,NA,NA,NA,NA,NA,NA,NA,NA,NA,NA,NA,NA,NA,NA,NA,NA,NA,NA,NA,2021,1997-11-06,NA,NA,NA,NA
"Erick All","CIN","TE","16645","weighted",NA,NA,NA,NA,NA,NA,0,0,0,0,0,0,NA,NA,NA,NA,13.9584569732938,2.82842712474619,152.356083086053,43.840620433566,1,0,NA,NA,NA,NA,NA,NA,NA,NA,NA,NA,NA,NA,NA,NA,NA,NA,NA,NA,NA,NA,NA,NA,NA,NA,NA,NA,NA,NA,NA,NA,NA,NA,2024,2000-09-13,NA,NA,NA,NA
"Luke Schoonmaker","DAL","TE","16221","weighted",NA,NA,NA,NA,NA,NA,0,0,0,0,0,0,NA,NA,NA,NA,13.7453753026634,4.24654618971486,129.243268765133,48.6938062266442,1.47640435835351,0.462902988113851,NA,NA,NA,NA,NA,NA,NA,NA,NA,NA,NA,NA,NA,NA,NA,NA,NA,NA,NA,NA,NA,NA,NA,NA,NA,NA,NA,NA,NA,NA,NA,NA,2023,1998-09-28,NA,NA,NA,NA
"Cade Stover","HOU","TE","16642","weighted",NA,NA,NA,NA,NA,NA,0,0,0,0,0,0,NA,NA,NA,NA,11.2631578947368,5.86861853300597,118.70977443609,69.8689523094014,0.754135338345865,0.497246457600362,NA,NA,NA,NA,NA,NA,NA,NA,NA,NA,NA,NA,NA,NA,NA,NA,NA,NA,NA,NA,NA,NA,NA,NA,NA,NA,NA,NA,NA,NA,NA,NA,2024,2000-06-12,NA,NA,NA,NA
"Stone Smartt","LAC","TE","16113","weighted",NA,NA,NA,NA,NA,NA,0,0,0,0,0,0,NA,NA,NA,NA,11.6338377723971,3.0174278317837,128.119346246973,45.0534792952796,0.700702179176755,0.44873105811066,NA,NA,NA,NA,NA,NA,NA,NA,NA,NA,NA,NA,NA,NA,NA,NA,NA,NA,NA,NA,NA,NA,NA,NA,NA,NA,NA,NA,NA,NA,NA,NA,2022,1998-10-04,NA,NA,NA,NA
"Grant Calcaterra","PHI","TE","15804","weighted",NA,NA,NA,NA,NA,NA,0,0,0,0,0,0,NA,NA,NA,NA,9.92054421768708,4.94762392464254,105.435600907029,54.3573884495397,0.323295540438398,0.47886388833609,NA,NA,NA,NA,NA,NA,NA,NA,NA,NA,NA,NA,NA,NA,NA,NA,NA,NA,NA,NA,NA,NA,NA,NA,NA,NA,NA,NA,NA,NA,NA,NA,2022,1998-12-04,NA,NA,NA,NA
"Harrison Bryant","LVR","TE","14875","weighted",NA,NA,NA,NA,NA,NA,1.00124688279302,1.23656728506391,0,0,0,0,NA,NA,NA,NA,12.5120324189526,7.02443130181407,102.613316708229,58.7437488401156,1.05332579552194,0.534299581445002,NA,NA,NA,NA,NA,NA,NA,NA,NA,NA,NA,NA,NA,NA,NA,NA,NA,NA,NA,NA,NA,NA,NA,NA,NA,NA,NA,NA,NA,NA,NA,NA,2020,1970-01-01,NA,NA,NA,NA
"Robert Tonyan","MIN","TE","13427","weighted",NA,NA,NA,NA,NA,NA,0,0,0,0,0,0,NA,NA,NA,NA,15.5007587253414,0.707106781186548,160.511380880121,10.6066017177982,1,0,NA,NA,NA,NA,NA,NA,NA,NA,NA,NA,NA,NA,NA,NA,NA,NA,NA,NA,NA,NA,NA,NA,NA,NA,NA,NA,NA,NA,NA,NA,NA,NA,2017,1994-04-30,NA,NA,NA,NA
"Teagan Quitoriano","HOU","TE","15905","weighted",NA,NA,NA,NA,NA,NA,0,0,0,0,0,0,NA,NA,NA,NA,6.57003067484663,6.34274782724333,95.5574846625767,102.290066966446,0.590092024539877,0.586898628384834,NA,NA,NA,NA,NA,NA,NA,NA,NA,NA,NA,NA,NA,NA,NA,NA,NA,NA,NA,NA,NA,NA,NA,NA,NA,NA,NA,NA,NA,NA,NA,NA,2022,2000-03-15,"IR","Calf",2024,0
"Andrew Ogletree","IND","TE","15916","weighted",NA,NA,NA,NA,NA,NA,0,0,0,0,0.164599092284418,0.168294623212763,NA,NA,NA,NA,9.38562783661119,3.99995745474873,119.4117397882,55.8435559931212,0.824629349470499,0.356897013513373,NA,NA,NA,NA,NA,NA,NA,NA,NA,NA,NA,NA,NA,NA,NA,NA,NA,NA,NA,NA,NA,NA,NA,NA,NA,NA,NA,NA,NA,NA,NA,NA,2022,1998-07-28,NA,NA,NA,NA
"Lucas Krull","DEN","TE","15970","weighted",NA,NA,NA,NA,NA,NA,0,0,0,0,0,0,NA,NA,NA,NA,8.99995157384988,4.37189268833471,102.578062953995,46.9468724852152,0.679866828087167,0.4451042322102,NA,NA,NA,NA,NA,NA,NA,NA,NA,NA,NA,NA,NA,NA,NA,NA,NA,NA,NA,NA,NA,NA,NA,NA,NA,NA,NA,NA,NA,NA,NA,NA,2022,1998-07-11,NA,NA,NA,NA
"AJ Barner","SEA","TE","16723","weighted",NA,NA,NA,NA,NA,NA,0,0,0,0,0,0,NA,NA,NA,NA,12.9026,1.69054135231486,128.685,21.0987193424884,0.673,0.574623372073492,NA,NA,NA,NA,NA,NA,NA,NA,NA,NA,NA,NA,NA,NA,NA,NA,NA,NA,NA,NA,NA,NA,NA,NA,NA,NA,NA,NA,NA,NA,NA,NA,2024,2002-05-03,NA,NA,NA,NA
"Stephen Sullivan","FA","TE","15026","weighted",NA,NA,NA,NA,NA,NA,0,0,0,0,NA,NA,NA,NA,NA,NA,12.3458588957055,3.3587572106361,133.640705521472,22.394071760178,0.375337423312883,0.537401153701776,NA,NA,NA,NA,NA,NA,NA,NA,NA,NA,NA,NA,NA,NA,NA,NA,NA,NA,NA,NA,NA,NA,NA,NA,NA,NA,NA,NA,NA,NA,NA,NA,2020,1970-01-01,"Q","Quadriceps",2024,0
"Davis Allen","LAR","TE","16219","weighted",NA,NA,NA,NA,NA,NA,0,0,0,0,0,0,NA,NA,NA,NA,13.5068401937046,1.77753812455563,134.641355932203,12.7151633054386,0.914673123486683,0.232285393799678,NA,NA,NA,NA,NA,NA,NA,NA,NA,NA,NA,NA,NA,NA,NA,NA,NA,NA,NA,NA,NA,NA,NA,NA,NA,NA,NA,NA,NA,NA,NA,NA,2023,2001-02-03,NA,NA,NA,NA
"Payne Durham","TB","TE","16218","weighted",NA,NA,NA,NA,NA,NA,0,0,0,0,0,0,NA,NA,NA,NA,8.80566893424036,4.70845263799153,96.289417989418,54.6654951335478,0.301390778533636,0.484765774178567,NA,NA,NA,NA,NA,NA,NA,NA,NA,NA,NA,NA,NA,NA,NA,NA,NA,NA,NA,NA,NA,NA,NA,NA,NA,NA,NA,NA,NA,NA,NA,NA,2023,2000-06-15,NA,NA,NA,NA
"Devin Culp","TB","TE","16796","weighted",NA,NA,NA,NA,NA,NA,0,0,0,0,0,0,NA,NA,NA,NA,10.3399800598205,3.03527587017595,109.029910269192,28.020890751248,1,0,NA,NA,NA,NA,NA,NA,NA,NA,NA,NA,NA,NA,NA,NA,NA,NA,NA,NA,NA,NA,NA,NA,NA,NA,NA,NA,NA,NA,NA,NA,NA,NA,2024,2000-02-02,NA,NA,NA,NA
"Dallin Holker","NO","TE","16807","weighted",NA,NA,NA,NA,NA,NA,14,0,0,0,0,0,NA,NA,NA,NA,12.7698,1.71658239641359,125.453,12.1879924603889,0.673,0.574623372073492,NA,NA,NA,NA,NA,NA,NA,NA,NA,NA,NA,NA,NA,NA,NA,NA,NA,NA,NA,NA,NA,NA,NA,NA,NA,NA,NA,NA,NA,NA,NA,NA,2024,2000-04-07,"Q","Ankle",2024,0
"Josiah Deguara","JAC","TE","14876","weighted",NA,NA,NA,NA,NA,NA,0,NA,0,NA,0,NA,NA,NA,NA,NA,14,NA,130,NA,0,NA,NA,NA,NA,NA,NA,NA,NA,NA,NA,NA,NA,NA,NA,NA,NA,NA,NA,NA,NA,NA,NA,NA,NA,NA,NA,NA,NA,NA,NA,NA,NA,NA,2020,1970-01-01,NA,NA,NA,NA
"Jared Wiley","KC","TE","16648","weighted",NA,NA,NA,NA,NA,NA,0,0,0,0,0.698501498501499,0.814488754099042,NA,NA,NA,NA,11.3993006993007,2.81491309590836,102.492507492507,37.3816627800156,0.673326673326673,0.574472060389462,NA,NA,NA,NA,NA,NA,NA,NA,NA,NA,NA,NA,NA,NA,NA,NA,NA,NA,NA,NA,NA,NA,NA,NA,NA,NA,NA,NA,NA,NA,NA,NA,2024,2000-11-02,NA,NA,NA,NA
"Ross Dwelley","ATL","TE","13988","weighted",NA,NA,NA,NA,NA,NA,0,0,0,0,0,0,NA,NA,NA,NA,8.48733233979136,0.707106781186547,113.354694485842,19.7989898732233,0.512667660208644,0.707106781186547,NA,NA,NA,NA,NA,NA,NA,NA,NA,NA,NA,NA,NA,NA,NA,NA,NA,NA,NA,NA,NA,NA,NA,NA,NA,NA,NA,NA,NA,NA,NA,NA,2018,1970-01-01,NA,NA,NA,NA
"Quintin Morris","BUF","TE","15341","weighted",NA,NA,NA,NA,NA,NA,0,0,0,0,0,0,NA,NA,NA,NA,5.50924471299094,4.92238458058843,57.5122457200403,59.3013757374325,0.945558912386707,0.964201965158221,NA,NA,NA,NA,NA,NA,NA,NA,NA,NA,NA,NA,NA,NA,NA,NA,NA,NA,NA,NA,NA,NA,NA,NA,NA,NA,NA,NA,NA,NA,NA,NA,2021,1999-01-21,"Q","Shoulder",2024,0
"Tanner McLachlan","CIN","TE","16765","weighted",NA,NA,NA,NA,NA,NA,NA,NA,NA,NA,0,NA,NA,NA,NA,NA,12,NA,122,NA,1,NA,NA,NA,NA,NA,NA,NA,NA,NA,NA,NA,NA,NA,NA,NA,NA,NA,NA,NA,NA,NA,NA,NA,NA,NA,NA,NA,NA,NA,NA,NA,NA,NA,2024,1999-03-15,NA,NA,NA,NA
"Peyton Hendershot","DAL","TE","16000","weighted",NA,NA,NA,NA,NA,NA,0,0,0,0,0,0,NA,NA,NA,NA,8.16261044176707,5.16464143025804,78.8891967871486,49.9737452899919,0.403574297188755,0.538130662385526,NA,NA,NA,NA,NA,NA,NA,NA,NA,NA,NA,NA,NA,NA,NA,NA,NA,NA,NA,NA,NA,NA,NA,NA,NA,NA,NA,NA,NA,NA,NA,NA,2022,1999-04-23,NA,NA,NA,NA
"MyCole Pruitt","PIT","TE","12309","weighted",NA,NA,NA,NA,NA,NA,0,0,0,0,0,0,NA,NA,NA,NA,7.81945578231293,3.1835982942052,89.3120030234316,37.0848476016631,1.08477702191988,0.710939688557035,NA,NA,NA,NA,NA,NA,NA,NA,NA,NA,NA,NA,NA,NA,NA,NA,NA,NA,NA,NA,NA,NA,NA,NA,NA,NA,NA,NA,NA,NA,NA,NA,2015,1992-03-24,NA,NA,NA,NA
"Ko Kieft","TB","TE","15929","weighted",NA,NA,NA,NA,NA,NA,0,0,0,0,0,0,NA,NA,NA,NA,5.46935752078609,3.7121119541105,50.9543310657596,41.6263398888334,0.678896447467876,0.380499969643488,NA,NA,NA,NA,NA,NA,NA,NA,NA,NA,NA,NA,NA,NA,NA,NA,NA,NA,NA,NA,NA,NA,NA,NA,NA,NA,NA,NA,NA,NA,NA,NA,2022,1998-01-20,NA,NA,NA,NA
"Julian Hill","MIA","TE","16425","weighted",NA,NA,NA,NA,NA,NA,0,0,0,0,1.43739509902652,0.5110153071849,NA,NA,NA,NA,6.7715609264854,4.25270934539876,61.5477542799597,40.6960760967392,0.414521651560926,0.532409914301707,NA,NA,NA,NA,NA,NA,NA,NA,NA,NA,NA,NA,NA,NA,NA,NA,NA,NA,NA,NA,NA,NA,NA,NA,NA,NA,NA,NA,NA,NA,NA,NA,2023,2000-07-09,NA,NA,NA,NA
"Tip Reiman","ARI","TE","16706","weighted",NA,NA,NA,NA,NA,NA,0,0,0,0,0,0,NA,NA,NA,NA,9.72597402597403,2.2404410355189,87.3026973026973,26.711710369501,0.673326673326673,0.574472060389462,NA,NA,NA,NA,NA,NA,NA,NA,NA,NA,NA,NA,NA,NA,NA,NA,NA,NA,NA,NA,NA,NA,NA,NA,NA,NA,NA,NA,NA,NA,NA,NA,2024,2001-09-17,"Q","Undisclosed",2024,0
"Travis Vokolek","ARI","TE","16447","weighted",NA,NA,NA,NA,NA,NA,NA,NA,NA,NA,0,NA,NA,NA,NA,NA,11,NA,102,NA,1,NA,NA,NA,NA,NA,NA,NA,NA,NA,NA,NA,NA,NA,NA,NA,NA,NA,NA,NA,NA,NA,NA,NA,NA,NA,NA,NA,NA,NA,NA,NA,NA,NA,2023,1998-06-04,NA,NA,NA,NA
"Mitchell Wilcox","NE","TE","15563","weighted",NA,NA,NA,NA,NA,NA,0,0,0,0,0,0,NA,NA,NA,NA,8.00447852760736,8.58427632360469,60.4116257668712,59.5454620437192,0.545644171779141,0.650538238691624,NA,NA,NA,NA,NA,NA,NA,NA,NA,NA,NA,NA,NA,NA,NA,NA,NA,NA,NA,NA,NA,NA,NA,NA,NA,NA,NA,NA,NA,NA,NA,NA,2020,1996-11-07,NA,NA,NA,NA
"Brenton Strange","JAC","TE","16269","weighted",NA,NA,NA,NA,NA,NA,0,0,0,0,0,0,NA,NA,NA,NA,8.65909297052154,4.4776437753695,60.7523204837491,38.5820693908035,0.810839002267574,0.923181047533831,NA,NA,NA,NA,NA,NA,NA,NA,NA,NA,NA,NA,NA,NA,NA,NA,NA,NA,NA,NA,NA,NA,NA,NA,NA,NA,NA,NA,NA,NA,NA,NA,2023,2000-12-27,NA,NA,NA,NA
"Anthony Firkser","NYJ","TE","13919","weighted",NA,NA,NA,NA,NA,NA,0,0,0,0,0,0,NA,NA,NA,NA,6.72328220858896,3.25976226126998,68.0078834355828,37.215029893848,0.148159509202454,0.212132034355964,NA,NA,NA,NA,NA,NA,NA,NA,NA,NA,NA,NA,NA,NA,NA,NA,NA,NA,NA,NA,NA,NA,NA,NA,NA,NA,NA,NA,NA,NA,NA,NA,2018,1970-01-01,NA,NA,NA,NA
"Ben Sims","GB","TE","16483","weighted",NA,NA,NA,NA,NA,NA,0,0,0,0,0,0,NA,NA,NA,NA,7.79816717019134,4.90730153451279,68.0272910372608,40.7630129157271,1.2419335347432,0.9438081758357,NA,NA,NA,NA,NA,NA,NA,NA,NA,NA,NA,NA,NA,NA,NA,NA,NA,NA,NA,NA,NA,NA,NA,NA,NA,NA,NA,NA,NA,NA,NA,NA,2023,2000-05-16,NA,NA,NA,NA
"Hunter Long","LAR","TE","15334","weighted",NA,NA,NA,NA,NA,NA,0,0,0,0,0,0,NA,NA,NA,NA,6.43753753753754,3.7476659402887,65.5687687687688,37.1938166904124,0.666396396396396,0.487903679018718,NA,NA,NA,NA,NA,NA,NA,NA,NA,NA,NA,NA,NA,NA,NA,NA,NA,NA,NA,NA,NA,NA,NA,NA,NA,NA,NA,NA,NA,NA,NA,NA,2021,1998-08-19,NA,NA,NA,NA
"Marcedes Lewis","CHI","TE","8269","weighted",NA,NA,NA,NA,NA,NA,0,0,0,0,0,0,NA,NA,NA,NA,9.02533532041729,1.41421356237309,73.2786885245902,15.556349186104,2.12086438152012,1.62634559672906,NA,NA,NA,NA,NA,NA,NA,NA,NA,NA,NA,NA,NA,NA,NA,NA,NA,NA,NA,NA,NA,NA,NA,NA,NA,NA,NA,NA,NA,NA,NA,NA,2006,1984-05-19,NA,NA,NA,NA
"Albert Okwuegbunam","PHI","TE","14873","weighted",NA,NA,NA,NA,NA,NA,0,0,0,0,0,0,NA,NA,NA,NA,4.34500745156483,5.30330085889911,43.0134128166915,56.5685424949238,0.512667660208644,0.707106781186547,NA,NA,NA,NA,NA,NA,NA,NA,NA,NA,NA,NA,NA,NA,NA,NA,NA,NA,NA,NA,NA,NA,NA,NA,NA,NA,NA,NA,NA,NA,NA,NA,2020,1998-04-25,NA,"Abdomen",2024,0
"Nate Adkins","DEN","TE","16474","weighted",NA,NA,NA,NA,NA,NA,0.502517623363545,0.495156882056708,0,0,0,0,NA,NA,NA,NA,3.97842900302115,4.49774602628905,33.9639073514602,40.622948382941,0.398308157099698,0.542433778911898,NA,NA,NA,NA,NA,NA,NA,NA,NA,NA,NA,NA,NA,NA,NA,NA,NA,NA,NA,NA,NA,NA,NA,NA,NA,NA,NA,NA,NA,NA,NA,NA,2023,1999-07-09,NA,NA,NA,NA
"Brady Russell","SEA","TE","16496","weighted",NA,NA,NA,NA,NA,NA,0,0,0,0,0,0,NA,NA,NA,NA,5.08942942942943,4.25678282274302,49.4503003003003,41.7546554290656,0.598708708708709,0.586898628384834,NA,NA,NA,NA,NA,NA,NA,NA,NA,NA,NA,NA,NA,NA,NA,NA,NA,NA,NA,NA,NA,NA,NA,NA,NA,NA,NA,NA,NA,NA,NA,NA,2023,1998-08-31,NA,NA,NA,NA
"Chris Manhertz","NYG","TE","12955","weighted",NA,NA,NA,NA,NA,NA,0,0,0,0,0,0,NA,NA,NA,NA,4.42223564954683,4.08398965204485,36.9971802618328,35.6851927352355,0.0389123867069486,0.0688104991758858,NA,NA,NA,NA,NA,NA,NA,NA,NA,NA,NA,NA,NA,NA,NA,NA,NA,NA,NA,NA,NA,NA,NA,NA,NA,NA,NA,NA,NA,NA,NA,NA,NA,1992-04-10,NA,NA,NA,NA
"Eric Saubert","SF","TE","13315","weighted",NA,NA,NA,NA,NA,NA,0,NA,0,NA,0,NA,NA,NA,NA,NA,7.9,NA,72,NA,0,NA,NA,NA,NA,NA,NA,NA,NA,NA,NA,NA,NA,NA,NA,NA,NA,NA,NA,NA,NA,NA,NA,NA,NA,NA,NA,NA,NA,NA,NA,NA,NA,NA,2017,1994-05-09,NA,NA,NA,NA
"John Stephens Jr.","DAL","TE","16433","weighted",NA,NA,NA,NA,NA,NA,0,NA,0.1,NA,0,NA,NA,NA,NA,NA,2.8,NA,22,NA,0,NA,NA,NA,NA,NA,NA,NA,NA,NA,NA,NA,NA,NA,NA,NA,NA,NA,NA,NA,NA,NA,NA,NA,NA,NA,NA,NA,NA,NA,NA,NA,NA,NA,2023,1999-09-23,NA,NA,NA,NA
"Nick Muse","MIN","TE","15937","weighted",NA,NA,NA,NA,NA,NA,0,NA,0,NA,0,NA,NA,NA,NA,NA,3.56,NA,33.15,NA,0.24,NA,NA,NA,NA,NA,NA,NA,NA,NA,NA,NA,NA,NA,NA,NA,NA,NA,NA,NA,NA,NA,NA,NA,NA,NA,NA,NA,NA,NA,NA,NA,NA,NA,2022,1998-11-25,"Q","Undisclosed",2024,0
"Kenny Yeboah","NYJ","TE","15339","weighted",NA,NA,NA,NA,NA,NA,0,NA,0,NA,0,NA,NA,NA,NA,NA,2.95,NA,28.55,NA,0.22,NA,NA,NA,NA,NA,NA,NA,NA,NA,NA,NA,NA,NA,NA,NA,NA,NA,NA,NA,NA,NA,NA,NA,NA,NA,NA,NA,NA,NA,NA,NA,NA,NA,2021,1970-01-01,NA,"Groin",2024,0
"Stephen Carlson","FA","TE","14488","weighted",NA,NA,NA,NA,NA,NA,0,NA,0,NA,0,NA,NA,NA,NA,NA,1.98,NA,19.36,NA,0.17,NA,NA,NA,NA,NA,NA,NA,NA,NA,NA,NA,NA,NA,NA,NA,NA,NA,NA,NA,NA,NA,NA,NA,NA,NA,NA,NA,NA,NA,NA,NA,NA,NA,2019,1970-01-01,NA,NA,NA,NA
"Tommy Hudson","TEN","TE","15544","weighted",NA,NA,NA,NA,NA,NA,0,0,0,0,0,0,NA,NA,NA,NA,3.31497688751926,1.83140656327316,19.1339599383667,0.190918830920368,0.0843451463790447,0.120208152801713,NA,NA,NA,NA,NA,NA,NA,NA,NA,NA,NA,NA,NA,NA,NA,NA,NA,NA,NA,NA,NA,NA,NA,NA,NA,NA,NA,NA,NA,NA,NA,NA,2020,1997-02-22,NA,NA,NA,NA
"Jake Tonges","FA","TE","16036","weighted",NA,NA,NA,NA,NA,NA,0,NA,0,NA,0,NA,NA,NA,NA,NA,1.83,NA,17.33,NA,0.17,NA,NA,NA,NA,NA,NA,NA,NA,NA,NA,NA,NA,NA,NA,NA,NA,NA,NA,NA,NA,NA,NA,NA,NA,NA,NA,NA,NA,NA,NA,NA,NA,NA,2022,1999-07-08,NA,NA,NA,NA
"Jake Moody","SF","K","16286","weighted",NA,NA,NA,NA,NA,NA,NA,NA,NA,NA,NA,NA,NA,NA,NA,NA,NA,NA,NA,NA,NA,NA,0.105660570103047,0.066344265941649,7.64297701767672,0.619843056290996,8.46698999652229,0.804925931883313,6.12629195823653,0.812116164207784,3.99132997331123,0.419002300223637,50.4998275118586,3.64597325820913,NA,NA,NA,NA,NA,NA,NA,NA,NA,NA,NA,NA,NA,NA,NA,NA,NA,NA,NA,NA,2023,1999-11-23,NA,NA,NA,NA
"Younghoe Koo","ATL","K","13403","weighted",NA,NA,NA,NA,NA,NA,NA,NA,NA,NA,NA,NA,NA,NA,NA,NA,NA,NA,NA,NA,NA,NA,0.132469814575248,0.0917542144104898,9.21763184152442,1.293612189795,9.62543980218513,1.01220870699089,8.28363106982681,1.22273558249757,5.29975199446779,0.892580378910301,39.218801207417,7.83370416869972,NA,NA,NA,NA,NA,NA,NA,NA,NA,NA,NA,NA,NA,NA,NA,NA,NA,NA,NA,NA,2017,1994-08-03,NA,NA,NA,NA
"Jake Elliott","PHI","K","13303","weighted",NA,NA,NA,NA,NA,NA,NA,NA,NA,NA,NA,NA,NA,NA,NA,NA,NA,NA,NA,NA,NA,NA,0.119394504027042,0.0739803723887235,7.8493048294305,0.598095476184819,8.23147804238976,0.363636870491369,6.92066370476039,0.910325106076663,5.01404098240215,0.486704605374583,46.6743423889608,4.37833352460454,NA,NA,NA,NA,NA,NA,NA,NA,NA,NA,NA,NA,NA,NA,NA,NA,NA,NA,NA,NA,2017,1995-01-21,NA,NA,NA,NA
"Tyler Bass","BUF","K","14983","weighted",NA,NA,NA,NA,NA,NA,NA,NA,NA,NA,NA,NA,NA,NA,NA,NA,NA,NA,NA,NA,NA,NA,0.113559781515021,0.0713605796413649,6.39969172688161,0.670678884846342,10.2006749853408,0.782826843021406,7.03747108085724,0.435670288571702,3.76400564008843,0.325190612630468,46.6205260888314,4.19404789811068,NA,NA,NA,NA,NA,NA,NA,NA,NA,NA,NA,NA,NA,NA,NA,NA,NA,NA,NA,NA,2020,1997-02-14,NA,NA,NA,NA
"Jason Sanders","MIA","K","13832","weighted",NA,NA,NA,NA,NA,NA,NA,NA,NA,NA,NA,NA,NA,NA,NA,NA,NA,NA,NA,NA,NA,NA,0.107405897310077,0.066637725898404,6.35675699078771,0.506984958297429,8.23846343212003,0.316997398720708,8.21087470458186,0.895227919309982,3.93502389165799,0.519611381753364,46.4055196205261,4.22819673285597,NA,NA,NA,NA,NA,NA,NA,NA,NA,NA,NA,NA,NA,NA,NA,NA,NA,NA,NA,NA,2018,1995-11-16,NA,NA,NA,NA
"Harrison Butker","KC","K","13354","weighted",NA,NA,NA,NA,NA,NA,NA,NA,NA,NA,NA,NA,NA,NA,NA,NA,NA,NA,NA,NA,NA,NA,0.12045410673972,0.0773318123580339,9.39924155949573,1.16466905123676,9.2718544166265,0.797040401567365,7.11885778132185,0.597247395647516,5.18145858595782,0.646539305874518,45.4294523501509,4.45088837742204,NA,NA,NA,NA,NA,NA,NA,NA,NA,NA,NA,NA,NA,NA,NA,NA,NA,NA,NA,NA,2017,1995-07-14,NA,NA,NA,NA
"Brandon Aubrey","DAL","K","16414","weighted",NA,NA,NA,NA,NA,NA,NA,NA,NA,NA,NA,NA,NA,NA,NA,NA,NA,NA,NA,NA,NA,NA,0.129275137610025,0.077757510724722,8.21402229557533,0.83363203789237,11.1466933397648,1.30126809135373,5.97413079309894,1.1220993017773,6.8406714938069,1.84110883705089,46.208020698577,2.97549852437237,NA,NA,NA,NA,NA,NA,NA,NA,NA,NA,NA,NA,NA,NA,NA,NA,NA,NA,NA,NA,2023,1995-03-14,NA,NA,NA,NA
"Justin Tucker","BAL","K","10976","weighted",NA,NA,NA,NA,NA,NA,NA,NA,NA,NA,NA,NA,NA,NA,NA,NA,NA,NA,NA,NA,NA,NA,0.129443860500216,0.073690518688956,9.47376593526375,1.12336782129986,10.0155310533869,1.17987611649548,9.4661803881333,0.707255203305321,3.99670377100606,0.911008907647107,44.6463993100474,3.26002452469183,NA,NA,NA,NA,NA,NA,NA,NA,NA,NA,NA,NA,NA,NA,NA,NA,NA,NA,NA,NA,2012,1989-11-21,NA,NA,NA,NA
"Blake Grupe","NO","K","16444","weighted",NA,NA,NA,NA,NA,NA,NA,NA,NA,NA,NA,NA,NA,NA,NA,NA,NA,NA,NA,NA,NA,NA,0.115947453713364,0.0704807226856306,8.88769022167062,0.934802582448589,7.79338679538362,0.980820701748962,7.40354049497277,0.666958265923075,4.88983301440263,0.68910367264724,39.8274687365244,5.04077025054507,NA,NA,NA,NA,NA,NA,NA,NA,NA,NA,NA,NA,NA,NA,NA,NA,NA,NA,NA,NA,2023,1998-11-05,NA,NA,NA,NA
"Evan McPherson","CIN","K","15368","weighted",NA,NA,NA,NA,NA,NA,NA,NA,NA,NA,NA,NA,NA,NA,NA,NA,NA,NA,NA,NA,NA,NA,0.119105038091131,0.0734716596467315,6.61614020637205,0.378343286161904,7.81934570790393,0.417600760901596,8.15487639134187,0.720010265219451,5.37852796850551,0.702388368048607,44.5312634756361,4.85115069523487,NA,NA,NA,NA,NA,NA,NA,NA,NA,NA,NA,NA,NA,NA,NA,NA,NA,NA,NA,NA,2021,1999-07-21,NA,NA,NA,NA
"Kaimi Fairbairn","HOU","K","12860","weighted",NA,NA,NA,NA,NA,NA,NA,NA,NA,NA,NA,NA,NA,NA,NA,NA,NA,NA,NA,NA,NA,NA,0.118401417191018,0.0825260385873571,9.06625713146853,1.43448693662843,9.92888590017033,1.03664195021718,5.98189617143733,1.40553102426408,5.4567217618337,1.148016761194,38.7484298331698,7.24200117419511,NA,NA,NA,NA,NA,NA,NA,NA,NA,NA,NA,NA,NA,NA,NA,NA,NA,NA,NA,NA,2016,1994-01-29,NA,NA,NA,NA
"Jake Bates","DET","K","16846","weighted",NA,NA,NA,NA,NA,NA,NA,NA,NA,NA,NA,NA,NA,NA,NA,NA,NA,NA,NA,NA,NA,NA,0.130087166882277,0.0737815708464223,5.58077827319275,1.30392325232505,9.52561547704275,1.13882242407797,7.3497216171504,0.932515132649911,2.83765070265822,0.729471048984905,44.9057783527383,2.56860256759577,NA,NA,NA,NA,NA,NA,NA,NA,NA,NA,NA,NA,NA,NA,NA,NA,NA,NA,NA,NA,2023,1999-03-03,NA,NA,NA,NA
"Brayden Narveson","GB","K","16873","weighted",NA,NA,NA,NA,NA,NA,NA,NA,NA,NA,NA,NA,NA,NA,NA,NA,NA,NA,NA,NA,NA,NA,0.138913232455927,0.100476701464334,7.06849220065806,0.924518245594268,9.68301189739719,1.33998749886495,6.59020089915183,1.37392125572738,2.93750633143179,1.12990255647115,39.7010558069382,4.39999668042718,NA,NA,NA,NA,NA,NA,NA,NA,NA,NA,NA,NA,NA,NA,NA,NA,NA,NA,NA,NA,2024,1999-09-28,NA,NA,NA,NA
"Cameron Dicker","LAC","K","15979","weighted",NA,NA,NA,NA,NA,NA,NA,NA,NA,NA,NA,NA,NA,NA,NA,NA,NA,NA,NA,NA,NA,NA,0.122561198514376,0.0735970823302071,7.51433950517782,0.573438336944897,8.50453980892249,0.501318234117597,9.01282918331432,0.92667948112055,4.63130557186127,1.09958779993046,39.0498059508409,3.71932528905523,NA,NA,NA,NA,NA,NA,NA,NA,NA,NA,NA,NA,NA,NA,NA,NA,NA,NA,NA,NA,2022,2000-05-06,NA,NA,NA,NA
"Greg Zuerlein","NYJ","K","10868","weighted",NA,NA,NA,NA,NA,NA,NA,NA,NA,NA,NA,NA,NA,NA,NA,NA,NA,NA,NA,NA,NA,NA,0.123875808538163,0.0772683799096528,7.14673058627445,0.592984276450458,9.35930652968471,0.782882240382138,9.70984022004608,1.79214932607141,5.16849651186072,0.378806751381305,36.6910306166451,7.32100930817937,NA,NA,NA,NA,NA,NA,NA,NA,NA,NA,NA,NA,NA,NA,NA,NA,NA,NA,NA,NA,2012,1987-12-27,NA,NA,NA,NA
"Joshua Karty","LAR","K","16775","weighted",NA,NA,NA,NA,NA,NA,NA,NA,NA,NA,NA,NA,NA,NA,NA,NA,NA,NA,NA,NA,NA,NA,0.141143672884586,0.0926808778773691,8.45276346544108,1.33317443154029,8.43480746314386,1.01499919033145,7.28153007978201,1.20573776041219,3.55666754022375,0.542424111094318,37.4563173781803,5.38264028658952,NA,NA,NA,NA,NA,NA,NA,NA,NA,NA,NA,NA,NA,NA,NA,NA,NA,NA,NA,NA,2024,2002-03-07,NA,NA,NA,NA
"Will Reichard","MIN","K","16681","weighted",NA,NA,NA,NA,NA,NA,NA,NA,NA,NA,NA,NA,NA,NA,NA,NA,NA,NA,NA,NA,NA,NA,0.471702991307506,0.115123526124814,6.93849486444298,0.708162177686518,9.06417763000285,0.941923922545412,6.48889658655046,1.11385420016636,3.48991706843651,0.533400019086419,35.5931435963778,4.24672310056459,NA,NA,NA,NA,NA,NA,NA,NA,NA,NA,NA,NA,NA,NA,NA,NA,NA,NA,NA,NA,2024,2001-01-09,NA,NA,NA,NA
"Jason Myers","SEA","K","12437","weighted",NA,NA,NA,NA,NA,NA,NA,NA,NA,NA,NA,NA,NA,NA,NA,NA,NA,NA,NA,NA,NA,NA,0.125176788024395,0.0814052024389031,7.77947839717883,0.712246786037253,10.6952327278163,1.13271864158417,8.29228073983252,1.03124040102061,4.40503384397908,0.723731010424257,37.6738249245364,2.65684925518534,NA,NA,NA,NA,NA,NA,NA,NA,NA,NA,NA,NA,NA,NA,NA,NA,NA,NA,NA,NA,NA,1991-05-12,NA,NA,NA,NA
"Cam Little","JAC","K","16680","weighted",NA,NA,NA,NA,NA,NA,NA,NA,NA,NA,NA,NA,NA,NA,NA,NA,NA,NA,NA,NA,NA,NA,0.14637025657611,0.095080524803645,7.16383646706106,0.966368591191939,9.95988124355642,0.577129178648241,8.1215823751848,0.814500557990647,3.851633214155,1.3526557562597,36.2601552393273,3.67762339457772,NA,NA,NA,NA,NA,NA,NA,NA,NA,NA,NA,NA,NA,NA,NA,NA,NA,NA,NA,NA,2024,2003-08-17,NA,NA,NA,NA
"Matt Gay","IND","K","14244","weighted",NA,NA,NA,NA,NA,NA,NA,NA,NA,NA,NA,NA,NA,NA,NA,NA,NA,NA,NA,NA,NA,NA,0.124089747736093,0.0773243065729555,7.71761894494754,0.632059604073904,9.44449443263722,0.605416802892502,6.80130388395712,0.560296101729529,5.71240339495748,0.712252896511251,36.7257007330746,3.08915474926898,NA,NA,NA,NA,NA,NA,NA,NA,NA,NA,NA,NA,NA,NA,NA,NA,NA,NA,NA,NA,2019,1994-03-15,"Q","Groin",2024,0
"Chase McLaughlin","TB","K","14717","weighted",NA,NA,NA,NA,NA,NA,NA,NA,NA,NA,NA,NA,NA,NA,NA,NA,NA,NA,NA,NA,NA,NA,0.11409298746487,0.0689474354980792,7.09411329536471,0.596031104136532,9.70723362334628,0.947563397621665,5.87779512313471,1.3355629000803,5.31396935808918,0.955825233535826,36.2261319534282,2.46687810277028,NA,NA,NA,NA,NA,NA,NA,NA,NA,NA,NA,NA,NA,NA,NA,NA,NA,NA,NA,NA,2019,1996-04-09,NA,NA,NA,NA
"Dustin Hopkins","CLE","K","11387","weighted",NA,NA,NA,NA,NA,NA,NA,NA,NA,NA,NA,NA,NA,NA,NA,NA,NA,NA,NA,NA,NA,NA,0.116743423889608,0.0755633914821237,7.21922091985718,0.664622971004059,8.19444629492971,0.735305047113463,8.12457458760828,1.09583223374449,4.60965056795192,0.63477694829409,35.2946528676154,5.19865407140985,NA,NA,NA,NA,NA,NA,NA,NA,NA,NA,NA,NA,NA,NA,NA,NA,NA,NA,NA,NA,2013,1990-10-01,"Q","Undisclosed",2024,0
"Cairo Santos","CHI","K","11945","weighted",NA,NA,NA,NA,NA,NA,NA,NA,NA,NA,NA,NA,NA,NA,NA,NA,NA,NA,NA,NA,NA,NA,0.120868496816579,0.0794484408524767,7.56427953386328,0.841735610144767,9.52675149548104,0.976986533889471,8.12717753528511,0.545493715314506,4.79799390287408,1.08053212732725,35.4117723156533,3.28096625001604,NA,NA,NA,NA,NA,NA,NA,NA,NA,NA,NA,NA,NA,NA,NA,NA,NA,NA,NA,NA,2014,1991-11-12,NA,NA,NA,NA
"Matt Prater","ARI","K","8930","weighted",NA,NA,NA,NA,NA,NA,NA,NA,NA,NA,NA,NA,NA,NA,NA,NA,NA,NA,NA,NA,NA,NA,0.125623165454789,0.0731353384317075,6.41522688367998,0.602212512263354,9.12951353795298,0.424665649229643,6.64241047984603,0.410380145873059,6.0051924427425,1.20619946047716,32.7759810263044,4.55328246376098,NA,NA,NA,NA,NA,NA,NA,NA,NA,NA,NA,NA,NA,NA,NA,NA,NA,NA,NA,NA,2006,1984-08-10,NA,NA,NA,NA
"Chris Boswell","PIT","K","11936","weighted",NA,NA,NA,NA,NA,NA,NA,NA,NA,NA,NA,NA,NA,NA,NA,NA,NA,NA,NA,NA,NA,NA,0.114219075910753,0.063485108022288,7.81241616958927,0.552630413923058,7.95657488772321,0.620864432539518,7.12871715627688,0.264950147270622,5.50172803228008,0.837364211073983,33.4431220353601,4.06391572323453,NA,NA,NA,NA,NA,NA,NA,NA,NA,NA,NA,NA,NA,NA,NA,NA,NA,NA,NA,NA,2014,1991-03-16,NA,NA,NA,NA
"Daniel Carlson","LVR","K","13718","weighted",NA,NA,NA,NA,NA,NA,NA,NA,NA,NA,NA,NA,NA,NA,NA,NA,NA,NA,NA,NA,NA,NA,0.11452241483398,0.0595281902217104,8.72364557338473,0.702033466999208,8.53181500251561,1.0459772753299,7.30740662220636,0.423234783784741,4.57749410399243,1.00259226114397,34.6208710651143,2.24909281497787,NA,NA,NA,NA,NA,NA,NA,NA,NA,NA,NA,NA,NA,NA,NA,NA,NA,NA,NA,NA,2018,1995-01-23,NA,NA,NA,NA
"Cade York","WAS","K","15882","weighted",NA,NA,NA,NA,NA,NA,NA,NA,NA,NA,NA,NA,NA,NA,NA,NA,NA,NA,NA,NA,NA,NA,0.084399240517131,0.0649923409896702,4.77115148907434,2.0205810928478,6.66128142893771,2.64867135254701,6.10049704757067,2.4024074885846,3.07882309474559,1.25372894957776,28.5248773307164,9.96161120825593,NA,NA,NA,NA,NA,NA,NA,NA,NA,NA,NA,NA,NA,NA,NA,NA,NA,NA,NA,NA,2022,2001-01-27,NA,NA,NA,NA
"Wil Lutz","DEN","K","12956","weighted",NA,NA,NA,NA,NA,NA,NA,NA,NA,NA,NA,NA,NA,NA,NA,NA,NA,NA,NA,NA,NA,NA,0.107454444649787,0.0630639847321371,9.02608033283282,1.46980084452812,9.31578640539576,0.828010087318173,6.80849563889345,1.05987840083703,3.67737106992533,0.410323299711205,32.2043984476067,3.39733632787798,NA,NA,NA,NA,NA,NA,NA,NA,NA,NA,NA,NA,NA,NA,NA,NA,NA,NA,NA,NA,2016,1994-07-07,NA,NA,NA,NA
"Joey Slye","NE","K","14600","weighted",NA,NA,NA,NA,NA,NA,NA,NA,NA,NA,NA,NA,NA,NA,NA,NA,NA,NA,NA,NA,NA,NA,0.0925927121532979,0.0490861874805556,4.93779512327702,1.51881109485274,7.23686530371877,1.24960448803793,7.27216309669437,1.05174638409999,3.56785933263117,0.491717945287309,31.289401373896,3.72116521963027,NA,NA,NA,NA,NA,NA,NA,NA,NA,NA,NA,NA,NA,NA,NA,NA,NA,NA,NA,NA,2019,1996-04-10,NA,NA,NA,NA
"Eddy Pineiro","CAR","K","13719","weighted",NA,NA,NA,NA,NA,NA,NA,NA,NA,NA,NA,NA,NA,NA,NA,NA,NA,NA,NA,NA,NA,NA,0.103930030185425,0.0578971964844005,5.85916243502921,0.481858672088202,8.70148236472444,0.787587413376493,8.04901105278931,1.1845450084711,3.85820317610078,0.880264495086532,28.1126778783959,4.75334115384876,NA,NA,NA,NA,NA,NA,NA,NA,NA,NA,NA,NA,NA,NA,NA,NA,NA,NA,NA,NA,2018,1995-09-13,"Q","Hamstring",2024,0
"Nick Folk","TEN","K","8851","weighted",NA,NA,NA,NA,NA,NA,NA,NA,NA,NA,NA,NA,NA,NA,NA,NA,NA,NA,NA,NA,NA,NA,0.111012022423458,0.058979180053566,8.22523197994281,0.47729444937417,8.38211964560903,0.650614854852043,6.60025659121797,0.865861898286717,4.32613314586149,0.68325224113321,31.746226821906,1.86974441986235,NA,NA,NA,NA,NA,NA,NA,NA,NA,NA,NA,NA,NA,NA,NA,NA,NA,NA,NA,NA,2007,1984-11-05,NA,NA,NA,NA
"Graham Gano","NYG","K","9694","weighted",NA,NA,NA,NA,NA,NA,NA,NA,NA,NA,NA,NA,NA,NA,NA,NA,NA,NA,NA,NA,NA,NA,0.107306967288856,0.0523095245620526,5.8724728578865,1.36395683942718,8.85773407103686,1.00368933358553,7.40339400697679,1.05473039815957,4.24641896729164,0.883705067489132,31.3011642949547,2.3101094363075,NA,NA,NA,NA,NA,NA,NA,NA,NA,NA,NA,NA,NA,NA,NA,NA,NA,NA,NA,NA,2009,1987-04-09,NA,NA,NA,NA
"Cowboys","DAL","DST","0516","weighted",NA,NA,NA,NA,NA,NA,NA,NA,NA,NA,NA,NA,NA,NA,NA,NA,NA,NA,NA,NA,NA,NA,NA,NA,NA,NA,NA,NA,NA,NA,NA,NA,NA,NA,14.4597881355932,1.66200867393924,49.9412542372881,6.51946830339329,0.510052966101695,0.434149315138221,3.31591949152542,0.438527127019223,NA,NA,NA,NA,NA,NA,NA,NA,NA,NA,NA,NA,NA,NA,NA,NA,NA,NA
"Commanders","WAS","DST","0520","weighted",NA,NA,NA,NA,NA,NA,NA,NA,NA,NA,NA,NA,NA,NA,NA,NA,NA,NA,NA,NA,NA,NA,NA,NA,NA,NA,NA,NA,NA,NA,NA,NA,NA,NA,11.0907118644068,2.09337526154097,44.9739152542373,8.15838240213988,0.507838983050848,0.412841632010862,2.00323728813559,1.26363300236878,NA,NA,NA,NA,NA,NA,NA,NA,NA,NA,NA,NA,NA,NA,NA,NA,NA,NA
"Broncos","DEN","DST","0511","weighted",NA,NA,NA,NA,NA,NA,NA,NA,NA,NA,NA,NA,NA,NA,NA,NA,NA,NA,NA,NA,NA,NA,NA,NA,NA,NA,NA,NA,NA,NA,NA,NA,NA,NA,10.8391440677966,1.35003270973801,41.5881355932203,3.27992717688113,0.701822033898305,0.34131631159946,2.52466525423729,1.26031271434826,NA,NA,NA,NA,NA,NA,NA,NA,NA,NA,NA,NA,NA,NA,NA,NA,NA,NA
"Cardinals","ARI","DST","0519","weighted",NA,NA,NA,NA,NA,NA,NA,NA,NA,NA,NA,NA,NA,NA,NA,NA,NA,NA,NA,NA,NA,NA,NA,NA,NA,NA,NA,NA,NA,NA,NA,NA,NA,NA,11.6612966101695,0.868482354758642,37.5135677966102,5.8044346498359,0.243326271186441,0.352044841337989,2.33267372881356,1.44614669359307,NA,NA,NA,NA,NA,NA,NA,NA,NA,NA,NA,NA,NA,NA,NA,NA,NA,NA
"Panthers","CAR","DST","0527","weighted",NA,NA,NA,NA,NA,NA,NA,NA,NA,NA,NA,NA,NA,NA,NA,NA,NA,NA,NA,NA,NA,NA,NA,NA,NA,NA,NA,NA,NA,NA,NA,NA,NA,NA,11.1747881355932,1.99055387285469,35.5666016949153,5.94511980466228,0.243326271186441,0.352044841337989,2.53215677966102,0.67803774979638,NA,NA,NA,NA,NA,NA,NA,NA,NA,NA,NA,NA,NA,NA,NA,NA,NA,NA
"Colts","IND","DST","0502","weighted",NA,NA,NA,NA,NA,NA,NA,NA,NA,NA,NA,NA,NA,NA,NA,NA,NA,NA,NA,NA,NA,NA,NA,NA,NA,NA,NA,NA,NA,NA,NA,NA,NA,NA,12.6262627118644,0.737314311351613,51.3651525423729,12.9220369180885,0.944300847457627,0.520805701625498,2.88091949152542,0.82967081126781,NA,NA,NA,NA,NA,NA,NA,NA,NA,NA,NA,NA,NA,NA,NA,NA,NA,NA
"Giants","NYG","DST","0517","weighted",NA,NA,NA,NA,NA,NA,NA,NA,NA,NA,NA,NA,NA,NA,NA,NA,NA,NA,NA,NA,NA,NA,NA,NA,NA,NA,NA,NA,NA,NA,NA,NA,NA,NA,13.2330677966102,1.80538806091102,40.4413898305085,3.8049790100977,0.243326271186441,0.352044841337989,3.0256186440678,0.95460602230943,NA,NA,NA,NA,NA,NA,NA,NA,NA,NA,NA,NA,NA,NA,NA,NA,NA,NA
"Lions","DET","DST","0522","weighted",NA,NA,NA,NA,NA,NA,NA,NA,NA,NA,NA,NA,NA,NA,NA,NA,NA,NA,NA,NA,NA,NA,NA,NA,NA,NA,NA,NA,NA,NA,NA,NA,NA,NA,14.5299661016949,2.6641769600788,41.9843050847458,3.96560666402001,0.823061440677966,0.403746166527289,2.06966525423729,1.29407121217358,NA,NA,NA,NA,NA,NA,NA,NA,NA,NA,NA,NA,NA,NA,NA,NA,NA,NA
"Falcons","ATL","DST","0526","weighted",NA,NA,NA,NA,NA,NA,NA,NA,NA,NA,NA,NA,NA,NA,NA,NA,NA,NA,NA,NA,NA,NA,NA,NA,NA,NA,NA,NA,NA,NA,NA,NA,NA,NA,11.5088050847458,2.4031836574754,44.940406779661,6.61882184991,0.798813559322034,0.385708518114489,2.32265254237288,0.587789343246697,NA,NA,NA,NA,NA,NA,NA,NA,NA,NA,NA,NA,NA,NA,NA,NA,NA,NA
"Texans","HOU","DST","0532","weighted",NA,NA,NA,NA,NA,NA,NA,NA,NA,NA,NA,NA,NA,NA,NA,NA,NA,NA,NA,NA,NA,NA,NA,NA,NA,NA,NA,NA,NA,NA,NA,NA,NA,NA,13.4143559322034,1.47507582265726,50.6353050847458,10.5605818726426,0.507838983050848,0.412841632010862,2.69474152542373,1.00837081730601,NA,NA,NA,NA,NA,NA,NA,NA,NA,NA,NA,NA,NA,NA,NA,NA,NA,NA
"Rams","LAR","DST","0528","weighted",NA,NA,NA,NA,NA,NA,NA,NA,NA,NA,NA,NA,NA,NA,NA,NA,NA,NA,NA,NA,NA,NA,NA,NA,NA,NA,NA,NA,NA,NA,NA,NA,NA,NA,12.9774576271186,1.55288795012475,40.8924661016949,2.57999281460819,1.23527542372881,0.88474617977087,2.17047457627119,1.54367785893582,NA,NA,NA,NA,NA,NA,NA,NA,NA,NA,NA,NA,NA,NA,NA,NA,NA,NA
"Vikings","MIN","DST","0524","weighted",NA,NA,NA,NA,NA,NA,NA,NA,NA,NA,NA,NA,NA,NA,NA,NA,NA,NA,NA,NA,NA,NA,NA,NA,NA,NA,NA,NA,NA,NA,NA,NA,NA,NA,11.6745677966102,1.11044637927982,43.4427711864407,3.16999656867515,0.243326271186441,0.352044841337989,2.09391101694915,1.08825204959752,NA,NA,NA,NA,NA,NA,NA,NA,NA,NA,NA,NA,NA,NA,NA,NA,NA,NA
"Patriots","NE","DST","0504","weighted",NA,NA,NA,NA,NA,NA,NA,NA,NA,NA,NA,NA,NA,NA,NA,NA,NA,NA,NA,NA,NA,NA,NA,NA,NA,NA,NA,NA,NA,NA,NA,NA,NA,NA,12.2743220338983,0.6995899149779,36.1399830508475,2.74584335369595,0.316069915254237,0.334540978244285,2.70597881355932,0.719826081327679,NA,NA,NA,NA,NA,NA,NA,NA,NA,NA,NA,NA,NA,NA,NA,NA,NA,NA
"Seahawks","SEA","DST","0515","weighted",NA,NA,NA,NA,NA,NA,NA,NA,NA,NA,NA,NA,NA,NA,NA,NA,NA,NA,NA,NA,NA,NA,NA,NA,NA,NA,NA,NA,NA,NA,NA,NA,NA,NA,12.5555338983051,0.787716434600273,45.4608389830509,4.36792743490484,0.507838983050848,0.412841632010862,2.46423305084746,0.917130365661619,NA,NA,NA,NA,NA,NA,NA,NA,NA,NA,NA,NA,NA,NA,NA,NA,NA,NA
"Dolphins","MIA","DST","0503","weighted",NA,NA,NA,NA,NA,NA,NA,NA,NA,NA,NA,NA,NA,NA,NA,NA,NA,NA,NA,NA,NA,NA,NA,NA,NA,NA,NA,NA,NA,NA,NA,NA,NA,NA,12.869279661017,1.2164835722528,47.7210338983051,6.08286911242409,0.507838983050848,0.412841632010862,2.82134745762712,0.772138308663967,NA,NA,NA,NA,NA,NA,NA,NA,NA,NA,NA,NA,NA,NA,NA,NA,NA,NA
"Titans","TEN","DST","0508","weighted",NA,NA,NA,NA,NA,NA,NA,NA,NA,NA,NA,NA,NA,NA,NA,NA,NA,NA,NA,NA,NA,NA,NA,NA,NA,NA,NA,NA,NA,NA,NA,NA,NA,NA,10.3794830508475,1.89250930030015,43.3886694915254,3.46309343997799,0.243326271186441,0.352044841337989,2.21695762711864,0.940311000797633,NA,NA,NA,NA,NA,NA,NA,NA,NA,NA,NA,NA,NA,NA,NA,NA,NA,NA
"Raiders","LVR","DST","0513","weighted",NA,NA,NA,NA,NA,NA,NA,NA,NA,NA,NA,NA,NA,NA,NA,NA,NA,NA,NA,NA,NA,NA,NA,NA,NA,NA,NA,NA,NA,NA,NA,NA,NA,NA,11.3498050847458,1.28083099472791,44.1691016949153,4.02972942453269,0.701822033898305,0.34131631159946,3.04399576271186,0.759668455472022,NA,NA,NA,NA,NA,NA,NA,NA,NA,NA,NA,NA,NA,NA,NA,NA,NA,NA
"Eagles","PHI","DST","0518","weighted",NA,NA,NA,NA,NA,NA,NA,NA,NA,NA,NA,NA,NA,NA,NA,NA,NA,NA,NA,NA,NA,NA,NA,NA,NA,NA,NA,NA,NA,NA,NA,NA,NA,NA,12.7606271186441,1.99110959190424,49.1753220338983,5.59861686211296,0.34031779661017,0.335929718270121,2.88534322033898,0.764572053778286,NA,NA,NA,NA,NA,NA,NA,NA,NA,NA,NA,NA,NA,NA,NA,NA,NA,NA
"Jaguars","JAC","DST","0509","weighted",NA,NA,NA,NA,NA,NA,NA,NA,NA,NA,NA,NA,NA,NA,NA,NA,NA,NA,NA,NA,NA,NA,NA,NA,NA,NA,NA,NA,NA,NA,NA,NA,NA,NA,13.3051440677966,1.36686637882874,41.9494406779661,2.97306430010658,0.243326271186441,0.352044841337989,2.71660169491525,0.794967979144738,NA,NA,NA,NA,NA,NA,NA,NA,NA,NA,NA,NA,NA,NA,NA,NA,NA,NA
"Browns","CLE","DST","0507","weighted",NA,NA,NA,NA,NA,NA,NA,NA,NA,NA,NA,NA,NA,NA,NA,NA,NA,NA,NA,NA,NA,NA,NA,NA,NA,NA,NA,NA,NA,NA,NA,NA,NA,NA,15.2627118644068,3.60262601426737,48.3011610169492,4.32496525239543,0.243326271186441,0.352044841337989,3.11939830508475,0.391601865331998,NA,NA,NA,NA,NA,NA,NA,NA,NA,NA,NA,NA,NA,NA,NA,NA,NA,NA
"Bears","CHI","DST","0521","weighted",NA,NA,NA,NA,NA,NA,NA,NA,NA,NA,NA,NA,NA,NA,NA,NA,NA,NA,NA,NA,NA,NA,NA,NA,NA,NA,NA,NA,NA,NA,NA,NA,NA,NA,15.9359406779661,3.5671649438513,36.8135254237288,3.91333351070676,0.507838983050848,0.412841632010862,2.41349152542373,0.493264892691365,NA,NA,NA,NA,NA,NA,NA,NA,NA,NA,NA,NA,NA,NA,NA,NA,NA,NA
"Packers","GB","DST","0523","weighted",NA,NA,NA,NA,NA,NA,NA,NA,NA,NA,NA,NA,NA,NA,NA,NA,NA,NA,NA,NA,NA,NA,NA,NA,NA,NA,NA,NA,NA,NA,NA,NA,NA,NA,12.2800508474576,3.37149557350276,44.7544406779661,5.20757323629472,0.507838983050848,0.412841632010862,2.48816101694915,0.822796325245974,NA,NA,NA,NA,NA,NA,NA,NA,NA,NA,NA,NA,NA,NA,NA,NA,NA,NA
"Chargers","LAC","DST","0514","weighted",NA,NA,NA,NA,NA,NA,NA,NA,NA,NA,NA,NA,NA,NA,NA,NA,NA,NA,NA,NA,NA,NA,NA,NA,NA,NA,NA,NA,NA,NA,NA,NA,NA,NA,11.1348305084746,1.84765193301796,46.9420338983051,5.90110443525981,0.507838983050848,0.412841632010862,2.35389406779661,1.08837361172965,NA,NA,NA,NA,NA,NA,NA,NA,NA,NA,NA,NA,NA,NA,NA,NA,NA,NA
"Bengals","CIN","DST","0506","weighted",NA,NA,NA,NA,NA,NA,NA,NA,NA,NA,NA,NA,NA,NA,NA,NA,NA,NA,NA,NA,NA,NA,NA,NA,NA,NA,NA,NA,NA,NA,NA,NA,NA,NA,14.2007288135593,2.25297001234039,46.5064237288136,4.98212306412921,0.243326271186441,0.352044841337989,2.27219915254237,0.928806700421615,NA,NA,NA,NA,NA,NA,NA,NA,NA,NA,NA,NA,NA,NA,NA,NA,NA,NA
"Bills","BUF","DST","0501","weighted",NA,NA,NA,NA,NA,NA,NA,NA,NA,NA,NA,NA,NA,NA,NA,NA,NA,NA,NA,NA,NA,NA,NA,NA,NA,NA,NA,NA,NA,NA,NA,NA,NA,NA,14.2442033898305,1.79160989102667,47.0883644067797,5.60651435316862,0.507838983050848,0.412841632010862,2.78278389830509,1.06666382331443,NA,NA,NA,NA,NA,NA,NA,NA,NA,NA,NA,NA,NA,NA,NA,NA,NA,NA
"Saints","NO","DST","0529","weighted",NA,NA,NA,NA,NA,NA,NA,NA,NA,NA,NA,NA,NA,NA,NA,NA,NA,NA,NA,NA,NA,NA,NA,NA,NA,NA,NA,NA,NA,NA,NA,NA,NA,NA,14.4194830508475,2.12831888131241,40.7611525423729,4.53498311463525,0.243326271186441,0.352044841337989,2.6381906779661,0.496348423112594,NA,NA,NA,NA,NA,NA,NA,NA,NA,NA,NA,NA,NA,NA,NA,NA,NA,NA
"Buccaneers","TB","DST","0525","weighted",NA,NA,NA,NA,NA,NA,NA,NA,NA,NA,NA,NA,NA,NA,NA,NA,NA,NA,NA,NA,NA,NA,NA,NA,NA,NA,NA,NA,NA,NA,NA,NA,NA,NA,11.1395762711864,1.37658424881073,45.201779661017,5.31318091005594,0.485805084745763,0.412643607608067,2.24943644067797,1.19305306175551,NA,NA,NA,NA,NA,NA,NA,NA,NA,NA,NA,NA,NA,NA,NA,NA,NA,NA
"Jets","NYJ","DST","0505","weighted",NA,NA,NA,NA,NA,NA,NA,NA,NA,NA,NA,NA,NA,NA,NA,NA,NA,NA,NA,NA,NA,NA,NA,NA,NA,NA,NA,NA,NA,NA,NA,NA,NA,NA,15.1571016949153,1.80923266573043,49.757686440678,7.65718529196169,1.37854872881356,0.788955089495396,2.91924152542373,0.452228388922131,NA,NA,NA,NA,NA,NA,NA,NA,NA,NA,NA,NA,NA,NA,NA,NA,NA,NA
"Steelers","PIT","DST","0510","weighted",NA,NA,NA,NA,NA,NA,NA,NA,NA,NA,NA,NA,NA,NA,NA,NA,NA,NA,NA,NA,NA,NA,NA,NA,NA,NA,NA,NA,NA,NA,NA,NA,NA,NA,14.5545677966102,2.32545944909803,48.5810847457627,4.59138038597955,0.485805084745763,0.412643607608067,2.27845762711864,1.06271336837032,NA,NA,NA,NA,NA,NA,NA,NA,NA,NA,NA,NA,NA,NA,NA,NA,NA,NA
"49ers","SF","DST","0530","weighted",NA,NA,NA,NA,NA,NA,NA,NA,NA,NA,NA,NA,NA,NA,NA,NA,NA,NA,NA,NA,NA,NA,NA,NA,NA,NA,NA,NA,NA,NA,NA,NA,NA,NA,16.197813559322,2.98900175929055,45.2008389830509,2.94837363187597,0.653326271186441,0.339368441429071,2.59428389830508,0.581307383398575,NA,NA,NA,NA,NA,NA,NA,NA,NA,NA,NA,NA,NA,NA,NA,NA,NA,NA
"Chiefs","KC","DST","0512","weighted",NA,NA,NA,NA,NA,NA,NA,NA,NA,NA,NA,NA,NA,NA,NA,NA,NA,NA,NA,NA,NA,NA,NA,NA,NA,NA,NA,NA,NA,NA,NA,NA,NA,NA,11.5590762711864,1.80119989711605,51.6302457627119,6.05813503589059,0.507838983050848,0.412841632010862,2.86364406779661,0.650471440904747,NA,NA,NA,NA,NA,NA,NA,NA,NA,NA,NA,NA,NA,NA,NA,NA,NA,NA
"Ravens","BAL","DST","0531","weighted",NA,NA,NA,NA,NA,NA,NA,NA,NA,NA,NA,NA,NA,NA,NA,NA,NA,NA,NA,NA,NA,NA,NA,NA,NA,NA,NA,NA,NA,NA,NA,NA,NA,NA,15.0731186440678,1.8834016957387,52.2848644067797,5.37959429270389,0.243326271186441,0.352044841337989,2.69925,0.865361122960842,NA,NA,NA,NA,NA,NA,NA,NA,NA,NA,NA,NA,NA,NA,NA,NA,NA,NA
"Derrick Brown","CAR","DL","14897","weighted",NA,NA,NA,NA,NA,NA,NA,NA,NA,NA,NA,NA,NA,NA,NA,NA,NA,NA,NA,NA,NA,NA,NA,NA,NA,NA,NA,NA,NA,NA,NA,NA,NA,NA,NA,NA,NA,NA,NA,NA,NA,NA,NA,NA,67.2572178988327,27.2876199543254,NA,NA,0.52,0.451568060217612,4.9431906614786,1.26794434440886,0.0746352140077821,0.0730869089651583,2020,1998-04-15,NA,NA,NA,NA
"Harrison Phillips","MIN","DL","13693","weighted",NA,NA,NA,NA,NA,NA,NA,NA,NA,NA,NA,NA,NA,NA,NA,NA,NA,NA,NA,NA,NA,NA,NA,NA,NA,NA,NA,NA,NA,NA,NA,NA,NA,NA,NA,NA,NA,NA,NA,NA,NA,NA,NA,NA,54.5776070038911,30.0399166295612,NA,NA,0.00626459143968872,0.011377002270428,2.08118677042802,1.05882001723811,0.0398054474708171,0.0389796847814178,2018,1996-01-25,NA,NA,NA,NA
"Maxx Crosby","LVR","DL","14225","weighted",NA,NA,NA,NA,NA,NA,NA,NA,NA,NA,NA,NA,NA,NA,NA,NA,NA,NA,NA,NA,NA,NA,NA,NA,NA,NA,NA,NA,NA,NA,NA,NA,NA,NA,NA,NA,NA,NA,NA,NA,NA,NA,NA,NA,65.7461089494163,20.2486304721693,NA,NA,0.0250583657587549,0.045508009081712,2.44844357976654,0.544351376011552,0.0995136186770428,0.0974492119535444,2019,1997-08-22,NA,NA,NA,NA
"DeForest Buckner","IND","DL","12688","weighted",NA,NA,NA,NA,NA,NA,NA,NA,NA,NA,NA,NA,NA,NA,NA,NA,NA,NA,NA,NA,NA,NA,NA,NA,NA,NA,NA,NA,NA,NA,NA,NA,NA,NA,NA,NA,NA,NA,NA,NA,NA,NA,NA,NA,53.3549805447471,21.6460144070034,NA,NA,0.0125291828793774,0.022754004540856,3.98634241245136,1.69077378454112,0.366142996108949,0.229005648090829,2016,1994-03-17,NA,NA,NA,NA
"Danielle Hunter","HOU","DL","12221","weighted",NA,NA,NA,NA,NA,NA,NA,NA,NA,NA,NA,NA,NA,NA,NA,NA,NA,NA,NA,NA,NA,NA,NA,NA,NA,NA,NA,NA,NA,NA,NA,NA,NA,NA,NA,NA,NA,NA,NA,NA,NA,NA,NA,NA,59.1779377431907,16.3678520377584,NA,NA,0.0187937743190661,0.034131006811284,2.10001945525292,0.443661164261093,0.0945379377431907,0.0925767513558672,2015,1994-10-29,NA,NA,NA,NA
"Christian Barmore","NE","DL","15357","weighted",NA,NA,NA,NA,NA,NA,NA,NA,NA,NA,NA,NA,NA,NA,NA,NA,NA,NA,NA,NA,NA,NA,NA,NA,NA,NA,NA,NA,NA,NA,NA,NA,NA,NA,NA,NA,NA,NA,NA,NA,NA,NA,NA,NA,42.5060311284047,26.723915267909,NA,NA,0.0187937743190661,0.034131006811284,2.9277626459144,1.488705731055,0.0746352140077821,0.0730869089651583,2021,1999-07-28,NA,"Illness",2024,0
"AShawn Robinson","CAR","DL","12697","weighted",NA,NA,NA,NA,NA,NA,NA,NA,NA,NA,NA,NA,NA,NA,NA,NA,NA,NA,NA,NA,NA,NA,NA,NA,NA,NA,NA,NA,NA,NA,NA,NA,NA,NA,NA,NA,NA,NA,NA,NA,NA,NA,NA,NA,55.6343913713405,22.1395133189508,NA,NA,0.0545762711864407,0.0777817459305202,3.48477657935285,0.876812408671319,0.0545762711864407,0.0777817459305202,2016,1995-03-21,NA,NA,NA,NA
"Carl Granderson","NO","DL","14405","weighted",NA,NA,NA,NA,NA,NA,NA,NA,NA,NA,NA,NA,NA,NA,NA,NA,NA,NA,NA,NA,NA,NA,NA,NA,NA,NA,NA,NA,NA,NA,NA,NA,NA,NA,NA,NA,NA,NA,NA,NA,NA,NA,NA,NA,50.4376653696498,17.5808789197289,NA,NA,0.0219260700389105,0.039819507946498,1.55468871595331,0.548678305510053,0.0746352140077821,0.0730869089651583,2019,1996-12-18,NA,NA,NA,NA
"Christian Wilkins","LVR","DL","14162","weighted",NA,NA,NA,NA,NA,NA,NA,NA,NA,NA,NA,NA,NA,NA,NA,NA,NA,NA,NA,NA,NA,NA,NA,NA,NA,NA,NA,NA,NA,NA,NA,NA,NA,NA,NA,NA,NA,NA,NA,NA,NA,NA,NA,NA,47.4270428015564,20.0953110457977,NA,NA,0.0532490272373541,0.0967045192986381,1.73684824902724,0.77907073641138,0.42136186770428,0.272857793469924,2019,1970-01-01,NA,NA,NA,NA
"Kobie Turner","LAR","DL","16282","weighted",NA,NA,NA,NA,NA,NA,NA,NA,NA,NA,NA,NA,NA,NA,NA,NA,NA,NA,NA,NA,NA,NA,NA,NA,NA,NA,NA,NA,NA,NA,NA,NA,NA,NA,NA,NA,NA,NA,NA,NA,NA,NA,NA,NA,39.6972568093385,25.4666034832171,NA,NA,0.0281906614785992,0.051196510216926,1.59227626459144,0.602369855191758,0.06965953307393,0.0682144483674811,2023,1999-04-26,NA,NA,NA,NA
"Sam Hubbard","CIN","DL","13684","weighted",NA,NA,NA,NA,NA,NA,NA,NA,NA,NA,NA,NA,NA,NA,NA,NA,NA,NA,NA,NA,NA,NA,NA,NA,NA,NA,NA,NA,NA,NA,NA,NA,NA,NA,NA,NA,NA,NA,NA,NA,NA,NA,NA,NA,47.835233463035,17.6248749772163,NA,NA,0.0156614785992218,0.02844250567607,1.57346303501946,0.816007755127048,0.0646838521400778,0.0633419877698039,2018,NA,"Q","Knee",2024,0
"Jeffery Simmons","TEN","DL","14163","weighted",NA,NA,NA,NA,NA,NA,NA,NA,NA,NA,NA,NA,NA,NA,NA,NA,NA,NA,NA,NA,NA,NA,NA,NA,NA,NA,NA,NA,NA,NA,NA,NA,NA,NA,NA,NA,NA,NA,NA,NA,NA,NA,NA,NA,43.2630155642023,20.000762553225,NA,NA,0.0156614785992218,0.02844250567607,1.94842412451362,0.219768186696197,0.06965953307393,0.0682144483674811,2019,1997-07-28,NA,NA,NA,NA
"Nick Bosa","SF","DL","14147","weighted",NA,NA,NA,NA,NA,NA,NA,NA,NA,NA,NA,NA,NA,NA,NA,NA,NA,NA,NA,NA,NA,NA,NA,NA,NA,NA,NA,NA,NA,NA,NA,NA,NA,NA,NA,NA,NA,NA,NA,NA,NA,NA,NA,NA,46.7823540856031,16.73315269862,NA,NA,0.0532490272373541,0.0967045192986381,2.34871595330739,0.986353644645532,0.0895622568093385,0.0877042907581899,2019,1997-10-23,NA,NA,NA,NA
"Brian Burns","NYG","DL","14171","weighted",NA,NA,NA,NA,NA,NA,NA,NA,NA,NA,NA,NA,NA,NA,NA,NA,NA,NA,NA,NA,NA,NA,NA,NA,NA,NA,NA,NA,NA,NA,NA,NA,NA,NA,NA,NA,NA,NA,NA,NA,NA,NA,NA,NA,46.8310700389105,16.208715250055,NA,NA,0.0281906614785992,0.051196510216926,2.42437743190661,0.994173765829153,0.0796108949416342,0.0779593695628355,2019,1998-04-23,NA,NA,NA,NA
"Cameron Heyward","PIT","DL","10266","weighted",NA,NA,NA,NA,NA,NA,NA,NA,NA,NA,NA,NA,NA,NA,NA,NA,NA,NA,NA,NA,NA,NA,NA,NA,NA,NA,NA,NA,NA,NA,NA,NA,NA,NA,NA,NA,NA,NA,NA,NA,NA,NA,NA,NA,43.3277821011673,18.1518713003288,NA,NA,0.043852140077821,0.0796390158929961,2.99400778210117,0.696776876380391,0.06965953307393,0.0682144483674811,2011,1989-05-06,NA,NA,NA,NA
"Micah Parsons","DAL","DL","15350","weighted",NA,NA,NA,NA,NA,NA,NA,NA,NA,NA,NA,NA,NA,NA,NA,NA,NA,NA,NA,NA,NA,NA,NA,NA,NA,NA,NA,NA,NA,NA,NA,NA,NA,NA,NA,NA,NA,NA,NA,NA,NA,NA,NA,NA,48.5135019455253,13.0975506635368,NA,NA,0.0156614785992218,0.02844250567607,1.68217898832685,0.358663767662037,0.0845865758754864,0.0828318301605128,2021,1999-05-26,NA,NA,NA,NA
"Preston Smith","GB","DL","12270","weighted",NA,NA,NA,NA,NA,NA,NA,NA,NA,NA,NA,NA,NA,NA,NA,NA,NA,NA,NA,NA,NA,NA,NA,NA,NA,NA,NA,NA,NA,NA,NA,NA,NA,NA,NA,NA,NA,NA,NA,NA,NA,NA,NA,NA,40.2829961089494,19.4410718158976,NA,NA,0.137821011673152,0.250294049949416,2.40120622568093,0.381330173146937,0.0845865758754864,0.0828318301605128,2015,1992-11-17,NA,NA,NA,NA
"Leonard Williams","SEA","DL","12225","weighted",NA,NA,NA,NA,NA,NA,NA,NA,NA,NA,NA,NA,NA,NA,NA,NA,NA,NA,NA,NA,NA,NA,NA,NA,NA,NA,NA,NA,NA,NA,NA,NA,NA,NA,NA,NA,NA,NA,NA,NA,NA,NA,NA,NA,44.5427821011673,15.6055955672631,NA,NA,0.0407198443579767,0.0739505147577821,1.81661478599222,0.788612957662834,0.0547324902723735,0.0535970665744494,2015,1994-06-20,NA,NA,NA,NA
"Demarcus Lawrence","DAL","DL","11769","weighted",NA,NA,NA,NA,NA,NA,NA,NA,NA,NA,NA,NA,NA,NA,NA,NA,NA,NA,NA,NA,NA,NA,NA,NA,NA,NA,NA,NA,NA,NA,NA,NA,NA,NA,NA,NA,NA,NA,NA,NA,NA,NA,NA,NA,42.1313424124514,17.0057205251993,NA,NA,0.0469844357976654,0.0853275170282101,4.3456420233463,2.23566842021052,0.06965953307393,0.0682144483674811,2014,1992-04-28,NA,NA,NA,NA
"Montez Sweat","CHI","DL","14148","weighted",NA,NA,NA,NA,NA,NA,NA,NA,NA,NA,NA,NA,NA,NA,NA,NA,NA,NA,NA,NA,NA,NA,NA,NA,NA,NA,NA,NA,NA,NA,NA,NA,NA,NA,NA,NA,NA,NA,NA,NA,NA,NA,NA,NA,44.3700778210117,14.4047809549206,NA,NA,0.0375875486381323,0.068262013622568,3.07307392996109,1.36112583257065,0.0796108949416342,0.0779593695628355,2019,1996-09-04,NA,NA,NA,NA
"Myles Garrett","CLE","DL","13198","weighted",NA,NA,NA,NA,NA,NA,NA,NA,NA,NA,NA,NA,NA,NA,NA,NA,NA,NA,NA,NA,NA,NA,NA,NA,NA,NA,NA,NA,NA,NA,NA,NA,NA,NA,NA,NA,NA,NA,NA,NA,NA,NA,NA,NA,45.3482295719844,13.8137022632575,NA,NA,0.0156614785992218,0.02844250567607,2.42511673151751,1.30526796936012,0.0995136186770428,0.0974492119535444,2017,1995-12-29,NA,NA,NA,NA
"Zach Allen","DEN","DL","14153","weighted",NA,NA,NA,NA,NA,NA,NA,NA,NA,NA,NA,NA,NA,NA,NA,NA,NA,NA,NA,NA,NA,NA,NA,NA,NA,NA,NA,NA,NA,NA,NA,NA,NA,NA,NA,NA,NA,NA,NA,NA,NA,NA,NA,NA,40.9021206225681,18.1172604361205,NA,NA,0.0469844357976654,0.0853275170282101,2.38287937743191,0.659430892914056,0.210437743190661,0.0877042907581899,2019,1997-08-20,NA,NA,NA,NA
"Arik Armstead","JAC","DL","12218","weighted",NA,NA,NA,NA,NA,NA,NA,NA,NA,NA,NA,NA,NA,NA,NA,NA,NA,NA,NA,NA,NA,NA,NA,NA,NA,NA,NA,NA,NA,NA,NA,NA,NA,NA,NA,NA,NA,NA,NA,NA,NA,NA,NA,NA,34.2965953307393,22.2477758566579,NA,NA,0.0125291828793774,0.022754004540856,1.2527626459144,1.1770765326591,0.0597081712062257,0.0584695271721266,2015,1993-11-15,NA,NA,NA,NA
"Gregory Rousseau","BUF","DL","15346","weighted",NA,NA,NA,NA,NA,NA,NA,NA,NA,NA,NA,NA,NA,NA,NA,NA,NA,NA,NA,NA,NA,NA,NA,NA,NA,NA,NA,NA,NA,NA,NA,NA,NA,NA,NA,NA,NA,NA,NA,NA,NA,NA,NA,NA,42.4604085603113,14.4242233006494,NA,NA,0.0469844357976654,0.0853275170282101,3.42727626459144,1.12537014997899,0.06965953307393,0.0682144483674811,2021,2000-04-05,NA,NA,NA,NA
"Will Anderson","HOU","DL","16223","weighted",NA,NA,NA,NA,NA,NA,NA,NA,NA,NA,NA,NA,NA,NA,NA,NA,NA,NA,NA,NA,NA,NA,NA,NA,NA,NA,NA,NA,NA,NA,NA,NA,NA,NA,NA,NA,NA,NA,NA,NA,NA,NA,NA,NA,40.8170233463035,15.3483070008522,NA,NA,0.0313229571984436,0.0568850113521401,1.26889105058366,0.574682931470587,0.06965953307393,0.0682144483674811,2023,2001-09-02,"Q","Ankle",2024,0
"Jonathan Allen","WAS","DL","13208","weighted",NA,NA,NA,NA,NA,NA,NA,NA,NA,NA,NA,NA,NA,NA,NA,NA,NA,NA,NA,NA,NA,NA,NA,NA,NA,NA,NA,NA,NA,NA,NA,NA,NA,NA,NA,NA,NA,NA,NA,NA,NA,NA,NA,NA,40.9082101167315,15.5517448376626,NA,NA,0.043852140077821,0.0796390158929961,1.87805447470817,0.415563800878347,0.06965953307393,0.0682144483674811,2017,1995-01-16,NA,NA,NA,NA
"Aidan Hutchinson","DET","DL","15805","weighted",NA,NA,NA,NA,NA,NA,NA,NA,NA,NA,NA,NA,NA,NA,NA,NA,NA,NA,NA,NA,NA,NA,NA,NA,NA,NA,NA,NA,NA,NA,NA,NA,NA,NA,NA,NA,NA,NA,NA,NA,NA,NA,NA,NA,45.5543579766537,11.8902387285498,NA,NA,0.426750972762646,0.418111744972649,5.03145914396887,3.16253029982544,0.0895622568093385,0.0877042907581899,2022,2000-08-09,NA,NA,NA,NA
"Khalil Mack","LAC","DL","11721","weighted",NA,NA,NA,NA,NA,NA,NA,NA,NA,NA,NA,NA,NA,NA,NA,NA,NA,NA,NA,NA,NA,NA,NA,NA,NA,NA,NA,NA,NA,NA,NA,NA,NA,NA,NA,NA,NA,NA,NA,NA,NA,NA,NA,NA,50.9749291784702,9.12167747730646,NA,NA,0.138951841359773,0.212132034355964,7.59376770538244,3.95979797464467,0,0,2014,1991-02-22,NA,NA,NA,NA
"Rashan Gary","GB","DL","14149","weighted",NA,NA,NA,NA,NA,NA,NA,NA,NA,NA,NA,NA,NA,NA,NA,NA,NA,NA,NA,NA,NA,NA,NA,NA,NA,NA,NA,NA,NA,NA,NA,NA,NA,NA,NA,NA,NA,NA,NA,NA,NA,NA,NA,NA,34.4158949416342,18.9786348478515,NA,NA,0.0219260700389105,0.039819507946498,1.80122568093385,0.914184776782466,0.06965953307393,0.0682144483674811,2019,1997-12-03,NA,NA,NA,NA
"George Karlaftis","KC","DL","15808","weighted",NA,NA,NA,NA,NA,NA,NA,NA,NA,NA,NA,NA,NA,NA,NA,NA,NA,NA,NA,NA,NA,NA,NA,NA,NA,NA,NA,NA,NA,NA,NA,NA,NA,NA,NA,NA,NA,NA,NA,NA,NA,NA,NA,NA,39.9141634241245,14.3265540322949,NA,NA,0.0281906614785992,0.051196510216926,2.70966926070039,0.702843618296414,0.06965953307393,0.0682144483674811,2022,2001-04-03,NA,NA,NA,NA
"Kayvon Thibodeaux","NYG","DL","15806","weighted",NA,NA,NA,NA,NA,NA,NA,NA,NA,NA,NA,NA,NA,NA,NA,NA,NA,NA,NA,NA,NA,NA,NA,NA,NA,NA,NA,NA,NA,NA,NA,NA,NA,NA,NA,NA,NA,NA,NA,NA,NA,NA,NA,NA,40.5424319066148,14.1470858344976,NA,NA,0.0344552529182879,0.0625735124873541,3.89237354085603,1.83966520153766,0.0746352140077821,0.0730869089651583,2022,2000-12-15,NA,NA,NA,NA
"Anfernee Jennings","NE","DL","14894","weighted",NA,NA,NA,NA,NA,NA,NA,NA,NA,NA,NA,NA,NA,NA,NA,NA,NA,NA,NA,NA,NA,NA,NA,NA,NA,NA,NA,NA,NA,NA,NA,NA,NA,NA,NA,NA,NA,NA,NA,NA,NA,NA,NA,NA,41.5603399433428,16.1220346110533,NA,NA,0,0,0.675779036827196,0.494974746830583,0,0,2020,1997-05-01,NA,NA,NA,NA
"Josh Sweat","PHI","DL","13690","weighted",NA,NA,NA,NA,NA,NA,NA,NA,NA,NA,NA,NA,NA,NA,NA,NA,NA,NA,NA,NA,NA,NA,NA,NA,NA,NA,NA,NA,NA,NA,NA,NA,NA,NA,NA,NA,NA,NA,NA,NA,NA,NA,NA,NA,39.2135408560311,11.7283553973615,NA,NA,0.288443579766537,0.360675981765054,1.1874513618677,0.427557202424919,0.431313229571984,0.26311287227457,2018,1997-03-29,NA,NA,NA,NA
"Joey Bosa","LAC","DL","12686","weighted",NA,NA,NA,NA,NA,NA,NA,NA,NA,NA,NA,NA,NA,NA,NA,NA,NA,NA,NA,NA,NA,NA,NA,NA,NA,NA,NA,NA,NA,NA,NA,NA,NA,NA,NA,NA,NA,NA,NA,NA,NA,NA,NA,NA,38.1351274787535,18.5261976670876,NA,NA,0,0,2.38951841359773,2.12132034355964,0,0,2016,1995-07-11,"Q","Hand",2024,0
"Bradley Chubb","MIA","DL","13681","weighted",NA,NA,NA,NA,NA,NA,NA,NA,NA,NA,NA,NA,NA,NA,NA,NA,NA,NA,NA,NA,NA,NA,NA,NA,NA,NA,NA,NA,NA,NA,NA,NA,NA,NA,NA,NA,NA,NA,NA,NA,NA,NA,NA,NA,40.7266288951841,14.8492424049175,NA,NA,0.0926345609065156,0.14142135623731,1.60212464589235,0.919238815542512,0,0,2018,1996-06-24,NA,"Knee - ACL",2024,0
"Kwity Paye","IND","DL","15345","weighted",NA,NA,NA,NA,NA,NA,NA,NA,NA,NA,NA,NA,NA,NA,NA,NA,NA,NA,NA,NA,NA,NA,NA,NA,NA,NA,NA,NA,NA,NA,NA,NA,NA,NA,NA,NA,NA,NA,NA,NA,NA,NA,NA,NA,39.8655807365439,15.0613744392735,NA,NA,0,0,1.57478753541077,2.40416305603426,0.3,0,2021,1998-11-19,NA,NA,NA,NA
"Harold Landry","TEN","DL","13700","weighted",NA,NA,NA,NA,NA,NA,NA,NA,NA,NA,NA,NA,NA,NA,NA,NA,NA,NA,NA,NA,NA,NA,NA,NA,NA,NA,NA,NA,NA,NA,NA,NA,NA,NA,NA,NA,NA,NA,NA,NA,NA,NA,NA,NA,48.8063739376771,2.75771644662753,NA,NA,0,0,1.86104815864023,0.212132034355964,0,0,2018,1996-06-05,NA,NA,NA,NA
"Trey Hendrickson","CIN","DL","13284","weighted",NA,NA,NA,NA,NA,NA,NA,NA,NA,NA,NA,NA,NA,NA,NA,NA,NA,NA,NA,NA,NA,NA,NA,NA,NA,NA,NA,NA,NA,NA,NA,NA,NA,NA,NA,NA,NA,NA,NA,NA,NA,NA,NA,NA,35.1311089494163,13.2071437478187,NA,NA,0.0125291828793774,0.022754004540856,2.60873540856031,1.34694178430205,0.0796108949416342,0.0779593695628355,2017,1994-12-05,NA,NA,NA,NA
"Jonathan Greenard","MIN","DL","14882","weighted",NA,NA,NA,NA,NA,NA,NA,NA,NA,NA,NA,NA,NA,NA,NA,NA,NA,NA,NA,NA,NA,NA,NA,NA,NA,NA,NA,NA,NA,NA,NA,NA,NA,NA,NA,NA,NA,NA,NA,NA,NA,NA,NA,NA,41.4107648725212,11.3137084989848,NA,NA,0,0,2.78739376770538,1.20208152801713,0.4,0,2020,1997-05-25,NA,NA,NA,NA
"T.J. Watt","PIT","DL","13214","weighted",NA,NA,NA,NA,NA,NA,NA,NA,NA,NA,NA,NA,NA,NA,NA,NA,NA,NA,NA,NA,NA,NA,NA,NA,NA,NA,NA,NA,NA,NA,NA,NA,NA,NA,NA,NA,NA,NA,NA,NA,NA,NA,NA,NA,44.5011331444759,3.81837661840736,NA,NA,0.861048158640227,0.212132034355964,6.18526912181303,0.282842712474619,0.6,0,2017,1994-10-11,NA,NA,NA,NA
"Jayson Oweh","BAL","DL","15378","weighted",NA,NA,NA,NA,NA,NA,NA,NA,NA,NA,NA,NA,NA,NA,NA,NA,NA,NA,NA,NA,NA,NA,NA,NA,NA,NA,NA,NA,NA,NA,NA,NA,NA,NA,NA,NA,NA,NA,NA,NA,NA,NA,NA,NA,37.7349858356941,11.8086832458153,NA,NA,0.185269121813031,0.282842712474619,0.861048158640227,0.212132034355964,0,0,2021,1998-12-15,NA,NA,NA,NA
"Dre'Mont Jones","SEA","DL","14164","weighted",NA,NA,NA,NA,NA,NA,NA,NA,NA,NA,NA,NA,NA,NA,NA,NA,NA,NA,NA,NA,NA,NA,NA,NA,NA,NA,NA,NA,NA,NA,NA,NA,NA,NA,NA,NA,NA,NA,NA,NA,NA,NA,NA,NA,34.8192634560907,14.9906637611548,NA,NA,0,0,1.69475920679887,1.06066017177982,0,0,2019,1997-01-05,NA,NA,NA,NA
"Michael Hoecht","LAR","DL","15565","weighted",NA,NA,NA,NA,NA,NA,NA,NA,NA,NA,NA,NA,NA,NA,NA,NA,NA,NA,NA,NA,NA,NA,NA,NA,NA,NA,NA,NA,NA,NA,NA,NA,NA,NA,NA,NA,NA,NA,NA,NA,NA,NA,NA,NA,42.8253541076487,4.31335136523794,NA,NA,0,0,1.60212464589235,0.919238815542512,0,0,2020,1997-10-05,NA,NA,NA,NA
"Jadeveon Clowney","CAR","DL","11706","weighted",NA,NA,NA,NA,NA,NA,NA,NA,NA,NA,NA,NA,NA,NA,NA,NA,NA,NA,NA,NA,NA,NA,NA,NA,NA,NA,NA,NA,NA,NA,NA,NA,NA,NA,NA,NA,NA,NA,NA,NA,NA,NA,NA,NA,34.1898016997167,15.556349186104,NA,NA,0,0,5.80637393767705,2.75771644662754,0,0,2014,1993-02-14,"Q","Illness",2024,0
"Jared Verse","LAR","DL","16653","weighted",NA,NA,NA,NA,NA,NA,NA,NA,NA,NA,NA,NA,NA,NA,NA,NA,NA,NA,NA,NA,NA,NA,NA,NA,NA,NA,NA,NA,NA,NA,NA,NA,NA,NA,NA,NA,NA,NA,NA,NA,NA,NA,NA,NA,34.7266288951841,14.8492424049175,NA,NA,0,0,1.09263456090652,0.14142135623731,0,0,2024,2000-11-04,NA,NA,NA,NA
"Jonathon Cooper","DEN","DL","15484","weighted",NA,NA,NA,NA,NA,NA,NA,NA,NA,NA,NA,NA,NA,NA,NA,NA,NA,NA,NA,NA,NA,NA,NA,NA,NA,NA,NA,NA,NA,NA,NA,NA,NA,NA,NA,NA,NA,NA,NA,NA,NA,NA,NA,NA,39.4191218130312,8.27314933988261,NA,NA,0.555807365439094,0.848528137423857,1.60212464589235,0.919238815542512,0.6,0,2021,1998-01-08,NA,NA,NA,NA
"Jaelan Phillips","MIA","DL","15349","weighted",NA,NA,NA,NA,NA,NA,NA,NA,NA,NA,NA,NA,NA,NA,NA,NA,NA,NA,NA,NA,NA,NA,NA,NA,NA,NA,NA,NA,NA,NA,NA,NA,NA,NA,NA,NA,NA,NA,NA,NA,NA,NA,NA,NA,38.5580736543909,8.48528137423857,NA,NA,0.83371104815864,1.27279220613579,3.11161473087819,1.69705627484771,0.6,0,2021,1999-05-28,"Q","Achilles",2024,0
"Josh Allen","JAC","DL","14167","weighted",NA,NA,NA,NA,NA,NA,NA,NA,NA,NA,NA,NA,NA,NA,NA,NA,NA,NA,NA,NA,NA,NA,NA,NA,NA,NA,NA,NA,NA,NA,NA,NA,NA,NA,NA,NA,NA,NA,NA,NA,NA,NA,NA,NA,41.621104815864,2.47487373415292,NA,NA,0.463172804532578,0.707106781186548,1.23158640226629,0.353553390593274,0,0,2019,1997-07-13,NA,NA,NA,NA
"Justin Madubuike","BAL","DL","14900","weighted",NA,NA,NA,NA,NA,NA,NA,NA,NA,NA,NA,NA,NA,NA,NA,NA,NA,NA,NA,NA,NA,NA,NA,NA,NA,NA,NA,NA,NA,NA,NA,NA,NA,NA,NA,NA,NA,NA,NA,NA,NA,NA,NA,NA,39.3811614730878,5.1618795026618,NA,NA,0,0,0.536827195467422,0.707106781186548,0,0,2020,1997-11-17,NA,NA,NA,NA
"Laiatu Latu","IND","DL","16651","weighted",NA,NA,NA,NA,NA,NA,NA,NA,NA,NA,NA,NA,NA,NA,NA,NA,NA,NA,NA,NA,NA,NA,NA,NA,NA,NA,NA,NA,NA,NA,NA,NA,NA,NA,NA,NA,NA,NA,NA,NA,NA,NA,NA,NA,26.9035410764873,18.1726442764943,NA,NA,0,0,1.83371104815864,1.27279220613579,0,0,2024,2000-12-31,NA,NA,NA,NA
"Larry Ogunjobi","PIT","DL","13265","weighted",NA,NA,NA,NA,NA,NA,NA,NA,NA,NA,NA,NA,NA,NA,NA,NA,NA,NA,NA,NA,NA,NA,NA,NA,NA,NA,NA,NA,NA,NA,NA,NA,NA,NA,NA,NA,NA,NA,NA,NA,NA,NA,NA,NA,30.7349858356941,11.8086832458153,NA,NA,0.41685552407932,0.636396103067893,1.46317280453258,0.707106781186548,0,0,2017,1994-06-03,NA,NA,NA,NA
"Tuli Tuipulotu","LAC","DL","16266","weighted",NA,NA,NA,NA,NA,NA,NA,NA,NA,NA,NA,NA,NA,NA,NA,NA,NA,NA,NA,NA,NA,NA,NA,NA,NA,NA,NA,NA,NA,NA,NA,NA,NA,NA,NA,NA,NA,NA,NA,NA,NA,NA,NA,NA,34.6127478753541,5.51543289325507,NA,NA,0,0,1.09263456090652,0.14142135623731,0,0,2023,2002-09-03,NA,NA,NA,NA
"Calijah Kancey","TB","DL","16254","weighted",NA,NA,NA,NA,NA,NA,NA,NA,NA,NA,NA,NA,NA,NA,NA,NA,NA,NA,NA,NA,NA,NA,NA,NA,NA,NA,NA,NA,NA,NA,NA,NA,NA,NA,NA,NA,NA,NA,NA,NA,NA,NA,NA,NA,31.1601983002833,9.40452018978108,NA,NA,0,0,1.74107648725212,1.13137084989848,0,0,2023,2001-03-01,NA,NA,NA,NA
"Andrew Van Ginkel","MIN","DL","14249","weighted",NA,NA,NA,NA,NA,NA,NA,NA,NA,NA,NA,NA,NA,NA,NA,NA,NA,NA,NA,NA,NA,NA,NA,NA,NA,NA,NA,NA,NA,NA,NA,NA,NA,NA,NA,NA,NA,NA,NA,NA,NA,NA,NA,NA,36.1473087818697,2.82842712474619,NA,NA,0.231586402266289,0.353553390593274,4.46317280453258,0.707106781186548,0.6,0,2019,1995-07-01,NA,NA,NA,NA
"Jermaine Johnson","NYJ","DL","15809","weighted",NA,NA,NA,NA,NA,NA,NA,NA,NA,NA,NA,NA,NA,NA,NA,NA,NA,NA,NA,NA,NA,NA,NA,NA,NA,NA,NA,NA,NA,NA,NA,NA,NA,NA,NA,NA,NA,NA,NA,NA,NA,NA,NA,NA,34.8990084985836,2.89913780286485,NA,NA,0.787393767705383,1.20208152801713,5.2042492917847,1.83847763108502,1.4,0,2022,1999-01-08,NA,NA,NA,NA
"Malcolm Koonce","LVR","DL","15395","weighted",NA,NA,NA,NA,NA,NA,NA,NA,NA,NA,NA,NA,NA,NA,NA,NA,NA,NA,NA,NA,NA,NA,NA,NA,NA,NA,NA,NA,NA,NA,NA,NA,NA,NA,NA,NA,NA,NA,NA,NA,NA,NA,NA,NA,32.871671388102,4.3840620433566,NA,NA,0,0,0.0926345609065156,0.14142135623731,0,0,2021,1998-06-06,NA,NA,NA,NA
"Alex Highsmith","PIT","DL","14940","weighted",NA,NA,NA,NA,NA,NA,NA,NA,NA,NA,NA,NA,NA,NA,NA,NA,NA,NA,NA,NA,NA,NA,NA,NA,NA,NA,NA,NA,NA,NA,NA,NA,NA,NA,NA,NA,NA,NA,NA,NA,NA,NA,NA,NA,35.1199716713881,1.34350288425444,NA,NA,0.463172804532578,0.707106781186548,2.46317280453258,0.707106781186548,0.2,0,2020,1997-08-07,NA,NA,NA,NA
"Quinnen Williams","NYJ","DL","14157","weighted",NA,NA,NA,NA,NA,NA,NA,NA,NA,NA,NA,NA,NA,NA,NA,NA,NA,NA,NA,NA,NA,NA,NA,NA,NA,NA,NA,NA,NA,NA,NA,NA,NA,NA,NA,NA,NA,NA,NA,NA,NA,NA,NA,NA,35.3515580736544,0.989949493661166,NA,NA,0.370538243626062,0.565685424949238,3.09263456090652,0.14142135623731,0,0,2019,1997-12-21,"Q","Shoulder",2024,0
"Zach Sieler","MIA","DL","13839","weighted",NA,NA,NA,NA,NA,NA,NA,NA,NA,NA,NA,NA,NA,NA,NA,NA,NA,NA,NA,NA,NA,NA,NA,NA,NA,NA,NA,NA,NA,NA,NA,NA,NA,NA,NA,NA,NA,NA,NA,NA,NA,NA,NA,NA,34.1199716713881,1.34350288425444,NA,NA,0.41685552407932,0.636396103067893,4.15793201133145,1.76776695296637,0.9,0,2018,1995-09-07,NA,NA,NA,NA
"Boye Mafe","SEA","DL","15853","weighted",NA,NA,NA,NA,NA,NA,NA,NA,NA,NA,NA,NA,NA,NA,NA,NA,NA,NA,NA,NA,NA,NA,NA,NA,NA,NA,NA,NA,NA,NA,NA,NA,NA,NA,NA,NA,NA,NA,NA,NA,NA,NA,NA,NA,33.7873937677054,1.20208152801713,NA,NA,0,0,2.72209631728045,0.424264068711929,0,0,2022,1998-11-30,NA,NA,NA,NA
"Sebastian Joseph","TEN","DL","13810","weighted",NA,NA,NA,NA,NA,NA,NA,NA,NA,NA,NA,NA,NA,NA,NA,NA,NA,NA,NA,NA,NA,NA,NA,NA,NA,NA,NA,NA,NA,NA,NA,NA,NA,NA,NA,NA,NA,NA,NA,NA,NA,NA,NA,NA,28.2801699716714,8.06101730552664,NA,NA,0,0,0.907365439093485,0.14142135623731,0,0,2018,1995-03-21,NA,NA,NA,NA
"Osa Odighizuwa","DAL","DL","15393","weighted",NA,NA,NA,NA,NA,NA,NA,NA,NA,NA,NA,NA,NA,NA,NA,NA,NA,NA,NA,NA,NA,NA,NA,NA,NA,NA,NA,NA,NA,NA,NA,NA,NA,NA,NA,NA,NA,NA,NA,NA,NA,NA,NA,NA,29.307507082153,6.57609306503489,NA,NA,0,0,0,0,0,0,2021,1998-08-13,NA,NA,NA,NA
"Matt Judon","ATL","DL","12795","weighted",NA,NA,NA,NA,NA,NA,NA,NA,NA,NA,NA,NA,NA,NA,NA,NA,NA,NA,NA,NA,NA,NA,NA,NA,NA,NA,NA,NA,NA,NA,NA,NA,NA,NA,NA,NA,NA,NA,NA,NA,NA,NA,NA,NA,34.0926345609065,0.141421356237312,NA,NA,0,0,2.97266288951841,1.48492424049175,0,0,2016,NA,NA,NA,NA,NA
"B.J. Hill","CIN","DL","13742","weighted",NA,NA,NA,NA,NA,NA,NA,NA,NA,NA,NA,NA,NA,NA,NA,NA,NA,NA,NA,NA,NA,NA,NA,NA,NA,NA,NA,NA,NA,NA,NA,NA,NA,NA,NA,NA,NA,NA,NA,NA,NA,NA,NA,NA,30.4548158640227,3.7476659402887,NA,NA,0.880028328611898,1.34350288425444,4.2042492917847,1.83847763108502,0,0,2018,1995-04-20,NA,NA,NA,NA
"Michael Danna","KC","DL","14978","weighted",NA,NA,NA,NA,NA,NA,NA,NA,NA,NA,NA,NA,NA,NA,NA,NA,NA,NA,NA,NA,NA,NA,NA,NA,NA,NA,NA,NA,NA,NA,NA,NA,NA,NA,NA,NA,NA,NA,NA,NA,NA,NA,NA,NA,30.4548158640227,3.7476659402887,NA,NA,0,0,2.41685552407932,0.636396103067893,0,0,2020,1997-12-04,NA,NA,NA,NA
"Justin Jones","ARI","DL","13748","weighted",NA,NA,NA,NA,NA,NA,NA,NA,NA,NA,NA,NA,NA,NA,NA,NA,NA,NA,NA,NA,NA,NA,NA,NA,NA,NA,NA,NA,NA,NA,NA,NA,NA,NA,NA,NA,NA,NA,NA,NA,NA,NA,NA,NA,30.2695467422096,3.46482322781408,NA,NA,0,0,2.64844192634561,0.989949493661167,0,0,2018,1995-08-17,NA,NA,NA,NA
"Grover Stewart","IND","DL","13298","weighted",NA,NA,NA,NA,NA,NA,NA,NA,NA,NA,NA,NA,NA,NA,NA,NA,NA,NA,NA,NA,NA,NA,NA,NA,NA,NA,NA,NA,NA,NA,NA,NA,NA,NA,NA,NA,NA,NA,NA,NA,NA,NA,NA,NA,29.1495750708215,4.80832611206852,NA,NA,0,0,1.04631728045326,0.0707106781186548,0,0,2017,1993-10-20,NA,NA,NA,NA
"Cameron Jordan","NO","DL","10292","weighted",NA,NA,NA,NA,NA,NA,NA,NA,NA,NA,NA,NA,NA,NA,NA,NA,NA,NA,NA,NA,NA,NA,NA,NA,NA,NA,NA,NA,NA,NA,NA,NA,NA,NA,NA,NA,NA,NA,NA,NA,NA,NA,NA,NA,31.1579320113315,1.76776695296637,NA,NA,0,0,2.41685552407932,0.636396103067893,0,0,2011,1989-07-10,NA,NA,NA,NA
"Clelin Ferrell","WAS","DL","14151","weighted",NA,NA,NA,NA,NA,NA,NA,NA,NA,NA,NA,NA,NA,NA,NA,NA,NA,NA,NA,NA,NA,NA,NA,NA,NA,NA,NA,NA,NA,NA,NA,NA,NA,NA,NA,NA,NA,NA,NA,NA,NA,NA,NA,NA,23.0128895184136,12.2329473145273,NA,NA,0,0,2.43583569405099,2.1920310216783,0,0,2019,1997-05-17,NA,NA,NA,NA
"D.J. Jones","DEN","DL","13332","weighted",NA,NA,NA,NA,NA,NA,NA,NA,NA,NA,NA,NA,NA,NA,NA,NA,NA,NA,NA,NA,NA,NA,NA,NA,NA,NA,NA,NA,NA,NA,NA,NA,NA,NA,NA,NA,NA,NA,NA,NA,NA,NA,NA,NA,28.8253541076487,4.31335136523794,NA,NA,0,0,2.47152974504249,2.33345237791561,0,0,2017,1995-01-19,NA,NA,NA,NA
"Da'Ron Payne","WAS","DL","13723","weighted",NA,NA,NA,NA,NA,NA,NA,NA,NA,NA,NA,NA,NA,NA,NA,NA,NA,NA,NA,NA,NA,NA,NA,NA,NA,NA,NA,NA,NA,NA,NA,NA,NA,NA,NA,NA,NA,NA,NA,NA,NA,NA,NA,NA,30.3325779036827,2.54558441227157,NA,NA,0,0,3.32422096317281,0.494974746830583,0,0,2018,1997-05-27,NA,NA,NA,NA
"Dennis Gardeck","ARI","DL","13888","weighted",NA,NA,NA,NA,NA,NA,NA,NA,NA,NA,NA,NA,NA,NA,NA,NA,NA,NA,NA,NA,NA,NA,NA,NA,NA,NA,NA,NA,NA,NA,NA,NA,NA,NA,NA,NA,NA,NA,NA,NA,NA,NA,NA,NA,31.4905099150142,0.777817459305203,NA,NA,0,0,3.43583569405099,2.1920310216783,0,0,2018,1994-08-09,NA,NA,NA,NA
"Vita Vea","TB","DL","13692","weighted",NA,NA,NA,NA,NA,NA,NA,NA,NA,NA,NA,NA,NA,NA,NA,NA,NA,NA,NA,NA,NA,NA,NA,NA,NA,NA,NA,NA,NA,NA,NA,NA,NA,NA,NA,NA,NA,NA,NA,NA,NA,NA,NA,NA,28.1958923512748,4.87903679018718,NA,NA,0,0,0,0,0,0,2018,1995-02-05,NA,NA,NA,NA
"Uchenna Nwosu","SEA","DL","13704","weighted",NA,NA,NA,NA,NA,NA,NA,NA,NA,NA,NA,NA,NA,NA,NA,NA,NA,NA,NA,NA,NA,NA,NA,NA,NA,NA,NA,NA,NA,NA,NA,NA,NA,NA,NA,NA,NA,NA,NA,NA,NA,NA,NA,NA,29.5747875354108,2.40416305603426,NA,NA,0,0,0.83371104815864,1.27279220613579,0,0,2018,1996-12-28,"O","Knee - MCL",2024,0
"Chris Jones","KC","DL","12741","weighted",NA,NA,NA,NA,NA,NA,NA,NA,NA,NA,NA,NA,NA,NA,NA,NA,NA,NA,NA,NA,NA,NA,NA,NA,NA,NA,NA,NA,NA,NA,NA,NA,NA,NA,NA,NA,NA,NA,NA,NA,NA,NA,NA,NA,27.3811614730878,5.1618795026618,NA,NA,0,0,3.81473087818697,0.282842712474619,0,0,2016,1994-07-03,NA,NA,NA,NA
"Javon Hargrave","SF","DL","12764","weighted",NA,NA,NA,NA,NA,NA,NA,NA,NA,NA,NA,NA,NA,NA,NA,NA,NA,NA,NA,NA,NA,NA,NA,NA,NA,NA,NA,NA,NA,NA,NA,NA,NA,NA,NA,NA,NA,NA,NA,NA,NA,NA,NA,NA,29.4821529745042,2.26274169979695,NA,NA,0,0,1.86104815864023,0.212132034355964,0,0,2016,1993-02-07,NA,NA,NA,NA
"Grady Jarrett","ATL","DL","12305","weighted",NA,NA,NA,NA,NA,NA,NA,NA,NA,NA,NA,NA,NA,NA,NA,NA,NA,NA,NA,NA,NA,NA,NA,NA,NA,NA,NA,NA,NA,NA,NA,NA,NA,NA,NA,NA,NA,NA,NA,NA,NA,NA,NA,NA,27.0630311614731,6.01040764008566,NA,NA,0,0,1.64844192634561,0.989949493661167,0,0,2015,1993-04-28,NA,NA,NA,NA
"Bryce Huff","PHI","DL","15121","weighted",NA,NA,NA,NA,NA,NA,NA,NA,NA,NA,NA,NA,NA,NA,NA,NA,NA,NA,NA,NA,NA,NA,NA,NA,NA,NA,NA,NA,NA,NA,NA,NA,NA,NA,NA,NA,NA,NA,NA,NA,NA,NA,NA,NA,25.5854107648725,7.00035713374682,NA,NA,0,0,1.50949008498584,0.777817459305203,0,0,2020,1998-04-17,NA,NA,NA,NA
"YaYa Diaby","TB","DL","16278","weighted",NA,NA,NA,NA,NA,NA,NA,NA,NA,NA,NA,NA,NA,NA,NA,NA,NA,NA,NA,NA,NA,NA,NA,NA,NA,NA,NA,NA,NA,NA,NA,NA,NA,NA,NA,NA,NA,NA,NA,NA,NA,NA,NA,NA,30.4168555240793,0.636396103067892,NA,NA,0,0,0.536827195467422,0.707106781186548,0,0,2023,1999-05-30,"Q","Ankle",2024,0
"Zaven Collins","ARI","DL","15352","weighted",NA,NA,NA,NA,NA,NA,NA,NA,NA,NA,NA,NA,NA,NA,NA,NA,NA,NA,NA,NA,NA,NA,NA,NA,NA,NA,NA,NA,NA,NA,NA,NA,NA,NA,NA,NA,NA,NA,NA,NA,NA,NA,NA,NA,29.8800283286119,1.34350288425444,NA,NA,0.277903682719547,0.424264068711929,4.04631728045326,0.0707106781186545,0,0,2021,1999-05-19,NA,NA,NA,NA
"Dexter Lawrence","NYG","DL","14159","weighted",NA,NA,NA,NA,NA,NA,NA,NA,NA,NA,NA,NA,NA,NA,NA,NA,NA,NA,NA,NA,NA,NA,NA,NA,NA,NA,NA,NA,NA,NA,NA,NA,NA,NA,NA,NA,NA,NA,NA,NA,NA,NA,NA,NA,30.0926345609065,0.141421356237309,NA,NA,0,0,1.25892351274788,1.13137084989848,0,0,2019,1997-11-12,NA,NA,NA,NA
"Ogbonnia Okoronkwo","CLE","DL","13685","weighted",NA,NA,NA,NA,NA,NA,NA,NA,NA,NA,NA,NA,NA,NA,NA,NA,NA,NA,NA,NA,NA,NA,NA,NA,NA,NA,NA,NA,NA,NA,NA,NA,NA,NA,NA,NA,NA,NA,NA,NA,NA,NA,NA,NA,28.3895184135977,2.12132034355964,NA,NA,0,0,1.37053824362606,0.565685424949238,0,0,2018,1995-04-24,NA,NA,NA,NA
"Baron Browning","DEN","DL","15356","weighted",NA,NA,NA,NA,NA,NA,NA,NA,NA,NA,NA,NA,NA,NA,NA,NA,NA,NA,NA,NA,NA,NA,NA,NA,NA,NA,NA,NA,NA,NA,NA,NA,NA,NA,NA,NA,NA,NA,NA,NA,NA,NA,NA,NA,27.2232294617564,3.39411254969543,NA,NA,0,0,2.50949008498584,0.777817459305203,0,0,2021,1999-02-19,NA,NA,NA,NA
"Dorance Armstrong","WAS","DL","13759","weighted",NA,NA,NA,NA,NA,NA,NA,NA,NA,NA,NA,NA,NA,NA,NA,NA,NA,NA,NA,NA,NA,NA,NA,NA,NA,NA,NA,NA,NA,NA,NA,NA,NA,NA,NA,NA,NA,NA,NA,NA,NA,NA,NA,NA,23.9096317280453,7.49533188057741,NA,NA,0,0,0.861048158640227,0.212132034355964,0,0,2018,1997-06-10,NA,NA,NA,NA
"Davon Godchaux","NE","DL","13317","weighted",NA,NA,NA,NA,NA,NA,NA,NA,NA,NA,NA,NA,NA,NA,NA,NA,NA,NA,NA,NA,NA,NA,NA,NA,NA,NA,NA,NA,NA,NA,NA,NA,NA,NA,NA,NA,NA,NA,NA,NA,NA,NA,NA,NA,27.0842776203966,3.18198051533946,NA,NA,0,0,1.18526912181303,0.282842712474619,0,0,2017,1994-11-11,NA,NA,NA,NA
"Lorenzo Carter","ATL","DL","13703","weighted",NA,NA,NA,NA,NA,NA,NA,NA,NA,NA,NA,NA,NA,NA,NA,NA,NA,NA,NA,NA,NA,NA,NA,NA,NA,NA,NA,NA,NA,NA,NA,NA,NA,NA,NA,NA,NA,NA,NA,NA,NA,NA,NA,NA,26.9916430594901,3.04055915910216,NA,NA,0,0,2.32422096317281,0.494974746830583,0,0,2018,1995-12-10,NA,NA,NA,NA
"Morgan Fox","LAC","DL","13085","weighted",NA,NA,NA,NA,NA,NA,NA,NA,NA,NA,NA,NA,NA,NA,NA,NA,NA,NA,NA,NA,NA,NA,NA,NA,NA,NA,NA,NA,NA,NA,NA,NA,NA,NA,NA,NA,NA,NA,NA,NA,NA,NA,NA,NA,23.9369688385269,6.01040764008565,NA,NA,0,0,0.814730878186969,0.282842712474619,0,0,2016,1994-09-12,NA,NA,NA,NA
"D.J. Wonnum","CAR","DL","14947","weighted",NA,NA,NA,NA,NA,NA,NA,NA,NA,NA,NA,NA,NA,NA,NA,NA,NA,NA,NA,NA,NA,NA,NA,NA,NA,NA,NA,NA,NA,NA,NA,NA,NA,NA,NA,NA,NA,NA,NA,NA,NA,NA,NA,NA,26.564164305949,2.1920310216783,NA,NA,0,0,2.95368271954674,0.0707106781186548,0.5,0,2020,1997-10-31,NA,"Quadriceps",2024,0
"Lukas Van Ness","GB","DL","16230","weighted",NA,NA,NA,NA,NA,NA,NA,NA,NA,NA,NA,NA,NA,NA,NA,NA,NA,NA,NA,NA,NA,NA,NA,NA,NA,NA,NA,NA,NA,NA,NA,NA,NA,NA,NA,NA,NA,NA,NA,NA,NA,NA,NA,NA,26.2862606232295,2.61629509039023,NA,NA,0,0,1.49050991501416,0.777817459305202,0,0,2023,2001-07-06,NA,NA,NA,NA
"Michael Pierce","BAL","DL","12952","weighted",NA,NA,NA,NA,NA,NA,NA,NA,NA,NA,NA,NA,NA,NA,NA,NA,NA,NA,NA,NA,NA,NA,NA,NA,NA,NA,NA,NA,NA,NA,NA,NA,NA,NA,NA,NA,NA,NA,NA,NA,NA,NA,NA,NA,26.8800283286119,1.34350288425444,NA,NA,0,0,1.13895184135977,0.212132034355964,0,0,2016,1992-11-06,NA,NA,NA,NA
"David Onyemata","ATL","DL","12782","weighted",NA,NA,NA,NA,NA,NA,NA,NA,NA,NA,NA,NA,NA,NA,NA,NA,NA,NA,NA,NA,NA,NA,NA,NA,NA,NA,NA,NA,NA,NA,NA,NA,NA,NA,NA,NA,NA,NA,NA,NA,NA,NA,NA,NA,26.2968838526912,1.97989898732233,NA,NA,0,0,2.13895184135977,0.212132034355964,0,0,2016,1992-11-13,NA,NA,NA,NA
"Travon Walker","JAC","DL","15815","weighted",NA,NA,NA,NA,NA,NA,NA,NA,NA,NA,NA,NA,NA,NA,NA,NA,NA,NA,NA,NA,NA,NA,NA,NA,NA,NA,NA,NA,NA,NA,NA,NA,NA,NA,NA,NA,NA,NA,NA,NA,NA,NA,NA,NA,26.7410764872521,1.13137084989848,NA,NA,0,0,1.95368271954674,0.0707106781186548,0,0,2022,2000-12-18,NA,NA,NA,NA
"Haason Reddick","NYJ","DL","13245","weighted",NA,NA,NA,NA,NA,NA,NA,NA,NA,NA,NA,NA,NA,NA,NA,NA,NA,NA,NA,NA,NA,NA,NA,NA,NA,NA,NA,NA,NA,NA,NA,NA,NA,NA,NA,NA,NA,NA,NA,NA,NA,NA,NA,NA,26.3515580736544,0.989949493661166,NA,NA,0,0,2,0,0,0,2017,1994-09-22,NA,"Contract Dispute",2024,0
"Deatrich Wise","NE","DL","13296","weighted",NA,NA,NA,NA,NA,NA,NA,NA,NA,NA,NA,NA,NA,NA,NA,NA,NA,NA,NA,NA,NA,NA,NA,NA,NA,NA,NA,NA,NA,NA,NA,NA,NA,NA,NA,NA,NA,NA,NA,NA,NA,NA,NA,NA,24.8063739376771,2.75771644662753,NA,NA,0,0,1.35155807365439,0.989949493661167,0,0,2017,1994-07-26,NA,NA,NA,NA
"ZaDarius Smith","CLE","DL","12301","weighted",NA,NA,NA,NA,NA,NA,NA,NA,NA,NA,NA,NA,NA,NA,NA,NA,NA,NA,NA,NA,NA,NA,NA,NA,NA,NA,NA,NA,NA,NA,NA,NA,NA,NA,NA,NA,NA,NA,NA,NA,NA,NA,NA,NA,25.7410764872521,1.13137084989848,NA,NA,0,0,4.13895184135977,0.212132034355964,0,0,NA,1992-09-08,NA,NA,NA,NA
"Ed Oliver","BUF","DL","14158","weighted",NA,NA,NA,NA,NA,NA,NA,NA,NA,NA,NA,NA,NA,NA,NA,NA,NA,NA,NA,NA,NA,NA,NA,NA,NA,NA,NA,NA,NA,NA,NA,NA,NA,NA,NA,NA,NA,NA,NA,NA,NA,NA,NA,NA,26.0926345609065,0.141421356237309,NA,NA,0.648441926345609,0.989949493661167,3.8800283286119,1.34350288425444,0.3,0,2019,1997-12-12,NA,NA,NA,NA
"Leonard Floyd","SF","DL","12734","weighted",NA,NA,NA,NA,NA,NA,NA,NA,NA,NA,NA,NA,NA,NA,NA,NA,NA,NA,NA,NA,NA,NA,NA,NA,NA,NA,NA,NA,NA,NA,NA,NA,NA,NA,NA,NA,NA,NA,NA,NA,NA,NA,NA,NA,25.5831444759207,0.636396103067892,NA,NA,0,0,1,0,0,0,2016,1992-09-08,"Q","Knee",2024,0
"DeMarcus Walker","CHI","DL","13258","weighted",NA,NA,NA,NA,NA,NA,NA,NA,NA,NA,NA,NA,NA,NA,NA,NA,NA,NA,NA,NA,NA,NA,NA,NA,NA,NA,NA,NA,NA,NA,NA,NA,NA,NA,NA,NA,NA,NA,NA,NA,NA,NA,NA,NA,22.1495750708215,4.80832611206852,NA,NA,0,0,0.536827195467422,0.707106781186548,0,0,2017,1994-09-30,NA,NA,NA,NA
"Arden Key","TEN","DL","13682","weighted",NA,NA,NA,NA,NA,NA,NA,NA,NA,NA,NA,NA,NA,NA,NA,NA,NA,NA,NA,NA,NA,NA,NA,NA,NA,NA,NA,NA,NA,NA,NA,NA,NA,NA,NA,NA,NA,NA,NA,NA,NA,NA,NA,NA,20.4464589235128,6.78822509939086,NA,NA,0,0,2.55580736543909,0.848528137423857,0,0,2018,1996-05-03,"Q","Hamstring",2024,0
"Joe Tryon","TB","DL","15379","weighted",NA,NA,NA,NA,NA,NA,NA,NA,NA,NA,NA,NA,NA,NA,NA,NA,NA,NA,NA,NA,NA,NA,NA,NA,NA,NA,NA,NA,NA,NA,NA,NA,NA,NA,NA,NA,NA,NA,NA,NA,NA,NA,NA,NA,25.1389518413598,0.212132034355965,NA,NA,0,0,1.04631728045326,0.0707106781186548,0,0,2021,1999-04-30,"Q","Shoulder",2024,0
"Jalen Carter","PHI","DL","16233","weighted",NA,NA,NA,NA,NA,NA,NA,NA,NA,NA,NA,NA,NA,NA,NA,NA,NA,NA,NA,NA,NA,NA,NA,NA,NA,NA,NA,NA,NA,NA,NA,NA,NA,NA,NA,NA,NA,NA,NA,NA,NA,NA,NA,NA,24.5094900849858,0.777817459305203,NA,NA,0,0,0,0,0,0,2023,2001-04-04,NA,NA,NA,NA
"Jarran Reed","SEA","DL","12698","weighted",NA,NA,NA,NA,NA,NA,NA,NA,NA,NA,NA,NA,NA,NA,NA,NA,NA,NA,NA,NA,NA,NA,NA,NA,NA,NA,NA,NA,NA,NA,NA,NA,NA,NA,NA,NA,NA,NA,NA,NA,NA,NA,NA,NA,24.3705382436261,0.565685424949239,NA,NA,0,0,1,0,0,0,2016,1992-12-16,NA,NA,NA,NA
"Josh Paschal","DET","DL","15855","weighted",NA,NA,NA,NA,NA,NA,NA,NA,NA,NA,NA,NA,NA,NA,NA,NA,NA,NA,NA,NA,NA,NA,NA,NA,NA,NA,NA,NA,NA,NA,NA,NA,NA,NA,NA,NA,NA,NA,NA,NA,NA,NA,NA,NA,24.3242209631728,0.494974746830583,NA,NA,0,0,2.32422096317281,0.494974746830583,0,0,2022,1999-12-17,NA,NA,NA,NA
"Sheldon Rankins","CIN","DL","12735","weighted",NA,NA,NA,NA,NA,NA,NA,NA,NA,NA,NA,NA,NA,NA,NA,NA,NA,NA,NA,NA,NA,NA,NA,NA,NA,NA,NA,NA,NA,NA,NA,NA,NA,NA,NA,NA,NA,NA,NA,NA,NA,NA,NA,NA,23.6021246458924,0.919238815542513,NA,NA,0,0,0,0,0.9,0,2016,1994-04-02,NA,NA,NA,NA
"Kenny Clark","GB","DL","12739","weighted",NA,NA,NA,NA,NA,NA,NA,NA,NA,NA,NA,NA,NA,NA,NA,NA,NA,NA,NA,NA,NA,NA,NA,NA,NA,NA,NA,NA,NA,NA,NA,NA,NA,NA,NA,NA,NA,NA,NA,NA,NA,NA,NA,NA,24.0463172804533,0.0707106781186558,NA,NA,0,0,2.32422096317281,0.494974746830583,0,0,2016,1995-10-04,NA,NA,NA,NA
"D.J. Reader","DET","DL","12802","weighted",NA,NA,NA,NA,NA,NA,NA,NA,NA,NA,NA,NA,NA,NA,NA,NA,NA,NA,NA,NA,NA,NA,NA,NA,NA,NA,NA,NA,NA,NA,NA,NA,NA,NA,NA,NA,NA,NA,NA,NA,NA,NA,NA,NA,20.757790368272,4.94974746830583,NA,NA,0,0,1.72209631728045,0.424264068711929,0,0,2016,1994-07-01,"Q","Quadriceps",2024,0
"Chase Young","NO","DL","14877","weighted",NA,NA,NA,NA,NA,NA,NA,NA,NA,NA,NA,NA,NA,NA,NA,NA,NA,NA,NA,NA,NA,NA,NA,NA,NA,NA,NA,NA,NA,NA,NA,NA,NA,NA,NA,NA,NA,NA,NA,NA,NA,NA,NA,NA,19.2885269121813,5.02045814642449,NA,NA,0,0,2.46317280453258,0.707106781186548,0,0,2020,1999-04-14,NA,NA,NA,NA
"David Ojabo","BAL","DL","15807","weighted",NA,NA,NA,NA,NA,NA,NA,NA,NA,NA,NA,NA,NA,NA,NA,NA,NA,NA,NA,NA,NA,NA,NA,NA,NA,NA,NA,NA,NA,NA,NA,NA,NA,NA,NA,NA,NA,NA,NA,NA,NA,NA,NA,NA,19.5725212464589,5.23259018078045,NA,NA,0,0,1.23158640226629,0.353553390593274,0,0,2022,2000-05-17,NA,NA,NA,NA
"Dayo Odeyingbo","IND","DL","15386","weighted",NA,NA,NA,NA,NA,NA,NA,NA,NA,NA,NA,NA,NA,NA,NA,NA,NA,NA,NA,NA,NA,NA,NA,NA,NA,NA,NA,NA,NA,NA,NA,NA,NA,NA,NA,NA,NA,NA,NA,NA,NA,NA,NA,NA,19.686402266289,4.10121933088198,NA,NA,0,0,0.907365439093485,0.14142135623731,0,0,2021,1999-09-24,NA,NA,NA,NA
"A.J. Epenesa","BUF","DL","14879","weighted",NA,NA,NA,NA,NA,NA,NA,NA,NA,NA,NA,NA,NA,NA,NA,NA,NA,NA,NA,NA,NA,NA,NA,NA,NA,NA,NA,NA,NA,NA,NA,NA,NA,NA,NA,NA,NA,NA,NA,NA,NA,NA,NA,NA,16.3264872521246,8.1317279836453,NA,NA,0.694759206798867,1.06066017177982,4.74943342776204,1.90918830920368,0,0,2020,1998-09-15,NA,NA,NA,NA
"John Franklin-Myers","DEN","DL","13770","weighted",NA,NA,NA,NA,NA,NA,NA,NA,NA,NA,NA,NA,NA,NA,NA,NA,NA,NA,NA,NA,NA,NA,NA,NA,NA,NA,NA,NA,NA,NA,NA,NA,NA,NA,NA,NA,NA,NA,NA,NA,NA,NA,NA,NA,19.3621813031161,3.60624458405139,NA,NA,0,0,0.787393767705383,1.20208152801713,0,0,2018,1996-09-26,NA,NA,NA,NA
"Von Miller","BUF","DL","10267","weighted",NA,NA,NA,NA,NA,NA,NA,NA,NA,NA,NA,NA,NA,NA,NA,NA,NA,NA,NA,NA,NA,NA,NA,NA,NA,NA,NA,NA,NA,NA,NA,NA,NA,NA,NA,NA,NA,NA,NA,NA,NA,NA,NA,NA,21.5831444759207,0.636396103067892,NA,NA,0,0,1,0,0,0,2011,1989-03-26,NA,NA,NA,NA
"Shelby Harris","CLE","DL","11872","weighted",NA,NA,NA,NA,NA,NA,NA,NA,NA,NA,NA,NA,NA,NA,NA,NA,NA,NA,NA,NA,NA,NA,NA,NA,NA,NA,NA,NA,NA,NA,NA,NA,NA,NA,NA,NA,NA,NA,NA,NA,NA,NA,NA,NA,21.5368271954674,0.707106781186548,NA,NA,0,0,4.69475920679887,1.06066017177982,0,0,2014,1991-08-11,NA,NA,NA,NA
"Maliek Collins","SF","DL","12754","weighted",NA,NA,NA,NA,NA,NA,NA,NA,NA,NA,NA,NA,NA,NA,NA,NA,NA,NA,NA,NA,NA,NA,NA,NA,NA,NA,NA,NA,NA,NA,NA,NA,NA,NA,NA,NA,NA,NA,NA,NA,NA,NA,NA,NA,21.0273371104816,1.48492424049175,NA,NA,0,0,1.23158640226629,0.353553390593274,0,0,2016,1995-04-08,NA,NA,NA,NA
"Tyree Wilson","LVR","DL","16226","weighted",NA,NA,NA,NA,NA,NA,NA,NA,NA,NA,NA,NA,NA,NA,NA,NA,NA,NA,NA,NA,NA,NA,NA,NA,NA,NA,NA,NA,NA,NA,NA,NA,NA,NA,NA,NA,NA,NA,NA,NA,NA,NA,NA,NA,19.1305949008499,3.25269119345812,NA,NA,0,0,0.231586402266289,0.353553390593274,0,0,2023,2000-05-20,NA,NA,NA,NA
"Denico Autry","HOU","DL","12083","weighted",NA,NA,NA,NA,NA,NA,NA,NA,NA,NA,NA,NA,NA,NA,NA,NA,NA,NA,NA,NA,NA,NA,NA,NA,NA,NA,NA,NA,NA,NA,NA,NA,NA,NA,NA,NA,NA,NA,NA,NA,NA,NA,NA,NA,16.8777620396601,6.29325035256027,NA,NA,0,0,1.58314447592068,0.636396103067893,0,0,NA,NA,"S","Suspension",2024,0
"Darius Robinson","ARI","DL","16660","weighted",NA,NA,NA,NA,NA,NA,NA,NA,NA,NA,NA,NA,NA,NA,NA,NA,NA,NA,NA,NA,NA,NA,NA,NA,NA,NA,NA,NA,NA,NA,NA,NA,NA,NA,NA,NA,NA,NA,NA,NA,NA,NA,NA,NA,17.943059490085,4.66690475583121,NA,NA,0,0,1,0,0,0,2024,2001-09-13,NA,"Calf",2024,0
"Jordan Davis","PHI","DL","15817","weighted",NA,NA,NA,NA,NA,NA,NA,NA,NA,NA,NA,NA,NA,NA,NA,NA,NA,NA,NA,NA,NA,NA,NA,NA,NA,NA,NA,NA,NA,NA,NA,NA,NA,NA,NA,NA,NA,NA,NA,NA,NA,NA,NA,NA,19.5558073654391,0.848528137423857,NA,NA,0,0,0.907365439093485,0.14142135623731,0.3,0,2022,2000-01-12,NA,NA,NA,NA
"Marcus Davenport","DET","DL","13688","weighted",NA,NA,NA,NA,NA,NA,NA,NA,NA,NA,NA,NA,NA,NA,NA,NA,NA,NA,NA,NA,NA,NA,NA,NA,NA,NA,NA,NA,NA,NA,NA,NA,NA,NA,NA,NA,NA,NA,NA,NA,NA,NA,NA,NA,16.1093484419263,5.939696961967,NA,NA,0,0,0.861048158640227,0.212132034355964,0,0,2018,1996-09-04,NA,NA,NA,NA
"Josh Uche","NE","DL","14925","weighted",NA,NA,NA,NA,NA,NA,NA,NA,NA,NA,NA,NA,NA,NA,NA,NA,NA,NA,NA,NA,NA,NA,NA,NA,NA,NA,NA,NA,NA,NA,NA,NA,NA,NA,NA,NA,NA,NA,NA,NA,NA,NA,NA,NA,17.4525495750708,3.88908729652601,NA,NA,0,0,0.880028328611898,1.34350288425444,0,0,2020,1998-09-18,NA,NA,NA,NA
"Emmanuel Ogbah","MIA","DL","12691","weighted",NA,NA,NA,NA,NA,NA,NA,NA,NA,NA,NA,NA,NA,NA,NA,NA,NA,NA,NA,NA,NA,NA,NA,NA,NA,NA,NA,NA,NA,NA,NA,NA,NA,NA,NA,NA,NA,NA,NA,NA,NA,NA,NA,NA,17.9620396600567,3.11126983722081,NA,NA,0.463172804532578,0.707106781186548,1.95368271954674,0.0707106781186548,0,0,2016,1993-11-06,NA,NA,NA,NA
"Dallas Turner","MIN","DL","16650","weighted",NA,NA,NA,NA,NA,NA,NA,NA,NA,NA,NA,NA,NA,NA,NA,NA,NA,NA,NA,NA,NA,NA,NA,NA,NA,NA,NA,NA,NA,NA,NA,NA,NA,NA,NA,NA,NA,NA,NA,NA,NA,NA,NA,NA,16.8967422096317,4.73761543394987,NA,NA,0,0,0.536827195467422,0.707106781186548,0,0,2024,2003-02-02,NA,NA,NA,NA
"Will McDonald","NYJ","DL","16252","weighted",NA,NA,NA,NA,NA,NA,NA,NA,NA,NA,NA,NA,NA,NA,NA,NA,NA,NA,NA,NA,NA,NA,NA,NA,NA,NA,NA,NA,NA,NA,NA,NA,NA,NA,NA,NA,NA,NA,NA,NA,NA,NA,NA,NA,17.2399433427762,2.68700576850888,NA,NA,0,0,0.536827195467422,0.707106781186548,0,0,2023,1999-06-04,NA,NA,NA,NA
"Arnold Ebiketie","ATL","DL","15851","weighted",NA,NA,NA,NA,NA,NA,NA,NA,NA,NA,NA,NA,NA,NA,NA,NA,NA,NA,NA,NA,NA,NA,NA,NA,NA,NA,NA,NA,NA,NA,NA,NA,NA,NA,NA,NA,NA,NA,NA,NA,NA,NA,NA,NA,17.6567988668555,2.05060966544099,NA,NA,0,0,1.46317280453258,0.707106781186548,0,0,2022,1999-01-23,NA,NA,NA,NA
"Charles Omenihu","KC","DL","14254","weighted",NA,NA,NA,NA,NA,NA,NA,NA,NA,NA,NA,NA,NA,NA,NA,NA,NA,NA,NA,NA,NA,NA,NA,NA,NA,NA,NA,NA,NA,NA,NA,NA,NA,NA,NA,NA,NA,NA,NA,NA,NA,NA,NA,NA,17,0,NA,NA,0,0,1.04631728045326,0.0707106781186548,0,0,2019,1997-08-20,NA,"Knee - ACL",2024,0
"Azeez Ojulari","NYG","DL","15385","weighted",NA,NA,NA,NA,NA,NA,NA,NA,NA,NA,NA,NA,NA,NA,NA,NA,NA,NA,NA,NA,NA,NA,NA,NA,NA,NA,NA,NA,NA,NA,NA,NA,NA,NA,NA,NA,NA,NA,NA,NA,NA,NA,NA,NA,13.0167138810198,6.08111831820431,NA,NA,0,0,0.536827195467422,0.707106781186548,0,0,2021,2000-06-16,NA,NA,NA,NA
"Zaire Franklin","IND","LB","13837","weighted",NA,NA,NA,NA,NA,NA,NA,NA,NA,NA,NA,NA,NA,NA,NA,NA,NA,NA,NA,NA,NA,NA,NA,NA,NA,NA,NA,NA,NA,NA,NA,NA,NA,NA,NA,NA,NA,NA,NA,NA,NA,NA,NA,NA,123.47719844358,43.0463070754231,NA,NA,0.17227626459144,0.31286756243677,5.60097276264591,0.613692333051686,0.0995136186770428,0.0974492119535444,2018,1996-07-02,NA,NA,NA,NA
"Bobby Wagner","WAS","LB","10775","weighted",NA,NA,NA,NA,NA,NA,NA,NA,NA,NA,NA,NA,NA,NA,NA,NA,NA,NA,NA,NA,NA,NA,NA,NA,NA,NA,NA,NA,NA,NA,NA,NA,NA,NA,NA,NA,NA,NA,NA,NA,NA,NA,NA,NA,118.441147859922,44.1699897964588,NA,NA,0.818054474708171,0.438893578120067,4.30544747081712,2.06633873516346,0.119416342412451,0.116939054344253,2012,1990-06-27,NA,NA,NA,NA
"Foyesade Oluokun","JAC","LB","13813","weighted",NA,NA,NA,NA,NA,NA,NA,NA,NA,NA,NA,NA,NA,NA,NA,NA,NA,NA,NA,NA,NA,NA,NA,NA,NA,NA,NA,NA,NA,NA,NA,NA,NA,NA,NA,NA,NA,NA,NA,NA,NA,NA,NA,NA,129.675661478599,32.8423035754134,NA,NA,0.717334630350195,0.435732519922874,5.24140077821012,0.990912579549792,0.204975680933852,0.00487246059767721,2018,1995-08-02,"Q","Hamstring",2024,0
"Alex Singleton","DEN","LB","14412","weighted",NA,NA,NA,NA,NA,NA,NA,NA,NA,NA,NA,NA,NA,NA,NA,NA,NA,NA,NA,NA,NA,NA,NA,NA,NA,NA,NA,NA,NA,NA,NA,NA,NA,NA,NA,NA,NA,NA,NA,NA,NA,NA,NA,NA,120.626634241245,37.339626666483,NA,NA,0.181673151750973,0.329933065842412,4.55178988326848,1.47632696595526,0.0945379377431907,0.0925767513558672,2015,1993-12-07,NA,NA,NA,NA
"Azeez Al-Shaair","HOU","LB","14590","weighted",NA,NA,NA,NA,NA,NA,NA,NA,NA,NA,NA,NA,NA,NA,NA,NA,NA,NA,NA,NA,NA,NA,NA,NA,NA,NA,NA,NA,NA,NA,NA,NA,NA,NA,NA,NA,NA,NA,NA,NA,NA,NA,NA,NA,110.471439688716,44.1061063740856,NA,NA,0.361673151750973,0.432113498893038,4.61610894941634,1.64750712510491,0.0995136186770428,0.0974492119535444,2019,1997-08-04,NA,NA,NA,NA
"Terrel Bernard","BUF","LB","15869","weighted",NA,NA,NA,NA,NA,NA,NA,NA,NA,NA,NA,NA,NA,NA,NA,NA,NA,NA,NA,NA,NA,NA,NA,NA,NA,NA,NA,NA,NA,NA,NA,NA,NA,NA,NA,NA,NA,NA,NA,NA,NA,NA,NA,NA,105.55266536965,43.7513930233793,NA,NA,2.14894941634241,0.763226953031815,5.42622568093385,1.53055725466259,0.124392023346304,0.12181151494193,2022,1999-05-07,NA,NA,NA,NA
"T.J. Edwards","CHI","LB","14322","weighted",NA,NA,NA,NA,NA,NA,NA,NA,NA,NA,NA,NA,NA,NA,NA,NA,NA,NA,NA,NA,NA,NA,NA,NA,NA,NA,NA,NA,NA,NA,NA,NA,NA,NA,NA,NA,NA,NA,NA,NA,NA,NA,NA,NA,107.690505836576,41.7103998197844,NA,NA,1.5470233463035,0.965872447619819,6.24626459143969,0.231018428235601,0.104489299610895,0.102321672551222,2019,1996-08-12,NA,NA,NA,NA
"Roquan Smith","BAL","LB","13696","weighted",NA,NA,NA,NA,NA,NA,NA,NA,NA,NA,NA,NA,NA,NA,NA,NA,NA,NA,NA,NA,NA,NA,NA,NA,NA,NA,NA,NA,NA,NA,NA,NA,NA,NA,NA,NA,NA,NA,NA,NA,NA,NA,NA,NA,109.652645914397,38.4017197734102,NA,NA,1.36459143968872,0.465910210570183,6.66097276264592,0.667479765588655,0.109464980544747,0.107194133148899,2018,1997-04-08,NA,NA,NA,NA
"Quay Walker","GB","LB","15846","weighted",NA,NA,NA,NA,NA,NA,NA,NA,NA,NA,NA,NA,NA,NA,NA,NA,NA,NA,NA,NA,NA,NA,NA,NA,NA,NA,NA,NA,NA,NA,NA,NA,NA,NA,NA,NA,NA,NA,NA,NA,NA,NA,NA,NA,98.2171789883269,47.5257988524832,NA,NA,0.219260700389105,0.39819507946498,4.72959143968872,1.0825260647587,0.0995136186770428,0.0974492119535444,2022,2000-05-08,NA,NA,NA,NA
"Fred Warner","SF","LB","13743","weighted",NA,NA,NA,NA,NA,NA,NA,NA,NA,NA,NA,NA,NA,NA,NA,NA,NA,NA,NA,NA,NA,NA,NA,NA,NA,NA,NA,NA,NA,NA,NA,NA,NA,NA,NA,NA,NA,NA,NA,NA,NA,NA,NA,NA,105.337178988327,38.7150206139264,NA,NA,2.10147859922179,0.732192421695435,8.28704280155642,1.25221579545567,0.109464980544747,0.107194133148899,2018,1996-11-19,"Q","Foot",2024,0
"Cody Barton","DEN","LB","14217","weighted",NA,NA,NA,NA,NA,NA,NA,NA,NA,NA,NA,NA,NA,NA,NA,NA,NA,NA,NA,NA,NA,NA,NA,NA,NA,NA,NA,NA,NA,NA,NA,NA,NA,NA,NA,NA,NA,NA,NA,NA,NA,NA,NA,NA,92.8975097276265,46.845512498978,NA,NA,0.701186770428016,0.504003633001279,3.4136186770428,2.53905892712926,0.0945379377431907,0.0925767513558672,2019,1996-11-13,NA,NA,NA,NA
"Robert Spillane","LVR","LB","13987","weighted",NA,NA,NA,NA,NA,NA,NA,NA,NA,NA,NA,NA,NA,NA,NA,NA,NA,NA,NA,NA,NA,NA,NA,NA,NA,NA,NA,NA,NA,NA,NA,NA,NA,NA,NA,NA,NA,NA,NA,NA,NA,NA,NA,NA,97.7584046692607,42.1467140556719,NA,NA,1.51326848249027,0.6130730214258,4.29725680933852,2.27237213725489,0.114440661478599,0.112066593746576,2018,1995-12-14,NA,NA,NA,NA
"C.J. Mosley","NYJ","LB","11728","weighted",NA,NA,NA,NA,NA,NA,NA,NA,NA,NA,NA,NA,NA,NA,NA,NA,NA,NA,NA,NA,NA,NA,NA,NA,NA,NA,NA,NA,NA,NA,NA,NA,NA,NA,NA,NA,NA,NA,NA,NA,NA,NA,NA,NA,104.36013618677,36.3488714999345,NA,NA,1.23130350194553,0.506722660869059,6.81007782101167,1.15267062411831,0.119416342412451,0.116939054344253,2014,1992-06-19,NA,NA,NA,NA
"Bobby Okereke","NYG","LB","14218","weighted",NA,NA,NA,NA,NA,NA,NA,NA,NA,NA,NA,NA,NA,NA,NA,NA,NA,NA,NA,NA,NA,NA,NA,NA,NA,NA,NA,NA,NA,NA,NA,NA,NA,NA,NA,NA,NA,NA,NA,NA,NA,NA,NA,NA,109.646108949416,31.7026888765097,NA,NA,1.19036964980545,0.264234812534306,6.82774319066148,1.09638312751869,0.2,0,2019,1996-07-29,NA,NA,NA,NA
"Nick Bolton","KC","LB","15355","weighted",NA,NA,NA,NA,NA,NA,NA,NA,NA,NA,NA,NA,NA,NA,NA,NA,NA,NA,NA,NA,NA,NA,NA,NA,NA,NA,NA,NA,NA,NA,NA,NA,NA,NA,NA,NA,NA,NA,NA,NA,NA,NA,NA,NA,108.082140077821,30.1856372829956,NA,NA,0.90408560311284,0.259677152508529,4.6975486381323,1.76962629019576,0.400972762645914,0.194898423907089,2021,2000-03-10,NA,NA,NA,NA
"Eric Kendricks","DAL","LB","12239","weighted",NA,NA,NA,NA,NA,NA,NA,NA,NA,NA,NA,NA,NA,NA,NA,NA,NA,NA,NA,NA,NA,NA,NA,NA,NA,NA,NA,NA,NA,NA,NA,NA,NA,NA,NA,NA,NA,NA,NA,NA,NA,NA,NA,NA,98.8723346303502,37.6705578205263,NA,NA,0.669377431906615,0.56108406350616,5.36743190661479,1.06266731709689,0.250243190661479,0.0487246059767722,2015,1992-02-29,"Q","Back",2024,0
"Tremaine Edmunds","CHI","LB","13697","weighted",NA,NA,NA,NA,NA,NA,NA,NA,NA,NA,NA,NA,NA,NA,NA,NA,NA,NA,NA,NA,NA,NA,NA,NA,NA,NA,NA,NA,NA,NA,NA,NA,NA,NA,NA,NA,NA,NA,NA,NA,NA,NA,NA,NA,94.8799805447471,40.6438055451494,NA,NA,2.27764591439689,1.26465398905818,6.51229571984436,0.514613375923409,0.601945525291829,0.389796847814178,2018,1998-05-02,NA,NA,NA,NA
"Alex Anzalone","DET","LB","13268","weighted",NA,NA,NA,NA,NA,NA,NA,NA,NA,NA,NA,NA,NA,NA,NA,NA,NA,NA,NA,NA,NA,NA,NA,NA,NA,NA,NA,NA,NA,NA,NA,NA,NA,NA,NA,NA,NA,NA,NA,NA,NA,NA,NA,NA,100.254143968872,36.0521411089173,NA,NA,0.212996108949416,0.386818077194552,5.23949416342412,0.921915429967235,0.0945379377431907,0.0925767513558672,2017,1994-09-22,NA,NA,NA,NA
"Damone Clark","DAL","LB","15826","weighted",NA,NA,NA,NA,NA,NA,NA,NA,NA,NA,NA,NA,NA,NA,NA,NA,NA,NA,NA,NA,NA,NA,NA,NA,NA,NA,NA,NA,NA,NA,NA,NA,NA,NA,NA,NA,NA,NA,NA,NA,NA,NA,NA,NA,79.2687743190662,53.754966071654,NA,NA,0.100233463035019,0.182032036326848,2.55583657587549,1.98034304776266,0.0796108949416342,0.0779593695628355,2022,2000-06-28,"Q","Knee",2024,0
"Elandon Roberts","PIT","LB","12831","weighted",NA,NA,NA,NA,NA,NA,NA,NA,NA,NA,NA,NA,NA,NA,NA,NA,NA,NA,NA,NA,NA,NA,NA,NA,NA,NA,NA,NA,NA,NA,NA,NA,NA,NA,NA,NA,NA,NA,NA,NA,NA,NA,NA,NA,88.3735408560311,45.5826486074503,NA,NA,0.0814396887159533,0.147901029515564,2.42838521400778,1.63883336855867,0.0845865758754864,0.0828318301605128,2016,1994-04-22,NA,NA,NA,NA
"Frankie Luvu","WAS","LB","13952","weighted",NA,NA,NA,NA,NA,NA,NA,NA,NA,NA,NA,NA,NA,NA,NA,NA,NA,NA,NA,NA,NA,NA,NA,NA,NA,NA,NA,NA,NA,NA,NA,NA,NA,NA,NA,NA,NA,NA,NA,NA,NA,NA,NA,NA,88.9298054474708,43.7729481058553,NA,NA,0.426750972762646,0.418111744972649,3.88285992217899,0.710164653540792,0.104489299610895,0.102321672551222,2018,1996-09-19,NA,NA,NA,NA
"Lavonte David","TB","LB","10768","weighted",NA,NA,NA,NA,NA,NA,NA,NA,NA,NA,NA,NA,NA,NA,NA,NA,NA,NA,NA,NA,NA,NA,NA,NA,NA,NA,NA,NA,NA,NA,NA,NA,NA,NA,NA,NA,NA,NA,NA,NA,NA,NA,NA,NA,107.746692607004,26.6558165267809,NA,NA,0.234922178988327,0.42663758514105,5.39278210116731,0.458229956659713,0.0995136186770428,0.0974492119535444,2012,1990-01-23,NA,NA,NA,NA
"Jordan Hicks","CLE","LB","12287","weighted",NA,NA,NA,NA,NA,NA,NA,NA,NA,NA,NA,NA,NA,NA,NA,NA,NA,NA,NA,NA,NA,NA,NA,NA,NA,NA,NA,NA,NA,NA,NA,NA,NA,NA,NA,NA,NA,NA,NA,NA,NA,NA,NA,NA,94.1503112840467,35.9631297413297,NA,NA,1.49134241245136,0.619351724106828,6.87424124513619,1.01805068802759,0.461167315175097,0.233878108688507,2015,1992-06-27,"Q","Undisclosed",2024,0
"Kyzir White","ARI","LB","13762","weighted",NA,NA,NA,NA,NA,NA,NA,NA,NA,NA,NA,NA,NA,NA,NA,NA,NA,NA,NA,NA,NA,NA,NA,NA,NA,NA,NA,NA,NA,NA,NA,NA,NA,NA,NA,NA,NA,NA,NA,NA,NA,NA,NA,NA,93.5639105058366,36.6125360682203,NA,NA,0.896848249027237,0.439536373392394,5.33898832684825,1.06674620899908,0.104489299610895,0.102321672551222,2018,1996-03-24,NA,NA,NA,NA
"Jordyn Brooks","MIA","LB","14892","weighted",NA,NA,NA,NA,NA,NA,NA,NA,NA,NA,NA,NA,NA,NA,NA,NA,NA,NA,NA,NA,NA,NA,NA,NA,NA,NA,NA,NA,NA,NA,NA,NA,NA,NA,NA,NA,NA,NA,NA,NA,NA,NA,NA,NA,87.6742996108949,40.3611525593665,NA,NA,0.364105058365759,0.405625695722535,4.22649805447471,0.263392646372044,0.23034046692607,0.0682144483674811,2020,1997-10-21,NA,NA,NA,NA
"Divine Deablo","LVR","LB","15396","weighted",NA,NA,NA,NA,NA,NA,NA,NA,NA,NA,NA,NA,NA,NA,NA,NA,NA,NA,NA,NA,NA,NA,NA,NA,NA,NA,NA,NA,NA,NA,NA,NA,NA,NA,NA,NA,NA,NA,NA,NA,NA,NA,NA,NA,95.2785408560311,34.1474935830738,NA,NA,0.284338521400778,0.270915327730581,2.95005836575875,1.56044636237287,0.0796108949416342,0.0779593695628355,2021,1998-08-17,NA,NA,NA,NA
"E.J. Speed","IND","LB","14257","weighted",NA,NA,NA,NA,NA,NA,NA,NA,NA,NA,NA,NA,NA,NA,NA,NA,NA,NA,NA,NA,NA,NA,NA,NA,NA,NA,NA,NA,NA,NA,NA,NA,NA,NA,NA,NA,NA,NA,NA,NA,NA,NA,NA,NA,96.0184241245136,32.7186939709839,NA,NA,0.119027237354086,0.216163043138132,4.07373540856031,1.01107130530192,0.0845865758754864,0.0828318301605128,2019,1995-06-01,NA,NA,NA,NA
"Tyrel Dodson","SEA","LB","14472","weighted",NA,NA,NA,NA,NA,NA,NA,NA,NA,NA,NA,NA,NA,NA,NA,NA,NA,NA,NA,NA,NA,NA,NA,NA,NA,NA,NA,NA,NA,NA,NA,NA,NA,NA,NA,NA,NA,NA,NA,NA,NA,NA,NA,NA,88.982626459144,36.6949728922646,NA,NA,0.290603112840467,0.275144384398878,2.94212062256809,1.31503480624748,0.0895622568093385,0.0877042907581899,2019,1998-06-25,NA,NA,NA,NA
"Jeremiah Owusu-Koramoah","CLE","LB","15351","weighted",NA,NA,NA,NA,NA,NA,NA,NA,NA,NA,NA,NA,NA,NA,NA,NA,NA,NA,NA,NA,NA,NA,NA,NA,NA,NA,NA,NA,NA,NA,NA,NA,NA,NA,NA,NA,NA,NA,NA,NA,NA,NA,NA,NA,91.1538715953307,33.4293292859138,NA,NA,0.899785992217899,1.07252309170674,5.34217898832685,0.4087153476172,0.0895622568093385,0.0877042907581899,2021,1999-11-04,NA,NA,NA,NA
"David Long","MIA","LB","14268","weighted",NA,NA,NA,NA,NA,NA,NA,NA,NA,NA,NA,NA,NA,NA,NA,NA,NA,NA,NA,NA,NA,NA,NA,NA,NA,NA,NA,NA,NA,NA,NA,NA,NA,NA,NA,NA,NA,NA,NA,NA,NA,NA,NA,NA,84.8249416342412,37.5288658305532,NA,NA,0.659980544747082,0.553976964313776,2.93844357976654,2.5032418566798,0.0845865758754864,0.0828318301605128,2019,1970-01-01,NA,NA,NA,NA
"Devin Lloyd","JAC","LB","15822","weighted",NA,NA,NA,NA,NA,NA,NA,NA,NA,NA,NA,NA,NA,NA,NA,NA,NA,NA,NA,NA,NA,NA,NA,NA,NA,NA,NA,NA,NA,NA,NA,NA,NA,NA,NA,NA,NA,NA,NA,NA,NA,NA,NA,NA,92.3203696498055,31.07915939465,NA,NA,0.729863813229572,0.444570504417311,6.20336575875486,0.782421605721782,0.0845865758754864,0.0828318301605128,2022,1998-09-30,NA,NA,NA,NA
"Kenneth Murray","TEN","LB","14889","weighted",NA,NA,NA,NA,NA,NA,NA,NA,NA,NA,NA,NA,NA,NA,NA,NA,NA,NA,NA,NA,NA,NA,NA,NA,NA,NA,NA,NA,NA,NA,NA,NA,NA,NA,NA,NA,NA,NA,NA,NA,NA,NA,NA,NA,95.2659143968872,28.3967094408569,NA,NA,0.59420233463035,0.517421965557792,3.94671206225681,1.1221865654669,0.0895622568093385,0.0877042907581899,2020,1998-11-16,NA,NA,NA,NA
"Josey Jewell","CAR","LB","13702","weighted",NA,NA,NA,NA,NA,NA,NA,NA,NA,NA,NA,NA,NA,NA,NA,NA,NA,NA,NA,NA,NA,NA,NA,NA,NA,NA,NA,NA,NA,NA,NA,NA,NA,NA,NA,NA,NA,NA,NA,NA,NA,NA,NA,NA,79.4436186770428,42.6840397789154,NA,NA,0.264571984435798,0.274161108752584,3.37657587548638,1.13317019415006,0.0895622568093385,0.0877042907581899,2018,1994-12-25,NA,NA,NA,NA
"Blake Cashman","MIN","LB","14251","weighted",NA,NA,NA,NA,NA,NA,NA,NA,NA,NA,NA,NA,NA,NA,NA,NA,NA,NA,NA,NA,NA,NA,NA,NA,NA,NA,NA,NA,NA,NA,NA,NA,NA,NA,NA,NA,NA,NA,NA,NA,NA,NA,NA,NA,73.2465564202335,46.9270709519847,NA,NA,0.315661478599222,0.295855413583972,2.88474708171206,1.59207360219412,0.0845865758754864,0.0828318301605128,2019,1996-05-10,"Q","Finger",2024,0
"Ja'Whaun Bentley","NE","LB","13775","weighted",NA,NA,NA,NA,NA,NA,NA,NA,NA,NA,NA,NA,NA,NA,NA,NA,NA,NA,NA,NA,NA,NA,NA,NA,NA,NA,NA,NA,NA,NA,NA,NA,NA,NA,NA,NA,NA,NA,NA,NA,NA,NA,NA,NA,80.8263618677043,38.4127991224438,NA,NA,0.340719844357977,0.321711636421207,3.07464980544747,1.40825994997911,0.0895622568093385,0.0877042907581899,2018,1996-08-24,NA,NA,NA,NA
"Nakobe Dean","PHI","LB","15821","weighted",NA,NA,NA,NA,NA,NA,NA,NA,NA,NA,NA,NA,NA,NA,NA,NA,NA,NA,NA,NA,NA,NA,NA,NA,NA,NA,NA,NA,NA,NA,NA,NA,NA,NA,NA,NA,NA,NA,NA,NA,NA,NA,NA,NA,67.3270428015564,49.4362892404315,NA,NA,0.14408560311284,0.261671052219844,1.92688715953307,2.29964413954594,0.0796108949416342,0.0779593695628355,2022,2000-12-13,NA,NA,NA,NA
"Logan Wilson","CIN","LB","14928","weighted",NA,NA,NA,NA,NA,NA,NA,NA,NA,NA,NA,NA,NA,NA,NA,NA,NA,NA,NA,NA,NA,NA,NA,NA,NA,NA,NA,NA,NA,NA,NA,NA,NA,NA,NA,NA,NA,NA,NA,NA,NA,NA,NA,NA,94.7205836575875,26.3617385182931,NA,NA,2.15591439688716,0.288276088767377,6.88406614785992,1.01693333191656,0.114440661478599,0.112066593746576,2020,1996-07-08,NA,NA,NA,NA
"Shaq Green-Thompson","CAR","LB","12231","weighted",NA,NA,NA,NA,NA,NA,NA,NA,NA,NA,NA,NA,NA,NA,NA,NA,NA,NA,NA,NA,NA,NA,NA,NA,NA,NA,NA,NA,NA,NA,NA,NA,NA,NA,NA,NA,NA,NA,NA,NA,NA,NA,NA,NA,87.3515369649806,32.2252798617553,NA,NA,0.213968871595331,0.242549213251521,4.58433852140078,0.552529494016064,0.0796108949416342,0.0779593695628355,NA,1994-04-21,NA,NA,NA,NA
"Quincy Williams","NYJ","LB","14221","weighted",NA,NA,NA,NA,NA,NA,NA,NA,NA,NA,NA,NA,NA,NA,NA,NA,NA,NA,NA,NA,NA,NA,NA,NA,NA,NA,NA,NA,NA,NA,NA,NA,NA,NA,NA,NA,NA,NA,NA,NA,NA,NA,NA,NA,99.4728015564202,21.558619521975,NA,NA,0.386031128404669,0.406432480381593,5.40605058365759,0.769385655529375,0.0796108949416342,0.0779593695628355,2019,1996-08-28,NA,NA,NA,NA
"Daiyan Henley","LAC","LB","16280","weighted",NA,NA,NA,NA,NA,NA,NA,NA,NA,NA,NA,NA,NA,NA,NA,NA,NA,NA,NA,NA,NA,NA,NA,NA,NA,NA,NA,NA,NA,NA,NA,NA,NA,NA,NA,NA,NA,NA,NA,NA,NA,NA,NA,NA,73.4524513618677,42.0438338337451,NA,NA,0.169143968871595,0.307179061301556,2.90573929961089,1.95875324882468,0.0746352140077821,0.0730869089651583,2023,1999-11-18,NA,NA,NA,NA
"Ivan Pace","MIN","LB","16383","weighted",NA,NA,NA,NA,NA,NA,NA,NA,NA,NA,NA,NA,NA,NA,NA,NA,NA,NA,NA,NA,NA,NA,NA,NA,NA,NA,NA,NA,NA,NA,NA,NA,NA,NA,NA,NA,NA,NA,NA,NA,NA,NA,NA,NA,85.9034630350195,29.9822522767882,NA,NA,0.622898832684825,0.620271056251613,2.94235408560311,2.10524663448869,0.285559338521401,0.112066593746576,2023,2000-12-16,NA,NA,NA,NA
"Patrick Queen","PIT","LB","14896","weighted",NA,NA,NA,NA,NA,NA,NA,NA,NA,NA,NA,NA,NA,NA,NA,NA,NA,NA,NA,NA,NA,NA,NA,NA,NA,NA,NA,NA,NA,NA,NA,NA,NA,NA,NA,NA,NA,NA,NA,NA,NA,NA,NA,NA,95.8009143968872,20.3977734662382,NA,NA,0.871089494163424,0.158327086888865,5.04480544747082,0.972588788859693,0.0895622568093385,0.0877042907581899,2020,1999-08-13,NA,NA,NA,NA
"Drue Tranquill","KC","LB","14235","weighted",NA,NA,NA,NA,NA,NA,NA,NA,NA,NA,NA,NA,NA,NA,NA,NA,NA,NA,NA,NA,NA,NA,NA,NA,NA,NA,NA,NA,NA,NA,NA,NA,NA,NA,NA,NA,NA,NA,NA,NA,NA,NA,NA,NA,77.0753891050584,34.1686187860053,NA,NA,0.212996108949416,0.386818077194552,2.66426070038911,1.73785851048589,0.0845865758754864,0.0828318301605128,2019,1995-08-15,NA,NA,NA,NA
"Demario Davis","NO","LB","10816","weighted",NA,NA,NA,NA,NA,NA,NA,NA,NA,NA,NA,NA,NA,NA,NA,NA,NA,NA,NA,NA,NA,NA,NA,NA,NA,NA,NA,NA,NA,NA,NA,NA,NA,NA,NA,NA,NA,NA,NA,NA,NA,NA,NA,NA,81.7977626459144,30.0447951340268,NA,NA,0.236867704280156,0.223338224273261,4.04844357976654,0.223910111374191,0.0895622568093385,0.0877042907581899,2012,1989-01-11,"Q","Hamstring",2024,0
"Jahlani Tavai","NE","LB","14200","weighted",NA,NA,NA,NA,NA,NA,NA,NA,NA,NA,NA,NA,NA,NA,NA,NA,NA,NA,NA,NA,NA,NA,NA,NA,NA,NA,NA,NA,NA,NA,NA,NA,NA,NA,NA,NA,NA,NA,NA,NA,NA,NA,NA,NA,77.691673151751,33.2729443958818,NA,NA,1.15688715953307,0.467135529012058,3.9691439688716,1.849291658876,0.0895622568093385,0.0877042907581899,2019,1996-09-28,NA,NA,NA,NA
"Denzel Perryman","LAC","LB","12238","weighted",NA,NA,NA,NA,NA,NA,NA,NA,NA,NA,NA,NA,NA,NA,NA,NA,NA,NA,NA,NA,NA,NA,NA,NA,NA,NA,NA,NA,NA,NA,NA,NA,NA,NA,NA,NA,NA,NA,NA,NA,NA,NA,NA,NA,90.9533852140078,22.0134195860895,NA,NA,0.377821011673152,0.404205188274124,4.13083657587549,1.99728659187654,0.0796108949416342,0.0779593695628355,NA,1992-12-05,NA,NA,NA,NA
"Jack Campbell","DET","LB","16239","weighted",NA,NA,NA,NA,NA,NA,NA,NA,NA,NA,NA,NA,NA,NA,NA,NA,NA,NA,NA,NA,NA,NA,NA,NA,NA,NA,NA,NA,NA,NA,NA,NA,NA,NA,NA,NA,NA,NA,NA,NA,NA,NA,NA,NA,76.7803891050584,32.1109628935527,NA,NA,0.137821011673152,0.250294049949416,2.38933852140078,1.75669110902089,0.0746352140077821,0.0730869089651583,2023,2000-08-22,NA,NA,NA,NA
"Dre Greenlaw","SF","LB","14247","weighted",NA,NA,NA,NA,NA,NA,NA,NA,NA,NA,NA,NA,NA,NA,NA,NA,NA,NA,NA,NA,NA,NA,NA,NA,NA,NA,NA,NA,NA,NA,NA,NA,NA,NA,NA,NA,NA,NA,NA,NA,NA,NA,NA,NA,65.4571595330739,43.8887531423688,NA,NA,0.329377431906615,0.516552402606336,3.72719844357977,1.70220595232295,0.275607976653696,0.121811514941931,2019,1997-05-25,NA,"Achilles",2024,0
"Christian Rozeboom","LAR","LB","15076","weighted",NA,NA,NA,NA,NA,NA,NA,NA,NA,NA,NA,NA,NA,NA,NA,NA,NA,NA,NA,NA,NA,NA,NA,NA,NA,NA,NA,NA,NA,NA,NA,NA,NA,NA,NA,NA,NA,NA,NA,NA,NA,NA,NA,NA,74.468813229572,36.0714514777302,NA,NA,0.749163424124514,0.7327489189203,5.01328793774319,2.99891156214322,0.0746352140077821,0.0730869089651583,2020,1997-01-30,NA,NA,NA,NA
"DeVondre Campbell","SF","LB","12779","weighted",NA,NA,NA,NA,NA,NA,NA,NA,NA,NA,NA,NA,NA,NA,NA,NA,NA,NA,NA,NA,NA,NA,NA,NA,NA,NA,NA,NA,NA,NA,NA,NA,NA,NA,NA,NA,NA,NA,NA,NA,NA,NA,NA,NA,71.1385603112841,36.714059878881,NA,NA,0.743365758754864,0.3065365107129,2.82714007782101,2.02975691358965,0.0746352140077821,0.0730869089651583,2016,1993-07-01,NA,NA,NA,NA
"Trenton Simpson","BAL","LB","16234","weighted",NA,NA,NA,NA,NA,NA,NA,NA,NA,NA,NA,NA,NA,NA,NA,NA,NA,NA,NA,NA,NA,NA,NA,NA,NA,NA,NA,NA,NA,NA,NA,NA,NA,NA,NA,NA,NA,NA,NA,NA,NA,NA,NA,NA,77.3624902723735,28.3202219248524,NA,NA,0.315175097276265,0.311057929149458,3.73470817120623,1.66226069184737,0.0845865758754864,0.0828318301605128,2023,2001-06-14,NA,NA,NA,NA
"Jerome Baker","SEA","LB","13706","weighted",NA,NA,NA,NA,NA,NA,NA,NA,NA,NA,NA,NA,NA,NA,NA,NA,NA,NA,NA,NA,NA,NA,NA,NA,NA,NA,NA,NA,NA,NA,NA,NA,NA,NA,NA,NA,NA,NA,NA,NA,NA,NA,NA,NA,76.5140856031128,31.3382212604087,NA,NA,1.27424124513619,0.612042597679888,4.14118677042801,1.11142548511829,0.737748054474708,0.550588047537526,2018,1996-12-25,"Q","Hamstring",2024,0
"Germaine Pratt","CIN","LB","14210","weighted",NA,NA,NA,NA,NA,NA,NA,NA,NA,NA,NA,NA,NA,NA,NA,NA,NA,NA,NA,NA,NA,NA,NA,NA,NA,NA,NA,NA,NA,NA,NA,NA,NA,NA,NA,NA,NA,NA,NA,NA,NA,NA,NA,NA,72.6474513618677,28.6609734392315,NA,NA,1.61424124513619,0.618532966821444,5.30097276264592,0.357278663650549,0.0796108949416342,0.0779593695628355,2019,1970-01-01,NA,NA,NA,NA
"Christian Harris","HOU","LB","15823","weighted",NA,NA,NA,NA,NA,NA,NA,NA,NA,NA,NA,NA,NA,NA,NA,NA,NA,NA,NA,NA,NA,NA,NA,NA,NA,NA,NA,NA,NA,NA,NA,NA,NA,NA,NA,NA,NA,NA,NA,NA,NA,NA,NA,NA,65.3515369649806,37.4360413279145,NA,NA,0.657334630350195,0.47562266256175,4.09828793774319,0.553430433273727,0.0746352140077821,0.0730869089651583,2022,2001-01-16,NA,"Calf",2024,0
"Nate Landman","ATL","LB","16013","weighted",NA,NA,NA,NA,NA,NA,NA,NA,NA,NA,NA,NA,NA,NA,NA,NA,NA,NA,NA,NA,NA,NA,NA,NA,NA,NA,NA,NA,NA,NA,NA,NA,NA,NA,NA,NA,NA,NA,NA,NA,NA,NA,NA,NA,71.7142217898833,27.572852126064,NA,NA,0.629630350194553,0.405457521856244,2.87439688715953,1.50471300315692,0.06965953307393,0.0682144483674811,2022,1998-11-19,"Q","Quadriceps",2024,0
"Devin Bush","CLE","LB","14170","weighted",NA,NA,NA,NA,NA,NA,NA,NA,NA,NA,NA,NA,NA,NA,NA,NA,NA,NA,NA,NA,NA,NA,NA,NA,NA,NA,NA,NA,NA,NA,NA,NA,NA,NA,NA,NA,NA,NA,NA,NA,NA,NA,NA,NA,64.662157164869,54.6734963213439,NA,NA,0.29768875192604,0.424264068711928,2.59374422187981,2.98399061660723,0.0694607087827427,0.0989949493661166,2019,1998-07-18,NA,NA,NA,NA
"Ernest Jones","TEN","LB","15404","weighted",NA,NA,NA,NA,NA,NA,NA,NA,NA,NA,NA,NA,NA,NA,NA,NA,NA,NA,NA,NA,NA,NA,NA,NA,NA,NA,NA,NA,NA,NA,NA,NA,NA,NA,NA,NA,NA,NA,NA,NA,NA,NA,NA,NA,68.9006614785992,33.2573801459325,NA,NA,0.228657587548638,0.415260582870622,5.07762645914397,1.3376509290968,0.0796108949416342,0.0779593695628355,2021,1999-11-22,NA,NA,NA,NA
"Ernest Jones","TEN","LB","15404","weighted",NA,NA,NA,NA,NA,NA,NA,NA,NA,NA,NA,NA,NA,NA,NA,NA,NA,NA,NA,NA,NA,NA,NA,NA,NA,NA,NA,NA,NA,NA,NA,NA,NA,NA,NA,NA,NA,NA,NA,NA,NA,NA,NA,NA,68.9006614785992,33.2573801459325,NA,NA,0.228657587548638,0.415260582870622,5.07762645914397,1.3376509290968,0.0796108949416342,0.0779593695628355,2021,2004-06-08,NA,NA,NA,NA
"Troy Andersen","ATL","LB","15858","weighted",NA,NA,NA,NA,NA,NA,NA,NA,NA,NA,NA,NA,NA,NA,NA,NA,NA,NA,NA,NA,NA,NA,NA,NA,NA,NA,NA,NA,NA,NA,NA,NA,NA,NA,NA,NA,NA,NA,NA,NA,NA,NA,NA,NA,77.9021984435798,20.8962581903594,NA,NA,0.586264591439689,0.390247339052586,2.26307392996109,1.67085800526104,0.0646838521400778,0.0633419877698039,2022,1999-04-23,NA,NA,NA,NA
"K.J. Britt","TB","LB","15449","weighted",NA,NA,NA,NA,NA,NA,NA,NA,NA,NA,NA,NA,NA,NA,NA,NA,NA,NA,NA,NA,NA,NA,NA,NA,NA,NA,NA,NA,NA,NA,NA,NA,NA,NA,NA,NA,NA,NA,NA,NA,NA,NA,NA,NA,69.6942412451362,27.1769738788685,NA,NA,0.605077821011673,0.713907448654966,4.11906614785992,2.15190930982412,0.06965953307393,0.0682144483674811,2021,1999-06-04,NA,NA,NA,NA
"Edgerrin Cooper","GB","LB","16696","weighted",NA,NA,NA,NA,NA,NA,NA,NA,NA,NA,NA,NA,NA,NA,NA,NA,NA,NA,NA,NA,NA,NA,NA,NA,NA,NA,NA,NA,NA,NA,NA,NA,NA,NA,NA,NA,NA,NA,NA,NA,NA,NA,NA,NA,55.4637743190662,39.4244086883769,NA,NA,0.241186770428016,0.438014587411478,2.45315175097276,2.21899127835717,0.0746352140077821,0.0730869089651583,2024,2001-11-17,"Q","Groin",2024,0
"Kaden Elliss","ATL","LB","14303","weighted",NA,NA,NA,NA,NA,NA,NA,NA,NA,NA,NA,NA,NA,NA,NA,NA,NA,NA,NA,NA,NA,NA,NA,NA,NA,NA,NA,NA,NA,NA,NA,NA,NA,NA,NA,NA,NA,NA,NA,NA,NA,NA,NA,NA,77.9235019455253,15.3375172391147,NA,NA,0.0657782101167315,0.119458523839494,2.60167315175097,0.61624344974431,0.0746352140077821,0.0730869089651583,2019,1995-06-10,"Q","Groin",2024,0
"Pete Werner","NO","LB","15387","weighted",NA,NA,NA,NA,NA,NA,NA,NA,NA,NA,NA,NA,NA,NA,NA,NA,NA,NA,NA,NA,NA,NA,NA,NA,NA,NA,NA,NA,NA,NA,NA,NA,NA,NA,NA,NA,NA,NA,NA,NA,NA,NA,NA,NA,74.4612645914397,17.8447173401429,NA,NA,0.404824902723735,0.410210834797472,2.82525291828794,1.25561787572488,0.0646838521400778,0.0633419877698039,2021,1999-06-05,"Q","Shoulder",2024,0
"Derrick Barnes","DET","LB","15409","weighted",NA,NA,NA,NA,NA,NA,NA,NA,NA,NA,NA,NA,NA,NA,NA,NA,NA,NA,NA,NA,NA,NA,NA,NA,NA,NA,NA,NA,NA,NA,NA,NA,NA,NA,NA,NA,NA,NA,NA,NA,NA,NA,NA,NA,58.2992023346304,30.3461747432542,NA,NA,0.178540856031128,0.324244564707198,1.74688715953307,2.25525295391766,0.0646838521400778,0.0633419877698039,2021,1999-05-29,NA,NA,NA,NA
"Devin White","PHI","LB","14168","weighted",NA,NA,NA,NA,NA,NA,NA,NA,NA,NA,NA,NA,NA,NA,NA,NA,NA,NA,NA,NA,NA,NA,NA,NA,NA,NA,NA,NA,NA,NA,NA,NA,NA,NA,NA,NA,NA,NA,NA,NA,NA,NA,NA,NA,72.8867315175097,15.5743479567103,NA,NA,0.674474708171206,0.761124642201034,5.22968871595331,1.13635910558827,0.0746352140077821,0.0730869089651583,2019,1998-02-17,NA,NA,NA,NA
"Micah McFadden","NYG","LB","15890","weighted",NA,NA,NA,NA,NA,NA,NA,NA,NA,NA,NA,NA,NA,NA,NA,NA,NA,NA,NA,NA,NA,NA,NA,NA,NA,NA,NA,NA,NA,NA,NA,NA,NA,NA,NA,NA,NA,NA,NA,NA,NA,NA,NA,NA,67.856439688716,15.8083583354884,NA,NA,0.353735408560311,0.33382394330041,4.01204280155642,0.117481247960414,0.0646838521400778,0.0633419877698039,2022,2000-01-03,"Q","Hip",2024,0
"Leo Chenal","KC","LB","15831","weighted",NA,NA,NA,NA,NA,NA,NA,NA,NA,NA,NA,NA,NA,NA,NA,NA,NA,NA,NA,NA,NA,NA,NA,NA,NA,NA,NA,NA,NA,NA,NA,NA,NA,NA,NA,NA,NA,NA,NA,NA,NA,NA,NA,NA,56.6093385214008,23.3947471043653,NA,NA,0.183132295719844,0.171918130497827,2.4327626459144,1.3445958882029,0.0646838521400778,0.0633419877698039,2022,2000-10-26,NA,NA,NA,NA
"Henry To'oTo'o","HOU","LB","16236","weighted",NA,NA,NA,NA,NA,NA,NA,NA,NA,NA,NA,NA,NA,NA,NA,NA,NA,NA,NA,NA,NA,NA,NA,NA,NA,NA,NA,NA,NA,NA,NA,NA,NA,NA,NA,NA,NA,NA,NA,NA,NA,NA,NA,NA,61.4065023112481,22.6698434048407,NA,NA,0.309922958397535,0.014142135623731,3.91719568567026,0.403050865276332,0.0545762711864407,0.0777817459305202,2023,2001-01-05,NA,NA,NA,NA
"Owen Pappoe","ARI","LB","16237","weighted",NA,NA,NA,NA,NA,NA,NA,NA,NA,NA,NA,NA,NA,NA,NA,NA,NA,NA,NA,NA,NA,NA,NA,NA,NA,NA,NA,NA,NA,NA,NA,NA,NA,NA,NA,NA,NA,NA,NA,NA,NA,NA,NA,NA,49.6759938366718,37.4483751316396,NA,NA,0.302650231124807,0.431335136523794,3.4591063174114,1.08187337521542,0.0644992295839753,0.0919238815542512,2023,2000-09-29,NA,NA,NA,NA
"Drake Thomas","SEA","LB","16450","weighted",NA,NA,NA,NA,NA,NA,NA,NA,NA,NA,NA,NA,NA,NA,NA,NA,NA,NA,NA,NA,NA,NA,NA,NA,NA,NA,NA,NA,NA,NA,NA,NA,NA,NA,NA,NA,NA,NA,NA,NA,NA,NA,NA,NA,40.2626194144838,45.4103974878001,NA,NA,0.248073959938367,0.353553390593274,2.85183359013867,1.49906637611548,0.059537750385208,0.0848528137423857,2023,2000-02-25,NA,NA,NA,NA
"Willie Gay","NO","LB","14926","weighted",NA,NA,NA,NA,NA,NA,NA,NA,NA,NA,NA,NA,NA,NA,NA,NA,NA,NA,NA,NA,NA,NA,NA,NA,NA,NA,NA,NA,NA,NA,NA,NA,NA,NA,NA,NA,NA,NA,NA,NA,NA,NA,NA,NA,45.5925291828794,17.1431018628176,NA,NA,0.867470817120623,0.124595351186555,3.85513618677043,1.51327588332418,0.06965953307393,0.0682144483674811,2020,1998-02-15,"Q","Undisclosed",2024,0
"Isaiah McDuffie","GB","LB","15473","weighted",NA,NA,NA,NA,NA,NA,NA,NA,NA,NA,NA,NA,NA,NA,NA,NA,NA,NA,NA,NA,NA,NA,NA,NA,NA,NA,NA,NA,NA,NA,NA,NA,NA,NA,NA,NA,NA,NA,NA,NA,NA,NA,NA,NA,44.5542492917847,26.7993470069702,NA,NA,0.324220963172805,0.494974746830583,2.06529745042493,1.62634559672906,0.3,0,2021,1999-07-21,NA,NA,NA,NA
"Jamin Davis","WAS","LB","15373","weighted",NA,NA,NA,NA,NA,NA,NA,NA,NA,NA,NA,NA,NA,NA,NA,NA,NA,NA,NA,NA,NA,NA,NA,NA,NA,NA,NA,NA,NA,NA,NA,NA,NA,NA,NA,NA,NA,NA,NA,NA,NA,NA,NA,NA,43.9794617563739,24.3951839509359,NA,NA,0.0926345609065156,0.14142135623731,1.69475920679887,1.06066017177982,0,0,2021,1998-12-12,NA,NA,NA,NA
"Dorian Williams","BUF","LB","16284","weighted",NA,NA,NA,NA,NA,NA,NA,NA,NA,NA,NA,NA,NA,NA,NA,NA,NA,NA,NA,NA,NA,NA,NA,NA,NA,NA,NA,NA,NA,NA,NA,NA,NA,NA,NA,NA,NA,NA,NA,NA,NA,NA,NA,NA,55.4229461756374,10.040916292849,NA,NA,0.722096317280453,0.424264068711929,2.72209631728045,0.424264068711929,0,0,2023,2001-06-28,NA,NA,NA,NA
"DeMarvion Overshown","DAL","LB","16283","weighted",NA,NA,NA,NA,NA,NA,NA,NA,NA,NA,NA,NA,NA,NA,NA,NA,NA,NA,NA,NA,NA,NA,NA,NA,NA,NA,NA,NA,NA,NA,NA,NA,NA,NA,NA,NA,NA,NA,NA,NA,NA,NA,NA,NA,34.5065155807365,40.4465078838705,NA,NA,0,0,1.07365439093484,1.4142135623731,0,0,2023,2000-08-13,"Q","Hip",2024,0
"Junior Colson","LAC","LB","16665","weighted",NA,NA,NA,NA,NA,NA,NA,NA,NA,NA,NA,NA,NA,NA,NA,NA,NA,NA,NA,NA,NA,NA,NA,NA,NA,NA,NA,NA,NA,NA,NA,NA,NA,NA,NA,NA,NA,NA,NA,NA,NA,NA,NA,NA,36.7449008498584,17.1826947828331,NA,NA,0,0,0.536827195467422,0.707106781186548,0,0,2024,2002-12-06,NA,NA,NA,NA
"Zack Baun","PHI","LB","14893","weighted",NA,NA,NA,NA,NA,NA,NA,NA,NA,NA,NA,NA,NA,NA,NA,NA,NA,NA,NA,NA,NA,NA,NA,NA,NA,NA,NA,NA,NA,NA,NA,NA,NA,NA,NA,NA,NA,NA,NA,NA,NA,NA,NA,NA,40.8671388101983,10.8894444302728,NA,NA,0.231586402266289,0.353553390593274,2.11161473087819,1.69705627484771,0,0,2020,1996-12-30,NA,NA,NA,NA
"Jack Gibbens","TEN","LB","16009","weighted",NA,NA,NA,NA,NA,NA,NA,NA,NA,NA,NA,NA,NA,NA,NA,NA,NA,NA,NA,NA,NA,NA,NA,NA,NA,NA,NA,NA,NA,NA,NA,NA,NA,NA,NA,NA,NA,NA,NA,NA,NA,NA,NA,NA,42.9179886685552,4.45477272147525,NA,NA,0.41685552407932,0.636396103067893,1.41685552407932,0.636396103067893,0,0,2022,1998-11-24,NA,NA,NA,NA
"Jake Hummel","LAR","LB","16017","weighted",NA,NA,NA,NA,NA,NA,NA,NA,NA,NA,NA,NA,NA,NA,NA,NA,NA,NA,NA,NA,NA,NA,NA,NA,NA,NA,NA,NA,NA,NA,NA,NA,NA,NA,NA,NA,NA,NA,NA,NA,NA,NA,NA,NA,32.3090651558074,19.3747258045114,NA,NA,0,0,1.18526912181303,0.282842712474619,0,0,2022,1999-01-04,NA,NA,NA,NA
"Sione Takitaki","NE","LB","14212","weighted",NA,NA,NA,NA,NA,NA,NA,NA,NA,NA,NA,NA,NA,NA,NA,NA,NA,NA,NA,NA,NA,NA,NA,NA,NA,NA,NA,NA,NA,NA,NA,NA,NA,NA,NA,NA,NA,NA,NA,NA,NA,NA,NA,NA,34.3386685552408,13.2228968081884,NA,NA,0.509490084985836,0.777817459305203,2,0,0,0,2019,NA,NA,"Knee",2024,0
"Cole Holcomb","PIT","LB","14260","weighted",NA,NA,NA,NA,NA,NA,NA,NA,NA,NA,NA,NA,NA,NA,NA,NA,NA,NA,NA,NA,NA,NA,NA,NA,NA,NA,NA,NA,NA,NA,NA,NA,NA,NA,NA,NA,NA,NA,NA,NA,NA,NA,NA,NA,38.9240793201133,6.22253967444162,NA,NA,0.138951841359773,0.212132034355964,1.27790368271955,0.424264068711929,0,0,2019,1996-07-30,NA,"Knee",2024,0
"Krys Barnes","ARI","LB","15082","weighted",NA,NA,NA,NA,NA,NA,NA,NA,NA,NA,NA,NA,NA,NA,NA,NA,NA,NA,NA,NA,NA,NA,NA,NA,NA,NA,NA,NA,NA,NA,NA,NA,NA,NA,NA,NA,NA,NA,NA,NA,NA,NA,NA,NA,37.435835694051,2.1920310216783,NA,NA,1.04631728045326,0.0707106781186548,4.38951841359773,2.12132034355964,0,0,2020,1998-04-02,NA,NA,NA,NA
"Mack Wilson","ARI","LB","14169","weighted",NA,NA,NA,NA,NA,NA,NA,NA,NA,NA,NA,NA,NA,NA,NA,NA,NA,NA,NA,NA,NA,NA,NA,NA,NA,NA,NA,NA,NA,NA,NA,NA,NA,NA,NA,NA,NA,NA,NA,NA,NA,NA,NA,NA,33.7114730878187,5.02045814642449,NA,NA,0,0,2.37053824362606,0.565685424949238,0,0,2019,1998-02-14,NA,NA,NA,NA
"Payton Wilson","PIT","LB","16716","weighted",NA,NA,NA,NA,NA,NA,NA,NA,NA,NA,NA,NA,NA,NA,NA,NA,NA,NA,NA,NA,NA,NA,NA,NA,NA,NA,NA,NA,NA,NA,NA,NA,NA,NA,NA,NA,NA,NA,NA,NA,NA,NA,NA,NA,32.8504249291785,4.80832611206852,NA,NA,0,0,1.60212464589235,0.919238815542512,0,0,2024,2000-04-21,"Q","Head",2024,0
"Cedric Gray","TEN","LB","16667","weighted",NA,NA,NA,NA,NA,NA,NA,NA,NA,NA,NA,NA,NA,NA,NA,NA,NA,NA,NA,NA,NA,NA,NA,NA,NA,NA,NA,NA,NA,NA,NA,NA,NA,NA,NA,NA,NA,NA,NA,NA,NA,NA,NA,NA,24.2543909348442,16.4048773235279,NA,NA,0,0,1.35155807365439,0.989949493661167,0,0,2024,2002-10-30,"IR","Shoulder",2024,0
"SirVocea Dennis","TB","LB","16314","weighted",NA,NA,NA,NA,NA,NA,NA,NA,NA,NA,NA,NA,NA,NA,NA,NA,NA,NA,NA,NA,NA,NA,NA,NA,NA,NA,NA,NA,NA,NA,NA,NA,NA,NA,NA,NA,NA,NA,NA,NA,NA,NA,NA,NA,28.9977337110482,7.63675323681472,NA,NA,0,0,0.675779036827196,0.494974746830583,0,0,2023,2000-03-09,"Q","Undisclosed",2024,0
"Brian Asamoah","MIN","LB","15829","weighted",NA,NA,NA,NA,NA,NA,NA,NA,NA,NA,NA,NA,NA,NA,NA,NA,NA,NA,NA,NA,NA,NA,NA,NA,NA,NA,NA,NA,NA,NA,NA,NA,NA,NA,NA,NA,NA,NA,NA,NA,NA,NA,NA,NA,29.2232294617564,3.39411254969543,NA,NA,0,0,0.722096317280453,0.424264068711929,0,0,2022,2000-03-29,NA,NA,NA,NA
"Trevin Wallace","CAR","LB","16704","weighted",NA,NA,NA,NA,NA,NA,NA,NA,NA,NA,NA,NA,NA,NA,NA,NA,NA,NA,NA,NA,NA,NA,NA,NA,NA,NA,NA,NA,NA,NA,NA,NA,NA,NA,NA,NA,NA,NA,NA,NA,NA,NA,NA,NA,24.9050991501416,7.77817459305202,NA,NA,0,0,0.907365439093485,0.14142135623731,0,0,2024,2003-02-22,NA,NA,NA,NA
"Anthony Walker","MIA","LB","13306","weighted",NA,NA,NA,NA,NA,NA,NA,NA,NA,NA,NA,NA,NA,NA,NA,NA,NA,NA,NA,NA,NA,NA,NA,NA,NA,NA,NA,NA,NA,NA,NA,NA,NA,NA,NA,NA,NA,NA,NA,NA,NA,NA,NA,NA,23.6082152974504,9.75807358037436,NA,NA,0,0,2.46317280453258,0.707106781186548,0,0,2017,1995-08-08,"Q","Undisclosed",2024,0
"Tyrice Knight","SEA","LB","16722","weighted",NA,NA,NA,NA,NA,NA,NA,NA,NA,NA,NA,NA,NA,NA,NA,NA,NA,NA,NA,NA,NA,NA,NA,NA,NA,NA,NA,NA,NA,NA,NA,NA,NA,NA,NA,NA,NA,NA,NA,NA,NA,NA,NA,NA,24.2672804532578,4.17193000900063,NA,NA,0,0,1.3242209631728,0.494974746830583,0,0,2024,1999-12-20,NA,NA,NA,NA
"Kyle Van Noy","BAL","LB","11723","weighted",NA,NA,NA,NA,NA,NA,NA,NA,NA,NA,NA,NA,NA,NA,NA,NA,NA,NA,NA,NA,NA,NA,NA,NA,NA,NA,NA,NA,NA,NA,NA,NA,NA,NA,NA,NA,NA,NA,NA,NA,NA,NA,NA,NA,24.6294617563739,0.565685424949239,NA,NA,0,0,3.32422096317281,0.494974746830583,0,0,2014,1991-03-26,NA,NA,NA,NA
"Kamu Grugier-Hill","MIN","LB","12828","weighted",NA,NA,NA,NA,NA,NA,NA,NA,NA,NA,NA,NA,NA,NA,NA,NA,NA,NA,NA,NA,NA,NA,NA,NA,NA,NA,NA,NA,NA,NA,NA,NA,NA,NA,NA,NA,NA,NA,NA,NA,NA,NA,NA,NA,21.4062322946176,3.95979797464467,NA,NA,0.324220963172805,0.494974746830583,1.3242209631728,0.494974746830583,0,0,2016,1994-05-16,NA,NA,NA,NA
"Ty'Ron Hopper","GB","LB","16710","weighted",NA,NA,NA,NA,NA,NA,NA,NA,NA,NA,NA,NA,NA,NA,NA,NA,NA,NA,NA,NA,NA,NA,NA,NA,NA,NA,NA,NA,NA,NA,NA,NA,NA,NA,NA,NA,NA,NA,NA,NA,NA,NA,NA,NA,18.692492917847,6.57609306503489,NA,NA,0,0,1.13895184135977,0.212132034355964,0,0,2024,2001-04-26,NA,NA,NA,NA
"JD Bertrand","ATL","LB","16733","weighted",NA,NA,NA,NA,NA,NA,NA,NA,NA,NA,NA,NA,NA,NA,NA,NA,NA,NA,NA,NA,NA,NA,NA,NA,NA,NA,NA,NA,NA,NA,NA,NA,NA,NA,NA,NA,NA,NA,NA,NA,NA,NA,NA,NA,17.686402266289,4.10121933088198,NA,NA,0.277903682719547,0.424264068711929,0.277903682719547,0.424264068711929,0.6,0,2024,2000-05-05,NA,NA,NA,NA
"Tommy Eichenberg","LVR","LB","16666","weighted",NA,NA,NA,NA,NA,NA,NA,NA,NA,NA,NA,NA,NA,NA,NA,NA,NA,NA,NA,NA,NA,NA,NA,NA,NA,NA,NA,NA,NA,NA,NA,NA,NA,NA,NA,NA,NA,NA,NA,NA,NA,NA,NA,NA,10.1260623229462,12.0208152801713,NA,NA,0,0,0.536827195467422,0.707106781186548,0,0,2024,2001-01-11,NA,NA,NA,NA
"Marist Liufau","DAL","LB","16707","weighted",NA,NA,NA,NA,NA,NA,NA,NA,NA,NA,NA,NA,NA,NA,NA,NA,NA,NA,NA,NA,NA,NA,NA,NA,NA,NA,NA,NA,NA,NA,NA,NA,NA,NA,NA,NA,NA,NA,NA,NA,NA,NA,NA,NA,12.5664305949009,5.44472221513642,NA,NA,0,0,0.277903682719547,0.424264068711929,0,0,2024,2001-02-09,NA,NA,NA,NA
"Jaylan Ford","NO","LB","16669","weighted",NA,NA,NA,NA,NA,NA,NA,NA,NA,NA,NA,NA,NA,NA,NA,NA,NA,NA,NA,NA,NA,NA,NA,NA,NA,NA,NA,NA,NA,NA,NA,NA,NA,NA,NA,NA,NA,NA,NA,NA,NA,NA,NA,NA,9.87776203966006,6.29325035256027,NA,NA,0,0,0.536827195467422,0.707106781186548,0,0,2024,2001-11-28,"Q","Hamstring",2024,0
"Jeremiah Trotter Jr.","PHI","LB","16664","weighted",NA,NA,NA,NA,NA,NA,NA,NA,NA,NA,NA,NA,NA,NA,NA,NA,NA,NA,NA,NA,NA,NA,NA,NA,NA,NA,NA,NA,NA,NA,NA,NA,NA,NA,NA,NA,NA,NA,NA,NA,NA,NA,NA,NA,5.92407932011332,6.22253967444162,NA,NA,0,0,0.536827195467422,0.707106781186548,0,0,2024,2002-12-24,NA,NA,NA,NA
"Jaquan Brisker","CHI","DB","15835","weighted",NA,NA,NA,NA,NA,NA,NA,NA,NA,NA,NA,NA,NA,NA,NA,NA,NA,NA,NA,NA,NA,NA,NA,NA,NA,NA,NA,NA,NA,NA,NA,NA,NA,NA,NA,NA,NA,NA,NA,NA,NA,NA,NA,NA,88.8160311284047,27.7117307517803,NA,NA,1.03396887159533,0.154363550898564,6.79737354085603,0.545714427258461,0.0995136186770428,0.0974492119535444,2022,1999-04-20,"Q","Undisclosed",2024,0
"Jessie Bates","ATL","DB","13737","weighted",NA,NA,NA,NA,NA,NA,NA,NA,NA,NA,NA,NA,NA,NA,NA,NA,NA,NA,NA,NA,NA,NA,NA,NA,NA,NA,NA,NA,NA,NA,NA,NA,NA,NA,NA,NA,NA,NA,NA,NA,NA,NA,NA,NA,92.3656225680934,22.1253083594878,NA,NA,4.12052529182879,1.20359684589883,9.31517509727627,0.311057929149458,0.576580739299611,0.316709938849019,2018,1997-02-26,NA,NA,NA,NA
"Julian Love","SEA","DB","14179","weighted",NA,NA,NA,NA,NA,NA,NA,NA,NA,NA,NA,NA,NA,NA,NA,NA,NA,NA,NA,NA,NA,NA,NA,NA,NA,NA,NA,NA,NA,NA,NA,NA,NA,NA,NA,NA,NA,NA,NA,NA,NA,NA,NA,NA,91.3346498054475,23.114477121681,NA,NA,2.49348249027237,0.557530070116552,9.30196498054475,1.52875666657937,0.119416342412451,0.116939054344253,2019,1998-03-19,NA,NA,NA,NA
"Reed Blankenship","PHI","DB","16018","weighted",NA,NA,NA,NA,NA,NA,NA,NA,NA,NA,NA,NA,NA,NA,NA,NA,NA,NA,NA,NA,NA,NA,NA,NA,NA,NA,NA,NA,NA,NA,NA,NA,NA,NA,NA,NA,NA,NA,NA,NA,NA,NA,NA,NA,90.939046692607,22.4412339549895,NA,NA,2.3843579766537,0.602040853657238,8.61856031128405,0.371860615203441,0.109464980544747,0.107194133148899,2022,1999-03-02,NA,NA,NA,NA
"Budda Baker","ARI","DB","13251","weighted",NA,NA,NA,NA,NA,NA,NA,NA,NA,NA,NA,NA,NA,NA,NA,NA,NA,NA,NA,NA,NA,NA,NA,NA,NA,NA,NA,NA,NA,NA,NA,NA,NA,NA,NA,NA,NA,NA,NA,NA,NA,NA,NA,NA,94.0068287937743,17.7965507148082,NA,NA,1.66554474708171,0.314830241005149,4.88017509727626,1.59846881899514,0.0945379377431907,0.0925767513558672,2017,1996-01-10,NA,NA,NA,NA
"Nate Hobbs","LVR","DB","15441","weighted",NA,NA,NA,NA,NA,NA,NA,NA,NA,NA,NA,NA,NA,NA,NA,NA,NA,NA,NA,NA,NA,NA,NA,NA,NA,NA,NA,NA,NA,NA,NA,NA,NA,NA,NA,NA,NA,NA,NA,NA,NA,NA,NA,NA,77.6823346303502,30.8873113203299,NA,NA,1.69519455252918,0.398429136886145,7.67762645914397,1.41471815895943,0.446240272373541,0.248495490481538,2021,1999-06-24,NA,NA,NA,NA
"Kamren Curl","LAR","DB","15001","weighted",NA,NA,NA,NA,NA,NA,NA,NA,NA,NA,NA,NA,NA,NA,NA,NA,NA,NA,NA,NA,NA,NA,NA,NA,NA,NA,NA,NA,NA,NA,NA,NA,NA,NA,NA,NA,NA,NA,NA,NA,NA,NA,NA,NA,85.7556420233463,24.145513725928,NA,NA,1.40531128404669,0.456621134862478,7.38468871595331,4.15901186755467,0.0995136186770428,0.0974492119535444,2020,1999-03-03,NA,NA,NA,NA
"Taylor Rapp","BUF","DB","14186","weighted",NA,NA,NA,NA,NA,NA,NA,NA,NA,NA,NA,NA,NA,NA,NA,NA,NA,NA,NA,NA,NA,NA,NA,NA,NA,NA,NA,NA,NA,NA,NA,NA,NA,NA,NA,NA,NA,NA,NA,NA,NA,NA,NA,NA,75.764766536965,33.5082764358143,NA,NA,2.6877626459144,1.3523781638569,7.67863813229572,4.05486496133572,0.109464980544747,0.107194133148899,2019,1970-01-01,NA,NA,NA,NA
"Kevin Byard","CHI","DB","12752","weighted",NA,NA,NA,NA,NA,NA,NA,NA,NA,NA,NA,NA,NA,NA,NA,NA,NA,NA,NA,NA,NA,NA,NA,NA,NA,NA,NA,NA,NA,NA,NA,NA,NA,NA,NA,NA,NA,NA,NA,NA,NA,NA,NA,NA,84.6124124513619,24.2696633612781,NA,NA,2.2520233463035,0.92547065746285,6.20908560311284,2.48491532601673,0.119416342412451,0.116939054344253,2016,1993-08-17,"Q","Undisclosed",2024,0
"Xavier McKinney","GB","DB","14908","weighted",NA,NA,NA,NA,NA,NA,NA,NA,NA,NA,NA,NA,NA,NA,NA,NA,NA,NA,NA,NA,NA,NA,NA,NA,NA,NA,NA,NA,NA,NA,NA,NA,NA,NA,NA,NA,NA,NA,NA,NA,NA,NA,NA,NA,91.2406031128405,18.6063156288458,NA,NA,2.62698443579767,0.365674812770275,9.29252918287938,0.66764788660082,0.275121595330739,0.0243623029883861,2020,1999-08-09,NA,NA,NA,NA
"Grant Delpit","CLE","DB","14907","weighted",NA,NA,NA,NA,NA,NA,NA,NA,NA,NA,NA,NA,NA,NA,NA,NA,NA,NA,NA,NA,NA,NA,NA,NA,NA,NA,NA,NA,NA,NA,NA,NA,NA,NA,NA,NA,NA,NA,NA,NA,NA,NA,NA,NA,82.9565758754864,24.3766130275423,NA,NA,2.26484435797665,0.621770239232994,7.10289883268483,1.06314622369564,0.410924124513619,0.185153502711734,2020,1998-09-20,NA,NA,NA,NA
"Minkah Fitzpatrick","PIT","DB","13713","weighted",NA,NA,NA,NA,NA,NA,NA,NA,NA,NA,NA,NA,NA,NA,NA,NA,NA,NA,NA,NA,NA,NA,NA,NA,NA,NA,NA,NA,NA,NA,NA,NA,NA,NA,NA,NA,NA,NA,NA,NA,NA,NA,NA,NA,81.9301556420234,25.2580568443884,NA,NA,3.10196498054475,0.82896399757042,8.83352140077821,1.02756562964419,0.114440661478599,0.112066593746576,2018,1996-11-17,NA,NA,NA,NA
"Taron Johnson","BUF","DB","13764","weighted",NA,NA,NA,NA,NA,NA,NA,NA,NA,NA,NA,NA,NA,NA,NA,NA,NA,NA,NA,NA,NA,NA,NA,NA,NA,NA,NA,NA,NA,NA,NA,NA,NA,NA,NA,NA,NA,NA,NA,NA,NA,NA,NA,NA,80.92453307393,23.879311642751,NA,NA,0.777821011673152,0.320490457274902,6.86075875486381,1.27232535871438,0.0845865758754864,0.0828318301605128,2018,1996-07-27,"Q","Quadriceps",2024,0
"Antoine Winfield","TB","DB","14909","weighted",NA,NA,NA,NA,NA,NA,NA,NA,NA,NA,NA,NA,NA,NA,NA,NA,NA,NA,NA,NA,NA,NA,NA,NA,NA,NA,NA,NA,NA,NA,NA,NA,NA,NA,NA,NA,NA,NA,NA,NA,NA,NA,NA,NA,86.3341828793774,19.3785261848464,NA,NA,2.09758754863813,0.106010984793967,8.65807392996109,1.25984912015682,0.124392023346304,0.12181151494193,2020,1998-08-16,NA,NA,NA,NA
"Kyle Dugger","NE","DB","14921","weighted",NA,NA,NA,NA,NA,NA,NA,NA,NA,NA,NA,NA,NA,NA,NA,NA,NA,NA,NA,NA,NA,NA,NA,NA,NA,NA,NA,NA,NA,NA,NA,NA,NA,NA,NA,NA,NA,NA,NA,NA,NA,NA,NA,NA,81.6174902723735,23.3008761275369,NA,NA,2.73640077821012,0.397842961256238,8.35157587548638,0.406917225139863,0.8178453307393,0.570077889928235,2020,1996-03-22,NA,NA,NA,NA
"Justin Reid","KC","DB","13717","weighted",NA,NA,NA,NA,NA,NA,NA,NA,NA,NA,NA,NA,NA,NA,NA,NA,NA,NA,NA,NA,NA,NA,NA,NA,NA,NA,NA,NA,NA,NA,NA,NA,NA,NA,NA,NA,NA,NA,NA,NA,NA,NA,NA,NA,81.6766147859922,21.7165561075807,NA,NA,1.04503891050584,0.464799545576298,6.43149805447471,2.94735394552496,0.0995136186770428,0.0974492119535444,2018,1997-02-15,NA,NA,NA,NA
"Justin Reid","KC","DB","13717","weighted",NA,NA,NA,NA,NA,NA,NA,NA,NA,NA,NA,NA,NA,NA,NA,NA,NA,NA,NA,NA,NA,NA,NA,NA,NA,NA,NA,NA,NA,NA,NA,NA,NA,NA,NA,NA,NA,NA,NA,NA,NA,NA,NA,NA,81.6766147859922,21.7165561075807,NA,NA,1.04503891050584,0.464799545576298,6.43149805447471,2.94735394552496,0.0995136186770428,0.0974492119535444,2018,2002-05-24,NA,NA,NA,NA
"Jevon Holland","MIA","DB","15366","weighted",NA,NA,NA,NA,NA,NA,NA,NA,NA,NA,NA,NA,NA,NA,NA,NA,NA,NA,NA,NA,NA,NA,NA,NA,NA,NA,NA,NA,NA,NA,NA,NA,NA,NA,NA,NA,NA,NA,NA,NA,NA,NA,NA,NA,78.277607003891,23.6976964509808,NA,NA,1.85132295719844,0.15306888592995,7.08410505836576,1.05335541822862,0.506434824902724,0.287475175262956,2021,2000-03-03,"Q","Undisclosed",2024,0
"Donovan Wilson","DAL","DB","14283","weighted",NA,NA,NA,NA,NA,NA,NA,NA,NA,NA,NA,NA,NA,NA,NA,NA,NA,NA,NA,NA,NA,NA,NA,NA,NA,NA,NA,NA,NA,NA,NA,NA,NA,NA,NA,NA,NA,NA,NA,NA,NA,NA,NA,NA,78.2250778210117,22.793297829455,NA,NA,1.7843579766537,0.478431238798589,3.51101167315175,2.03875768160163,0.340778210116732,0.155918739125671,2019,1970-01-01,NA,NA,NA,NA
"Camryn Bynum","MIN","DB","15418","weighted",NA,NA,NA,NA,NA,NA,NA,NA,NA,NA,NA,NA,NA,NA,NA,NA,NA,NA,NA,NA,NA,NA,NA,NA,NA,NA,NA,NA,NA,NA,NA,NA,NA,NA,NA,NA,NA,NA,NA,NA,NA,NA,NA,NA,91.2330155642023,11.9791482531009,NA,NA,1.92941634241245,0.409785019737918,6.93784046692607,0.203417592462207,0.0895622568093385,0.0877042907581899,2021,1998-07-19,NA,NA,NA,NA
"Brandon Jones","DEN","DB","14910","weighted",NA,NA,NA,NA,NA,NA,NA,NA,NA,NA,NA,NA,NA,NA,NA,NA,NA,NA,NA,NA,NA,NA,NA,NA,NA,NA,NA,NA,NA,NA,NA,NA,NA,NA,NA,NA,NA,NA,NA,NA,NA,NA,NA,NA,74.7743774319066,25.8102910057388,NA,NA,1.81373540856031,0.174645467694465,6.03060311284047,1.91171301148813,0.0995136186770428,0.0974492119535444,2020,1998-04-02,"Q","Hamstring",2024,0
"Jimmie Ward","HOU","DB","11768","weighted",NA,NA,NA,NA,NA,NA,NA,NA,NA,NA,NA,NA,NA,NA,NA,NA,NA,NA,NA,NA,NA,NA,NA,NA,NA,NA,NA,NA,NA,NA,NA,NA,NA,NA,NA,NA,NA,NA,NA,NA,NA,NA,NA,NA,74.273579766537,29.7716544995726,NA,NA,2.96778210116732,1.87161610064088,7.32607003891051,2.48554721175298,0.0995136186770428,0.0974492119535444,2014,1991-07-18,NA,NA,NA,NA
"Jalen Pitre","HOU","DB","15850","weighted",NA,NA,NA,NA,NA,NA,NA,NA,NA,NA,NA,NA,NA,NA,NA,NA,NA,NA,NA,NA,NA,NA,NA,NA,NA,NA,NA,NA,NA,NA,NA,NA,NA,NA,NA,NA,NA,NA,NA,NA,NA,NA,NA,NA,78.3488521400778,22.419486040711,NA,NA,1.80140077821012,1.55949755017406,6.93367704280156,1.27321664591951,0.114440661478599,0.112066593746576,2022,1999-06-03,NA,NA,NA,NA
"Jordan Poyer","MIA","DB","11317","weighted",NA,NA,NA,NA,NA,NA,NA,NA,NA,NA,NA,NA,NA,NA,NA,NA,NA,NA,NA,NA,NA,NA,NA,NA,NA,NA,NA,NA,NA,NA,NA,NA,NA,NA,NA,NA,NA,NA,NA,NA,NA,NA,NA,NA,78.9335019455253,19.5177754895322,NA,NA,2.84169260700389,1.08616544497744,7.01130350194553,1.02673237810755,0.255218871595331,0.043852145379095,2013,1991-04-25,"Q","Thumb",2024,0
"Derwin James","LAC","DB","13714","weighted",NA,NA,NA,NA,NA,NA,NA,NA,NA,NA,NA,NA,NA,NA,NA,NA,NA,NA,NA,NA,NA,NA,NA,NA,NA,NA,NA,NA,NA,NA,NA,NA,NA,NA,NA,NA,NA,NA,NA,NA,NA,NA,NA,NA,89.1639299610895,10.2029447896726,NA,NA,1.73013618677043,0.4091298353612,6.78581712062257,0.753231535360401,0.0845865758754864,0.0828318301605128,2018,1996-08-03,NA,NA,NA,NA
"Chuck Clark","NYJ","DB","13322","weighted",NA,NA,NA,NA,NA,NA,NA,NA,NA,NA,NA,NA,NA,NA,NA,NA,NA,NA,NA,NA,NA,NA,NA,NA,NA,NA,NA,NA,NA,NA,NA,NA,NA,NA,NA,NA,NA,NA,NA,NA,NA,NA,NA,NA,75.1734435797665,22.3585675730766,NA,NA,1.92992217898833,1.33300133886941,8.97461089494163,3.96637663126651,0.0895622568093385,0.0877042907581899,2017,1995-04-19,NA,NA,NA,NA
"Nick Cross","IND","DB","15839","weighted",NA,NA,NA,NA,NA,NA,NA,NA,NA,NA,NA,NA,NA,NA,NA,NA,NA,NA,NA,NA,NA,NA,NA,NA,NA,NA,NA,NA,NA,NA,NA,NA,NA,NA,NA,NA,NA,NA,NA,NA,NA,NA,NA,NA,65.3629961089494,29.9923915430494,NA,NA,1.96097276264591,0.941099665052772,5.59560311284047,2.66635221519621,0.561653696498054,0.331327320642051,2022,2001-09-10,NA,NA,NA,NA
"Tyson Campbell","JAC","DB","15380","weighted",NA,NA,NA,NA,NA,NA,NA,NA,NA,NA,NA,NA,NA,NA,NA,NA,NA,NA,NA,NA,NA,NA,NA,NA,NA,NA,NA,NA,NA,NA,NA,NA,NA,NA,NA,NA,NA,NA,NA,NA,NA,NA,NA,NA,68.7858949416343,25.4692199119923,NA,NA,2.15060311284047,0.797903903168537,10.1689883268482,2.98134245792202,0.496483463035019,0.29722009645831,2021,2000-03-17,NA,NA,NA,NA
"DeShon Elliott","PIT","DB","13806","weighted",NA,NA,NA,NA,NA,NA,NA,NA,NA,NA,NA,NA,NA,NA,NA,NA,NA,NA,NA,NA,NA,NA,NA,NA,NA,NA,NA,NA,NA,NA,NA,NA,NA,NA,NA,NA,NA,NA,NA,NA,NA,NA,NA,NA,72.9194941634241,22.2365098315487,NA,NA,0.996867704280156,0.00568850113521401,6.11038910505837,0.62258042629089,0.0796108949416342,0.0779593695628355,2018,1997-04-21,NA,NA,NA,NA
"Tony Adams","NYJ","DB","16014","weighted",NA,NA,NA,NA,NA,NA,NA,NA,NA,NA,NA,NA,NA,NA,NA,NA,NA,NA,NA,NA,NA,NA,NA,NA,NA,NA,NA,NA,NA,NA,NA,NA,NA,NA,NA,NA,NA,NA,NA,NA,NA,NA,NA,NA,71.4155058365759,23.0727955811322,NA,NA,3.15472762645914,0.659304560088591,7.69058365758755,1.6078299806022,0.114440661478599,0.112066593746576,2022,1999-01-24,NA,NA,NA,NA
"Jordan Fuller","CAR","DB","14991","weighted",NA,NA,NA,NA,NA,NA,NA,NA,NA,NA,NA,NA,NA,NA,NA,NA,NA,NA,NA,NA,NA,NA,NA,NA,NA,NA,NA,NA,NA,NA,NA,NA,NA,NA,NA,NA,NA,NA,NA,NA,NA,NA,NA,NA,76.1246303501946,18.9262301658242,NA,NA,2.47614785992218,0.491852805607196,8.90369649805447,2.64234812534306,0.104489299610895,0.102321672551222,2020,1998-03-04,NA,NA,NA,NA
"Jeremy Chinn","WAS","DB","14927","weighted",NA,NA,NA,NA,NA,NA,NA,NA,NA,NA,NA,NA,NA,NA,NA,NA,NA,NA,NA,NA,NA,NA,NA,NA,NA,NA,NA,NA,NA,NA,NA,NA,NA,NA,NA,NA,NA,NA,NA,NA,NA,NA,NA,NA,68.7703307392996,24.3384791906513,NA,NA,0.999027237354086,0.194898423907089,6.78369649805447,2.56035392527691,0.0895622568093385,0.0877042907581899,2020,1998-02-26,NA,NA,NA,NA
"Jalen Thompson","ARI","DB","14518","weighted",NA,NA,NA,NA,NA,NA,NA,NA,NA,NA,NA,NA,NA,NA,NA,NA,NA,NA,NA,NA,NA,NA,NA,NA,NA,NA,NA,NA,NA,NA,NA,NA,NA,NA,NA,NA,NA,NA,NA,NA,NA,NA,NA,NA,73.633326848249,21.583630911437,NA,NA,2.95906614785992,0.654028809305386,8.23472762645914,1.3687210374682,0.114440661478599,0.112066593746576,2019,1998-07-18,NA,NA,NA,NA
"Harrison Smith","MIN","DB","10783","weighted",NA,NA,NA,NA,NA,NA,NA,NA,NA,NA,NA,NA,NA,NA,NA,NA,NA,NA,NA,NA,NA,NA,NA,NA,NA,NA,NA,NA,NA,NA,NA,NA,NA,NA,NA,NA,NA,NA,NA,NA,NA,NA,NA,NA,73.6598638132296,19.8240920334567,NA,NA,1.78694552529183,0.966108996895336,6.85727626459144,1.72808993371621,0.124392023346304,0.12181151494193,2012,1989-02-02,NA,NA,NA,NA
"Juan Thornhill","CLE","DB","14207","weighted",NA,NA,NA,NA,NA,NA,NA,NA,NA,NA,NA,NA,NA,NA,NA,NA,NA,NA,NA,NA,NA,NA,NA,NA,NA,NA,NA,NA,NA,NA,NA,NA,NA,NA,NA,NA,NA,NA,NA,NA,NA,NA,NA,NA,66.1747859922179,25.7885936202726,NA,NA,1.81784046692607,0.251852738721138,5.81926070038911,0.821625736666193,0.0945379377431907,0.0925767513558672,2019,1970-01-01,NA,NA,NA,NA
"Tyler Nubin","NYG","DB","16679","weighted",NA,NA,NA,NA,NA,NA,NA,NA,NA,NA,NA,NA,NA,NA,NA,NA,NA,NA,NA,NA,NA,NA,NA,NA,NA,NA,NA,NA,NA,NA,NA,NA,NA,NA,NA,NA,NA,NA,NA,NA,NA,NA,NA,NA,55.8293774319066,37.1980271076615,NA,NA,1.26671206225681,1.07256670447315,5.05750972762646,1.75976471738728,0.0995136186770428,0.0974492119535444,2024,2001-06-14,NA,NA,NA,NA
"Jamel Dean","TB","DB","14219","weighted",NA,NA,NA,NA,NA,NA,NA,NA,NA,NA,NA,NA,NA,NA,NA,NA,NA,NA,NA,NA,NA,NA,NA,NA,NA,NA,NA,NA,NA,NA,NA,NA,NA,NA,NA,NA,NA,NA,NA,NA,NA,NA,NA,NA,63.9997859922179,26.0032528880654,NA,NA,1.40140077821012,1.17547976014279,5.99075875486381,1.85153502711734,0.104489299610895,0.102321672551222,2019,1996-10-15,NA,NA,NA,NA
"Xavier Woods","CAR","DB","13325","weighted",NA,NA,NA,NA,NA,NA,NA,NA,NA,NA,NA,NA,NA,NA,NA,NA,NA,NA,NA,NA,NA,NA,NA,NA,NA,NA,NA,NA,NA,NA,NA,NA,NA,NA,NA,NA,NA,NA,NA,NA,NA,NA,NA,NA,64.2476848249027,24.4601513119262,NA,NA,2.19955252918288,0.792234191757794,7.51140077821012,2.26983877150432,0.340778210116732,0.155918739125671,2017,1995-07-26,"Q","Groin",2024,0
"Antonio Johnson","JAC","DB","16246","weighted",NA,NA,NA,NA,NA,NA,NA,NA,NA,NA,NA,NA,NA,NA,NA,NA,NA,NA,NA,NA,NA,NA,NA,NA,NA,NA,NA,NA,NA,NA,NA,NA,NA,NA,NA,NA,NA,NA,NA,NA,NA,NA,NA,NA,77.8248998459168,21.128350621854,NA,NA,2.52942989214176,0.81317279836453,10.7815408320493,4.87196572237531,0.255346687211094,0.0636396103067893,2023,2001-10-29,NA,NA,NA,NA
"Amani Hooker","TEN","DB","14182","weighted",NA,NA,NA,NA,NA,NA,NA,NA,NA,NA,NA,NA,NA,NA,NA,NA,NA,NA,NA,NA,NA,NA,NA,NA,NA,NA,NA,NA,NA,NA,NA,NA,NA,NA,NA,NA,NA,NA,NA,NA,NA,NA,NA,NA,82.1763813229572,14.2697659922186,NA,NA,1.59011673151751,0.554140689823418,6.70501945525292,0.956825923639632,0.0995136186770428,0.0974492119535444,2019,1998-06-14,NA,NA,NA,NA
"Kenny Moore","IND","DB","13470","weighted",NA,NA,NA,NA,NA,NA,NA,NA,NA,NA,NA,NA,NA,NA,NA,NA,NA,NA,NA,NA,NA,NA,NA,NA,NA,NA,NA,NA,NA,NA,NA,NA,NA,NA,NA,NA,NA,NA,NA,NA,NA,NA,NA,NA,73.6410894941634,14.7781586346706,NA,NA,2.22647859922179,0.982195414354346,7.02865758754864,1.91287860576009,0.265170233463035,0.0341072241837405,2017,1995-08-23,NA,NA,NA,NA
"Julian Blackmon","IND","DB","14933","weighted",NA,NA,NA,NA,NA,NA,NA,NA,NA,NA,NA,NA,NA,NA,NA,NA,NA,NA,NA,NA,NA,NA,NA,NA,NA,NA,NA,NA,NA,NA,NA,NA,NA,NA,NA,NA,NA,NA,NA,NA,NA,NA,NA,NA,69.6481517509728,20.8804865935171,NA,NA,2.44268482490272,0.887424889518321,7.27282101167315,2.48343373225479,0.355705252918288,0.141301357332639,2020,1998-08-24,NA,NA,NA,NA
"Ifeatu Melifonwu","DET","DB","15363","weighted",NA,NA,NA,NA,NA,NA,NA,NA,NA,NA,NA,NA,NA,NA,NA,NA,NA,NA,NA,NA,NA,NA,NA,NA,NA,NA,NA,NA,NA,NA,NA,NA,NA,NA,NA,NA,NA,NA,NA,NA,NA,NA,NA,NA,54.9766342412451,29.9179756538992,NA,NA,2.21422178988327,0.737779208410795,8.19241245136187,3.5336138241093,0.104489299610895,0.102321672551222,2021,1999-05-02,"Q","Undisclosed",2024,0
"Tyrique Stevenson","CHI","DB","16267","weighted",NA,NA,NA,NA,NA,NA,NA,NA,NA,NA,NA,NA,NA,NA,NA,NA,NA,NA,NA,NA,NA,NA,NA,NA,NA,NA,NA,NA,NA,NA,NA,NA,NA,NA,NA,NA,NA,NA,NA,NA,NA,NA,NA,NA,70.336906614786,17.1203698843723,NA,NA,3.21136186770428,1.04290669192871,12.0750972762646,3.75120869593075,0.0995136186770428,0.0974492119535444,2023,2000-05-26,NA,NA,NA,NA
"Kyle Hamilton","BAL","DB","15834","weighted",NA,NA,NA,NA,NA,NA,NA,NA,NA,NA,NA,NA,NA,NA,NA,NA,NA,NA,NA,NA,NA,NA,NA,NA,NA,NA,NA,NA,NA,NA,NA,NA,NA,NA,NA,NA,NA,NA,NA,NA,NA,NA,NA,NA,77.2056225680934,11.7897203033573,NA,NA,3.28632295719844,1.38114108699163,10.1979766536965,3.20292655078823,0.496483463035019,0.29722009645831,2022,2001-03-16,NA,NA,NA,NA
"Trevon Moehrig","LVR","DB","15365","weighted",NA,NA,NA,NA,NA,NA,NA,NA,NA,NA,NA,NA,NA,NA,NA,NA,NA,NA,NA,NA,NA,NA,NA,NA,NA,NA,NA,NA,NA,NA,NA,NA,NA,NA,NA,NA,NA,NA,NA,NA,NA,NA,NA,NA,69.9650389105058,17.3219102541271,NA,NA,1.85591439688716,0.261671052219844,6.77976653696498,0.252929767574398,0.0945379377431907,0.0925767513558672,2021,1999-06-16,NA,NA,NA,NA
"Devon Witherspoon","SEA","DB","16241","weighted",NA,NA,NA,NA,NA,NA,NA,NA,NA,NA,NA,NA,NA,NA,NA,NA,NA,NA,NA,NA,NA,NA,NA,NA,NA,NA,NA,NA,NA,NA,NA,NA,NA,NA,NA,NA,NA,NA,NA,NA,NA,NA,NA,NA,67.1354280155642,19.6593043705198,NA,NA,1.33492217898833,0.762141246771716,11.7194552529183,4.75713354141321,0.195024319066148,0.00487246059767722,2023,2000-12-11,NA,NA,NA,NA
"Marcus Williams","BAL","DB","13253","weighted",NA,NA,NA,NA,NA,NA,NA,NA,NA,NA,NA,NA,NA,NA,NA,NA,NA,NA,NA,NA,NA,NA,NA,NA,NA,NA,NA,NA,NA,NA,NA,NA,NA,NA,NA,NA,NA,NA,NA,NA,NA,NA,NA,NA,62.7906420233463,24.3042270166699,NA,NA,2.74169260700389,0.264769211845982,9.83889105058366,2.83122092819663,0.109464980544747,0.107194133148899,2017,1996-09-08,NA,NA,NA,NA
"Rayshawn Jenkins","SEA","DB","13288","weighted",NA,NA,NA,NA,NA,NA,NA,NA,NA,NA,NA,NA,NA,NA,NA,NA,NA,NA,NA,NA,NA,NA,NA,NA,NA,NA,NA,NA,NA,NA,NA,NA,NA,NA,NA,NA,NA,NA,NA,NA,NA,NA,NA,NA,77.6613314447592,13.2228968081884,NA,NA,2.18526912181303,0.282842712474619,10.4631728045326,0.707106781186548,0.3,0,2017,1994-01-25,NA,NA,NA,NA
"Roger McCreary","TEN","DB","15849","weighted",NA,NA,NA,NA,NA,NA,NA,NA,NA,NA,NA,NA,NA,NA,NA,NA,NA,NA,NA,NA,NA,NA,NA,NA,NA,NA,NA,NA,NA,NA,NA,NA,NA,NA,NA,NA,NA,NA,NA,NA,NA,NA,NA,NA,70.4389883268482,14.5274956580401,NA,NA,1.01879377431907,0.0341310068112841,7.16005836575876,1.44217653551165,0.0796108949416342,0.0779593695628355,2022,2000-02-10,NA,NA,NA,NA
"Chauncey Gardner-Johnson","PHI","DB","14224","weighted",NA,NA,NA,NA,NA,NA,NA,NA,NA,NA,NA,NA,NA,NA,NA,NA,NA,NA,NA,NA,NA,NA,NA,NA,NA,NA,NA,NA,NA,NA,NA,NA,NA,NA,NA,NA,NA,NA,NA,NA,NA,NA,NA,NA,73.8845914396887,15.339180864177,NA,NA,3.02365758754864,0.94550704218571,7.83350194552529,0.224065212429852,0.0995136186770428,0.0974492119535444,2019,1997-12-20,NA,NA,NA,NA
"Talanoa Hufanga","SF","DB","15452","weighted",NA,NA,NA,NA,NA,NA,NA,NA,NA,NA,NA,NA,NA,NA,NA,NA,NA,NA,NA,NA,NA,NA,NA,NA,NA,NA,NA,NA,NA,NA,NA,NA,NA,NA,NA,NA,NA,NA,NA,NA,NA,NA,NA,NA,71.9947470817121,12.7660264407056,NA,NA,2.96581712062257,0.741298555838059,7.85809338521401,0.963784944306453,0.104489299610895,0.102321672551222,2021,2000-02-01,"Q","Knee - ACL",2024,0
"Darnell Savage","JAC","DB","14197","weighted",NA,NA,NA,NA,NA,NA,NA,NA,NA,NA,NA,NA,NA,NA,NA,NA,NA,NA,NA,NA,NA,NA,NA,NA,NA,NA,NA,NA,NA,NA,NA,NA,NA,NA,NA,NA,NA,NA,NA,NA,NA,NA,NA,NA,56.4090272373541,29.2348188840486,NA,NA,0.825992217898833,0.729827115267723,3.26710116731518,2.78367948288323,0.0845865758754864,0.0828318301605128,2019,NA,NA,NA,NA,NA
"Andre Cisco","JAC","DB","15364","weighted",NA,NA,NA,NA,NA,NA,NA,NA,NA,NA,NA,NA,NA,NA,NA,NA,NA,NA,NA,NA,NA,NA,NA,NA,NA,NA,NA,NA,NA,NA,NA,NA,NA,NA,NA,NA,NA,NA,NA,NA,NA,NA,NA,NA,58.0599416342412,23.5140797249999,NA,NA,2.94027237354086,0.684430185277554,7.61614785992218,0.590194865100452,0.109464980544747,0.107194133148899,2021,2000-03-23,NA,NA,NA,NA
"Brian Branch","DET","DB","16244","weighted",NA,NA,NA,NA,NA,NA,NA,NA,NA,NA,NA,NA,NA,NA,NA,NA,NA,NA,NA,NA,NA,NA,NA,NA,NA,NA,NA,NA,NA,NA,NA,NA,NA,NA,NA,NA,NA,NA,NA,NA,NA,NA,NA,NA,70.0237354085603,13.3812207938198,NA,NA,3.00729571984436,1.46173817930317,11.1563424124514,4.3312732449274,0.486532101167315,0.306965017653665,2023,2001-10-22,NA,NA,NA,NA
"Vonn Bell","CIN","DB","12718","weighted",NA,NA,NA,NA,NA,NA,NA,NA,NA,NA,NA,NA,NA,NA,NA,NA,NA,NA,NA,NA,NA,NA,NA,NA,NA,NA,NA,NA,NA,NA,NA,NA,NA,NA,NA,NA,NA,NA,NA,NA,NA,NA,NA,NA,71.0191050583658,12.479785492352,NA,NA,1.41136186770428,0.918063896519832,5.23040856031128,1.61483348377904,0.270632295719844,0.126683975539608,2016,1994-12-12,NA,NA,NA,NA
"Zyon McCollum","TB","DB","15895","weighted",NA,NA,NA,NA,NA,NA,NA,NA,NA,NA,NA,NA,NA,NA,NA,NA,NA,NA,NA,NA,NA,NA,NA,NA,NA,NA,NA,NA,NA,NA,NA,NA,NA,NA,NA,NA,NA,NA,NA,NA,NA,NA,NA,NA,61.672859922179,19.8627124605695,NA,NA,0.524552529182879,0.716598119343297,8.33933852140078,1.97045843740289,0.0845865758754864,0.0828318301605128,2022,1999-05-03,NA,NA,NA,NA
"Jason Pinnock","NYG","DB","15448","weighted",NA,NA,NA,NA,NA,NA,NA,NA,NA,NA,NA,NA,NA,NA,NA,NA,NA,NA,NA,NA,NA,NA,NA,NA,NA,NA,NA,NA,NA,NA,NA,NA,NA,NA,NA,NA,NA,NA,NA,NA,NA,NA,NA,NA,72.7059143968872,10.726551442061,NA,NA,3.61169260700389,3.264699892959,8.16733463035019,2.64396199980992,0.446240272373541,0.248495490481538,2021,1999-06-30,NA,NA,NA,NA
"Elijah Molden","TEN","DB","15402","weighted",NA,NA,NA,NA,NA,NA,NA,NA,NA,NA,NA,NA,NA,NA,NA,NA,NA,NA,NA,NA,NA,NA,NA,NA,NA,NA,NA,NA,NA,NA,NA,NA,NA,NA,NA,NA,NA,NA,NA,NA,NA,NA,NA,NA,52.9491245136187,27.4392776196197,NA,NA,1.04963035019455,0.181469734198264,3.86715953307393,1.65972142607178,0.52682392996109,0.365434544825791,2021,1999-01-30,NA,NA,NA,NA
"Jack Jones","LVR","DB","15881","weighted",NA,NA,NA,NA,NA,NA,NA,NA,NA,NA,NA,NA,NA,NA,NA,NA,NA,NA,NA,NA,NA,NA,NA,NA,NA,NA,NA,NA,NA,NA,NA,NA,NA,NA,NA,NA,NA,NA,NA,NA,NA,NA,NA,NA,54.0319844357977,25.0639146756977,NA,NA,2.59735408560311,0.579890173700046,7.64476653696498,1.25608674620687,1.52622568093385,1.24734991300537,2022,1997-12-20,NA,NA,NA,NA
"Cole Bishop","BUF","DB","16700","weighted",NA,NA,NA,NA,NA,NA,NA,NA,NA,NA,NA,NA,NA,NA,NA,NA,NA,NA,NA,NA,NA,NA,NA,NA,NA,NA,NA,NA,NA,NA,NA,NA,NA,NA,NA,NA,NA,NA,NA,NA,NA,NA,NA,NA,44.0124319066148,39.1315065765175,NA,NA,0.860447470817121,0.776069353663071,4.24492217898833,3.56445520196213,0.0845865758754864,0.0828318301605128,2024,2002-10-24,"Q","Shoulder",2024,0
"L'Jarius Sneed","TEN","DB","14956","weighted",NA,NA,NA,NA,NA,NA,NA,NA,NA,NA,NA,NA,NA,NA,NA,NA,NA,NA,NA,NA,NA,NA,NA,NA,NA,NA,NA,NA,NA,NA,NA,NA,NA,NA,NA,NA,NA,NA,NA,NA,NA,NA,NA,NA,67.9726848249027,13.1891868204476,NA,NA,2.20768482490272,0.976047727907301,10.6188715953307,2.02649073815482,0.114440661478599,0.112066593746576,2020,1997-01-21,NA,NA,NA,NA
"Jaycee Horn","CAR","DB","15361","weighted",NA,NA,NA,NA,NA,NA,NA,NA,NA,NA,NA,NA,NA,NA,NA,NA,NA,NA,NA,NA,NA,NA,NA,NA,NA,NA,NA,NA,NA,NA,NA,NA,NA,NA,NA,NA,NA,NA,NA,NA,NA,NA,NA,NA,63.0975875486381,18.4847794523168,NA,NA,1.4493579766537,1.04715211073801,6.24356031128405,1.18666913225783,0.0995136186770428,0.0974492119535444,2021,1999-11-26,NA,NA,NA,NA
"Kerby Joseph","DET","DB","15871","weighted",NA,NA,NA,NA,NA,NA,NA,NA,NA,NA,NA,NA,NA,NA,NA,NA,NA,NA,NA,NA,NA,NA,NA,NA,NA,NA,NA,NA,NA,NA,NA,NA,NA,NA,NA,NA,NA,NA,NA,NA,NA,NA,NA,NA,75.358813229572,6.09382147898872,NA,NA,4.17573929961089,1.69872963559396,11.7531906614786,4.36969408514302,0.104489299610895,0.102321672551222,2022,2000-11-14,NA,NA,NA,NA
"Cam Taylor-Britt","CIN","DB","15859","weighted",NA,NA,NA,NA,NA,NA,NA,NA,NA,NA,NA,NA,NA,NA,NA,NA,NA,NA,NA,NA,NA,NA,NA,NA,NA,NA,NA,NA,NA,NA,NA,NA,NA,NA,NA,NA,NA,NA,NA,NA,NA,NA,NA,NA,62.4733852140078,17.3004316857545,NA,NA,3.06484435797665,0.995785890114975,11.6970233463035,3.52199419843593,0.400972762645914,0.194898423907089,2022,1999-10-15,NA,NA,NA,NA
"Kyler Gordon","CHI","DB","15852","weighted",NA,NA,NA,NA,NA,NA,NA,NA,NA,NA,NA,NA,NA,NA,NA,NA,NA,NA,NA,NA,NA,NA,NA,NA,NA,NA,NA,NA,NA,NA,NA,NA,NA,NA,NA,NA,NA,NA,NA,NA,NA,NA,NA,NA,63.7733852140078,15.7171854455753,NA,NA,2.13591439688716,0.826638631265585,5.99589494163424,0.190062830905915,0.0845865758754864,0.0828318301605128,2022,1999-12-17,NA,NA,NA,NA
"Jordan Whitehead","TB","DB","13760","weighted",NA,NA,NA,NA,NA,NA,NA,NA,NA,NA,NA,NA,NA,NA,NA,NA,NA,NA,NA,NA,NA,NA,NA,NA,NA,NA,NA,NA,NA,NA,NA,NA,NA,NA,NA,NA,NA,NA,NA,NA,NA,NA,NA,NA,67.7380544747082,12.1528390231316,NA,NA,2.04577821011673,0.913313790028992,7.02963035019455,0.945435394141034,0.0845865758754864,0.0828318301605128,2018,1997-03-18,NA,NA,NA,NA
"Tyrann Mathieu","NO","DB","11313","weighted",NA,NA,NA,NA,NA,NA,NA,NA,NA,NA,NA,NA,NA,NA,NA,NA,NA,NA,NA,NA,NA,NA,NA,NA,NA,NA,NA,NA,NA,NA,NA,NA,NA,NA,NA,NA,NA,NA,NA,NA,NA,NA,NA,NA,68.741653696498,13.7719931857861,NA,NA,4.04706225680934,1.97177886766727,10.5957782101167,3.66296118940712,0.425851167315175,0.170536120918703,2013,1992-05-13,NA,NA,NA,NA
"Jabrill Peppers","NE","DB","13231","weighted",NA,NA,NA,NA,NA,NA,NA,NA,NA,NA,NA,NA,NA,NA,NA,NA,NA,NA,NA,NA,NA,NA,NA,NA,NA,NA,NA,NA,NA,NA,NA,NA,NA,NA,NA,NA,NA,NA,NA,NA,NA,NA,NA,NA,64.7174902723736,14.0997904884586,NA,NA,1.56484435797665,0.79600211932941,7.07571984435798,1.25908276738026,0.185072957198444,0.0146173817930317,2017,1995-10-04,NA,NA,NA,NA
"Marcus Epps","LVR","DB","14270","weighted",NA,NA,NA,NA,NA,NA,NA,NA,NA,NA,NA,NA,NA,NA,NA,NA,NA,NA,NA,NA,NA,NA,NA,NA,NA,NA,NA,NA,NA,NA,NA,NA,NA,NA,NA,NA,NA,NA,NA,NA,NA,NA,NA,NA,72.0414591439689,13.238165082705,NA,NA,1.46217898832685,0.50682497144232,5.77375486381323,1.76067162462773,0.536775291828794,0.355689623630437,2019,1996-01-27,NA,NA,NA,NA
"Charvarius Ward","SF","DB","13920","weighted",NA,NA,NA,NA,NA,NA,NA,NA,NA,NA,NA,NA,NA,NA,NA,NA,NA,NA,NA,NA,NA,NA,NA,NA,NA,NA,NA,NA,NA,NA,NA,NA,NA,NA,NA,NA,NA,NA,NA,NA,NA,NA,NA,NA,63.9377626459144,13.1931177077525,NA,NA,3.09449416342412,1.1136802701771,12.9394941634241,4.9705720934103,0.446240272373541,0.248495490481538,2018,1996-05-16,NA,NA,NA,NA
"Kristian Fulton","LAC","DB","14904","weighted",NA,NA,NA,NA,NA,NA,NA,NA,NA,NA,NA,NA,NA,NA,NA,NA,NA,NA,NA,NA,NA,NA,NA,NA,NA,NA,NA,NA,NA,NA,NA,NA,NA,NA,NA,NA,NA,NA,NA,NA,NA,NA,NA,NA,55.383093385214,20.5414307829433,NA,NA,0.609610894941634,0.79685827377229,7.57548638132296,1.55806291505118,0.0845865758754864,0.0828318301605128,2020,1998-09-03,NA,NA,NA,NA
"Bryan Cook","KC","DB","15860","weighted",NA,NA,NA,NA,NA,NA,NA,NA,NA,NA,NA,NA,NA,NA,NA,NA,NA,NA,NA,NA,NA,NA,NA,NA,NA,NA,NA,NA,NA,NA,NA,NA,NA,NA,NA,NA,NA,NA,NA,NA,NA,NA,NA,NA,66.6641050583657,17.5759603194529,NA,NA,1.50192607003891,0.47045813255069,6.34027237354086,2.36227327329453,0.0895622568093385,0.0877042907581899,2022,1999-09-07,NA,NA,NA,NA
"Jaire Alexander","GB","DB","13730","weighted",NA,NA,NA,NA,NA,NA,NA,NA,NA,NA,NA,NA,NA,NA,NA,NA,NA,NA,NA,NA,NA,NA,NA,NA,NA,NA,NA,NA,NA,NA,NA,NA,NA,NA,NA,NA,NA,NA,NA,NA,NA,NA,NA,NA,59.296420233463,19.8639324410129,NA,NA,2.93468871595331,1.04458854699674,10.6576459143969,1.67517286373157,0.109464980544747,0.107194133148899,2018,1997-02-09,NA,NA,NA,NA
"Paulson Adebo","NO","DB","15394","weighted",NA,NA,NA,NA,NA,NA,NA,NA,NA,NA,NA,NA,NA,NA,NA,NA,NA,NA,NA,NA,NA,NA,NA,NA,NA,NA,NA,NA,NA,NA,NA,NA,NA,NA,NA,NA,NA,NA,NA,NA,NA,NA,NA,NA,66.9132295719844,11.3402033945626,NA,NA,2.99857976653696,1.05306549453926,12.2772957198444,4.27317644671465,0.245267509727626,0.0535970665744494,2021,1999-07-03,NA,NA,NA,NA
"Quentin Lake","LAR","DB","15923","weighted",NA,NA,NA,NA,NA,NA,NA,NA,NA,NA,NA,NA,NA,NA,NA,NA,NA,NA,NA,NA,NA,NA,NA,NA,NA,NA,NA,NA,NA,NA,NA,NA,NA,NA,NA,NA,NA,NA,NA,NA,NA,NA,NA,NA,64.357842835131,18.7524718370672,NA,NA,0.794268104776579,0.134350288425444,7.4093374422188,3.54967604155647,0.0694607087827427,0.0989949493661166,2022,1999-01-29,NA,NA,NA,NA
"Trent McDuffie","KC","DB","15845","weighted",NA,NA,NA,NA,NA,NA,NA,NA,NA,NA,NA,NA,NA,NA,NA,NA,NA,NA,NA,NA,NA,NA,NA,NA,NA,NA,NA,NA,NA,NA,NA,NA,NA,NA,NA,NA,NA,NA,NA,NA,NA,NA,NA,NA,64.3964007782101,11.0008276378219,NA,NA,0.699027237354086,0.357278663650549,8.58959143968872,4.323180938619,0.0646838521400778,0.0633419877698039,2022,2000-09-13,NA,NA,NA,NA
"Brandon Stephens","BAL","DB","15405","weighted",NA,NA,NA,NA,NA,NA,NA,NA,NA,NA,NA,NA,NA,NA,NA,NA,NA,NA,NA,NA,NA,NA,NA,NA,NA,NA,NA,NA,NA,NA,NA,NA,NA,NA,NA,NA,NA,NA,NA,NA,NA,NA,NA,NA,59.1430350194553,20.616070041133,NA,NA,1.18048638132296,0.202914688764871,6.74031128404669,1.74227575602822,0.0746352140077821,0.0730869089651583,2021,1997-12-29,NA,NA,NA,NA
"Marshon Lattimore","NO","DB","13224","weighted",NA,NA,NA,NA,NA,NA,NA,NA,NA,NA,NA,NA,NA,NA,NA,NA,NA,NA,NA,NA,NA,NA,NA,NA,NA,NA,NA,NA,NA,NA,NA,NA,NA,NA,NA,NA,NA,NA,NA,NA,NA,NA,NA,NA,60.6857976653696,13.7048565996108,NA,NA,2.73688715953307,0.477834095357976,10.9936186770428,2.8088278639364,0.451215953307393,0.243623029883861,2017,1996-05-19,"Q","Hip",2024,0
"Christian Benford","BUF","DB","15913","weighted",NA,NA,NA,NA,NA,NA,NA,NA,NA,NA,NA,NA,NA,NA,NA,NA,NA,NA,NA,NA,NA,NA,NA,NA,NA,NA,NA,NA,NA,NA,NA,NA,NA,NA,NA,NA,NA,NA,NA,NA,NA,NA,NA,NA,54.5366147859922,18.1361500642361,NA,NA,2.65642023346303,0.798658933184128,9.42105058365759,2.30614046119062,0.240291828793774,0.0584695271721266,2022,2000-09-21,NA,NA,NA,NA
"Ji'Ayir Brown","SF","DB","16281","weighted",NA,NA,NA,NA,NA,NA,NA,NA,NA,NA,NA,NA,NA,NA,NA,NA,NA,NA,NA,NA,NA,NA,NA,NA,NA,NA,NA,NA,NA,NA,NA,NA,NA,NA,NA,NA,NA,NA,NA,NA,NA,NA,NA,NA,58.4236543909348,23.546655813512,NA,NA,3.46317280453258,0.707106781186548,8.01898016997167,1.5556349186104,0,0,2023,2000-01-25,NA,NA,NA,NA
"Kendall Fuller","MIA","DB","12714","weighted",NA,NA,NA,NA,NA,NA,NA,NA,NA,NA,NA,NA,NA,NA,NA,NA,NA,NA,NA,NA,NA,NA,NA,NA,NA,NA,NA,NA,NA,NA,NA,NA,NA,NA,NA,NA,NA,NA,NA,NA,NA,NA,NA,NA,57.2684824902724,15.7084230180184,NA,NA,1.9691439688716,1.03125989233502,9.39188715953308,2.21098299628438,0.0845865758754864,0.0828318301605128,2016,1995-02-13,NA,NA,NA,NA
"Greg Newsome","CLE","DB","15375","weighted",NA,NA,NA,NA,NA,NA,NA,NA,NA,NA,NA,NA,NA,NA,NA,NA,NA,NA,NA,NA,NA,NA,NA,NA,NA,NA,NA,NA,NA,NA,NA,NA,NA,NA,NA,NA,NA,NA,NA,NA,NA,NA,NA,NA,48.1535992217899,23.1157390810751,NA,NA,0.908696498054475,1.01415014701449,9.59612840466926,4.99632160043431,0.426337548638132,0.267985332872247,2021,2000-05-18,NA,NA,NA,NA
"Mike Sainristil","WAS","DB","16698","weighted",NA,NA,NA,NA,NA,NA,NA,NA,NA,NA,NA,NA,NA,NA,NA,NA,NA,NA,NA,NA,NA,NA,NA,NA,NA,NA,NA,NA,NA,NA,NA,NA,NA,NA,NA,NA,NA,NA,NA,NA,NA,NA,NA,NA,53.235469953775,31.11976944002,NA,NA,0.654915254237288,0.933380951166243,5.7702311248074,0.0424264068711926,0.0793836671802774,0.113137084989848,2024,2000-10-03,NA,NA,NA,NA
"Deonte Banks","NYG","DB","16255","weighted",NA,NA,NA,NA,NA,NA,NA,NA,NA,NA,NA,NA,NA,NA,NA,NA,NA,NA,NA,NA,NA,NA,NA,NA,NA,NA,NA,NA,NA,NA,NA,NA,NA,NA,NA,NA,NA,NA,NA,NA,NA,NA,NA,NA,64.8278793774319,8.98017022523169,NA,NA,2.44892996108949,0.581876229763546,9.63235408560311,2.53613142331591,0.190048638132296,0.00974492119535445,2023,2001-04-03,NA,NA,NA,NA
"Javon Bullard","GB","DB","16677","weighted",NA,NA,NA,NA,NA,NA,NA,NA,NA,NA,NA,NA,NA,NA,NA,NA,NA,NA,NA,NA,NA,NA,NA,NA,NA,NA,NA,NA,NA,NA,NA,NA,NA,NA,NA,NA,NA,NA,NA,NA,NA,NA,NA,NA,60.9767704280156,22.4730412143149,NA,NA,2.04531128404669,0.228118693135396,7.48128404669261,3.02491216965896,0.0845865758754864,0.0828318301605128,2024,2002-09-05,NA,NA,NA,NA
"D.J. Reed","NYJ","DB","13774","weighted",NA,NA,NA,NA,NA,NA,NA,NA,NA,NA,NA,NA,NA,NA,NA,NA,NA,NA,NA,NA,NA,NA,NA,NA,NA,NA,NA,NA,NA,NA,NA,NA,NA,NA,NA,NA,NA,NA,NA,NA,NA,NA,NA,NA,65.5175097276265,7.51054328272536,NA,NA,1.27081712062257,0.931820421140367,8.86657587548638,2.41516095076858,0.0845865758754864,0.0828318301605128,2018,1996-11-11,NA,NA,NA,NA
"Carlton Davis","DET","DB","13710","weighted",NA,NA,NA,NA,NA,NA,NA,NA,NA,NA,NA,NA,NA,NA,NA,NA,NA,NA,NA,NA,NA,NA,NA,NA,NA,NA,NA,NA,NA,NA,NA,NA,NA,NA,NA,NA,NA,NA,NA,NA,NA,NA,NA,NA,55.3588326848249,15.9602987064849,NA,NA,1.94194552529183,0.388746952201374,9.25768482490272,2.52403619806939,0.0796108949416342,0.0779593695628355,2018,1996-12-31,NA,NA,NA,NA
"Sean Bunting","ARI","DB","14199","weighted",NA,NA,NA,NA,NA,NA,NA,NA,NA,NA,NA,NA,NA,NA,NA,NA,NA,NA,NA,NA,NA,NA,NA,NA,NA,NA,NA,NA,NA,NA,NA,NA,NA,NA,NA,NA,NA,NA,NA,NA,NA,NA,NA,NA,57.3114980544747,13.7723888416722,NA,NA,2.25468871595331,0.311270326892189,7.83803501945525,0.842104629802984,0.109464980544747,0.107194133148899,2019,1997-06-19,NA,NA,NA,NA
"Martin Emerson","CLE","DB","15862","weighted",NA,NA,NA,NA,NA,NA,NA,NA,NA,NA,NA,NA,NA,NA,NA,NA,NA,NA,NA,NA,NA,NA,NA,NA,NA,NA,NA,NA,NA,NA,NA,NA,NA,NA,NA,NA,NA,NA,NA,NA,NA,NA,NA,NA,56.3112256809339,14.3440660227117,NA,NA,2.33832684824903,0.666292148038958,12.4710700389105,5.04137969161738,0.240291828793774,0.0584695271721266,2022,2000-09-27,NA,NA,NA,NA
"Jordan Howden","NO","DB","16311","weighted",NA,NA,NA,NA,NA,NA,NA,NA,NA,NA,NA,NA,NA,NA,NA,NA,NA,NA,NA,NA,NA,NA,NA,NA,NA,NA,NA,NA,NA,NA,NA,NA,NA,NA,NA,NA,NA,NA,NA,NA,NA,NA,NA,NA,55.8574124513619,16.8193089558319,NA,NA,1.40579766536965,0.517421965557792,8.87992217898833,3.73195391419167,0.280583657587549,0.116939054344253,2023,2000-05-14,NA,NA,NA,NA
"Darius Slay","PHI","DB","11348","weighted",NA,NA,NA,NA,NA,NA,NA,NA,NA,NA,NA,NA,NA,NA,NA,NA,NA,NA,NA,NA,NA,NA,NA,NA,NA,NA,NA,NA,NA,NA,NA,NA,NA,NA,NA,NA,NA,NA,NA,NA,NA,NA,NA,NA,55.9121206225681,16.767841213484,NA,NA,2.67494163424124,0.305013150196288,14.4250778210117,5.63396851177684,0.9034046692607,0.682144483674811,2013,1991-01-01,NA,NA,NA,NA
"Eric Stokes","GB","DB","15377","weighted",NA,NA,NA,NA,NA,NA,NA,NA,NA,NA,NA,NA,NA,NA,NA,NA,NA,NA,NA,NA,NA,NA,NA,NA,NA,NA,NA,NA,NA,NA,NA,NA,NA,NA,NA,NA,NA,NA,NA,NA,NA,NA,NA,NA,50.6416342412451,18.529358601982,NA,NA,1.66239299610895,1.33980776984921,7.68795719844358,3.10790244502446,0.280583657587549,0.116939054344253,2021,1999-03-01,NA,NA,NA,NA
"Chidobe Awuzie","TEN","DB","13263","weighted",NA,NA,NA,NA,NA,NA,NA,NA,NA,NA,NA,NA,NA,NA,NA,NA,NA,NA,NA,NA,NA,NA,NA,NA,NA,NA,NA,NA,NA,NA,NA,NA,NA,NA,NA,NA,NA,NA,NA,NA,NA,NA,NA,NA,60.5843385214008,13.3886548726564,NA,NA,0.413463035019455,0.750882149848249,6.37955252918288,0.861349496119072,0.0796108949416342,0.0779593695628355,2017,1995-05-24,"Q","Calf",2024,0
"Patrick Surtain II","DEN","DB","15362","weighted",NA,NA,NA,NA,NA,NA,NA,NA,NA,NA,NA,NA,NA,NA,NA,NA,NA,NA,NA,NA,NA,NA,NA,NA,NA,NA,NA,NA,NA,NA,NA,NA,NA,NA,NA,NA,NA,NA,NA,NA,NA,NA,NA,NA,62.0360700389105,9.14046880332889,NA,NA,2.37229571984436,0.595558352818623,9.48585603112841,2.04430237668205,0.0945379377431907,0.0925767513558672,2021,2000-04-14,NA,NA,NA,NA
"Russ Yeast","LAR","DB","15955","weighted",NA,NA,NA,NA,NA,NA,NA,NA,NA,NA,NA,NA,NA,NA,NA,NA,NA,NA,NA,NA,NA,NA,NA,NA,NA,NA,NA,NA,NA,NA,NA,NA,NA,NA,NA,NA,NA,NA,NA,NA,NA,NA,NA,NA,55.1625269645609,24.3174022050054,NA,NA,0.684684129429892,0.975807358037435,4.89725731895223,1.42128463018496,0.07442218798151,0.106066017177982,2022,1999-05-08,NA,NA,NA,NA
"Terrion Arnold","DET","DB","16671","weighted",NA,NA,NA,NA,NA,NA,NA,NA,NA,NA,NA,NA,NA,NA,NA,NA,NA,NA,NA,NA,NA,NA,NA,NA,NA,NA,NA,NA,NA,NA,NA,NA,NA,NA,NA,NA,NA,NA,NA,NA,NA,NA,NA,NA,51.4319649805447,18.9411598418564,NA,NA,1.39708171206226,0.848844426049843,6.57902723735408,0.456200862958364,0.0845865758754864,0.0828318301605128,2024,2003-03-22,NA,NA,NA,NA
"Quinyon Mitchell","PHI","DB","16690","weighted",NA,NA,NA,NA,NA,NA,NA,NA,NA,NA,NA,NA,NA,NA,NA,NA,NA,NA,NA,NA,NA,NA,NA,NA,NA,NA,NA,NA,NA,NA,NA,NA,NA,NA,NA,NA,NA,NA,NA,NA,NA,NA,NA,NA,51.5157164869029,29.2388654020637,NA,NA,0.734298921417565,1.04651803615609,4.68921417565485,1.97989898732233,0.0793836671802774,0.113137084989848,2024,2001-07-18,NA,NA,NA,NA
"Michael Davis","WAS","DB","13479","weighted",NA,NA,NA,NA,NA,NA,NA,NA,NA,NA,NA,NA,NA,NA,NA,NA,NA,NA,NA,NA,NA,NA,NA,NA,NA,NA,NA,NA,NA,NA,NA,NA,NA,NA,NA,NA,NA,NA,NA,NA,NA,NA,NA,NA,53.9640272373541,15.1724629641631,NA,NA,1.13322957198444,0.517159503305999,8.43807392996109,3.3480348800832,0.0895622568093385,0.0877042907581899,2017,1995-01-06,NA,NA,NA,NA
"DJ Turner","CIN","DB","16268","weighted",NA,NA,NA,NA,NA,NA,NA,NA,NA,NA,NA,NA,NA,NA,NA,NA,NA,NA,NA,NA,NA,NA,NA,NA,NA,NA,NA,NA,NA,NA,NA,NA,NA,NA,NA,NA,NA,NA,NA,NA,NA,NA,NA,NA,48.3263035019455,20.2982945932976,NA,NA,0.71636186770428,0.602641282328561,6.49929961089494,1.4544681526025,0.0796108949416342,0.0779593695628355,2023,2000-11-09,NA,NA,NA,NA
"Benjamin St-Juste","WAS","DB","15392","weighted",NA,NA,NA,NA,NA,NA,NA,NA,NA,NA,NA,NA,NA,NA,NA,NA,NA,NA,NA,NA,NA,NA,NA,NA,NA,NA,NA,NA,NA,NA,NA,NA,NA,NA,NA,NA,NA,NA,NA,NA,NA,NA,NA,NA,57.6280155642023,11.127386445507,NA,NA,0.976128404669261,0.356388728572749,12.3706225680934,5.78414737844915,0.0845865758754864,0.0828318301605128,2021,1997-09-08,NA,NA,NA,NA
"Shaq Griffin","MIN","DB","13273","weighted",NA,NA,NA,NA,NA,NA,NA,NA,NA,NA,NA,NA,NA,NA,NA,NA,NA,NA,NA,NA,NA,NA,NA,NA,NA,NA,NA,NA,NA,NA,NA,NA,NA,NA,NA,NA,NA,NA,NA,NA,NA,NA,NA,NA,54.2835747303544,23.2072445585425,NA,NA,0.793497688751926,0.275771644662754,4.86869029275809,0.240416305603426,0.0644992295839753,0.0919238815542512,2017,1994-01-01,NA,NA,NA,NA
"Alohi Gilman","LAC","DB","14982","weighted",NA,NA,NA,NA,NA,NA,NA,NA,NA,NA,NA,NA,NA,NA,NA,NA,NA,NA,NA,NA,NA,NA,NA,NA,NA,NA,NA,NA,NA,NA,NA,NA,NA,NA,NA,NA,NA,NA,NA,NA,NA,NA,NA,NA,58.5817315175097,10.1432215658364,NA,NA,1.92001945525292,0.425679432809349,8.17503891050584,2.18899478769958,0.0746352140077821,0.0730869089651583,2020,1997-09-17,NA,NA,NA,NA
"Josh Metellus","MIN","DB","14995","weighted",NA,NA,NA,NA,NA,NA,NA,NA,NA,NA,NA,NA,NA,NA,NA,NA,NA,NA,NA,NA,NA,NA,NA,NA,NA,NA,NA,NA,NA,NA,NA,NA,NA,NA,NA,NA,NA,NA,NA,NA,NA,NA,NA,NA,69.3222373540856,1.58039185268702,NA,NA,0.893015564202335,0.12127460662576,4.42721789883268,0.608966893641302,0.0646838521400778,0.0633419877698039,2020,1998-01-21,NA,NA,NA,NA
"Byron Murphy","MIN","DB","14180","weighted",NA,NA,NA,NA,NA,NA,NA,NA,NA,NA,NA,NA,NA,NA,NA,NA,NA,NA,NA,NA,NA,NA,NA,NA,NA,NA,NA,NA,NA,NA,NA,NA,NA,NA,NA,NA,NA,NA,NA,NA,NA,NA,NA,NA,52.804766536965,16.9813252926352,NA,NA,2.33303501945525,0.769226228153146,9.33167315175097,2.70097111926766,0.0796108949416342,0.0779593695628355,2019,1998-01-18,NA,NA,NA,NA
"Joshua Williams","KC","DB","15885","weighted",NA,NA,NA,NA,NA,NA,NA,NA,NA,NA,NA,NA,NA,NA,NA,NA,NA,NA,NA,NA,NA,NA,NA,NA,NA,NA,NA,NA,NA,NA,NA,NA,NA,NA,NA,NA,NA,NA,NA,NA,NA,NA,NA,NA,44.2730046224961,36.16144078988,NA,NA,1.13694915254237,1.47785317267988,7.45380585516179,0.21920310216783,0.0992295839753467,0.14142135623731,2022,1999-10-17,NA,NA,NA,NA
"Trevon Diggs","DAL","DB","14903","weighted",NA,NA,NA,NA,NA,NA,NA,NA,NA,NA,NA,NA,NA,NA,NA,NA,NA,NA,NA,NA,NA,NA,NA,NA,NA,NA,NA,NA,NA,NA,NA,NA,NA,NA,NA,NA,NA,NA,NA,NA,NA,NA,NA,NA,54.5703112840467,12.6974530545414,NA,NA,2.70647859922179,0.681648317781757,11.3353891050584,4.50610493024184,0.124392023346304,0.12181151494193,2020,1998-09-20,NA,NA,NA,NA
"Jaylen Watson","KC","DB","15950","weighted",NA,NA,NA,NA,NA,NA,NA,NA,NA,NA,NA,NA,NA,NA,NA,NA,NA,NA,NA,NA,NA,NA,NA,NA,NA,NA,NA,NA,NA,NA,NA,NA,NA,NA,NA,NA,NA,NA,NA,NA,NA,NA,NA,NA,45.4831517509728,20.8586118991172,NA,NA,1.01706225680934,1.00871507823714,6.37850194552529,1.32827847286589,0.0945379377431907,0.0925767513558672,2022,1998-09-17,NA,NA,NA,NA
"Richie Grant","ATL","DB","15381","weighted",NA,NA,NA,NA,NA,NA,NA,NA,NA,NA,NA,NA,NA,NA,NA,NA,NA,NA,NA,NA,NA,NA,NA,NA,NA,NA,NA,NA,NA,NA,NA,NA,NA,NA,NA,NA,NA,NA,NA,NA,NA,NA,NA,NA,64.9371032357473,6.03869191133311,NA,NA,0.527457627118644,0.466690475583121,4.57442218798151,0.106066017177982,0.0644992295839753,0.0919238815542512,2021,1997-11-09,NA,NA,NA,NA
"Jonathan Jones","NE","DB","12988","weighted",NA,NA,NA,NA,NA,NA,NA,NA,NA,NA,NA,NA,NA,NA,NA,NA,NA,NA,NA,NA,NA,NA,NA,NA,NA,NA,NA,NA,NA,NA,NA,NA,NA,NA,NA,NA,NA,NA,NA,NA,NA,NA,NA,NA,55.7088326848249,12.5722991683,NA,NA,1.80912451361868,1.37270581409353,8.26509727626459,1.01855778536951,0.0945379377431907,0.0925767513558672,2016,1993-09-20,NA,NA,NA,NA
"Geno Stone","CIN","DB","15003","weighted",NA,NA,NA,NA,NA,NA,NA,NA,NA,NA,NA,NA,NA,NA,NA,NA,NA,NA,NA,NA,NA,NA,NA,NA,NA,NA,NA,NA,NA,NA,NA,NA,NA,NA,NA,NA,NA,NA,NA,NA,NA,NA,NA,NA,54.0437743190662,15.2547637544321,NA,NA,3.84607003891051,1.41417012495967,8.41445525291829,1.49755011090651,0.0945379377431907,0.0925767513558672,2020,1999-04-19,NA,NA,NA,NA
"Clark Phillips","ATL","DB","16293","weighted",NA,NA,NA,NA,NA,NA,NA,NA,NA,NA,NA,NA,NA,NA,NA,NA,NA,NA,NA,NA,NA,NA,NA,NA,NA,NA,NA,NA,NA,NA,NA,NA,NA,NA,NA,NA,NA,NA,NA,NA,NA,NA,NA,NA,45.642311248074,31.6995970005929,NA,NA,0.674761171032358,0.961665222413705,5.43738058551618,0.480832611206853,0.07442218798151,0.106066017177982,2023,2001-12-19,NA,NA,NA,NA
"Donte Jackson","PIT","DB","13738","weighted",NA,NA,NA,NA,NA,NA,NA,NA,NA,NA,NA,NA,NA,NA,NA,NA,NA,NA,NA,NA,NA,NA,NA,NA,NA,NA,NA,NA,NA,NA,NA,NA,NA,NA,NA,NA,NA,NA,NA,NA,NA,NA,NA,NA,52.3002529182879,13.5042269582568,NA,NA,1.8847859922179,1.32762005860078,6.10789883268482,1.15432651906215,0.0945379377431907,0.0925767513558672,2018,1995-11-08,NA,NA,NA,NA
"Nick McCloud","NYG","DB","15614","weighted",NA,NA,NA,NA,NA,NA,NA,NA,NA,NA,NA,NA,NA,NA,NA,NA,NA,NA,NA,NA,NA,NA,NA,NA,NA,NA,NA,NA,NA,NA,NA,NA,NA,NA,NA,NA,NA,NA,NA,NA,NA,NA,NA,NA,41.6127237354086,22.4522736339972,NA,NA,1.26505836575875,0.249190702373109,5.80023346303502,0.259916258362344,0.0845865758754864,0.0828318301605128,2021,1998-07-09,NA,NA,NA,NA
"Asante Samuel","LAC","DB","15384","weighted",NA,NA,NA,NA,NA,NA,NA,NA,NA,NA,NA,NA,NA,NA,NA,NA,NA,NA,NA,NA,NA,NA,NA,NA,NA,NA,NA,NA,NA,NA,NA,NA,NA,NA,NA,NA,NA,NA,NA,NA,NA,NA,NA,NA,55.9862840466926,10.136493941704,NA,NA,1.80817120622568,0.519354305017059,10.2750194552529,2.27674136511989,0.0995136186770428,0.0974492119535444,2021,1999-10-03,NA,NA,NA,NA
"Christian Gonzalez","NE","DB","16251","weighted",NA,NA,NA,NA,NA,NA,NA,NA,NA,NA,NA,NA,NA,NA,NA,NA,NA,NA,NA,NA,NA,NA,NA,NA,NA,NA,NA,NA,NA,NA,NA,NA,NA,NA,NA,NA,NA,NA,NA,NA,NA,NA,NA,NA,61.8501556420234,4.68387803181679,NA,NA,1.31780155642023,0.95287239180019,8.21112840466926,1.86577977850696,0.0895622568093385,0.0877042907581899,2023,2002-06-28,NA,NA,NA,NA
"Joey Porter Jr.","PIT","DB","16240","weighted",NA,NA,NA,NA,NA,NA,NA,NA,NA,NA,NA,NA,NA,NA,NA,NA,NA,NA,NA,NA,NA,NA,NA,NA,NA,NA,NA,NA,NA,NA,NA,NA,NA,NA,NA,NA,NA,NA,NA,NA,NA,NA,NA,NA,49.2129961089494,14.4921565347899,NA,NA,1.31250972762646,0.816733376390781,9.73939688715953,3.22865951332745,0.0796108949416342,0.0779593695628355,2023,2000-07-26,NA,NA,NA,NA
"Joey Porter Jr.","PIT","DB","16240","weighted",NA,NA,NA,NA,NA,NA,NA,NA,NA,NA,NA,NA,NA,NA,NA,NA,NA,NA,NA,NA,NA,NA,NA,NA,NA,NA,NA,NA,NA,NA,NA,NA,NA,NA,NA,NA,NA,NA,NA,NA,NA,NA,NA,NA,49.2129961089494,14.4921565347899,NA,NA,1.31250972762646,0.816733376390781,9.73939688715953,3.22865951332745,0.0796108949416342,0.0779593695628355,2023,2002-02-03,NA,NA,NA,NA
"Ahmad Gardner","NYJ","DB","15833","weighted",NA,NA,NA,NA,NA,NA,NA,NA,NA,NA,NA,NA,NA,NA,NA,NA,NA,NA,NA,NA,NA,NA,NA,NA,NA,NA,NA,NA,NA,NA,NA,NA,NA,NA,NA,NA,NA,NA,NA,NA,NA,NA,NA,NA,52.7292023346304,10.9853715872685,NA,NA,1.20719844357977,1.04225352017853,11.347140077821,4.5723328722447,0.0796108949416342,0.0779593695628355,2022,2001-08-31,NA,NA,NA,NA
"Justin Simmons","ATL","DB","12767","weighted",NA,NA,NA,NA,NA,NA,NA,NA,NA,NA,NA,NA,NA,NA,NA,NA,NA,NA,NA,NA,NA,NA,NA,NA,NA,NA,NA,NA,NA,NA,NA,NA,NA,NA,NA,NA,NA,NA,NA,NA,NA,NA,NA,NA,60.0735408560311,6.39924356411111,NA,NA,2.2763813229572,0.69483143553851,8.03089494163424,1.13076930549057,0.0845865758754864,0.0828318301605128,2016,1993-11-19,NA,NA,NA,NA
"Ronald Darby","JAC","DB","12276","weighted",NA,NA,NA,NA,NA,NA,NA,NA,NA,NA,NA,NA,NA,NA,NA,NA,NA,NA,NA,NA,NA,NA,NA,NA,NA,NA,NA,NA,NA,NA,NA,NA,NA,NA,NA,NA,NA,NA,NA,NA,NA,NA,NA,NA,48.8916178736518,22.6486302014051,NA,NA,1.42634822804314,0.247487373415292,6.00385208012327,0.707106781186548,0.07442218798151,0.106066017177982,2015,1994-01-02,NA,NA,NA,NA
"Quandre Diggs","TEN","DB","12349","weighted",NA,NA,NA,NA,NA,NA,NA,NA,NA,NA,NA,NA,NA,NA,NA,NA,NA,NA,NA,NA,NA,NA,NA,NA,NA,NA,NA,NA,NA,NA,NA,NA,NA,NA,NA,NA,NA,NA,NA,NA,NA,NA,NA,NA,54.2171388101983,14.0714249456123,NA,NA,2.27790368271955,0.424264068711929,6.71373937677054,2.61629509039023,0.7,0,2015,1991-11-07,NA,NA,NA,NA
"Cooper DeJean","PHI","DB","16675","weighted",NA,NA,NA,NA,NA,NA,NA,NA,NA,NA,NA,NA,NA,NA,NA,NA,NA,NA,NA,NA,NA,NA,NA,NA,NA,NA,NA,NA,NA,NA,NA,NA,NA,NA,NA,NA,NA,NA,NA,NA,NA,NA,NA,NA,46.9743297380586,24.9043008333902,NA,NA,0.416764252696456,0.5939696961967,3.8144530046225,1.01823376490863,0.0644992295839753,0.0919238815542512,2024,2003-02-09,NA,NA,NA,NA
"Marlon Humphrey","BAL","DB","13223","weighted",NA,NA,NA,NA,NA,NA,NA,NA,NA,NA,NA,NA,NA,NA,NA,NA,NA,NA,NA,NA,NA,NA,NA,NA,NA,NA,NA,NA,NA,NA,NA,NA,NA,NA,NA,NA,NA,NA,NA,NA,NA,NA,NA,NA,54.3203891050584,7.6888358349403,NA,NA,1.83712062256809,0.295802059031128,7.66079766536965,1.63902319581679,0.0796108949416342,0.0779593695628355,2017,1996-07-08,NA,NA,NA,NA
"Dane Jackson","CAR","DB","15016","weighted",NA,NA,NA,NA,NA,NA,NA,NA,NA,NA,NA,NA,NA,NA,NA,NA,NA,NA,NA,NA,NA,NA,NA,NA,NA,NA,NA,NA,NA,NA,NA,NA,NA,NA,NA,NA,NA,NA,NA,NA,NA,NA,NA,NA,41.2346995377504,31.2611907962573,NA,NA,0.620184899845917,0.883883476483184,3.63574730354391,2.61629509039023,0.07442218798151,0.106066017177982,2020,1996-11-29,NA,"Hamstring",2024,0
"Dallis Flowers","IND","DB","16064","weighted",NA,NA,NA,NA,NA,NA,NA,NA,NA,NA,NA,NA,NA,NA,NA,NA,NA,NA,NA,NA,NA,NA,NA,NA,NA,NA,NA,NA,NA,NA,NA,NA,NA,NA,NA,NA,NA,NA,NA,NA,NA,NA,NA,NA,43.2886902927581,27.7751543650076,NA,NA,0.714453004622496,1.01823376490863,4.97818181818182,1.25157900270019,0.0793836671802774,0.113137084989848,2022,1997-06-04,NA,NA,NA,NA
"Jakorian Bennett","LVR","DB","16289","weighted",NA,NA,NA,NA,NA,NA,NA,NA,NA,NA,NA,NA,NA,NA,NA,NA,NA,NA,NA,NA,NA,NA,NA,NA,NA,NA,NA,NA,NA,NA,NA,NA,NA,NA,NA,NA,NA,NA,NA,NA,NA,NA,NA,NA,57.2648998459168,7.36098159215196,NA,NA,0.811802773497689,0.586898628384834,5.45534668721109,0.0636396103067892,0.0694607087827427,0.0989949493661166,2023,2000-08-23,NA,NA,NA,NA
"Tariq Woolen","SEA","DB","15894","weighted",NA,NA,NA,NA,NA,NA,NA,NA,NA,NA,NA,NA,NA,NA,NA,NA,NA,NA,NA,NA,NA,NA,NA,NA,NA,NA,NA,NA,NA,NA,NA,NA,NA,NA,NA,NA,NA,NA,NA,NA,NA,NA,NA,NA,50.947607003891,9.54382201009356,NA,NA,2.54937743190661,0.637479830547136,11.7355252918288,2.46670322681705,0.109464980544747,0.107194133148899,2022,1999-05-02,NA,NA,NA,NA
"Mike Hilton","CIN","DB","13414","weighted",NA,NA,NA,NA,NA,NA,NA,NA,NA,NA,NA,NA,NA,NA,NA,NA,NA,NA,NA,NA,NA,NA,NA,NA,NA,NA,NA,NA,NA,NA,NA,NA,NA,NA,NA,NA,NA,NA,NA,NA,NA,NA,NA,NA,56.7541050583658,5.74442545045663,NA,NA,1.30194552529183,0.501610490459236,6.63476653696498,1.49178390820768,0.06965953307393,0.0682144483674811,2016,1994-03-09,NA,NA,NA,NA
"Keisean Nixon","GB","DB","14669","weighted",NA,NA,NA,NA,NA,NA,NA,NA,NA,NA,NA,NA,NA,NA,NA,NA,NA,NA,NA,NA,NA,NA,NA,NA,NA,NA,NA,NA,NA,NA,NA,NA,NA,NA,NA,NA,NA,NA,NA,NA,NA,NA,NA,NA,58.9893767705383,4.59619407771256,NA,NA,1.3242209631728,0.494974746830583,6.25892351274788,1.13137084989848,0.8,0,2019,1997-06-22,NA,NA,NA,NA
"Derek Stingley Jr.","HOU","DB","15832","weighted",NA,NA,NA,NA,NA,NA,NA,NA,NA,NA,NA,NA,NA,NA,NA,NA,NA,NA,NA,NA,NA,NA,NA,NA,NA,NA,NA,NA,NA,NA,NA,NA,NA,NA,NA,NA,NA,NA,NA,NA,NA,NA,NA,NA,55.1258560311284,5.80568170585918,NA,NA,3.56412451361868,0.709282135980252,11.19,2.65656488523288,0.114440661478599,0.112066593746576,2022,2001-06-20,NA,NA,NA,NA
"Malik Hooker","DAL","DB","13228","weighted",NA,NA,NA,NA,NA,NA,NA,NA,NA,NA,NA,NA,NA,NA,NA,NA,NA,NA,NA,NA,NA,NA,NA,NA,NA,NA,NA,NA,NA,NA,NA,NA,NA,NA,NA,NA,NA,NA,NA,NA,NA,NA,NA,NA,48.7805836575875,10.5933742701598,NA,NA,1.91955252918288,1.19536235710772,5.23976653696498,2.12754674137142,0.225364785992218,0.0730869089651583,2017,1996-04-02,NA,NA,NA,NA
"P.J. Locke","DEN","DB","15094","weighted",NA,NA,NA,NA,NA,NA,NA,NA,NA,NA,NA,NA,NA,NA,NA,NA,NA,NA,NA,NA,NA,NA,NA,NA,NA,NA,NA,NA,NA,NA,NA,NA,NA,NA,NA,NA,NA,NA,NA,NA,NA,NA,NA,NA,49.9392351274788,13.6471608769004,NA,NA,2.13895184135977,0.212132034355964,8.89065155807365,5.939696961967,0,0,2019,1997-02-12,NA,NA,NA,NA
"Rasul Douglas","BUF","DB","13281","weighted",NA,NA,NA,NA,NA,NA,NA,NA,NA,NA,NA,NA,NA,NA,NA,NA,NA,NA,NA,NA,NA,NA,NA,NA,NA,NA,NA,NA,NA,NA,NA,NA,NA,NA,NA,NA,NA,NA,NA,NA,NA,NA,NA,NA,52.5307365439094,9.97020561473032,NA,NA,3.95368271954674,0.0707106781186548,12.0463172804533,0.0707106781186545,0.8,0,2017,1994-08-29,NA,NA,NA,NA
"Darious Williams","LAR","DB","13959","weighted",NA,NA,NA,NA,NA,NA,NA,NA,NA,NA,NA,NA,NA,NA,NA,NA,NA,NA,NA,NA,NA,NA,NA,NA,NA,NA,NA,NA,NA,NA,NA,NA,NA,NA,NA,NA,NA,NA,NA,NA,NA,NA,NA,NA,49.2632879377432,7.27397903764494,NA,NA,2.43710116731517,0.565878595989006,11.4410505836576,3.70295127551437,0.451215953307393,0.243623029883861,2018,1993-03-15,NA,NA,NA,NA
"Jalen Ramsey","MIA","DB","12711","weighted",NA,NA,NA,NA,NA,NA,NA,NA,NA,NA,NA,NA,NA,NA,NA,NA,NA,NA,NA,NA,NA,NA,NA,NA,NA,NA,NA,NA,NA,NA,NA,NA,NA,NA,NA,NA,NA,NA,NA,NA,NA,NA,NA,NA,50.3487743190661,7.32553760336487,NA,NA,3.08677042801556,0.961723373523231,10.5277626459144,4.26173710705936,0.0995136186770428,0.0974492119535444,2016,1994-10-24,"Q","Undisclosed",2024,0
"Stephon Gilmore","MIN","DB","10789","weighted",NA,NA,NA,NA,NA,NA,NA,NA,NA,NA,NA,NA,NA,NA,NA,NA,NA,NA,NA,NA,NA,NA,NA,NA,NA,NA,NA,NA,NA,NA,NA,NA,NA,NA,NA,NA,NA,NA,NA,NA,NA,NA,NA,NA,53.8253541076487,4.31335136523794,NA,NA,1.49050991501416,0.777817459305202,9.95368271954674,0.0707106781186545,0,0,2012,1990-09-19,NA,NA,NA,NA
"Deommodore Lenoir","SF","DB","15445","weighted",NA,NA,NA,NA,NA,NA,NA,NA,NA,NA,NA,NA,NA,NA,NA,NA,NA,NA,NA,NA,NA,NA,NA,NA,NA,NA,NA,NA,NA,NA,NA,NA,NA,NA,NA,NA,NA,NA,NA,NA,NA,NA,NA,NA,48.8671388101983,10.8894444302728,NA,NA,1.95368271954674,0.0707106781186548,7.69475920679887,1.06066017177982,0,0,2021,1999-10-06,NA,NA,NA,NA
"Kader Kohou","MIA","DB","16016","weighted",NA,NA,NA,NA,NA,NA,NA,NA,NA,NA,NA,NA,NA,NA,NA,NA,NA,NA,NA,NA,NA,NA,NA,NA,NA,NA,NA,NA,NA,NA,NA,NA,NA,NA,NA,NA,NA,NA,NA,NA,NA,NA,NA,NA,52.7327195467422,4.17193000900063,NA,NA,0.536827195467422,0.707106781186548,9.85269121813031,2.82842712474619,0,0,2022,1998-11-28,NA,NA,NA,NA
"Denzel Ward","CLE","DB","13707","weighted",NA,NA,NA,NA,NA,NA,NA,NA,NA,NA,NA,NA,NA,NA,NA,NA,NA,NA,NA,NA,NA,NA,NA,NA,NA,NA,NA,NA,NA,NA,NA,NA,NA,NA,NA,NA,NA,NA,NA,NA,NA,NA,NA,NA,47.2730350194553,7.25964530703225,NA,NA,2.64291828793774,0.648489129414397,11.2367898832685,3.80750747431731,0.330826848249027,0.165663660321025,2018,1997-04-28,NA,NA,NA,NA
"TreDavious White","LAR","DB","13249","weighted",NA,NA,NA,NA,NA,NA,NA,NA,NA,NA,NA,NA,NA,NA,NA,NA,NA,NA,NA,NA,NA,NA,NA,NA,NA,NA,NA,NA,NA,NA,NA,NA,NA,NA,NA,NA,NA,NA,NA,NA,NA,NA,NA,NA,43.9448832684825,9.31996813647647,NA,NA,2.69782101167315,1.26464728731199,6.99706225680934,1.44042092544436,0.0895622568093385,0.0877042907581899,2017,1995-01-16,NA,NA,NA,NA
"Darrick Forrest","WAS","DB","15437","weighted",NA,NA,NA,NA,NA,NA,NA,NA,NA,NA,NA,NA,NA,NA,NA,NA,NA,NA,NA,NA,NA,NA,NA,NA,NA,NA,NA,NA,NA,NA,NA,NA,NA,NA,NA,NA,NA,NA,NA,NA,NA,NA,NA,NA,44.9218130311615,13.8592929112563,NA,NA,2.16628895184136,1.27279220613579,5.7957507082153,1.83847763108502,0,0,2021,1999-05-22,NA,NA,NA,NA
"Alontae Taylor","NO","DB","15856","weighted",NA,NA,NA,NA,NA,NA,NA,NA,NA,NA,NA,NA,NA,NA,NA,NA,NA,NA,NA,NA,NA,NA,NA,NA,NA,NA,NA,NA,NA,NA,NA,NA,NA,NA,NA,NA,NA,NA,NA,NA,NA,NA,NA,NA,45.3181303116147,11.1722871427475,NA,NA,1.69475920679887,1.06066017177982,9.11161473087819,1.69705627484771,0,0,2022,1998-12-03,NA,NA,NA,NA
"Julius Brents","IND","DB","16261","weighted",NA,NA,NA,NA,NA,NA,NA,NA,NA,NA,NA,NA,NA,NA,NA,NA,NA,NA,NA,NA,NA,NA,NA,NA,NA,NA,NA,NA,NA,NA,NA,NA,NA,NA,NA,NA,NA,NA,NA,NA,NA,NA,NA,NA,51.9726628895184,1.48492424049175,NA,NA,1.46317280453258,0.707106781186548,8.18526912181303,0.282842712474619,0.3,0,2023,2000-01-18,"Q","Nose",2024,0
"Julius Brents","IND","DB","16261","weighted",NA,NA,NA,NA,NA,NA,NA,NA,NA,NA,NA,NA,NA,NA,NA,NA,NA,NA,NA,NA,NA,NA,NA,NA,NA,NA,NA,NA,NA,NA,NA,NA,NA,NA,NA,NA,NA,NA,NA,NA,NA,NA,NA,NA,51.9726628895184,1.48492424049175,NA,NA,1.46317280453258,0.707106781186548,8.18526912181303,0.282842712474619,0.3,0,2023,2001-05-02,"Q","Nose",2024,0
"Jaylon Johnson","CHI","DB","14924","weighted",NA,NA,NA,NA,NA,NA,NA,NA,NA,NA,NA,NA,NA,NA,NA,NA,NA,NA,NA,NA,NA,NA,NA,NA,NA,NA,NA,NA,NA,NA,NA,NA,NA,NA,NA,NA,NA,NA,NA,NA,NA,NA,NA,NA,43.179178470255,10.9601551083915,NA,NA,3.62946175637394,0.565685424949238,10.6674220963173,2.54558441227157,0.6,0,2020,1999-04-19,NA,NA,NA,NA
"Jaylon Johnson","CHI","DB","14924","weighted",NA,NA,NA,NA,NA,NA,NA,NA,NA,NA,NA,NA,NA,NA,NA,NA,NA,NA,NA,NA,NA,NA,NA,NA,NA,NA,NA,NA,NA,NA,NA,NA,NA,NA,NA,NA,NA,NA,NA,NA,NA,NA,NA,NA,43.179178470255,10.9601551083915,NA,NA,3.62946175637394,0.565685424949238,10.6674220963173,2.54558441227157,0.6,0,2020,1997-10-14,NA,NA,NA,NA
"Jaylon Johnson","CHI","DB","14924","weighted",NA,NA,NA,NA,NA,NA,NA,NA,NA,NA,NA,NA,NA,NA,NA,NA,NA,NA,NA,NA,NA,NA,NA,NA,NA,NA,NA,NA,NA,NA,NA,NA,NA,NA,NA,NA,NA,NA,NA,NA,NA,NA,NA,NA,43.179178470255,10.9601551083915,NA,NA,3.62946175637394,0.565685424949238,10.6674220963173,2.54558441227157,0.6,0,2020,1999-12-02,NA,NA,NA,NA
"Jamal Adams","TEN","DB","13230","weighted",NA,NA,NA,NA,NA,NA,NA,NA,NA,NA,NA,NA,NA,NA,NA,NA,NA,NA,NA,NA,NA,NA,NA,NA,NA,NA,NA,NA,NA,NA,NA,NA,NA,NA,NA,NA,NA,NA,NA,NA,NA,NA,NA,NA,35.5953257790368,21.9910208949016,NA,NA,0,0,0.953682719546742,0.0707106781186548,0,0,2017,1995-10-17,"Q","General Soreness",2024,0
"Kamari Lassiter","HOU","DB","16672","weighted",NA,NA,NA,NA,NA,NA,NA,NA,NA,NA,NA,NA,NA,NA,NA,NA,NA,NA,NA,NA,NA,NA,NA,NA,NA,NA,NA,NA,NA,NA,NA,NA,NA,NA,NA,NA,NA,NA,NA,NA,NA,NA,NA,NA,42.3621813031162,3.60624458405139,NA,NA,0.536827195467422,0.707106781186548,5.49050991501417,0.777817459305202,0,0,2024,2003-01-23,NA,NA,NA,NA
"Jordan Battle","CIN","DB","16245","weighted",NA,NA,NA,NA,NA,NA,NA,NA,NA,NA,NA,NA,NA,NA,NA,NA,NA,NA,NA,NA,NA,NA,NA,NA,NA,NA,NA,NA,NA,NA,NA,NA,NA,NA,NA,NA,NA,NA,NA,NA,NA,NA,NA,NA,40.8610481586402,0.212132034355962,NA,NA,1.04631728045326,0.0707106781186548,4.97266288951841,1.48492424049175,0,0,2023,2000-12-14,NA,NA,NA,NA
"Jourdan Lewis","DAL","DB","13227","weighted",NA,NA,NA,NA,NA,NA,NA,NA,NA,NA,NA,NA,NA,NA,NA,NA,NA,NA,NA,NA,NA,NA,NA,NA,NA,NA,NA,NA,NA,NA,NA,NA,NA,NA,NA,NA,NA,NA,NA,NA,NA,NA,NA,NA,38.5284702549575,2.33345237791561,NA,NA,1,0,5.72209631728045,0.424264068711928,0,0,2017,1995-08-31,NA,NA,NA,NA
"James Bradberry","PHI","DB","12750","weighted",NA,NA,NA,NA,NA,NA,NA,NA,NA,NA,NA,NA,NA,NA,NA,NA,NA,NA,NA,NA,NA,NA,NA,NA,NA,NA,NA,NA,NA,NA,NA,NA,NA,NA,NA,NA,NA,NA,NA,NA,NA,NA,NA,NA,31.7281869688385,11.1015764646288,NA,NA,1.65679886685552,2.05060966544099,10.1093484419263,5.939696961967,0,0,2016,1993-08-04,"IR","Lower Leg",2024,0
"Rodney Thomas II","IND","DB","15946","weighted",NA,NA,NA,NA,NA,NA,NA,NA,NA,NA,NA,NA,NA,NA,NA,NA,NA,NA,NA,NA,NA,NA,NA,NA,NA,NA,NA,NA,NA,NA,NA,NA,NA,NA,NA,NA,NA,NA,NA,NA,NA,NA,NA,NA,35.8990084985836,2.89913780286485,NA,NA,1.81473087818697,0.282842712474619,3.62946175637394,0.565685424949238,0,0,2022,1998-06-26,NA,NA,NA,NA
"A.J. Terrell","ATL","DB","14918","weighted",NA,NA,NA,NA,NA,NA,NA,NA,NA,NA,NA,NA,NA,NA,NA,NA,NA,NA,NA,NA,NA,NA,NA,NA,NA,NA,NA,NA,NA,NA,NA,NA,NA,NA,NA,NA,NA,NA,NA,NA,NA,NA,NA,NA,36.0189801699717,1.55563491861041,NA,NA,1.07365439093484,1.4142135623731,10.3242209631728,0.494974746830583,0,0,2020,1998-09-23,NA,NA,NA,NA
"A.J. Terrell","ATL","DB","14918","weighted",NA,NA,NA,NA,NA,NA,NA,NA,NA,NA,NA,NA,NA,NA,NA,NA,NA,NA,NA,NA,NA,NA,NA,NA,NA,NA,NA,NA,NA,NA,NA,NA,NA,NA,NA,NA,NA,NA,NA,NA,NA,NA,NA,NA,36.0189801699717,1.55563491861041,NA,NA,1.07365439093484,1.4142135623731,10.3242209631728,0.494974746830583,0,0,2020,2001-03-28,NA,NA,NA,NA
"Jeff Okudah","HOU","DB","14902","weighted",NA,NA,NA,NA,NA,NA,NA,NA,NA,NA,NA,NA,NA,NA,NA,NA,NA,NA,NA,NA,NA,NA,NA,NA,NA,NA,NA,NA,NA,NA,NA,NA,NA,NA,NA,NA,NA,NA,NA,NA,NA,NA,NA,NA,29.2186968838527,11.879393923934,NA,NA,0,0,3.1199716713881,1.34350288425444,0,0,2020,1999-02-02,NA,NA,NA,NA
"Levi Wallace","DEN","DB","13711","weighted",NA,NA,NA,NA,NA,NA,NA,NA,NA,NA,NA,NA,NA,NA,NA,NA,NA,NA,NA,NA,NA,NA,NA,NA,NA,NA,NA,NA,NA,NA,NA,NA,NA,NA,NA,NA,NA,NA,NA,NA,NA,NA,NA,NA,28.9514164305949,7.70746391493337,NA,NA,1.07365439093484,1.4142135623731,7.28626062322946,2.61629509039023,0,0,2018,NA,NA,NA,NA,NA
"DaRon Bland","DAL","DB","15904","weighted",NA,NA,NA,NA,NA,NA,NA,NA,NA,NA,NA,NA,NA,NA,NA,NA,NA,NA,NA,NA,NA,NA,NA,NA,NA,NA,NA,NA,NA,NA,NA,NA,NA,NA,NA,NA,NA,NA,NA,NA,NA,NA,NA,NA,29.0630311614731,6.01040764008565,NA,NA,3.32422096317281,0.494974746830583,7.65679886685552,2.05060966544099,1.4,0,2022,1999-07-12,NA,"Foot",2024,0
